instrument,entry,entry_close,exit,exit_close,trading_days,calendar_days,weight,gross,spread,slippage,commission,benchmark,markup,dividends,net,price_return,open
US2000,1989-12-28,166.27,1990-01-04,170.09,4,7,0.0625,0.0014286,-3.13e-05,-1.25e-05,0.0,-0.0001003,-3.04e-05,0.0,0.0012542,0.0229746,False
US2000,1990-01-30,152.62,1990-02-05,156.89,4,6,0.0625,0.0017313,-3.13e-05,-1.25e-05,0.0,-8.59e-05,-2.6e-05,0.0,0.0015755,0.027978,False
US2000,1990-02-27,156.84,1990-03-05,159.29,4,6,0.0625,0.0009715,-3.13e-05,-1.25e-05,0.0,-8.59e-05,-2.6e-05,0.0,0.0008158,0.015621,False
US2000,1990-03-29,163.41,1990-04-04,162.84,4,6,0.0625,-0.0002147,-3.13e-05,-1.25e-05,0.0,-8.59e-05,-2.6e-05,0.0,-0.0003704,-0.0034882,False
US2000,1990-04-27,157.82,1990-05-03,159.72,4,6,0.0625,0.0007492,-3.13e-05,-1.25e-05,0.0,-8.59e-05,-2.6e-05,0.0,0.0005934,0.012039,False
US2000,1990-05-30,168.67,1990-06-05,170.23,4,6,0.0625,0.0005772,-3.13e-05,-1.25e-05,0.0,-8.59e-05,-2.6e-05,0.0,0.0004215,0.0092488,False
US2000,1990-06-28,168.41,1990-07-05,168.02,4,7,0.0625,-0.0001434,-3.13e-05,-1.25e-05,0.0,-0.0001003,-3.04e-05,0.0,-0.0003178,-0.0023158,False
US2000,1990-07-30,161.95,1990-08-03,154.35,4,4,0.0625,-0.0029747,-3.13e-05,-1.25e-05,0.0,-5.56e-05,-1.74e-05,0.0,-0.0030914,-0.046928,False
US2000,1990-08-30,139.32,1990-09-06,139.34,4,7,0.0625,1.14e-05,-3.13e-05,-1.25e-05,0.0,-9.72e-05,-3.04e-05,0.0,-0.00016,0.0001435,False
US2000,1990-09-27,126.18,1990-10-03,128.06,4,6,0.0625,0.0009332,-3.13e-05,-1.25e-05,0.0,-8.33e-05,-2.6e-05,0.0,0.0007801,0.0148993,False
US2000,1990-10-30,118.82,1990-11-05,121.29,4,6,0.0625,0.0012924,-3.13e-05,-1.25e-05,0.0,-8.07e-05,-2.6e-05,0.0,0.0011419,0.0207878,False
US2000,1990-11-29,126.1,1990-12-05,130.7,4,6,0.0625,0.0022519,-3.13e-05,-1.25e-05,0.0,-7.81e-05,-2.6e-05,0.0,0.002104,0.036479,False
US2000,1990-12-28,130.46,1991-01-04,130.21,4,7,0.0625,-0.0001107,-3.13e-05,-1.25e-05,0.0,-8.51e-05,-3.04e-05,0.0,-0.0002699,-0.0019163,False
US2000,1991-01-30,142.03,1991-02-05,150.2,4,6,0.0625,0.0035214,-3.13e-05,-1.25e-05,0.0,-6.68e-05,-2.6e-05,0.0,0.0033848,0.057523,False
US2000,1991-02-27,158.44,1991-03-05,166.78,4,6,0.0625,0.0032296,-3.13e-05,-1.25e-05,0.0,-6.51e-05,-2.6e-05,0.0,0.0030947,0.0526382,False
US2000,1991-03-27,169.82,1991-04-03,173.75,4,7,0.0625,0.001439,-3.13e-05,-1.25e-05,0.0,-7.29e-05,-3.04e-05,0.0,0.0012919,0.0231421,False
US2000,1991-04-29,172.06,1991-05-03,173.96,4,4,0.0625,0.0006936,-3.13e-05,-1.25e-05,0.0,-4.04e-05,-1.74e-05,0.0,0.0005921,0.0110427,False
US2000,1991-05-30,176.82,1991-06-05,178.51,4,6,0.0625,0.0005968,-3.13e-05,-1.25e-05,0.0,-5.99e-05,-2.6e-05,0.0,0.0004672,0.0095577,False
US2000,1991-06-27,168.22,1991-07-03,167.05,4,6,0.0625,-0.0004334,-3.13e-05,-1.25e-05,0.0,-5.99e-05,-2.6e-05,0.0,-0.0005631,-0.0069552,False
US2000,1991-07-30,171.54,1991-08-05,172.49,4,6,0.0625,0.0003472,-3.13e-05,-1.25e-05,0.0,-5.99e-05,-2.6e-05,0.0,0.0002175,0.0055381,False
US2000,1991-08-29,178.54,1991-09-05,177.35,4,7,0.0625,-0.000416,-3.13e-05,-1.25e-05,0.0,-6.68e-05,-3.04e-05,0.0,-0.000557,-0.0066651,False
US2000,1991-09-27,178.68,1991-10-03,178.22,4,6,0.0625,-0.0001565,-3.13e-05,-1.25e-05,0.0,-5.47e-05,-2.6e-05,0.0,-0.000281,-0.0025744,False
US2000,1991-10-30,183.35,1991-11-05,183.96,4,6,0.0625,0.0002108,-3.13e-05,-1.25e-05,0.0,-5.25e-05,-2.6e-05,0.0,8.85e-05,0.003327,False
US2000,1991-11-27,175.52,1991-12-04,177.82,4,7,0.0625,0.0008152,-3.13e-05,-1.25e-05,0.0,-5.77e-05,-3.04e-05,0.0,0.0006834,0.0131039,False
US2000,1991-12-30,187.84,1992-01-06,194.33,4,7,0.0625,0.0021419,-3.13e-05,-1.25e-05,0.0,-4.86e-05,-3.04e-05,0.0,0.0020192,0.0345507,False
US2000,1992-01-30,204.87,1992-02-05,209.34,4,6,0.0625,0.0013539,-3.13e-05,-1.25e-05,0.0,-4.17e-05,-2.6e-05,0.0,0.0012424,0.0218187,False
US2000,1992-02-27,211.01,1992-03-04,211.27,4,6,0.0625,7.78e-05,-3.13e-05,-1.25e-05,0.0,-4.17e-05,-2.6e-05,0.0,-3.37e-05,0.0012322,False
US2000,1992-03-30,202.95,1992-04-03,199.04,4,4,0.0625,-0.0012097,-3.13e-05,-1.25e-05,0.0,-2.78e-05,-1.74e-05,0.0,-0.0012986,-0.0192658,False
US2000,1992-04-29,193.57,1992-05-05,198.48,4,6,0.0625,0.0015732,-3.13e-05,-1.25e-05,0.0,-3.91e-05,-2.6e-05,0.0,0.0014644,0.0253654,False
US2000,1992-05-28,197.43,1992-06-03,199.97,4,6,0.0625,0.0008007,-3.13e-05,-1.25e-05,0.0,-3.91e-05,-2.6e-05,0.0,0.0006919,0.0128654,False
US2000,1992-06-29,187.13,1992-07-06,187.77,4,7,0.0625,0.0002178,-3.13e-05,-1.25e-05,0.0,-4.21e-05,-3.04e-05,0.0,0.0001016,0.0034201,False
US2000,1992-07-30,193.83,1992-08-05,194.48,4,6,0.0625,0.0002109,-3.13e-05,-1.25e-05,0.0,-3.39e-05,-2.6e-05,0.0,0.0001073,0.0033534,False
US2000,1992-08-28,188.82,1992-09-03,191.47,4,6,0.0625,0.0008736,-3.13e-05,-1.25e-05,0.0,-3.39e-05,-2.6e-05,0.0,0.00077,0.0140345,False
US2000,1992-09-29,190.72,1992-10-05,186.5,4,6,0.0625,-0.0013815,-3.13e-05,-1.25e-05,0.0,-3.13e-05,-2.6e-05,0.0,-0.0014825,-0.0221267,False
US2000,1992-10-29,198.26,1992-11-04,199.55,4,6,0.0625,0.0004065,-3.13e-05,-1.25e-05,0.0,-3.13e-05,-2.6e-05,0.0,0.0003055,0.0065067,False
US2000,1992-11-27,212.5,1992-12-03,214.78,4,6,0.0625,0.0006685,-3.13e-05,-1.25e-05,0.0,-3.13e-05,-2.6e-05,0.0,0.0005675,0.0107294,False
US2000,1992-12-30,218.42,1993-01-06,221.62,4,7,0.0625,0.000916,-3.13e-05,-1.25e-05,0.0,-3.65e-05,-3.04e-05,0.0,0.0008054,0.0146507,False
US2000,1993-01-28,227.19,1993-02-03,231.96,4,6,0.0625,0.0013029,-3.13e-05,-1.25e-05,0.0,-3.13e-05,-2.6e-05,0.0,0.0012019,0.0209957,False
US2000,1993-02-25,220.76,1993-03-03,225.71,4,6,0.0625,0.001391,-3.13e-05,-1.25e-05,0.0,-3.13e-05,-2.6e-05,0.0,0.00129,0.0224226,False
US2000,1993-03-30,227.68,1993-04-05,224.04,4,6,0.0625,-0.0009961,-3.13e-05,-1.25e-05,0.0,-3.13e-05,-2.6e-05,0.0,-0.0010971,-0.0159873,False
US2000,1993-04-29,221.33,1993-05-05,227.73,4,6,0.0625,0.0017888,-3.13e-05,-1.25e-05,0.0,-3.13e-05,-2.6e-05,0.0,0.0016877,0.0289161,False
US2000,1993-05-27,232.66,1993-06-03,234.32,4,7,0.0625,0.0004454,-3.13e-05,-1.25e-05,0.0,-3.65e-05,-3.04e-05,0.0,0.0003348,0.0071349,False
US2000,1993-06-29,231.72,1993-07-06,233.92,4,7,0.0625,0.0005925,-3.13e-05,-1.25e-05,0.0,-3.65e-05,-3.04e-05,0.0,0.0004819,0.0094942,False
US2000,1993-07-29,236.52,1993-08-04,238.52,4,6,0.0625,0.0005271,-3.13e-05,-1.25e-05,0.0,-3.13e-05,-2.6e-05,0.0,0.000426,0.0084559,False
US2000,1993-08-30,244.82,1993-09-03,248.67,4,4,0.0625,0.0009773,-3.13e-05,-1.25e-05,0.0,-2.08e-05,-1.74e-05,0.0,0.0008953,0.0157258,False
US2000,1993-09-29,251.51,1993-10-05,253.07,4,6,0.0625,0.0003877,-3.13e-05,-1.25e-05,0.0,-3.13e-05,-2.6e-05,0.0,0.0002867,0.0062026,False
US2000,1993-10-28,256.88,1993-11-03,257.11,4,6,0.0625,6.3e-05,-3.13e-05,-1.25e-05,0.0,-3.13e-05,-2.6e-05,0.0,-3.8e-05,0.0008953,False
US2000,1993-11-29,250.14,1993-12-03,253.86,4,4,0.0625,0.0009256,-3.13e-05,-1.25e-05,0.0,-2.08e-05,-1.74e-05,0.0,0.0008436,0.0148717,False
US2000,1993-12-30,256.19,1994-01-05,258.02,4,6,0.0625,0.0004502,-3.13e-05,-1.25e-05,0.0,-3.13e-05,-2.6e-05,0.0,0.0003491,0.0071431,False
US2000,1994-01-28,265.03,1994-02-03,267.57,4,6,0.0625,0.0005977,-3.13e-05,-1.25e-05,0.0,-3.13e-05,-2.6e-05,0.0,0.0004966,0.0095839,False
US2000,1994-02-25,263.0,1994-03-03,263.15,4,6,0.0625,4.03e-05,-3.13e-05,-1.25e-05,0.0,-3.39e-05,-2.6e-05,0.0,-6.34e-05,0.0005703,False
US2000,1994-03-30,252.45,1994-04-06,254.53,4,7,0.0625,0.0005461,-3.13e-05,-1.25e-05,0.0,-4.25e-05,-3.04e-05,0.0,0.0004295,0.0082393,False
US2000,1994-04-28,251.31,1994-05-04,254.46,4,6,0.0625,0.0007805,-3.13e-05,-1.25e-05,0.0,-3.91e-05,-2.6e-05,0.0,0.0006716,0.0125344,False
US2000,1994-05-27,249.46,1994-06-03,252.1,4,7,0.0625,0.0006601,-3.13e-05,-1.25e-05,0.0,-5.16e-05,-3.04e-05,0.0,0.0005343,0.0105829,False
US2000,1994-06-29,240.18,1994-07-06,240.68,4,7,0.0625,0.0001304,-3.13e-05,-1.25e-05,0.0,-5.16e-05,-3.04e-05,0.0,4.7e-06,0.0020818,False
US2000,1994-07-28,241.75,1994-08-03,245.76,4,6,0.0625,0.0010318,-3.13e-05,-1.25e-05,0.0,-4.43e-05,-2.6e-05,0.0,0.0009177,0.0165874,False
US2000,1994-08-30,256.14,1994-09-06,255.8,4,7,0.0625,-8.15e-05,-3.13e-05,-1.25e-05,0.0,-5.77e-05,-3.04e-05,0.0,-0.0002134,-0.0013274,False
US2000,1994-09-29,254.18,1994-10-05,249.37,4,6,0.0625,-0.0011837,-3.13e-05,-1.25e-05,0.0,-4.95e-05,-2.6e-05,0.0,-0.001303,-0.0189236,False
US2000,1994-10-28,255.0,1994-11-03,254.15,4,6,0.0625,-0.0002074,-3.13e-05,-1.25e-05,0.0,-4.95e-05,-2.6e-05,0.0,-0.0003267,-0.0033334,False
US2000,1994-11-29,243.69,1994-12-05,242.93,4,6,0.0625,-0.0001921,-3.13e-05,-1.25e-05,0.0,-5.73e-05,-2.6e-05,0.0,-0.0003192,-0.0031188,False
US2000,1994-12-29,246.89,1995-01-05,247.46,4,7,0.0625,0.0001552,-3.13e-05,-1.25e-05,0.0,-6.68e-05,-3.04e-05,0.0,1.43e-05,0.0023088,False
US2000,1995-01-30,246.56,1995-02-03,250.78,4,4,0.0625,0.0010639,-3.13e-05,-1.25e-05,0.0,-3.99e-05,-1.74e-05,0.0,0.0009629,0.0171155,False
US2000,1995-02-27,253.86,1995-03-03,256.9,4,4,0.0625,0.0007479,-3.13e-05,-1.25e-05,0.0,-4.17e-05,-1.74e-05,0.0,0.0006451,0.0119751,False
US2000,1995-03-30,260.28,1995-04-05,261.21,4,6,0.0625,0.0002231,-3.13e-05,-1.25e-05,0.0,-6.25e-05,-2.6e-05,0.0,9.08e-05,0.003573,False
US2000,1995-04-27,265.7,1995-05-03,266.84,4,6,0.0625,0.0002681,-3.13e-05,-1.25e-05,0.0,-6.25e-05,-2.6e-05,0.0,0.0001358,0.0042905,False
US2000,1995-05-30,269.15,1995-06-05,274.22,4,6,0.0625,0.0011694,-3.13e-05,-1.25e-05,0.0,-6.25e-05,-2.6e-05,0.0,0.0010371,0.0188371,False
US2000,1995-06-29,281.08,1995-07-06,286.35,4,7,0.0625,0.0011649,-3.13e-05,-1.25e-05,0.0,-7.29e-05,-3.04e-05,0.0,0.0010179,0.0187492,False
US2000,1995-07-28,299.23,1995-08-03,297.37,4,6,0.0625,-0.0003888,-3.13e-05,-1.25e-05,0.0,-5.99e-05,-2.6e-05,0.0,-0.0005185,-0.006216,False
US2000,1995-08-30,303.26,1995-09-06,310.55,4,7,0.0625,0.0014895,-3.13e-05,-1.25e-05,0.0,-6.99e-05,-3.04e-05,0.0,0.0013455,0.0240387,False
US2000,1995-09-28,308.46,1995-10-04,300.82,4,6,0.0625,-0.0015561,-3.13e-05,-1.25e-05,0.0,-5.99e-05,-2.6e-05,0.0,-0.0016858,-0.0247682,False
US2000,1995-10-30,296.24,1995-11-03,302.79,4,4,0.0625,0.0013725,-3.13e-05,-1.25e-05,0.0,-3.99e-05,-1.74e-05,0.0,0.0012715,0.0221105,False
US2000,1995-11-29,306.72,1995-12-05,313.11,4,6,0.0625,0.0012929,-3.13e-05,-1.25e-05,0.0,-5.99e-05,-2.6e-05,0.0,0.0011632,0.0208333,False
US2000,1995-12-28,313.99,1996-01-04,310.77,4,7,0.0625,-0.0006357,-3.13e-05,-1.25e-05,0.0,-6.68e-05,-3.04e-05,0.0,-0.0007767,-0.0102551,False
US2000,1996-01-30,313.38,1996-02-05,318.46,4,6,0.0625,0.0010077,-3.13e-05,-1.25e-05,0.0,-5.51e-05,-2.6e-05,0.0,0.0008828,0.0162103,False
US2000,1996-02-28,325.26,1996-03-05,326.85,4,6,0.0625,0.0003061,-3.13e-05,-1.25e-05,0.0,-5.47e-05,-2.6e-05,0.0,0.0001817,0.0048884,False
US2000,1996-03-28,328.82,1996-04-03,334.07,4,6,0.0625,0.0009923,-3.13e-05,-1.25e-05,0.0,-5.47e-05,-2.6e-05,0.0,0.0008678,0.0159662,False
US2000,1996-04-29,348.22,1996-05-03,346.85,4,4,0.0625,-0.0002403,-3.13e-05,-1.25e-05,0.0,-3.65e-05,-1.74e-05,0.0,-0.0003379,-0.0039343,False
US2000,1996-05-30,360.34,1996-06-05,363.59,4,6,0.0625,0.0005623,-3.13e-05,-1.25e-05,0.0,-5.47e-05,-2.6e-05,0.0,0.0004378,0.0090193,False
US2000,1996-06-27,341.95,1996-07-03,344.8,4,6,0.0625,0.0005262,-3.13e-05,-1.25e-05,0.0,-5.47e-05,-2.6e-05,0.0,0.0004017,0.0083345,False
US2000,1996-07-30,313.54,1996-08-05,324.74,4,6,0.0625,0.0022067,-3.13e-05,-1.25e-05,0.0,-5.47e-05,-2.6e-05,0.0,0.0020823,0.0357211,False
US2000,1996-08-29,334.51,1996-09-05,331.59,4,7,0.0625,-0.0005449,-3.13e-05,-1.25e-05,0.0,-6.38e-05,-3.04e-05,0.0,-0.0006829,-0.0087292,False
US2000,1996-09-27,345.52,1996-10-03,347.24,4,6,0.0625,0.0003132,-3.13e-05,-1.25e-05,0.0,-5.47e-05,-2.6e-05,0.0,0.0001887,0.004978,False
US2000,1996-10-30,338.18,1996-11-05,339.86,4,6,0.0625,0.0003115,-3.13e-05,-1.25e-05,0.0,-5.47e-05,-2.6e-05,0.0,0.000187,0.0049677,False
US2000,1996-11-27,352.67,1996-12-04,358.1,4,7,0.0625,0.0009574,-3.13e-05,-1.25e-05,0.0,-6.38e-05,-3.04e-05,0.0,0.0008195,0.0153968,False
US2000,1996-12-30,359.99,1997-01-06,362.31,4,7,0.0625,0.0004084,-3.13e-05,-1.25e-05,0.0,-6.38e-05,-3.04e-05,0.0,0.0002705,0.0064446,False
US2000,1997-01-30,368.29,1997-02-05,365.49,4,6,0.0625,-0.0004745,-3.13e-05,-1.25e-05,0.0,-5.47e-05,-2.6e-05,0.0,-0.000599,-0.0076028,False
US2000,1997-02-27,361.15,1997-03-05,363.93,4,6,0.0625,0.0004811,-3.13e-05,-1.25e-05,0.0,-5.47e-05,-2.6e-05,0.0,0.0003566,0.0076976,False
US2000,1997-03-27,348.95,1997-04-03,336.38,4,7,0.0625,-0.0022785,-3.13e-05,-1.25e-05,0.0,-6.68e-05,-3.04e-05,0.0,-0.0024194,-0.0360224,False
US2000,1997-04-29,340.58,1997-05-05,362.43,4,6,0.0625,0.0039251,-3.13e-05,-1.25e-05,0.0,-5.73e-05,-2.6e-05,0.0,0.003798,0.0641553,False
US2000,1997-05-29,378.43,1997-06-04,382.67,4,6,0.0625,0.0006993,-3.13e-05,-1.25e-05,0.0,-5.73e-05,-2.6e-05,0.0,0.0005722,0.0112042,False
US2000,1997-06-27,392.53,1997-07-03,396.17,4,6,0.0625,0.0005814,-3.13e-05,-1.25e-05,0.0,-5.73e-05,-2.6e-05,0.0,0.0004543,0.0092732,False
US2000,1997-07-30,413.44,1997-08-05,418.32,4,6,0.0625,0.0007353,-3.13e-05,-1.25e-05,0.0,-5.73e-05,-2.6e-05,0.0,0.0006082,0.0118034,False
US2000,1997-08-28,421.59,1997-09-04,429.71,4,7,0.0625,0.0011969,-3.13e-05,-1.25e-05,0.0,-6.68e-05,-3.04e-05,0.0,0.0010559,0.0192604,False
US2000,1997-09-29,451.31,1997-10-03,459.52,4,4,0.0625,0.0011296,-3.13e-05,-1.25e-05,0.0,-3.82e-05,-1.74e-05,0.0,0.0010303,0.0181915,False
US2000,1997-10-30,428.66,1997-11-05,444.76,4,6,0.0625,0.002319,-3.13e-05,-1.25e-05,0.0,-5.73e-05,-2.6e-05,0.0,0.002192,0.0375589,False
US2000,1997-11-26,428.16,1997-12-03,433.81,4,7,0.0625,0.0008237,-3.13e-05,-1.25e-05,0.0,-6.68e-05,-3.04e-05,0.0,0.0006827,0.013196,False
US2000,1997-12-30,434.01,1998-01-06,433.1,4,7,0.0625,-0.000127,-3.13e-05,-1.25e-05,0.0,-6.68e-05,-3.04e-05,0.0,-0.000268,-0.0020967,False
US2000,1998-01-29,431.99,1998-02-04,441.84,4,6,0.0625,0.0014175,-3.13e-05,-1.25e-05,0.0,-5.73e-05,-2.6e-05,0.0,0.0012904,0.0228015,False
US2000,1998-02-26,461.54,1998-03-04,462.13,4,6,0.0625,8e-05,-3.13e-05,-1.25e-05,0.0,-5.73e-05,-2.6e-05,0.0,-4.71e-05,0.0012783,False
US2000,1998-03-30,476.22,1998-04-03,485.79,4,4,0.0625,0.001249,-3.13e-05,-1.25e-05,0.0,-3.82e-05,-1.74e-05,0.0,0.0011497,0.0200958,False
US2000,1998-04-29,476.98,1998-05-05,481.74,4,6,0.0625,0.0006278,-3.13e-05,-1.25e-05,0.0,-5.73e-05,-2.6e-05,0.0,0.0005007,0.0099794,False
US2000,1998-05-28,455.81,1998-06-03,449.16,4,6,0.0625,-0.0009136,-3.13e-05,-1.25e-05,0.0,-5.73e-05,-2.6e-05,0.0,-0.0010407,-0.0145894,False
US2000,1998-06-29,453.83,1998-07-06,459.97,4,7,0.0625,0.0008435,-3.13e-05,-1.25e-05,0.0,-6.68e-05,-3.04e-05,0.0,0.0007025,0.0135293,False
US2000,1998-07-30,429.5,1998-08-05,398.69,4,6,0.0625,-0.0046013,-3.13e-05,-1.25e-05,0.0,-5.73e-05,-2.6e-05,0.0,-0.0047284,-0.0717346,False
US2000,1998-08-28,358.54,1998-09-03,346.29,4,6,0.0625,-0.0020262,-3.13e-05,-1.25e-05,0.0,-5.73e-05,-2.6e-05,0.0,-0.0021533,-0.0341663,False
US2000,1998-09-29,365.8,1998-10-05,336.8,4,6,0.0625,-0.005073,-3.13e-05,-1.25e-05,0.0,-5.47e-05,-2.6e-05,0.0,-0.0051975,-0.0792783,False
US2000,1998-10-29,374.48,1998-11-04,392.96,4,6,0.0625,0.0030359,-3.13e-05,-1.25e-05,0.0,-5.21e-05,-2.6e-05,0.0,0.002914,0.0493484,False
US2000,1998-11-27,402.09,1998-12-03,395.0,4,6,0.0625,-0.0011065,-3.13e-05,-1.25e-05,0.0,-4.95e-05,-2.6e-05,0.0,-0.0012258,-0.0176329,False
US2000,1998-12-30,411.91,1999-01-06,427.79,4,7,0.0625,0.0023884,-3.13e-05,-1.25e-05,0.0,-5.77e-05,-3.04e-05,0.0,0.0022565,0.0385521,False
US2000,1999-01-28,423.97,1999-02-03,423.74,4,6,0.0625,-2.79e-05,-3.13e-05,-1.25e-05,0.0,-4.95e-05,-2.6e-05,0.0,-0.0001472,-0.0005425,False
US2000,1999-02-25,392.69,1999-03-03,391.95,4,6,0.0625,-0.0001157,-3.13e-05,-1.25e-05,0.0,-4.95e-05,-2.6e-05,0.0,-0.000235,-0.0018844,False
US2000,1999-03-30,398.78,1999-04-06,401.08,4,7,0.0625,0.0003627,-3.13e-05,-1.25e-05,0.0,-5.77e-05,-3.04e-05,0.0,0.0002308,0.0057676,False
US2000,1999-04-29,432.85,1999-05-05,434.27,4,6,0.0625,0.0002053,-3.13e-05,-1.25e-05,0.0,-4.95e-05,-2.6e-05,0.0,8.6e-05,0.0032805,False
US2000,1999-05-27,432.92,1999-06-03,435.98,4,7,0.0625,0.0004461,-3.13e-05,-1.25e-05,0.0,-5.77e-05,-3.04e-05,0.0,0.0003143,0.0070683,False
US2000,1999-06-29,454.08,1999-07-06,456.55,4,7,0.0625,0.0003433,-3.13e-05,-1.25e-05,0.0,-6.03e-05,-3.04e-05,0.0,0.0002088,0.0054396,False
US2000,1999-07-29,441.58,1999-08-04,429.7,4,6,0.0625,-0.0016885,-3.13e-05,-1.25e-05,0.0,-5.21e-05,-2.6e-05,0.0,-0.0018103,-0.0269033,False
US2000,1999-08-30,427.36,1999-09-03,435.97,4,4,0.0625,0.0012629,-3.13e-05,-1.25e-05,0.0,-3.65e-05,-1.74e-05,0.0,0.0011653,0.020147,False
US2000,1999-09-29,421.52,1999-10-05,426.01,4,6,0.0625,0.0006722,-3.13e-05,-1.25e-05,0.0,-5.47e-05,-2.6e-05,0.0,0.0005477,0.010652,False
US2000,1999-10-28,422.81,1999-11-03,438.46,4,6,0.0625,0.0022854,-3.13e-05,-1.25e-05,0.0,-5.47e-05,-2.6e-05,0.0,0.0021609,0.0370142,False
US2000,1999-11-29,456.95,1999-12-03,464.58,4,4,0.0625,0.0010456,-3.13e-05,-1.25e-05,0.0,-3.82e-05,-1.74e-05,0.0,0.0009463,0.0166976,False
US2000,1999-12-30,496.59,2000-01-05,478.83,4,6,0.0625,-0.0022169,-3.13e-05,-1.25e-05,0.0,-5.73e-05,-2.6e-05,0.0,-0.002344,-0.0357639,False
US2000,2000-01-28,504.62,2000-02-03,521.63,4,6,0.0625,0.0021088,-3.13e-05,-1.25e-05,0.0,-5.77e-05,-2.6e-05,0.0,0.0019813,0.0337086,False
US2000,2000-02-28,557.68,2000-03-03,597.88,4,4,0.0625,0.0044191,-3.13e-05,-1.25e-05,0.0,-3.99e-05,-1.74e-05,0.0,0.0043181,0.0720844,False
US2000,2000-03-30,531.57,2000-04-05,518.04,4,6,0.0625,-0.0015176,-3.13e-05,-1.25e-05,0.0,-6.25e-05,-2.6e-05,0.0,-0.0016499,-0.025453,False
US2000,2000-04-27,494.58,2000-05-03,495.56,4,6,0.0625,0.0001938,-3.13e-05,-1.25e-05,0.0,-6.25e-05,-2.6e-05,0.0,6.15e-05,0.0019815,False
US2000,2000-05-30,476.7,2000-06-05,513.3,4,6,0.0625,0.0047121,-3.13e-05,-1.25e-05,0.0,-6.77e-05,-2.6e-05,0.0,0.0045746,0.0767778,False
US2000,2000-06-29,512.58,2000-07-06,523.32,4,7,0.0625,0.0013108,-3.13e-05,-1.25e-05,0.0,-7.9e-05,-3.04e-05,0.0,0.0011576,0.0209528,False
US2000,2000-07-28,490.22,2000-08-03,499.45,4,6,0.0625,0.0011816,-3.13e-05,-1.25e-05,0.0,-6.77e-05,-2.6e-05,0.0,0.0010441,0.0188283,False
US2000,2000-08-30,532.33,2000-09-06,536.32,4,7,0.0625,0.0004735,-3.13e-05,-1.25e-05,0.0,-7.9e-05,-3.04e-05,0.0,0.0003204,0.0074953,False
US2000,2000-09-28,523.74,2000-10-04,507.49,4,6,0.0625,-0.0019514,-3.13e-05,-1.25e-05,0.0,-6.77e-05,-2.6e-05,0.0,-0.0020889,-0.0310268,False
US2000,2000-10-30,482.72,2000-11-03,507.75,4,4,0.0625,0.0032072,-3.13e-05,-1.25e-05,0.0,-4.51e-05,-1.74e-05,0.0,0.003101,0.051852,False
US2000,2000-11-29,454.6,2000-12-05,471.17,4,6,0.0625,0.0023383,-3.13e-05,-1.25e-05,0.0,-6.77e-05,-2.6e-05,0.0,0.0022008,0.0364496,False
US2000,2000-12-28,494.03,2001-01-04,477.2,4,7,0.0625,-0.0020161,-3.13e-05,-1.25e-05,0.0,-7.81e-05,-3.04e-05,0.0,-0.0021684,-0.0340667,False
US2000,2001-01-30,511.66,2001-02-05,500.74,4,6,0.0625,-0.0013402,-3.13e-05,-1.25e-05,0.0,-5.82e-05,-2.6e-05,0.0,-0.0014681,-0.0213423,False
US2000,2001-02-27,478.75,2001-03-05,475.79,4,6,0.0625,-0.0003829,-3.13e-05,-1.25e-05,0.0,-5.73e-05,-2.6e-05,0.0,-0.00051,-0.0061827,False
US2000,2001-03-29,441.53,2001-04-04,425.74,4,6,0.0625,-0.0022179,-3.13e-05,-1.25e-05,0.0,-5.21e-05,-2.6e-05,0.0,-0.0023397,-0.035762,False
US2000,2001-04-27,483.97,2001-05-03,485.65,4,6,0.0625,0.0002252,-3.13e-05,-1.25e-05,0.0,-4.69e-05,-2.6e-05,0.0,0.0001085,0.0034713,False
US2000,2001-05-30,493.96,2001-06-05,516.48,4,6,0.0625,0.0028046,-3.13e-05,-1.25e-05,0.0,-4.17e-05,-2.6e-05,0.0,0.0026931,0.0455907,False
US2000,2001-06-28,502.99,2001-07-05,492.73,4,7,0.0625,-0.0012496,-3.13e-05,-1.25e-05,0.0,-4.56e-05,-3.04e-05,0.0,-0.0013694,-0.020398,False
US2000,2001-07-30,484.71,2001-08-03,487.15,4,4,0.0625,0.0003169,-3.13e-05,-1.25e-05,0.0,-2.6e-05,-1.74e-05,0.0,0.0002298,0.0050339,False
US2000,2001-08-30,468.06,2001-09-06,453.39,4,7,0.0625,-0.0019747,-3.13e-05,-1.25e-05,0.0,-4.25e-05,-3.04e-05,0.0,-0.0020913,-0.0313421,False
US2000,2001-09-27,392.96,2001-10-03,413.22,4,6,0.0625,0.0032086,-3.13e-05,-1.25e-05,0.0,-3.04e-05,-2.6e-05,0.0,0.0031085,0.0515574,False
US2000,2001-10-30,422.83,2001-11-05,437.54,4,6,0.0625,0.0021538,-3.13e-05,-1.25e-05,0.0,-2.6e-05,-2.6e-05,0.0,0.0020579,0.0347894,False
US2000,2001-11-29,463.33,2001-12-05,479.42,4,6,0.0625,0.0021727,-3.13e-05,-1.25e-05,0.0,-2.08e-05,-2.6e-05,0.0,0.0020821,0.0347269,False
US2000,2001-12-28,493.62,2002-01-04,499.3,4,7,0.0625,0.0007295,-3.13e-05,-1.25e-05,0.0,-2.13e-05,-3.04e-05,0.0,0.0006341,0.0115068,False
US2000,2002-01-30,479.72,2002-02-05,468.82,4,6,0.0625,-0.0014198,-3.13e-05,-1.25e-05,0.0,-1.82e-05,-2.6e-05,0.0,-0.0015079,-0.0227216,False
US2000,2002-02-27,472.61,2002-03-05,487.59,4,6,0.0625,0.0019757,-3.13e-05,-1.25e-05,0.0,-1.82e-05,-2.6e-05,0.0,0.0018876,0.0316963,False
US2000,2002-03-27,505.85,2002-04-03,496.6,4,7,0.0625,-0.0011491,-3.13e-05,-1.25e-05,0.0,-2.13e-05,-3.04e-05,0.0,-0.0012445,-0.0182861,False
US2000,2002-04-29,500.54,2002-05-03,512.32,4,4,0.0625,0.0014674,-3.13e-05,-1.25e-05,0.0,-1.22e-05,-1.74e-05,0.0,0.0013941,0.0235346,False
US2000,2002-05-30,487.83,2002-06-05,475.04,4,6,0.0625,-0.0016373,-3.13e-05,-1.25e-05,0.0,-1.82e-05,-2.6e-05,0.0,-0.0017253,-0.0262181,False
US2000,2002-06-27,458.72,2002-07-03,429.47,4,6,0.0625,-0.0040453,-3.13e-05,-1.25e-05,0.0,-1.82e-05,-2.6e-05,0.0,-0.0041333,-0.0637644,False
US2000,2002-07-30,400.91,2002-08-05,367.12,4,6,0.0625,-0.0054328,-3.13e-05,-1.25e-05,0.0,-1.82e-05,-2.6e-05,0.0,-0.0055209,-0.0842833,False
US2000,2002-08-29,394.4,2002-09-05,381.06,4,7,0.0625,-0.0020791,-3.13e-05,-1.25e-05,0.0,-2.13e-05,-3.04e-05,0.0,-0.0021745,-0.0338235,False
US2000,2002-09-27,361.78,2002-10-03,356.85,4,6,0.0625,-0.0008323,-3.13e-05,-1.25e-05,0.0,-1.82e-05,-2.6e-05,0.0,-0.0009203,-0.013627,False
US2000,2002-10-30,374.17,2002-11-05,386.07,4,6,0.0625,0.0019815,-3.13e-05,-1.25e-05,0.0,-1.82e-05,-2.6e-05,0.0,0.0018934,0.0318037,False
US2000,2002-11-27,410.24,2002-12-04,397.53,4,7,0.0625,-0.0019499,-3.13e-05,-1.25e-05,0.0,-1.52e-05,-3.04e-05,0.0,-0.0020392,-0.0309818,False
US2000,2002-12-30,382.23,2003-01-06,397.0,4,7,0.0625,0.0023988,-3.13e-05,-1.25e-05,0.0,-1.52e-05,-3.04e-05,0.0,0.0023094,0.0386416,False
US2000,2003-01-30,367.62,2003-02-05,366.99,4,6,0.0625,-0.0001004,-3.13e-05,-1.25e-05,0.0,-1.3e-05,-2.6e-05,0.0,-0.0001832,-0.0017137,False
US2000,2003-02-27,361.43,2003-03-05,356.54,4,6,0.0625,-0.0008489,-3.13e-05,-1.25e-05,0.0,-1.3e-05,-2.6e-05,0.0,-0.0009317,-0.0135295,False
US2000,2003-03-28,368.7,2003-04-03,375.22,4,6,0.0625,0.001117,-3.13e-05,-1.25e-05,0.0,-1.3e-05,-2.6e-05,0.0,0.0010342,0.0176837,False
US2000,2003-04-29,395.78,2003-05-05,409.8,4,6,0.0625,0.0021933,-3.13e-05,-1.25e-05,0.0,-1.3e-05,-2.6e-05,0.0,0.0021105,0.0354237,False
US2000,2003-05-29,432.64,2003-06-04,451.23,4,6,0.0625,0.0026501,-3.13e-05,-1.25e-05,0.0,-1.3e-05,-2.6e-05,0.0,0.0025673,0.0429687,False
US2000,2003-06-27,448.75,2003-07-03,456.35,4,6,0.0625,0.0010651,-3.13e-05,-1.25e-05,0.0,-1.04e-05,-2.6e-05,0.0,0.0009849,0.0169359,False
US2000,2003-07-30,472.8,2003-08-05,457.45,4,6,0.0625,-0.0020432,-3.13e-05,-1.25e-05,0.0,-1.04e-05,-2.6e-05,0.0,-0.0021234,-0.0324661,False
US2000,2003-08-28,495.81,2003-09-04,512.56,4,7,0.0625,0.0020912,-3.13e-05,-1.25e-05,0.0,-1.22e-05,-3.04e-05,0.0,0.0020049,0.0337831,False
US2000,2003-09-29,492.71,2003-10-03,512.28,4,4,0.0625,0.0024694,-3.13e-05,-1.25e-05,0.0,-6.9e-06,-1.74e-05,0.0,0.0024014,0.0397192,False
US2000,2003-10-30,530.37,2003-11-05,538.91,4,6,0.0625,0.0010092,-3.13e-05,-1.25e-05,0.0,-1.04e-05,-2.6e-05,0.0,0.000929,0.0161019,False
US2000,2003-11-26,545.31,2003-12-03,545.19,4,7,0.0625,5e-07,-3.13e-05,-1.25e-05,0.0,-1.22e-05,-3.04e-05,0.0,-8.57e-05,-0.00022,False
US2000,2003-12-30,565.47,2004-01-06,569.89,4,7,0.0625,0.0005019,-3.13e-05,-1.25e-05,0.0,-1.22e-05,-3.04e-05,0.0,0.0004156,0.0078166,False
US2000,2004-01-29,579.86,2004-02-04,564.03,4,6,0.0625,-0.001708,-3.13e-05,-1.25e-05,0.0,-1.04e-05,-2.6e-05,0.0,-0.0017882,-0.0272996,False
US2000,2004-02-26,583.86,2004-03-03,591.32,4,6,0.0625,0.0008027,-3.13e-05,-1.25e-05,0.0,-1.04e-05,-2.6e-05,0.0,0.0007224,0.0127771,False
US2000,2004-03-30,589.4,2004-04-05,606.39,4,6,0.0625,0.001785,-3.13e-05,-1.25e-05,0.0,-1.04e-05,-2.6e-05,0.0,0.0017048,0.0288259,False
US2000,2004-04-29,567.25,2004-05-05,570.06,4,6,0.0625,0.0003192,-3.13e-05,-1.25e-05,0.0,-1.04e-05,-2.6e-05,0.0,0.000239,0.0049537,False
US2000,2004-05-27,568.56,2004-06-03,562.44,4,7,0.0625,-0.0006627,-3.13e-05,-1.25e-05,0.0,-1.22e-05,-3.04e-05,0.0,-0.000749,-0.010764,False
US2000,2004-06-29,587.83,2004-07-06,572.41,4,7,0.0625,-0.0016428,-3.13e-05,-1.25e-05,0.0,-1.48e-05,-3.04e-05,0.0,-0.0017317,-0.0262321,False
US2000,2004-07-29,549.83,2004-08-04,542.67,4,6,0.0625,-0.0008117,-3.13e-05,-1.25e-05,0.0,-1.3e-05,-2.6e-05,0.0,-0.0008946,-0.0130223,False
US2000,2004-08-30,544.56,2004-09-03,556.24,4,4,0.0625,0.0013364,-3.13e-05,-1.25e-05,0.0,-1.04e-05,-1.74e-05,0.0,0.0012648,0.0214485,False
US2000,2004-09-29,571.07,2004-10-05,587.34,4,6,0.0625,0.0017716,-3.13e-05,-1.25e-05,0.0,-1.82e-05,-2.6e-05,0.0,0.0016836,0.0284904,False
US2000,2004-10-28,585.63,2004-11-03,595.33,4,6,0.0625,0.001037,-3.13e-05,-1.25e-05,0.0,-1.82e-05,-2.6e-05,0.0,0.000949,0.0165634,False
US2000,2004-11-29,634.46,2004-12-03,642.21,4,4,0.0625,0.0007665,-3.13e-05,-1.25e-05,0.0,-1.39e-05,-1.74e-05,0.0,0.0006915,0.0122151,False
US2000,2004-12-30,653.06,2005-01-05,617.48,4,6,0.0625,-0.0034713,-3.13e-05,-1.25e-05,0.0,-2.34e-05,-2.6e-05,0.0,-0.0035645,-0.054482,False
US2000,2005-01-28,613.0,2005-02-03,629.32,4,6,0.0625,0.0016552,-3.13e-05,-1.25e-05,0.0,-2.39e-05,-2.6e-05,0.0,0.0015616,0.0266232,False
US2000,2005-02-25,637.53,2005-03-03,638.29,4,6,0.0625,7.71e-05,-3.13e-05,-1.25e-05,0.0,-2.6e-05,-2.6e-05,0.0,-1.87e-05,0.001192,False
US2000,2005-03-30,614.9,2005-04-05,614.5,4,6,0.0625,-3.92e-05,-3.13e-05,-1.25e-05,0.0,-2.86e-05,-2.6e-05,0.0,-0.0001376,-0.0006506,False
US2000,2005-04-28,575.02,2005-05-04,595.22,4,6,0.0625,0.0021742,-3.13e-05,-1.25e-05,0.0,-2.91e-05,-2.6e-05,0.0,0.0020753,0.0351291,False
US2000,2005-05-27,616.9,2005-06-03,620.3,4,7,0.0625,0.0003497,-3.13e-05,-1.25e-05,0.0,-3.65e-05,-3.04e-05,0.0,0.0002391,0.0055114,False
US2000,2005-06-29,642.76,2005-07-06,648.27,4,7,0.0625,0.0005447,-3.13e-05,-1.25e-05,0.0,-3.91e-05,-3.04e-05,0.0,0.0004315,0.0085724,False
US2000,2005-07-28,683.04,2005-08-03,683.38,4,6,0.0625,3.64e-05,-3.13e-05,-1.25e-05,0.0,-3.39e-05,-2.6e-05,0.0,-6.73e-05,0.0004978,False
US2000,2005-08-30,653.76,2005-09-06,674.48,4,7,0.0625,0.0019727,-3.13e-05,-1.25e-05,0.0,-4.25e-05,-3.04e-05,0.0,0.001856,0.0316935,False
US2000,2005-09-29,665.03,2005-10-05,644.98,4,6,0.0625,-0.0018834,-3.13e-05,-1.25e-05,0.0,-3.91e-05,-2.6e-05,0.0,-0.0019922,-0.0301491,False
US2000,2005-10-28,635.33,2005-11-03,658.77,4,6,0.0625,0.0022899,-3.13e-05,-1.25e-05,0.0,-3.99e-05,-2.6e-05,0.0,0.0021802,0.0368942,False
US2000,2005-11-29,673.69,2005-12-05,686.57,4,6,0.0625,0.0011968,-3.13e-05,-1.25e-05,0.0,-4.17e-05,-2.6e-05,0.0,0.0010854,0.0191186,False
US2000,2005-12-29,677.96,2006-01-05,691.77,4,7,0.0625,0.0012721,-3.13e-05,-1.25e-05,0.0,-5.16e-05,-3.04e-05,0.0,0.0011463,0.0203699,False
US2000,2006-01-30,730.87,2006-02-03,724.22,4,4,0.0625,-0.0005655,-3.13e-05,-1.25e-05,0.0,-3.08e-05,-1.74e-05,0.0,-0.0006574,-0.0090988,False
US2000,2006-02-27,740.63,2006-03-03,738.44,4,4,0.0625,-0.000171,-3.13e-05,-1.25e-05,0.0,-3.13e-05,-1.74e-05,0.0,-0.0002633,-0.0029569,False
US2000,2006-03-30,762.59,2006-04-05,766.26,4,6,0.0625,0.0003036,-3.13e-05,-1.25e-05,0.0,-4.95e-05,-2.6e-05,0.0,0.0001844,0.0048125,False
US2000,2006-04-27,761.4,2006-05-03,767.73,4,6,0.0625,0.0005209,-3.13e-05,-1.25e-05,0.0,-4.95e-05,-2.6e-05,0.0,0.0004016,0.0083136,False
US2000,2006-05-30,711.04,2006-06-05,713.92,4,6,0.0625,0.0003055,-3.13e-05,-1.25e-05,0.0,-5.21e-05,-2.6e-05,0.0,0.0001836,0.0040504,False
US2000,2006-06-29,714.32,2006-07-06,720.64,4,7,0.0625,0.0005664,-3.13e-05,-1.25e-05,0.0,-6.38e-05,-3.04e-05,0.0,0.0004285,0.0088476,False
US2000,2006-07-28,700.03,2006-08-03,704.38,4,6,0.0625,0.0004013,-3.13e-05,-1.25e-05,0.0,-5.47e-05,-2.6e-05,0.0,0.0002768,0.006214,False
US2000,2006-08-30,720.58,2006-09-06,712.04,4,7,0.0625,-0.0007286,-3.13e-05,-1.25e-05,0.0,-6.38e-05,-3.04e-05,0.0,-0.0008666,-0.0118516,False
US2000,2006-09-28,732.56,2006-10-04,733.48,4,6,0.0625,9.77e-05,-3.13e-05,-1.25e-05,0.0,-5.47e-05,-2.6e-05,0.0,-2.68e-05,0.0012558,False
US2000,2006-10-30,770.36,2006-11-03,752.73,4,4,0.0625,-0.0014341,-3.13e-05,-1.25e-05,0.0,-3.65e-05,-1.74e-05,0.0,-0.0015317,-0.0228854,False
US2000,2006-11-29,784.16,2006-12-05,797.42,4,6,0.0625,0.0010605,-3.13e-05,-1.25e-05,0.0,-5.47e-05,-2.6e-05,0.0,0.000936,0.0169098,False
US2000,2006-12-28,794.48,2007-01-05,775.87,4,8,0.0625,-0.0014687,-3.13e-05,-1.25e-05,0.0,-7.29e-05,-3.47e-05,0.0,-0.0016201,-0.0234241,False
US2000,2007-01-30,797.97,2007-02-05,806.69,4,6,0.0625,0.0006827,-3.13e-05,-1.25e-05,0.0,-5.47e-05,-2.6e-05,0.0,0.0005582,0.0109278,False
US2000,2007-02-27,792.66,2007-03-05,760.06,4,6,0.0625,-0.0025998,-3.13e-05,-1.25e-05,0.0,-5.47e-05,-2.6e-05,0.0,-0.0027243,-0.0411273,False
US2000,2007-03-29,798.94,2007-04-04,810.79,4,6,0.0625,0.0009242,-3.13e-05,-1.25e-05,0.0,-5.47e-05,-2.6e-05,0.0,0.0007997,0.0148321,False
US2000,2007-04-27,829.7,2007-05-03,828.87,4,6,0.0625,-4.5e-05,-3.13e-05,-1.25e-05,0.0,-5.47e-05,-2.6e-05,0.0,-0.0001695,-0.0010004,False
US2000,2007-05-30,843.35,2007-06-05,848.25,4,6,0.0625,0.0003666,-3.13e-05,-1.25e-05,0.0,-5.47e-05,-2.6e-05,0.0,0.0002421,0.0058102,False
US2000,2007-06-28,839.04,2007-07-05,850.13,4,7,0.0625,0.0008283,-3.13e-05,-1.25e-05,0.0,-6.38e-05,-3.04e-05,0.0,0.0006904,0.0132175,False
US2000,2007-07-30,784.23,2007-08-03,755.42,4,4,0.0625,-0.0022913,-3.13e-05,-1.25e-05,0.0,-3.65e-05,-1.74e-05,0.0,-0.0023889,-0.0367367,False
US2000,2007-08-30,783.11,2007-09-06,792.92,4,7,0.0625,0.0007914,-3.13e-05,-1.25e-05,0.0,-6.38e-05,-3.04e-05,0.0,0.0006534,0.012527,False
US2000,2007-09-27,814.01,2007-10-03,826.15,4,6,0.0625,0.0009503,-3.13e-05,-1.25e-05,0.0,-4.95e-05,-2.6e-05,0.0,0.000831,0.0149138,False
US2000,2007-10-30,816.15,2007-11-05,790.43,4,6,0.0625,-0.0019413,-3.13e-05,-1.25e-05,0.0,-4.73e-05,-2.6e-05,0.0,-0.0020584,-0.0315139,False
US2000,2007-11-29,766.06,2007-12-05,765.64,4,6,0.0625,-1.74e-05,-3.13e-05,-1.25e-05,0.0,-4.69e-05,-2.6e-05,0.0,-0.0001341,-0.0005482,False
US2000,2007-12-28,771.76,2008-01-04,721.6,4,7,0.0625,-0.0041545,-3.13e-05,-1.25e-05,0.0,-5.16e-05,-3.04e-05,0.0,-0.0042803,-0.0649943,False
US2000,2008-01-30,695.49,2008-02-05,701.58,4,6,0.0625,0.000615,-3.13e-05,-1.25e-05,0.0,-3.13e-05,-2.6e-05,0.0,0.000514,0.0087565,False
US2000,2008-02-28,705.72,2008-03-05,683.74,4,6,0.0625,-0.0019517,-3.13e-05,-1.25e-05,0.0,-3.13e-05,-2.6e-05,0.0,-0.0020527,-0.0311455,False
US2000,2008-03-28,683.18,2008-04-03,713.57,4,6,0.0625,0.0027552,-3.13e-05,-1.25e-05,0.0,-2.34e-05,-2.6e-05,0.0,0.0026619,0.0444832,False
US2000,2008-04-29,718.93,2008-05-05,724.35,4,6,0.0625,0.000482,-3.13e-05,-1.25e-05,0.0,-2.13e-05,-2.6e-05,0.0,0.000391,0.007539,False
US2000,2008-05-29,745.55,2008-06-04,743.71,4,6,0.0625,-0.0001496,-3.13e-05,-1.25e-05,0.0,-2.08e-05,-2.6e-05,0.0,-0.0002402,-0.0024679,False
US2000,2008-06-27,698.14,2008-07-03,665.78,4,6,0.0625,-0.0029337,-3.13e-05,-1.25e-05,0.0,-2.08e-05,-2.6e-05,0.0,-0.0030243,-0.0463517,False
US2000,2008-07-30,718.86,2008-08-05,721.04,4,6,0.0625,0.0002172,-3.13e-05,-1.25e-05,0.0,-2.08e-05,-2.6e-05,0.0,0.0001266,0.0030326,False
US2000,2008-08-28,747.79,2008-09-04,718.62,4,7,0.0625,-0.0024508,-3.13e-05,-1.25e-05,0.0,-2.43e-05,-3.04e-05,0.0,-0.0025492,-0.0390083,False
US2000,2008-09-29,657.72,2008-10-03,619.4,4,4,0.0625,-0.003605,-3.13e-05,-1.25e-05,0.0,-1.39e-05,-1.74e-05,0.0,-0.00368,-0.0582618,False
US2000,2008-10-30,514.18,2008-11-05,514.64,4,6,0.0625,0.0002315,-3.13e-05,-1.25e-05,0.0,-1.04e-05,-2.6e-05,0.0,0.0001513,0.0008947,False
US2000,2008-11-26,468.86,2008-12-03,453.76,4,7,0.0625,-0.0014382,-3.13e-05,-1.25e-05,0.0,-1.22e-05,-3.04e-05,0.0,-0.0015244,-0.0322057,False
US2000,2008-12-30,482.77,2009-01-06,514.71,4,7,0.0625,0.0040569,-3.13e-05,-1.25e-05,0.0,-1.5e-06,-3.04e-05,0.0,0.0039813,0.0661599,False
US2000,2009-01-29,453.24,2009-02-04,448.48,4,6,0.0625,-0.0006348,-3.13e-05,-1.25e-05,0.0,-1.3e-06,-2.6e-05,0.0,-0.0007059,-0.0105021,False
US2000,2009-02-26,392.95,2009-03-04,371.3,4,6,0.0625,-0.0034067,-3.13e-05,-1.25e-05,0.0,-1.3e-06,-2.6e-05,0.0,-0.0034777,-0.0550961,False
US2000,2009-03-30,415.97,2009-04-03,456.13,4,4,0.0625,0.0058537,-3.13e-05,-1.25e-05,0.0,-9e-07,-1.74e-05,0.0,0.0057917,0.0965454,False
US2000,2009-04-29,491.47,2009-05-05,502.55,4,6,0.0625,0.0014482,-3.13e-05,-1.25e-05,0.0,-1.3e-06,-2.6e-05,0.0,0.0013771,0.0225446,False
US2000,2009-05-28,492.21,2009-06-03,522.71,4,6,0.0625,0.0038209,-3.13e-05,-1.25e-05,0.0,-1.3e-06,-2.6e-05,0.0,0.0037498,0.0619655,False
US2000,2009-06-29,510.61,2009-07-06,494.03,4,7,0.0625,-0.002002,-3.13e-05,-1.25e-05,0.0,-1.5e-06,-3.04e-05,0.0,-0.0020776,-0.0324709,False
US2000,2009-07-30,557.8,2009-08-05,565.99,4,6,0.0625,0.0009239,-3.13e-05,-1.25e-05,0.0,-1.3e-06,-2.6e-05,0.0,0.0008528,0.0146827,False
US2000,2009-08-28,579.86,2009-09-03,562.49,4,6,0.0625,-0.0018711,-3.13e-05,-1.25e-05,0.0,-1.3e-06,-2.6e-05,0.0,-0.0019422,-0.0299555,False
US2000,2009-09-29,610.45,2009-10-05,591.11,4,6,0.0625,-0.0019599,-3.13e-05,-1.25e-05,0.0,-1.3e-06,-2.6e-05,0.0,-0.002031,-0.0316816,False
US2000,2009-10-29,580.22,2009-11-04,563.12,4,6,0.0625,-0.0018287,-3.13e-05,-1.25e-05,0.0,-1.3e-06,-2.6e-05,0.0,-0.0018998,-0.0294715,False
US2000,2009-11-27,577.21,2009-12-03,588.78,4,6,0.0625,0.0012582,-3.13e-05,-1.25e-05,0.0,-1.3e-06,-2.6e-05,0.0,0.0011871,0.0200447,False
US2000,2009-12-30,633.41,2010-01-06,637.95,4,7,0.0625,0.0004687,-3.13e-05,-1.25e-05,0.0,-1.5e-06,-3.04e-05,0.0,0.000393,0.0071676,False
US2000,2010-01-28,607.93,2010-02-03,610.66,4,6,0.0625,0.0002903,-3.13e-05,-1.25e-05,0.0,-1.3e-06,-2.6e-05,0.0,0.0002192,0.0044906,False
US2000,2010-02-25,630.46,2010-03-03,649.26,4,6,0.0625,0.0018547,-3.13e-05,-1.25e-05,0.0,-1.3e-06,-2.6e-05,0.0,0.0017836,0.0298195,False
US2000,2010-03-30,683.94,2010-04-06,701.48,4,7,0.0625,0.0015997,-3.13e-05,-1.25e-05,0.0,-1.5e-06,-3.04e-05,0.0,0.0015241,0.0256455,False
US2000,2010-04-29,737.74,2010-05-05,698.58,4,6,0.0625,-0.0033274,-3.13e-05,-1.25e-05,0.0,-1.3e-06,-2.6e-05,0.0,-0.0033985,-0.053081,False
US2000,2010-05-27,670.51,2010-06-03,667.37,4,7,0.0625,-0.0002249,-3.13e-05,-1.25e-05,0.0,-1.5e-06,-3.04e-05,0.0,-0.0003005,-0.004683,False
US2000,2010-06-29,615.96,2010-07-06,590.03,4,7,0.0625,-0.0026728,-3.13e-05,-1.25e-05,0.0,-1.5e-06,-3.04e-05,0.0,-0.0027484,-0.0420969,False
US2000,2010-07-29,650.43,2010-08-04,662.96,4,6,0.0625,0.001208,-3.13e-05,-1.25e-05,0.0,-1.3e-06,-2.6e-05,0.0,0.0011369,0.0192642,False
US2000,2010-08-30,601.72,2010-09-03,643.36,4,4,0.0625,0.00424,-3.13e-05,-1.25e-05,0.0,-9e-07,-1.74e-05,0.0,0.004178,0.0692016,False
US2000,2010-09-29,677.64,2010-10-05,689.35,4,6,0.0625,0.0011053,-3.13e-05,-1.25e-05,0.0,-1.3e-06,-2.6e-05,0.0,0.0010342,0.0172805,False
US2000,2010-10-28,701.03,2010-11-03,715.14,4,6,0.0625,0.0012606,-3.13e-05,-1.25e-05,0.0,-1.3e-06,-2.6e-05,0.0,0.0011895,0.0201275,False
US2000,2010-11-29,731.95,2010-12-03,756.42,4,4,0.0625,0.002077,-3.13e-05,-1.25e-05,0.0,-9e-07,-1.74e-05,0.0,0.002015,0.0334312,False
US2000,2010-12-30,789.74,2011-01-05,795.09,4,6,0.0625,0.0004473,-3.13e-05,-1.25e-05,0.0,-1.3e-06,-2.6e-05,0.0,0.0003763,0.0067744,False
US2000,2011-01-28,775.4,2011-02-03,798.63,4,6,0.0625,0.0018631,-3.13e-05,-1.25e-05,0.0,-1.3e-06,-2.6e-05,0.0,0.001792,0.0299587,False
US2000,2011-02-25,821.95,2011-03-03,828.89,4,6,0.0625,0.000554,-3.13e-05,-1.25e-05,0.0,-1.3e-06,-2.6e-05,0.0,0.0004829,0.0084433,False
US2000,2011-03-30,840.37,2011-04-05,853.31,4,6,0.0625,0.0009569,-3.13e-05,-1.25e-05,0.0,-1.3e-06,-2.6e-05,0.0,0.0008858,0.015398,False
US2000,2011-04-28,861.55,2011-05-04,832.9,4,6,0.0625,-0.002098,-3.13e-05,-1.25e-05,0.0,-1.3e-06,-2.6e-05,0.0,-0.0021691,-0.033254,False
US2000,2011-05-27,836.26,2011-06-03,808.13,4,7,0.0625,-0.0020926,-3.13e-05,-1.25e-05,0.0,-1.5e-06,-3.04e-05,0.0,-0.0021683,-0.0336379,False
US2000,2011-06-29,819.92,2011-07-06,845.23,4,7,0.0625,0.0019106,-3.13e-05,-1.25e-05,0.0,-1.5e-06,-3.04e-05,0.0,0.0018349,0.0308689,False
US2000,2011-07-28,799.34,2011-08-03,772.78,4,6,0.0625,-0.0020752,-3.13e-05,-1.25e-05,0.0,-1.3e-06,-2.6e-05,0.0,-0.0021463,-0.0332274,False
US2000,2011-08-30,728.08,2011-09-06,680.87,4,7,0.0625,-0.0041286,-3.13e-05,-1.25e-05,0.0,-1.5e-06,-3.04e-05,0.0,-0.0042042,-0.0648418,False
US2000,2011-09-29,662.8,2011-10-05,658.11,4,6,0.0625,-0.0001945,-3.13e-05,-1.25e-05,0.0,-1.3e-06,-2.6e-05,0.0,-0.0002656,-0.007076,False
US2000,2011-10-28,761.0,2011-11-03,751.53,4,6,0.0625,-0.0006761,-3.13e-05,-1.25e-05,0.0,-1.3e-06,-2.6e-05,0.0,-0.0007471,-0.0124441,False
US2000,2011-11-29,696.1,2011-12-05,747.03,4,6,0.0625,0.0045311,-3.13e-05,-1.25e-05,0.0,-1.3e-06,-2.6e-05,0.0,0.00446,0.0731649,False
US2000,2011-12-29,744.98,2012-01-05,752.29,4,7,0.0625,0.0006213,-3.13e-05,-1.25e-05,0.0,-1.5e-06,-3.04e-05,0.0,0.0005456,0.0098123,False
US2000,2012-01-30,792.38,2012-02-03,831.11,4,4,0.0625,0.0030124,-3.13e-05,-1.25e-05,0.0,-9e-07,-1.74e-05,0.0,0.0029505,0.048878,False
US2000,2012-02-28,823.8,2012-03-05,803.65,4,6,0.0625,-0.0015313,-3.13e-05,-1.25e-05,0.0,-1.3e-06,-2.6e-05,0.0,-0.0016024,-0.0244598,False
US2000,2012-03-29,832.22,2012-04-04,820.38,4,6,0.0625,-0.0008797,-3.13e-05,-1.25e-05,0.0,-1.3e-06,-2.6e-05,0.0,-0.0009508,-0.014227,False
US2000,2012-04-27,825.47,2012-05-03,806.59,4,6,0.0625,-0.0014355,-3.13e-05,-1.25e-05,0.0,-1.3e-06,-2.6e-05,0.0,-0.0015066,-0.0228718,False
US2000,2012-05-30,762.0,2012-06-05,746.09,4,6,0.0625,-0.0012815,-3.13e-05,-1.25e-05,0.0,-1.3e-06,-2.6e-05,0.0,-0.0013526,-0.0208792,False
US2000,2012-06-28,775.89,2012-07-05,817.43,4,7,0.0625,0.0032953,-3.13e-05,-1.25e-05,0.0,-1.5e-06,-3.04e-05,0.0,0.0032197,0.0535385,False
US2000,2012-07-30,791.58,2012-08-03,788.48,4,4,0.0625,-0.0002105,-3.13e-05,-1.25e-05,0.0,-9e-07,-1.74e-05,0.0,-0.0002725,-0.0039163,False
US2000,2012-08-30,808.64,2012-09-06,837.95,4,7,0.0625,0.0022434,-3.13e-05,-1.25e-05,0.0,-1.5e-06,-3.04e-05,0.0,0.0021678,0.036246,False
US2000,2012-09-27,843.54,2012-10-03,838.78,4,6,0.0625,-0.0003515,-3.13e-05,-1.25e-05,0.0,-1.3e-06,-2.6e-05,0.0,-0.0004226,-0.0056428,False
US2000,2012-10-26,813.25,2012-11-05,819.54,4,10,0.0625,0.0004964,-3.13e-05,-1.25e-05,0.0,-2.2e-06,-4.34e-05,0.0,0.0004071,0.0077344,False
US2000,2012-11-29,823.2,2012-12-05,820.6,4,6,0.0625,-0.0001974,-3.13e-05,-1.25e-05,0.0,-1.3e-06,-2.6e-05,0.0,-0.0002685,-0.0031585,False
US2000,2012-12-28,832.1,2013-01-04,879.15,4,7,0.0625,0.0034773,-3.13e-05,-1.25e-05,0.0,-1.5e-06,-3.04e-05,0.0,0.0034017,0.0565437,False
US2000,2013-01-30,896.91,2013-02-05,908.22,4,6,0.0625,0.0007959,-3.13e-05,-1.25e-05,0.0,-1.3e-06,-2.6e-05,0.0,0.0007248,0.01261,False
US2000,2013-02-27,909.92,2013-03-05,927.4,4,6,0.0625,0.0011942,-3.13e-05,-1.25e-05,0.0,-1.3e-06,-2.6e-05,0.0,0.0011231,0.0192105,False
US2000,2013-03-27,950.24,2013-04-03,918.71,4,7,0.0625,-0.0020938,-3.13e-05,-1.25e-05,0.0,-1.5e-06,-3.04e-05,0.0,-0.0021694,-0.0331811,False
US2000,2013-04-29,942.43,2013-05-03,954.42,4,4,0.0625,0.0008264,-3.13e-05,-1.25e-05,0.0,-9e-07,-1.74e-05,0.0,0.0007645,0.0127224,False
US2000,2013-05-30,994.43,2013-06-05,968.16,4,6,0.0625,-0.00166,-3.13e-05,-1.25e-05,0.0,-1.3e-06,-2.6e-05,0.0,-0.0017311,-0.0264172,False
US2000,2013-06-27,979.92,2013-07-03,991.13,4,6,0.0625,0.0007162,-3.13e-05,-1.25e-05,0.0,-1.3e-06,-2.6e-05,0.0,0.0006451,0.0114397,False
US2000,2013-07-30,1043.51,2013-08-05,1063.01,4,6,0.0625,0.0011636,-3.13e-05,-1.25e-05,0.0,-1.3e-06,-2.6e-05,0.0,0.0010925,0.0186869,False
US2000,2013-08-29,1026.9399,2013-09-05,1028.6899,4,7,0.0625,0.0001179,-3.13e-05,-1.25e-05,0.0,-1.5e-06,-3.04e-05,0.0,4.22e-05,0.0017041,False
US2000,2013-09-27,1074.1899,2013-10-03,1070.9,4,6,0.0625,-0.0001824,-3.13e-05,-1.25e-05,0.0,-1.3e-06,-2.6e-05,0.0,-0.0002535,-0.0030627,False
US2000,2013-10-30,1105.5,2013-11-05,1103.59,4,6,0.0625,-0.0001022,-3.13e-05,-1.25e-05,0.0,-1.3e-06,-2.6e-05,0.0,-0.0001732,-0.0017278,False
US2000,2013-11-27,1141.33,2013-12-04,1121.38,4,7,0.0625,-0.0010967,-3.13e-05,-1.25e-05,0.0,-1.5e-06,-3.04e-05,0.0,-0.0011723,-0.0174796,False
US2000,2013-12-30,1160.59,2014-01-06,1147.16,4,7,0.0625,-0.0007208,-3.13e-05,-1.25e-05,0.0,-1.5e-06,-3.04e-05,0.0,-0.0007964,-0.0115716,False
US2000,2014-01-30,1139.36,2014-02-05,1093.59,4,6,0.0625,-0.0025239,-3.13e-05,-1.25e-05,0.0,-1.3e-06,-2.6e-05,0.0,-0.002595,-0.0401717,False
US2000,2014-02-27,1187.9399,2014-03-05,1205.91,4,6,0.0625,0.0009632,-3.13e-05,-1.25e-05,0.0,-1.3e-06,-2.6e-05,0.0,0.0008921,0.0151271,False
US2000,2014-03-28,1151.8101,2014-04-03,1181.12,4,6,0.0625,0.0015899,-3.13e-05,-1.25e-05,0.0,-1.3e-06,-2.6e-05,0.0,0.0015188,0.0254468,False
US2000,2014-04-29,1120.83,2014-05-05,1126.3,4,6,0.0625,0.0003056,-3.13e-05,-1.25e-05,0.0,-1.3e-06,-2.6e-05,0.0,0.0002345,0.0048804,False
US2000,2014-05-29,1140.0699,2014-06-04,1131.22,4,6,0.0625,-0.0004847,-3.13e-05,-1.25e-05,0.0,-1.3e-06,-2.6e-05,0.0,-0.0005558,-0.0077627,False
US2000,2014-06-27,1189.5,2014-07-03,1208.15,4,6,0.0625,0.0009788,-3.13e-05,-1.25e-05,0.0,-1.3e-06,-2.6e-05,0.0,0.0009077,0.0156789,False
US2000,2014-07-30,1146.5699,2014-08-05,1121.5601,4,6,0.0625,-0.001358,-3.13e-05,-1.25e-05,0.0,-1.3e-06,-2.6e-05,0.0,-0.0014291,-0.0218128,False
US2000,2014-08-28,1165.95,2014-09-04,1167.21,4,7,0.0625,7.15e-05,-3.13e-05,-1.25e-05,0.0,-1.5e-06,-3.04e-05,0.0,-4.2e-06,0.0010807,False
US2000,2014-09-29,1117.91,2014-10-03,1104.74,4,4,0.0625,-0.0007222,-3.13e-05,-1.25e-05,0.0,-9e-07,-1.74e-05,0.0,-0.0007841,-0.011781,False
US2000,2014-10-30,1155.77,2014-11-05,1167.0699,4,6,0.0625,0.0006162,-3.13e-05,-1.25e-05,0.0,-1.3e-06,-2.6e-05,0.0,0.0005451,0.009777,False
US2000,2014-11-26,1190.62,2014-12-03,1179.01,4,7,0.0625,-0.0005899,-3.13e-05,-1.25e-05,0.0,-1.5e-06,-3.04e-05,0.0,-0.0006656,-0.0097512,False
US2000,2014-12-30,1213.05,2015-01-06,1161.3101,4,7,0.0625,-0.0027063,-3.13e-05,-1.25e-05,0.0,-1.5e-06,-3.04e-05,0.0,-0.002782,-0.0426528,False
US2000,2015-01-29,1190.1801,2015-02-04,1191.4399,4,6,0.0625,9.32e-05,-3.13e-05,-1.25e-05,0.0,-1.3e-06,-2.6e-05,0.0,2.21e-05,0.0010586,False
US2000,2015-02-26,1239.11,2015-03-04,1230.73,4,6,0.0625,-0.0004201,-3.13e-05,-1.25e-05,0.0,-1.3e-06,-2.6e-05,0.0,-0.0004912,-0.0067629,False
US2000,2015-03-30,1257.8,2015-04-06,1260.54,4,7,0.0625,0.0001373,-3.13e-05,-1.25e-05,0.0,-1.5e-06,-3.04e-05,0.0,6.17e-05,0.0021784,False
US2000,2015-04-29,1246.95,2015-05-05,1215.42,4,6,0.0625,-0.0015776,-3.13e-05,-1.25e-05,0.0,-1.3e-06,-2.6e-05,0.0,-0.0016487,-0.0252856,False
US2000,2015-05-28,1253.1,2015-06-03,1264.58,4,6,0.0625,0.0005744,-3.13e-05,-1.25e-05,0.0,-1.3e-06,-2.6e-05,0.0,0.0005033,0.0091613,False
US2000,2015-06-29,1246.75,2015-07-06,1246.96,4,7,0.0625,1.3e-05,-3.13e-05,-1.25e-05,0.0,-1.5e-06,-3.04e-05,0.0,-6.26e-05,0.0001684,False
US2000,2015-07-30,1232.0699,2015-08-05,1231.75,4,6,0.0625,-1.4e-05,-3.13e-05,-1.25e-05,0.0,-1.3e-06,-2.6e-05,0.0,-8.51e-05,-0.0002597,False
US2000,2015-08-28,1162.91,2015-09-03,1145.15,4,6,0.0625,-0.0009304,-3.13e-05,-1.25e-05,0.0,-1.3e-06,-2.6e-05,0.0,-0.0010015,-0.015272,False
US2000,2015-09-29,1083.91,2015-10-05,1141.64,4,6,0.0625,0.0032767,-3.13e-05,-1.25e-05,0.0,-1.3e-06,-2.6e-05,0.0,0.0032056,0.0532609,False
US2000,2015-10-29,1165.63,2015-11-04,1190.38,4,6,0.0625,0.0013276,-3.13e-05,-1.25e-05,0.0,-1.3e-06,-2.6e-05,0.0,0.0012565,0.0212332,False
US2000,2015-11-27,1202.38,2015-12-03,1170.5699,4,6,0.0625,-0.0016613,-3.13e-05,-1.25e-05,0.0,-1.3e-06,-2.6e-05,0.0,-0.0017324,-0.0264559,False
US2000,2015-12-30,1149.64,2016-01-06,1094.37,4,7,0.0625,-0.0030499,-3.13e-05,-1.25e-05,0.0,-4.6e-06,-3.04e-05,0.0,-0.0031286,-0.0480759,False
US2000,2016-01-28,1003.27,2016-02-03,1010.3,4,6,0.0625,0.0004846,-3.13e-05,-1.25e-05,0.0,-3.9e-06,-2.6e-05,0.0,0.0004109,0.0070071,False
US2000,2016-02-26,1037.1801,2016-03-03,1076.05,4,6,0.0625,0.0023184,-3.13e-05,-1.25e-05,0.0,-3.9e-06,-2.6e-05,0.0,0.0022447,0.0374766,False
US2000,2016-03-30,1110.4399,2016-04-05,1095.85,4,6,0.0625,-0.0008197,-3.13e-05,-1.25e-05,0.0,-3.9e-06,-2.6e-05,0.0,-0.0008934,-0.0131389,False
US2000,2016-04-28,1140.4,2016-05-04,1113.13,4,6,0.0625,-0.0014973,-3.13e-05,-1.25e-05,0.0,-3.9e-06,-2.6e-05,0.0,-0.001571,-0.0239127,False
US2000,2016-05-27,1150.45,2016-06-03,1164.13,4,7,0.0625,0.0007431,-3.13e-05,-1.25e-05,0.0,-4.6e-06,-3.04e-05,0.0,0.0006644,0.011891,False
US2000,2016-06-29,1131.62,2016-07-06,1147.33,4,7,0.0625,0.0008808,-3.13e-05,-1.25e-05,0.0,-4.6e-06,-3.04e-05,0.0,0.0008021,0.0138827,False
US2000,2016-07-28,1217.33,2016-08-03,1212.73,4,6,0.0625,-0.0002282,-3.13e-05,-1.25e-05,0.0,-3.9e-06,-2.6e-05,0.0,-0.0003019,-0.0037787,False
US2000,2016-08-30,1246.03,2016-09-06,1253.37,4,7,0.0625,0.0003708,-3.13e-05,-1.25e-05,0.0,-4.6e-06,-3.04e-05,0.0,0.0002921,0.0058907,False
US2000,2016-09-29,1237.75,2016-10-05,1248.37,4,6,0.0625,0.0005408,-3.13e-05,-1.25e-05,0.0,-3.9e-06,-2.6e-05,0.0,0.0004671,0.0085801,False
US2000,2016-10-28,1187.61,2016-11-03,1156.89,4,6,0.0625,-0.0016275,-3.13e-05,-1.25e-05,0.0,-3.9e-06,-2.6e-05,0.0,-0.0017012,-0.0258671,False
US2000,2016-11-29,1328.22,2016-12-05,1337.79,4,6,0.0625,0.0004605,-3.13e-05,-1.25e-05,0.0,-3.9e-06,-2.6e-05,0.0,0.0003868,0.0072052,False
US2000,2016-12-29,1363.1801,2017-01-05,1371.9399,4,7,0.0625,0.0004147,-3.13e-05,-1.25e-05,0.0,-7.6e-06,-3.04e-05,0.0,0.000333,0.0064261,False
US2000,2017-01-30,1352.33,2017-02-03,1377.84,4,4,0.0625,0.0011768,-3.13e-05,-1.25e-05,0.0,-4.3e-06,-1.74e-05,0.0,0.0011113,0.0188637,False
US2000,2017-02-27,1407.97,2017-03-03,1394.13,4,4,0.0625,-0.0005934,-3.13e-05,-1.25e-05,0.0,-4.3e-06,-1.74e-05,0.0,-0.0006588,-0.0098297,False
US2000,2017-03-30,1382.35,2017-04-05,1352.14,4,6,0.0625,-0.0013721,-3.13e-05,-1.25e-05,0.0,-9.1e-06,-2.6e-05,0.0,-0.001451,-0.0218541,False
US2000,2017-04-27,1417.13,2017-05-03,1390.92,4,6,0.0625,-0.0011595,-3.13e-05,-1.25e-05,0.0,-9.1e-06,-2.6e-05,0.0,-0.0012384,-0.0184951,False
US2000,2017-05-30,1371.1899,2017-06-05,1396.45,4,6,0.0625,0.0011546,-3.13e-05,-1.25e-05,0.0,-9.1e-06,-2.6e-05,0.0,0.0010756,0.018422,False
US2000,2017-06-29,1416.2,2017-07-06,1400.8101,4,7,0.0625,-0.0006744,-3.13e-05,-1.25e-05,0.0,-1.37e-05,-3.04e-05,0.0,-0.0007622,-0.010867,False
US2000,2017-07-28,1429.26,2017-08-03,1405.23,4,6,0.0625,-0.0010547,-3.13e-05,-1.25e-05,0.0,-1.17e-05,-2.6e-05,0.0,-0.0011362,-0.0168129,False
US2000,2017-08-30,1391.3199,2017-09-06,1402.2,4,7,0.0625,0.0004942,-3.13e-05,-1.25e-05,0.0,-1.37e-05,-3.04e-05,0.0,0.0004064,0.0078199,False
US2000,2017-09-28,1488.79,2017-10-04,1507.76,4,6,0.0625,0.0007966,-3.13e-05,-1.25e-05,0.0,-1.17e-05,-2.6e-05,0.0,0.000715,0.0127419,False
US2000,2017-10-30,1490.9,2017-11-03,1494.91,4,4,0.0625,0.0001713,-3.13e-05,-1.25e-05,0.0,-7.8e-06,-1.74e-05,0.0,0.0001024,0.0026897,False
US2000,2017-11-29,1542.3,2017-12-05,1516.76,4,6,0.0625,-0.0010394,-3.13e-05,-1.25e-05,0.0,-1.17e-05,-2.6e-05,0.0,-0.0011209,-0.0165597,False
US2000,2017-12-28,1548.9301,2018-01-04,1555.72,4,7,0.0625,0.0002787,-3.13e-05,-1.25e-05,0.0,-1.67e-05,-3.04e-05,0.0,0.0001879,0.0043836,False
US2000,2018-01-30,1582.8199,2018-02-05,1491.09,4,6,0.0625,-0.0036745,-3.13e-05,-1.25e-05,0.0,-1.43e-05,-2.6e-05,0.0,-0.0037586,-0.0579535,False
US2000,2018-02-27,1536.47,2018-03-05,1546.05,4,6,0.0625,0.0004078,-3.13e-05,-1.25e-05,0.0,-1.43e-05,-2.6e-05,0.0,0.0003237,0.0062351,False
US2000,2018-03-28,1513.03,2018-04-04,1531.66,4,7,0.0625,0.0007975,-3.13e-05,-1.25e-05,0.0,-1.97e-05,-3.04e-05,0.0,0.0007036,0.012313,False
US2000,2018-04-27,1556.24,2018-05-03,1546.5601,4,6,0.0625,-0.0003852,-3.13e-05,-1.25e-05,0.0,-1.69e-05,-2.6e-05,0.0,-0.0004719,-0.0062201,False
US2000,2018-05-30,1647.99,2018-06-05,1664.63,4,6,0.0625,0.0006345,-3.13e-05,-1.25e-05,0.0,-1.69e-05,-2.6e-05,0.0,0.0005478,0.0100972,False
US2000,2018-06-28,1645.02,2018-07-05,1679.48,4,7,0.0625,0.0013018,-3.13e-05,-1.25e-05,0.0,-2.28e-05,-3.04e-05,0.0,0.0012049,0.020948,False
US2000,2018-07-30,1653.13,2018-08-03,1673.37,4,4,0.0625,0.0007668,-3.13e-05,-1.25e-05,0.0,-1.3e-05,-1.74e-05,0.0,0.0006927,0.0122434,False
US2000,2018-08-30,1732.35,2018-09-06,1714.47,4,7,0.0625,-0.000645,-3.13e-05,-1.25e-05,0.0,-2.28e-05,-3.04e-05,0.0,-0.0007419,-0.0103212,False
US2000,2018-09-27,1690.53,2018-10-03,1671.29,4,6,0.0625,-0.000703,-3.13e-05,-1.25e-05,0.0,-2.21e-05,-2.6e-05,0.0,-0.000795,-0.011381,False
US2000,2018-10-30,1506.64,2018-11-05,1547.51,4,6,0.0625,0.0016884,-3.13e-05,-1.25e-05,0.0,-2.21e-05,-2.6e-05,0.0,0.0015965,0.0271266,False
US2000,2018-11-29,1525.39,2018-12-06,1477.41,4,7,0.0625,-0.0019308,-3.13e-05,-1.25e-05,0.0,-2.58e-05,-3.04e-05,0.0,-0.0020307,-0.0314542,False
US2000,2018-12-28,1337.92,2019-01-04,1380.75,4,7,0.0625,0.002026,-3.13e-05,-1.25e-05,0.0,-2.89e-05,-3.04e-05,0.0,0.001923,0.0320123,False
US2000,2019-01-30,1486.9399,2019-02-05,1520.23,4,6,0.0625,0.0013895,-3.13e-05,-1.25e-05,0.0,-2.47e-05,-2.6e-05,0.0,0.001295,0.0223883,False
US2000,2019-02-27,1581.05,2019-03-05,1568.28,4,6,0.0625,-0.0005008,-3.13e-05,-1.25e-05,0.0,-2.47e-05,-2.6e-05,0.0,-0.0005954,-0.0080769,False
US2000,2019-03-28,1535.1,2019-04-03,1560.91,4,6,0.0625,0.0010467,-3.13e-05,-1.25e-05,0.0,-2.47e-05,-2.6e-05,0.0,0.0009522,0.0168133,False
US2000,2019-04-29,1598.36,2019-05-03,1614.02,4,4,0.0625,0.0006253,-3.13e-05,-1.25e-05,0.0,-1.65e-05,-1.74e-05,0.0,0.0005477,0.0097976,False
US2000,2019-05-30,1485.53,2019-06-05,1506.79,4,6,0.0625,0.0009154,-3.13e-05,-1.25e-05,0.0,-2.47e-05,-2.6e-05,0.0,0.0008208,0.0143114,False
US2000,2019-06-27,1546.55,2019-07-03,1572.12,4,6,0.0625,0.0010323,-3.13e-05,-1.25e-05,0.0,-2.47e-05,-2.6e-05,0.0,0.0009377,0.0165335,False
US2000,2019-07-30,1585.6,2019-08-05,1487.41,4,6,0.0625,-0.0039538,-3.13e-05,-1.25e-05,0.0,-2.3e-05,-2.6e-05,0.0,-0.0040466,-0.061926,False
US2000,2019-08-29,1496.72,2019-09-05,1510.75,4,7,0.0625,0.0006021,-3.13e-05,-1.25e-05,0.0,-2.58e-05,-3.04e-05,0.0,0.0005021,0.0093739,False
US2000,2019-09-27,1520.48,2019-10-03,1486.35,4,6,0.0625,-0.0014032,-3.13e-05,-1.25e-05,0.0,-1.95e-05,-2.6e-05,0.0,-0.0014926,-0.0224469,False
US2000,2019-10-30,1572.85,2019-11-05,1599.61,4,6,0.0625,0.0010658,-3.13e-05,-1.25e-05,0.0,-1.74e-05,-2.6e-05,0.0,0.0009786,0.0170137,False
US2000,2019-11-27,1634.1,2019-12-04,1613.9,4,7,0.0625,-0.0007711,-3.13e-05,-1.25e-05,0.0,-1.97e-05,-3.04e-05,0.0,-0.000865,-0.0123615,False
US2000,2019-12-30,1664.15,2020-01-06,1663.26,4,7,0.0625,-3.27e-05,-3.13e-05,-1.25e-05,0.0,-1.97e-05,-3.04e-05,0.0,-0.0001266,-0.0005348,False
US2000,2020-01-30,1648.22,2020-02-05,1681.92,4,6,0.0625,0.0012967,-3.13e-05,-1.25e-05,0.0,-1.69e-05,-2.6e-05,0.0,0.00121,0.0204463,False
US2000,2020-02-27,1497.87,2020-03-04,1531.2,4,6,0.0625,0.0014495,-3.13e-05,-1.25e-05,0.0,-1.69e-05,-2.6e-05,0.0,0.0013628,0.0222516,False
US2000,2020-03-30,1158.3199,2020-04-03,1052.05,4,4,0.0625,-0.0058155,-3.13e-05,-1.25e-05,0.0,-9e-07,-1.74e-05,0.0,-0.0058774,-0.0917449,False
US2000,2020-04-29,1360.76,2020-05-05,1273.51,4,6,0.0625,-0.0040492,-3.13e-05,-1.25e-05,0.0,-1.3e-06,-2.6e-05,0.0,-0.0041203,-0.0641186,False
US2000,2020-05-28,1400.67,2020-06-03,1452.09,4,6,0.0625,0.0022762,-3.13e-05,-1.25e-05,0.0,-1.3e-06,-2.6e-05,0.0,0.0022051,0.0367109,False
US2000,2020-06-29,1421.21,2020-07-06,1442.88,4,7,0.0625,0.0009572,-3.13e-05,-1.25e-05,0.0,-1.5e-06,-3.04e-05,0.0,0.0008815,0.0152476,False
US2000,2020-07-30,1495.1,2020-08-05,1546.24,4,6,0.0625,0.0021277,-3.13e-05,-1.25e-05,0.0,-1.3e-06,-2.6e-05,0.0,0.0020566,0.0342051,False
US2000,2020-08-28,1578.34,2020-09-03,1544.6801,4,6,0.0625,-0.0013095,-3.13e-05,-1.25e-05,0.0,-1.3e-06,-2.6e-05,0.0,-0.0013806,-0.0213261,False
US2000,2020-09-29,1504.73,2020-10-05,1581.96,4,6,0.0625,0.0031603,-3.13e-05,-1.25e-05,0.0,-1.3e-06,-2.6e-05,0.0,0.0030892,0.0513248,False
US2000,2020-10-29,1561.58,2020-11-04,1615.08,4,6,0.0625,0.0021502,-3.13e-05,-1.25e-05,0.0,-1.3e-06,-2.6e-05,0.0,0.0020791,0.0342602,False
US2000,2020-11-27,1855.27,2020-12-03,1848.7,4,6,0.0625,-0.0002066,-3.13e-05,-1.25e-05,0.0,-1.3e-06,-2.6e-05,0.0,-0.0002777,-0.0035413,False
US2000,2020-12-30,1979.99,2021-01-06,2057.9199,4,7,0.0625,0.002477,-3.13e-05,-1.25e-05,0.0,-1.5e-06,-3.04e-05,0.0,0.0024014,0.0393588,False
US2000,2021-01-28,2106.6101,2021-02-03,2159.7,4,6,0.0625,0.0015879,-3.13e-05,-1.25e-05,0.0,-1.3e-06,-2.6e-05,0.0,0.0015168,0.0252016,False
US2000,2021-02-25,2200.1699,2021-03-03,2207.79,4,6,0.0625,0.0002662,-3.13e-05,-1.25e-05,0.0,-1.3e-06,-2.6e-05,0.0,0.0001951,0.0034634,False
US2000,2021-03-30,2195.8,2021-04-06,2259.1499,4,7,0.0625,0.0017895,-3.13e-05,-1.25e-05,0.0,-1.5e-06,-3.04e-05,0.0,0.0017138,0.0288505,False
US2000,2021-04-29,2295.46,2021-05-05,2241.3701,4,6,0.0625,-0.0014791,-3.13e-05,-1.25e-05,0.0,-1.3e-06,-2.6e-05,0.0,-0.0015502,-0.0235638,False
US2000,2021-05-27,2273.0701,2021-06-03,2279.25,4,7,0.0625,0.0001759,-3.13e-05,-1.25e-05,0.0,-1.5e-06,-3.04e-05,0.0,0.0001003,0.0027188,False
US2000,2021-06-29,2308.8401,2021-07-06,2274.5,4,7,0.0625,-0.0009255,-3.13e-05,-1.25e-05,0.0,-1.5e-06,-3.04e-05,0.0,-0.0010011,-0.0148733,False
US2000,2021-07-29,2240.03,2021-08-04,2196.3201,4,6,0.0625,-0.0012246,-3.13e-05,-1.25e-05,0.0,-1.3e-06,-2.6e-05,0.0,-0.0012957,-0.0195131,False
US2000,2021-08-30,2265.99,2021-09-03,2292.05,4,4,0.0625,0.0007187,-3.13e-05,-1.25e-05,0.0,-9e-07,-1.74e-05,0.0,0.0006567,0.0115005,False
US2000,2021-09-29,2225.3101,2021-10-05,2228.3601,4,6,0.0625,0.0001016,-3.13e-05,-1.25e-05,0.0,-1.3e-06,-2.6e-05,0.0,3.05e-05,0.0013706,False
US2000,2021-10-28,2297.98,2021-11-03,2404.28,4,6,0.0625,0.0028579,-3.13e-05,-1.25e-05,0.0,-1.3e-06,-2.6e-05,0.0,0.0027868,0.046258,False
US2000,2021-11-29,2241.98,2021-12-03,2159.3101,4,4,0.0625,-0.0022816,-3.13e-05,-1.25e-05,0.0,-9e-07,-1.74e-05,0.0,-0.0023436,-0.0368736,False
US2000,2021-12-30,2248.79,2022-01-05,2194.0,4,6,0.0625,-0.0015021,-3.13e-05,-1.25e-05,0.0,-1.3e-06,-2.6e-05,0.0,-0.0015732,-0.0243642,False
US2000,2022-01-28,1968.51,2022-02-03,1991.03,4,6,0.0625,0.0007578,-3.13e-05,-1.25e-05,0.0,-1.3e-06,-2.6e-05,0.0,0.0006868,0.0114401,False
US2000,2022-02-25,2040.9301,2022-03-03,2032.41,4,6,0.0625,-0.0002247,-3.13e-05,-1.25e-05,0.0,-1.3e-06,-2.6e-05,0.0,-0.0002958,-0.0041746,False
US2000,2022-03-30,2091.0701,2022-04-05,2046.04,4,6,0.0625,-0.0013365,-3.13e-05,-1.25e-05,0.0,-3.9e-06,-2.6e-05,0.0,-0.0014102,-0.0215344,False
US2000,2022-04-28,1917.9399,2022-05-04,1949.92,4,6,0.0625,0.0010862,-3.13e-05,-1.25e-05,0.0,-3.9e-06,-2.6e-05,0.0,0.0010125,0.0166742,False
US2000,2022-05-27,1887.9,2022-06-03,1883.05,4,7,0.0625,-0.0001367,-3.13e-05,-1.25e-05,0.0,-1.06e-05,-3.04e-05,0.0,-0.0002214,-0.002569,False
US2000,2022-06-29,1719.37,2022-07-06,1727.55,4,7,0.0625,0.0003061,-3.13e-05,-1.25e-05,0.0,-1.97e-05,-3.04e-05,0.0,0.0002122,0.0047576,False
US2000,2022-07-28,1873.03,2022-08-03,1908.9301,4,6,0.0625,0.0011941,-3.13e-05,-1.25e-05,0.0,-2.47e-05,-2.6e-05,0.0,0.0010995,0.0191668,False
US2000,2022-08-30,1855.59,2022-09-06,1792.3199,4,7,0.0625,-0.0021583,-3.13e-05,-1.25e-05,0.0,-2.89e-05,-3.04e-05,0.0,-0.0022613,-0.034097,False
US2000,2022-09-29,1674.9301,2022-10-05,1762.6899,4,6,0.0625,0.003263,-3.13e-05,-1.25e-05,0.0,-3.26e-05,-2.6e-05,0.0,0.0031607,0.0523962,False
US2000,2022-10-28,1846.92,2022-11-03,1779.73,4,6,0.0625,-0.0022789,-3.13e-05,-1.25e-05,0.0,-3.26e-05,-2.6e-05,0.0,-0.0023813,-0.0363795,False
US2000,2022-11-29,1836.55,2022-12-05,1840.22,4,6,0.0625,0.0001735,-3.13e-05,-1.25e-05,0.0,-4.04e-05,-2.6e-05,0.0,6.33e-05,0.0019983,False
US2000,2022-12-29,1766.25,2023-01-05,1753.1899,4,7,0.0625,-0.0004539,-3.13e-05,-1.25e-05,0.0,-5.32e-05,-3.04e-05,0.0,-0.0005812,-0.0073942,False
US2000,2023-01-30,1885.72,2023-02-03,1985.53,4,4,0.0625,0.0032639,-3.13e-05,-1.25e-05,0.0,-3.08e-05,-1.74e-05,0.0,0.003172,0.0529294,False
US2000,2023-02-27,1896.27,2023-03-03,1928.26,4,4,0.0625,0.0010514,-3.13e-05,-1.25e-05,0.0,-3.21e-05,-1.74e-05,0.0,0.0009581,0.01687,False
US2000,2023-03-30,1768.38,2023-04-05,1752.13,4,6,0.0625,-0.000552,-3.13e-05,-1.25e-05,0.0,-5.08e-05,-2.6e-05,0.0,-0.0006726,-0.0091892,False
US2000,2023-04-27,1751.22,2023-05-03,1739.28,4,6,0.0625,-0.0004099,-3.13e-05,-1.25e-05,0.0,-5.08e-05,-2.6e-05,0.0,-0.0005305,-0.0068181,False
US2000,2023-05-30,1767.29,2023-06-05,1806.71,4,6,0.0625,0.0014295,-3.13e-05,-1.25e-05,0.0,-5.34e-05,-2.6e-05,0.0,0.0013063,0.0223053,False
US2000,2023-06-29,1881.59,2023-07-06,1842.23,4,7,0.0625,-0.0013068,-3.13e-05,-1.25e-05,0.0,-6.23e-05,-3.04e-05,0.0,-0.0014432,-0.0209185,False
US2000,2023-07-28,1981.54,2023-08-03,1961.4,4,6,0.0625,-0.000628,-3.13e-05,-1.25e-05,0.0,-5.6e-05,-2.6e-05,0.0,-0.0007538,-0.0101638,False
US2000,2023-08-30,1903.21,2023-09-06,1874.28,4,7,0.0625,-0.000939,-3.13e-05,-1.25e-05,0.0,-6.53e-05,-3.04e-05,0.0,-0.0010785,-0.0152006,False
US2000,2023-09-28,1794.3101,2023-10-04,1729.01,4,6,0.0625,-0.0022992,-3.13e-05,-1.25e-05,0.0,-5.6e-05,-2.6e-05,0.0,-0.002425,-0.0363928,False
US2000,2023-10-30,1647.29,2023-11-03,1760.7,4,4,0.0625,0.0042088,-3.13e-05,-1.25e-05,0.0,-3.73e-05,-1.74e-05,0.0,0.0041104,0.0688464,False
US2000,2023-11-29,1803.8101,2023-12-05,1856.04,4,6,0.0625,0.0018206,-3.13e-05,-1.25e-05,0.0,-5.6e-05,-2.6e-05,0.0,0.0016948,0.0289554,False
US2000,2023-12-28,2058.3401,2024-01-04,1957.73,4,7,0.0625,-0.0031007,-3.13e-05,-1.25e-05,0.0,-6.53e-05,-3.04e-05,0.0,-0.0032402,-0.0488792,False
US2000,2024-01-30,1996.24,2024-02-05,1937.24,4,6,0.0625,-0.0018436,-3.13e-05,-1.25e-05,0.0,-5.6e-05,-2.6e-05,0.0,-0.0019694,-0.0295556,False
US2000,2024-02-28,2040.3101,2024-03-05,2053.71,4,6,0.0625,0.0004173,-3.13e-05,-1.25e-05,0.0,-5.6e-05,-2.6e-05,0.0,0.0002915,0.0065676,False
US2000,2024-03-27,2114.3501,2024-04-03,2076.2,4,7,0.0625,-0.0011229,-3.13e-05,-1.25e-05,0.0,-6.53e-05,-3.04e-05,0.0,-0.0012623,-0.0180434,False
US2000,2024-04-29,2016.03,2024-05-03,2035.72,4,4,0.0625,0.0006347,-3.13e-05,-1.25e-05,0.0,-3.73e-05,-1.74e-05,0.0,0.0005362,0.0097667,False
US2000,2024-05-30,2056.6001,2024-06-05,2063.8701,4,6,0.0625,0.0002343,-3.13e-05,-1.25e-05,0.0,-5.6e-05,-2.6e-05,0.0,0.0001085,0.003535,False
US2000,2024-06-27,2038.34,2024-07-03,2036.62,4,6,0.0625,-4.96e-05,-3.13e-05,-1.25e-05,0.0,-5.6e-05,-2.6e-05,0.0,-0.0001754,-0.0008438,False
US2000,2024-07-30,2243.1399,2024-08-05,2039.16,4,6,0.0625,-0.0058537,-3.13e-05,-1.25e-05,0.0,-5.6e-05,-2.6e-05,0.0,-0.0059795,-0.090935,False
US2000,2024-08-29,2202.98,2024-09-05,2132.05,4,7,0.0625,-0.0020124,-3.13e-05,-1.25e-05,0.0,-6.53e-05,-3.04e-05,0.0,-0.0021519,-0.0321973,False
US2000,2024-09-27,2224.7,2024-10-03,2180.1499,4,6,0.0625,-0.0012557,-3.13e-05,-1.25e-05,0.0,-5.08e-05,-2.6e-05,0.0,-0.0013763,-0.0200252,False
US2000,2024-10-30,2233.04,2024-11-05,2260.8401,4,6,0.0625,0.0007943,-3.13e-05,-1.25e-05,0.0,-5.08e-05,-2.6e-05,0.0,0.0006737,0.0124494,False
US2000,2024-11-27,2426.1899,2024-12-04,2426.5601,4,7,0.0625,1.22e-05,-3.13e-05,-1.25e-05,0.0,-5.62e-05,-3.04e-05,0.0,-0.0001182,0.0001526,False
US2000,2024-12-30,2227.78,2025-01-06,2266.6499,4,7,0.0625,0.0010896,-3.13e-05,-1.25e-05,0.0,-5.32e-05,-3.04e-05,0.0,0.0009623,0.0174478,False
US2000,2025-01-30,2307.45,2025-02-05,2316.23,4,6,0.0625,0.000255,-3.13e-05,-1.25e-05,0.0,-4.56e-05,-2.6e-05,0.0,0.0001396,0.0038051,False
US2000,2025-02-27,2139.6599,2025-03-05,2100.75,4,6,0.0625,-0.0011112,-3.13e-05,-1.25e-05,0.0,-4.56e-05,-2.6e-05,0.0,-0.0012266,-0.0181851,False
US2000,2025-03-28,2023.27,2025-04-03,1910.55,4,6,0.0625,-0.0034313,-3.13e-05,-1.25e-05,0.0,-4.56e-05,-2.6e-05,0.0,-0.0035467,-0.0557118,False
US2000,2025-04-29,1976.52,2025-05-05,2004.26,4,6,0.0625,0.0008914,-3.13e-05,-1.25e-05,0.0,-4.56e-05,-2.6e-05,0.0,0.000776,0.0140348,False
US2000,2025-05-29,2074.78,2025-06-04,2098.48,4,6,0.0625,0.0007184,-3.13e-05,-1.25e-05,0.0,-4.56e-05,-2.6e-05,0.0,0.0006031,0.0114229,False
US2000,2025-06-27,2172.53,2025-07-03,2249.04,4,6,0.0625,0.0021751,-3.13e-05,-1.25e-05,0.0,-4.56e-05,-2.6e-05,0.0,0.0020597,0.035217,False
US2000,2025-07-30,2232.3999,2025-08-05,2225.6699,4,6,0.0625,-0.0001582,-3.13e-05,-1.25e-05,0.0,-4.56e-05,-2.6e-05,0.0,-0.0002736,-0.0030147,False
US2000,2025-08-28,2378.4099,2025-09-04,2379.6101,4,7,0.0625,3.84e-05,-3.13e-05,-1.25e-05,0.0,-5.32e-05,-3.04e-05,0.0,-8.89e-05,0.0005046,False
US2000,2025-09-29,2435.25,2025-10-03,2476.1799,4,4,0.0625,0.0010449,-3.13e-05,-1.25e-05,0.0,-2.86e-05,-1.74e-05,0.0,0.0009551,0.0168073,False
US2000,2025-10-30,2465.95,2025-11-05,2464.78,4,6,0.0625,-1.11e-05,-3.13e-05,-1.25e-05,0.0,-4.04e-05,-2.6e-05,0.0,-0.0001212,-0.0004744,False
US2000,2025-11-26,2486.1201,2025-12-03,2512.1399,4,7,0.0625,0.0006681,-3.13e-05,-1.25e-05,0.0,-4.71e-05,-3.04e-05,0.0,0.0005469,0.010466,False
US2000,2025-12-30,2500.5901,2026-01-06,2582.8999,4,7,0.0625,0.002043,-3.13e-05,-1.25e-05,0.0,-4.41e-05,-3.04e-05,0.0,0.0019248,0.0329162,False
US2000,2026-01-29,2654.78,2026-02-04,2624.55,4,6,0.0625,-0.0007022,-3.13e-05,-1.25e-05,0.0,-3.78e-05,-2.6e-05,0.0,-0.0008097,-0.011387,False
US2000,2026-02-26,2677.29,2026-03-04,2636.01,4,6,0.0625,-0.0009461,-3.13e-05,-1.25e-05,0.0,-3.78e-05,-2.6e-05,0.0,-0.0010537,-0.0154186,False
US2000,2026-03-30,2414.01,2026-04-06,2540.6399,4,7,0.0625,0.0032344,-3.13e-05,-1.25e-05,0.0,-4.41e-05,-3.04e-05,0.0,0.0031162,0.0524562,False
US2000,2026-04-29,2739.47,2026-05-05,2845.0,4,6,0.0625,0.0023887,-3.13e-05,-1.25e-05,0.0,-3.78e-05,-2.6e-05,0.0,0.0022811,0.0385221,False
US2000,2026-05-28,2936.5701,2026-06-03,2893.51,4,6,0.0625,-0.0009135,-3.13e-05,-1.25e-05,0.0,-3.78e-05,-2.6e-05,0.0,-0.0010211,-0.0146634,False
US2000,2026-06-29,3010.4199,2026-07-06,3009.54,4,7,0.0625,-1.56e-05,-3.13e-05,-1.25e-05,0.0,-4.41e-05,-3.04e-05,0.0,-0.0001337,-0.0002923,False
US2000,2026-07-30,2946.1001,2026-08-05,3019.1899,4,6,0.0625,0.0015532,-3.13e-05,-1.25e-05,0.0,-3.78e-05,-2.6e-05,0.0,0.0014457,0.024809,False
US2000,2026-08-28,2972.3701,2026-09-03,2968.27,4,6,0.0625,-7.58e-05,-3.13e-05,-1.25e-05,0.0,-3.78e-05,-2.6e-05,0.0,-0.0001834,-0.0013794,False
ESP35,1993-07-29,2963.2,1993-08-04,2985.8,4,6,0.0625,0.0004837,-3.13e-05,-1.25e-05,0.0,-0.0001137,-2.6e-05,0.0,0.0003002,0.0076269,False
ESP35,1993-08-30,3379.1001,1993-09-03,3269.3,4,4,0.0625,-0.0020349,-3.13e-05,-1.25e-05,0.0,-7.29e-05,-1.74e-05,0.0,-0.0021689,-0.0324939,False
ESP35,1993-09-29,3171.5,1993-10-05,3210.3999,4,6,0.0625,0.0007682,-3.13e-05,-1.25e-05,0.0,-0.0001042,-2.6e-05,0.0,0.0005943,0.0122655,False
ESP35,1993-10-28,3429.3,1993-11-04,3428.0,4,7,0.0625,-2.03e-05,-3.13e-05,-1.25e-05,0.0,-0.0001124,-3.04e-05,0.0,-0.0002069,-0.0003791,False
ESP35,1993-11-29,3313.1001,1993-12-03,3417.2,4,4,0.0625,0.0019566,-3.13e-05,-1.25e-05,0.0,-6.42e-05,-1.74e-05,0.0,0.0018312,0.0314207,False
ESP35,1993-12-30,3567.6001,1994-01-05,3621.2,4,6,0.0625,0.0009428,-3.13e-05,-1.25e-05,0.0,-9.38e-05,-2.6e-05,0.0,0.0007792,0.0150241,False
ESP35,1994-01-28,3915.7,1994-02-03,3924.6001,4,6,0.0625,0.0001705,-3.13e-05,-1.25e-05,0.0,-9.11e-05,-2.6e-05,0.0,9.5e-06,0.0022729,False
ESP35,1994-02-25,3704.2,1994-03-03,3625.5,4,6,0.0625,-0.0012971,-3.13e-05,-1.25e-05,0.0,-8.85e-05,-2.6e-05,0.0,-0.0014554,-0.0212461,False
ESP35,1994-03-30,3489.1001,1994-04-07,3525.3,4,8,0.0625,0.0006489,-3.13e-05,-1.25e-05,0.0,-0.0001111,-3.47e-05,0.0,0.0004593,0.0103752,False
ESP35,1994-04-28,3504.3,1994-05-05,3425.8,4,7,0.0625,-0.001372,-3.13e-05,-1.25e-05,0.0,-9.42e-05,-3.04e-05,0.0,-0.0015403,-0.022401,False
ESP35,1994-05-30,3561.8999,1994-06-03,3507.3999,4,4,0.0625,-0.000938,-3.13e-05,-1.25e-05,0.0,-5.21e-05,-1.74e-05,0.0,-0.0010512,-0.0153008,False
ESP35,1994-06-29,3238.8,1994-07-05,3136.6001,4,6,0.0625,-0.0019831,-3.13e-05,-1.25e-05,0.0,-7.81e-05,-2.6e-05,0.0,-0.002131,-0.0315549,False
ESP35,1994-07-28,3313.8999,1994-08-03,3434.3999,4,6,0.0625,0.0022517,-3.13e-05,-1.25e-05,0.0,-7.81e-05,-2.6e-05,0.0,0.0021038,0.036362,False
ESP35,1994-08-30,3352.2,1994-09-05,3189.5,4,6,0.0625,-0.003087,-3.13e-05,-1.25e-05,0.0,-7.66e-05,-2.6e-05,0.0,-0.0032333,-0.0485353,False
ESP35,1994-09-29,3192.2,1994-10-05,3100.0,4,6,0.0625,-0.0018144,-3.13e-05,-1.25e-05,0.0,-7.66e-05,-2.6e-05,0.0,-0.0019608,-0.0288829,False
ESP35,1994-10-28,3186.6001,1994-11-04,3202.8999,4,7,0.0625,0.0003274,-3.13e-05,-1.25e-05,0.0,-8.93e-05,-3.04e-05,0.0,0.000164,0.0051151,False
ESP35,1994-11-29,3262.5,1994-12-05,3323.3,4,6,0.0625,0.0011604,-3.13e-05,-1.25e-05,0.0,-7.66e-05,-2.6e-05,0.0,0.001014,0.018636,False
ESP35,1994-12-29,3036.1001,1995-01-04,3107.2,4,6,0.0625,0.0014569,-3.13e-05,-1.25e-05,0.0,-7.66e-05,-2.6e-05,0.0,0.0013105,0.0234182,False
ESP35,1995-01-30,3038.2,1995-02-03,3131.8999,4,4,0.0625,0.0019101,-3.13e-05,-1.25e-05,0.0,-5.56e-05,-1.74e-05,0.0,0.0017935,0.0308406,False
ESP35,1995-02-27,3012.1001,1995-03-03,3056.3,4,4,0.0625,0.0009256,-3.13e-05,-1.25e-05,0.0,-5.56e-05,-1.74e-05,0.0,0.000809,0.0146741,False
ESP35,1995-03-30,2946.5,1995-04-05,3009.3999,4,6,0.0625,0.0013327,-3.13e-05,-1.25e-05,0.0,-8.85e-05,-2.6e-05,0.0,0.0011744,0.0213473,False
ESP35,1995-04-27,3075.8,1995-05-05,3191.3,4,8,0.0625,0.0023235,-3.13e-05,-1.25e-05,0.0,-0.0001181,-3.47e-05,0.0,0.0021269,0.0375512,False
ESP35,1995-05-30,3226.0,1995-06-05,3269.1001,4,6,0.0625,0.000832,-3.13e-05,-1.25e-05,0.0,-9.24e-05,-2.6e-05,0.0,0.0006697,0.0133602,False
ESP35,1995-06-29,3223.5,1995-07-05,3245.6001,4,6,0.0625,0.0004285,-3.13e-05,-1.25e-05,0.0,-9.64e-05,-2.6e-05,0.0,0.0002623,0.0068559,False
ESP35,1995-07-28,3359.2,1995-08-03,3453.7,4,6,0.0625,0.0017492,-3.13e-05,-1.25e-05,0.0,-9.64e-05,-2.6e-05,0.0,0.001583,0.0281317,False
ESP35,1995-08-30,3472.3999,1995-09-05,3455.5,4,6,0.0625,-0.0002996,-3.13e-05,-1.25e-05,0.0,-9.64e-05,-2.6e-05,0.0,-0.0004658,-0.0048669,False
ESP35,1995-09-28,3343.3999,1995-10-04,3340.6001,4,6,0.0625,-4.71e-05,-3.13e-05,-1.25e-05,0.0,-9.64e-05,-2.6e-05,0.0,-0.0002133,-0.0008374,False
ESP35,1995-10-30,3252.2,1995-11-06,3269.7,4,7,0.0625,0.000338,-3.13e-05,-1.25e-05,0.0,-0.0001124,-3.04e-05,0.0,0.0001515,0.005381,False
ESP35,1995-11-29,3504.6001,1995-12-05,3538.8,4,6,0.0625,0.0006104,-3.13e-05,-1.25e-05,0.0,-9.64e-05,-2.6e-05,0.0,0.0004443,0.0097586,False
ESP35,1995-12-28,3599.2,1996-01-04,3718.2,4,7,0.0625,0.0020448,-3.13e-05,-1.25e-05,0.0,-0.0001094,-3.04e-05,0.0,0.0018613,0.0330629,False
ESP35,1996-01-30,3707.1001,1996-02-05,3680.8,4,6,0.0625,-0.0004365,-3.13e-05,-1.25e-05,0.0,-9.11e-05,-2.6e-05,0.0,-0.0005975,-0.0070945,False
ESP35,1996-02-28,3909.8999,1996-03-05,3652.8,4,6,0.0625,-0.0041544,-3.13e-05,-1.25e-05,0.0,-9.11e-05,-2.6e-05,0.0,-0.0043153,-0.0657561,False
ESP35,1996-03-28,3830.2,1996-04-03,3894.8,4,6,0.0625,0.001048,-3.13e-05,-1.25e-05,0.0,-8.59e-05,-2.6e-05,0.0,0.0008923,0.016866,False
ESP35,1996-04-29,4112.2002,1996-05-07,4036.5,4,8,0.0625,-0.0011574,-3.13e-05,-1.25e-05,0.0,-0.0001076,-3.47e-05,0.0,-0.0013435,-0.0184087,False
ESP35,1996-05-30,4126.0,1996-06-05,4125.2002,4,6,0.0625,-9.2e-06,-3.13e-05,-1.25e-05,0.0,-7.77e-05,-2.6e-05,0.0,-0.0001567,-0.0001938,False
ESP35,1996-06-27,4233.1001,1996-07-03,4228.7002,4,6,0.0625,-6.08e-05,-3.13e-05,-1.25e-05,0.0,-7.55e-05,-2.6e-05,0.0,-0.0002062,-0.0010394,False
ESP35,1996-07-30,3932.3999,1996-08-05,4120.2002,4,6,0.0625,0.0029395,-3.13e-05,-1.25e-05,0.0,-7.55e-05,-2.6e-05,0.0,0.0027942,0.0477572,False
ESP35,1996-08-29,4046.2,1996-09-04,3966.2,4,6,0.0625,-0.0012427,-3.13e-05,-1.25e-05,0.0,-7.55e-05,-2.6e-05,0.0,-0.001388,-0.0197716,False
ESP35,1996-09-27,4195.1001,1996-10-03,4243.8999,4,6,0.0625,0.0007261,-3.13e-05,-1.25e-05,0.0,-7.55e-05,-2.6e-05,0.0,0.0005808,0.0116326,False
ESP35,1996-10-30,4308.7998,1996-11-06,4427.2998,4,7,0.0625,0.0017059,-3.13e-05,-1.25e-05,0.0,-8.2e-05,-3.04e-05,0.0,0.0015497,0.0275019,False
ESP35,1996-11-28,4616.7002,1996-12-04,4724.5,4,6,0.0625,0.0014559,-3.13e-05,-1.25e-05,0.0,-7.03e-05,-2.6e-05,0.0,0.0013158,0.02335,False
ESP35,1996-12-30,5145.0,1997-01-07,5161.6001,4,8,0.0625,0.0002425,-3.13e-05,-1.25e-05,0.0,-8.68e-05,-3.47e-05,0.0,7.72e-05,0.0032265,False
ESP35,1997-01-30,5256.7002,1997-02-05,5379.0,4,6,0.0625,0.0014516,-3.13e-05,-1.25e-05,0.0,-6.25e-05,-2.6e-05,0.0,0.0013193,0.0232655,False
ESP35,1997-02-27,5357.5,1997-03-05,5319.1001,4,6,0.0625,-0.0004408,-3.13e-05,-1.25e-05,0.0,-6.25e-05,-2.6e-05,0.0,-0.0005731,-0.0071675,False
ESP35,1997-03-26,5520.7002,1997-04-03,5279.8999,4,8,0.0625,-0.0027661,-3.13e-05,-1.25e-05,0.0,-7.99e-05,-3.47e-05,0.0,-0.0029244,-0.0436177,False
ESP35,1997-04-29,5838.2002,1997-05-07,6042.6001,4,8,0.0625,0.0021755,-3.13e-05,-1.25e-05,0.0,-7.64e-05,-3.47e-05,0.0,0.0020207,0.0350108,False
ESP35,1997-05-29,6416.5,1997-06-04,6411.3999,4,6,0.0625,-3.05e-05,-3.13e-05,-1.25e-05,0.0,-5.47e-05,-2.6e-05,0.0,-0.000155,-0.0007948,False
ESP35,1997-06-27,6939.3999,1997-07-03,7174.3999,4,6,0.0625,0.002102,-3.13e-05,-1.25e-05,0.0,-5.47e-05,-2.6e-05,0.0,0.0019776,0.0338646,False
ESP35,1997-07-30,6868.2998,1997-08-05,6664.3999,4,6,0.0625,-0.0018683,-3.13e-05,-1.25e-05,0.0,-5.47e-05,-2.6e-05,0.0,-0.0019928,-0.0296871,False
ESP35,1997-08-28,6556.7002,1997-09-03,6692.2998,4,6,0.0625,0.0012907,-3.13e-05,-1.25e-05,0.0,-5.47e-05,-2.6e-05,0.0,0.0011662,0.0206811,False
ESP35,1997-09-29,7219.5,1997-10-03,7239.1001,4,4,0.0625,0.0001772,-3.13e-05,-1.25e-05,0.0,-3.65e-05,-1.74e-05,0.0,7.96e-05,0.0027149,False
ESP35,1997-10-30,6463.3999,1997-11-05,6515.1001,4,6,0.0625,0.0005094,-3.13e-05,-1.25e-05,0.0,-5.21e-05,-2.6e-05,0.0,0.0003876,0.0079989,False
ESP35,1997-11-27,6919.6001,1997-12-03,7092.5,4,6,0.0625,0.0015703,-3.13e-05,-1.25e-05,0.0,-5.21e-05,-2.6e-05,0.0,0.0014484,0.024987,False
ESP35,1997-12-30,7335.1001,1998-01-07,7549.0,4,8,0.0625,0.0018346,-3.13e-05,-1.25e-05,0.0,-6.6e-05,-3.47e-05,0.0,0.0016901,0.0291611,False
ESP35,1998-01-29,7940.3999,1998-02-04,8166.5,4,6,0.0625,0.0017661,-3.13e-05,-1.25e-05,0.0,-4.95e-05,-2.6e-05,0.0,0.0016468,0.0284746,False
ESP35,1998-02-26,8783.2002,1998-03-04,8929.9004,4,6,0.0625,0.001074,-3.13e-05,-1.25e-05,0.0,-4.69e-05,-2.6e-05,0.0,0.0009573,0.0167024,False
ESP35,1998-03-30,10225.7002,1998-04-03,10572.2998,4,4,0.0625,0.0020977,-3.13e-05,-1.25e-05,0.0,-3.13e-05,-1.74e-05,0.0,0.0020053,0.033895,False
ESP35,1998-04-29,9678.0,1998-05-06,9963.0,4,7,0.0625,0.0018907,-3.13e-05,-1.25e-05,0.0,-5.43e-05,-3.04e-05,0.0,0.0017623,0.0294482,False
ESP35,1998-05-28,10059.9004,1998-06-04,10098.7998,4,7,0.0625,0.0002443,-3.13e-05,-1.25e-05,0.0,-5.16e-05,-3.04e-05,0.0,0.0001185,0.0038668,False
ESP35,1998-06-29,10242.7002,1998-07-03,10542.9004,4,4,0.0625,0.0018269,-3.13e-05,-1.25e-05,0.0,-2.95e-05,-1.74e-05,0.0,0.0017362,0.0293087,False
ESP35,1998-07-30,10568.7998,1998-08-05,10289.2998,4,6,0.0625,-0.0016573,-3.13e-05,-1.25e-05,0.0,-4.43e-05,-2.6e-05,0.0,-0.0017714,-0.0264458,False
ESP35,1998-08-28,8383.0,1998-09-03,8380.4004,4,6,0.0625,4.25e-05,-3.13e-05,-1.25e-05,0.0,-4.43e-05,-2.6e-05,0.0,-7.16e-05,-0.0003101,False
ESP35,1998-09-29,8066.1001,1998-10-05,7145.7998,4,6,0.0625,-0.0073462,-3.13e-05,-1.25e-05,0.0,-4.43e-05,-2.6e-05,0.0,-0.0074602,-0.1140948,False
ESP35,1998-10-29,8541.0996,1998-11-04,9131.2002,4,6,0.0625,0.0042377,-3.13e-05,-1.25e-05,0.0,-3.91e-05,-2.6e-05,0.0,0.0041289,0.0690895,False
ESP35,1998-11-27,9877.2998,1998-12-03,9329.7002,4,6,0.0625,-0.0035073,-3.13e-05,-1.25e-05,0.0,-3.65e-05,-2.6e-05,0.0,-0.0036136,-0.0554402,False
ESP35,1998-12-29,9940.7002,1999-01-07,10443.4004,4,9,0.0625,0.0032263,-3.13e-05,-1.25e-05,0.0,-4.69e-05,-3.91e-05,0.0,0.0030966,0.0505699,False
ESP35,1999-01-28,9832.2002,1999-02-03,9944.2002,4,6,0.0625,0.0007141,-3.13e-05,-1.25e-05,0.0,-3.13e-05,-2.6e-05,0.0,0.000613,0.0113911,False
ESP35,1999-02-25,10052.0996,1999-03-03,9707.5996,4,6,0.0625,-0.0021662,-3.13e-05,-1.25e-05,0.0,-3.13e-05,-2.6e-05,0.0,-0.0022673,-0.0342714,False
ESP35,1999-03-30,9677.0,1999-04-08,10100.5996,4,9,0.0625,0.0027044,-3.13e-05,-1.25e-05,0.0,-4.69e-05,-3.91e-05,0.0,0.0025747,0.0437739,False
ESP35,1999-04-29,10007.5996,1999-05-05,10012.0996,4,6,0.0625,3.42e-05,-3.13e-05,-1.25e-05,0.0,-2.6e-05,-2.6e-05,0.0,-6.17e-05,0.0004497,False
ESP35,1999-05-28,10030.5996,1999-06-03,10221.5,4,6,0.0625,0.0011861,-3.13e-05,-1.25e-05,0.0,-2.6e-05,-2.6e-05,0.0,0.0010902,0.0190318,False
ESP35,1999-06-29,10299.5996,1999-07-05,10555.5996,4,6,0.0625,0.0015503,-3.13e-05,-1.25e-05,0.0,-2.6e-05,-2.6e-05,0.0,0.0014544,0.0248553,False
ESP35,1999-07-29,9292.5996,1999-08-04,9436.2002,4,6,0.0625,0.0009624,-3.13e-05,-1.25e-05,0.0,-2.6e-05,-2.6e-05,0.0,0.0008666,0.0154532,False
ESP35,1999-08-30,10006.2002,1999-09-03,9943.0996,4,4,0.0625,-0.0003452,-3.13e-05,-1.25e-05,0.0,-1.74e-05,-1.74e-05,0.0,-0.0004236,-0.0063061,False
ESP35,1999-09-29,9552.5,1999-10-05,9656.2998,4,6,0.0625,0.0006822,-3.13e-05,-1.25e-05,0.0,-2.6e-05,-2.6e-05,0.0,0.0005864,0.0108662,False
ESP35,1999-10-28,9610.2998,1999-11-04,10113.4004,4,7,0.0625,0.0032109,-3.13e-05,-1.25e-05,0.0,-3.04e-05,-3.04e-05,0.0,0.0031064,0.0523501,False
ESP35,1999-11-29,10892.5,1999-12-03,11310.0,4,4,0.0625,0.0023629,-3.13e-05,-1.25e-05,0.0,-2.08e-05,-1.74e-05,0.0,0.0022809,0.0383291,False
ESP35,1999-12-29,11581.4004,2000-01-05,10863.0996,4,7,0.0625,-0.0039321,-3.13e-05,-1.25e-05,0.0,-3.65e-05,-3.04e-05,0.0,-0.0040427,-0.0620219,False
ESP35,2000-01-28,11009.2998,2000-02-03,11544.0996,4,6,0.0625,0.00302,-3.13e-05,-1.25e-05,0.0,-3.13e-05,-2.6e-05,0.0,0.002919,0.0485771,False
ESP35,2000-02-28,12467.0,2000-03-03,12745.0,4,4,0.0625,0.0013876,-3.13e-05,-1.25e-05,0.0,-2.26e-05,-1.74e-05,0.0,0.0013039,0.0222989,False
ESP35,2000-03-30,11833.4004,2000-04-05,11374.5996,4,6,0.0625,-0.0024427,-3.13e-05,-1.25e-05,0.0,-3.65e-05,-2.6e-05,0.0,-0.0025489,-0.0387717,False
ESP35,2000-04-27,11273.0,2000-05-04,11597.5,4,7,0.0625,0.00183,-3.13e-05,-1.25e-05,0.0,-4.51e-05,-3.04e-05,0.0,0.0017107,0.0287856,False
ESP35,2000-05-30,10648.5,2000-06-05,11004.2002,4,6,0.0625,0.0020867,-3.13e-05,-1.25e-05,0.0,-3.91e-05,-2.6e-05,0.0,0.0019778,0.0334038,False
ESP35,2000-06-29,10366.4004,2000-07-05,10757.5996,4,6,0.0625,0.0023412,-3.13e-05,-1.25e-05,0.0,-4.43e-05,-2.6e-05,0.0,0.0022271,0.0377372,False
ESP35,2000-07-28,10560.0,2000-08-03,10453.0,4,6,0.0625,-0.0006234,-3.13e-05,-1.25e-05,0.0,-4.43e-05,-2.6e-05,0.0,-0.0007375,-0.0101326,False
ESP35,2000-08-30,10869.5996,2000-09-05,11188.2002,4,6,0.0625,0.0018291,-3.13e-05,-1.25e-05,0.0,-4.6e-05,-2.6e-05,0.0,0.0017133,0.0293112,False
ESP35,2000-09-28,11023.0996,2000-10-04,11159.2998,4,6,0.0625,0.0007861,-3.13e-05,-1.25e-05,0.0,-4.69e-05,-2.6e-05,0.0,0.0006694,0.0123559,False
ESP35,2000-10-30,10307.2998,2000-11-06,10610.5,4,7,0.0625,0.0018205,-3.13e-05,-1.25e-05,0.0,-5.77e-05,-3.04e-05,0.0,0.0016887,0.0294161,False
ESP35,2000-11-29,9477.2998,2000-12-05,9461.0996,4,6,0.0625,6.7e-06,-3.13e-05,-1.25e-05,0.0,-4.95e-05,-2.6e-05,0.0,-0.0001126,-0.0017094,False
ESP35,2000-12-28,9075.5996,2001-01-04,9597.2002,4,7,0.0625,0.0035552,-3.13e-05,-1.25e-05,0.0,-5.77e-05,-3.04e-05,0.0,0.0034234,0.0574729,False
ESP35,2001-01-30,10036.2002,2001-02-05,9846.7002,4,6,0.0625,-0.001166,-3.13e-05,-1.25e-05,0.0,-4.95e-05,-2.6e-05,0.0,-0.0012853,-0.0188816,False
ESP35,2001-02-27,9554.0996,2001-03-05,9688.0996,4,6,0.0625,0.0008791,-3.13e-05,-1.25e-05,0.0,-4.95e-05,-2.6e-05,0.0,0.0007598,0.0140254,False
ESP35,2001-03-29,9222.7998,2001-04-04,9172.4004,4,6,0.0625,-0.000294,-3.13e-05,-1.25e-05,0.0,-4.95e-05,-2.6e-05,0.0,-0.0004133,-0.0054647,False
ESP35,2001-04-27,9634.5996,2001-05-04,9542.7002,4,7,0.0625,-0.0005813,-3.13e-05,-1.25e-05,0.0,-5.77e-05,-3.04e-05,0.0,-0.0007131,-0.0095385,False
ESP35,2001-05-30,9439.9004,2001-06-05,9601.7998,4,6,0.0625,0.0010774,-3.13e-05,-1.25e-05,0.0,-4.69e-05,-2.6e-05,0.0,0.0009608,0.0171505,False
ESP35,2001-06-28,8855.9004,2001-07-04,8885.0,4,6,0.0625,0.000228,-3.13e-05,-1.25e-05,0.0,-4.69e-05,-2.6e-05,0.0,0.0001113,0.0032859,False
ESP35,2001-07-30,8417.9004,2001-08-03,8564.7002,4,4,0.0625,0.0010868,-3.13e-05,-1.25e-05,0.0,-3.13e-05,-1.74e-05,0.0,0.0009944,0.017439,False
ESP35,2001-08-30,8232.0996,2001-09-05,8117.2998,4,6,0.0625,-0.0008383,-3.13e-05,-1.25e-05,0.0,-4.47e-05,-2.6e-05,0.0,-0.0009528,-0.0139454,False
ESP35,2001-09-27,7197.8999,2001-10-03,7245.0,4,6,0.0625,0.0004349,-3.13e-05,-1.25e-05,0.0,-3.91e-05,-2.6e-05,0.0,0.0003261,0.0065436,False
ESP35,2001-10-30,7562.5,2001-11-05,7926.0,4,6,0.0625,0.0029936,-3.13e-05,-1.25e-05,0.0,-3.91e-05,-2.6e-05,0.0,0.0028847,0.0480661,False
ESP35,2001-11-29,8272.9004,2001-12-05,8825.5,4,6,0.0625,0.0041074,-3.13e-05,-1.25e-05,0.0,-3.39e-05,-2.6e-05,0.0,0.0040038,0.0667964,False
ESP35,2001-12-27,8434.9004,2002-01-04,8463.0996,4,8,0.0625,0.0002269,-3.13e-05,-1.25e-05,0.0,-4.51e-05,-3.47e-05,0.0,0.0001032,0.0033432,False
ESP35,2002-01-30,8019.7002,2002-02-05,7852.7002,4,6,0.0625,-0.0012833,-3.13e-05,-1.25e-05,0.0,-3.39e-05,-2.6e-05,0.0,-0.0013869,-0.0208237,False
ESP35,2002-02-27,8101.3999,2002-03-05,8307.2002,4,6,0.0625,0.0015862,-3.13e-05,-1.25e-05,0.0,-3.39e-05,-2.6e-05,0.0,0.0014826,0.0254031,False
ESP35,2002-03-27,8158.0,2002-04-04,8164.7002,4,8,0.0625,5.92e-05,-3.13e-05,-1.25e-05,0.0,-4.51e-05,-3.47e-05,0.0,-6.44e-05,0.0008213,False
ESP35,2002-04-29,8146.2998,2002-05-06,7945.8999,4,7,0.0625,-0.0015483,-3.13e-05,-1.25e-05,0.0,-3.95e-05,-3.04e-05,0.0,-0.0016619,-0.0246001,False
ESP35,2002-05-30,7854.7998,2002-06-05,7619.1001,4,6,0.0625,-0.0018695,-3.13e-05,-1.25e-05,0.0,-3.39e-05,-2.6e-05,0.0,-0.0019731,-0.0300071,False
ESP35,2002-06-27,6695.7998,2002-07-03,6592.2002,4,6,0.0625,-0.0009101,-3.13e-05,-1.25e-05,0.0,-3.39e-05,-2.6e-05,0.0,-0.0010137,-0.0154723,False
ESP35,2002-07-30,6322.2998,2002-08-05,5963.2002,4,6,0.0625,-0.0036051,-3.13e-05,-1.25e-05,0.0,-3.39e-05,-2.6e-05,0.0,-0.0037087,-0.0567989,False
ESP35,2002-08-29,6370.8999,2002-09-04,6165.1001,4,6,0.0625,-0.0020103,-3.13e-05,-1.25e-05,0.0,-3.39e-05,-2.6e-05,0.0,-0.0021139,-0.0323031,False
ESP35,2002-09-27,5630.6001,2002-10-03,5551.7002,4,6,0.0625,-0.0007703,-3.13e-05,-1.25e-05,0.0,-3.39e-05,-2.6e-05,0.0,-0.0008739,-0.0140127,False
ESP35,2002-10-30,6038.1001,2002-11-06,6319.1001,4,7,0.0625,0.0028952,-3.13e-05,-1.25e-05,0.0,-3.95e-05,-3.04e-05,0.0,0.0027816,0.0465378,False
ESP35,2002-11-28,6704.1001,2002-12-04,6512.7998,4,6,0.0625,-0.0017873,-3.13e-05,-1.25e-05,0.0,-3.39e-05,-2.6e-05,0.0,-0.0018909,-0.0285348,False
ESP35,2002-12-27,6081.2998,2003-01-07,6349.2998,4,11,0.0625,0.0027597,-3.13e-05,-1.25e-05,0.0,-5.25e-05,-4.77e-05,0.0,0.0026157,0.0440695,False
ESP35,2003-01-30,6019.6001,2003-02-05,6002.6001,4,6,0.0625,-0.0001347,-3.13e-05,-1.25e-05,0.0,-2.86e-05,-2.6e-05,0.0,-0.0002332,-0.0028241,False
ESP35,2003-02-27,5887.7002,2003-03-05,5879.7998,4,6,0.0625,-5.85e-05,-3.13e-05,-1.25e-05,0.0,-2.86e-05,-2.6e-05,0.0,-0.0001569,-0.0013418,False
ESP35,2003-03-28,6029.2002,2003-04-03,6238.0,4,6,0.0625,0.0022014,-3.13e-05,-1.25e-05,0.0,-2.6e-05,-2.6e-05,0.0,0.0021056,0.0346314,False
ESP35,2003-04-29,6557.2002,2003-05-06,6568.7002,4,7,0.0625,0.000119,-3.13e-05,-1.25e-05,0.0,-3.04e-05,-3.04e-05,0.0,1.45e-05,0.0017538,False
ESP35,2003-05-29,6483.0,2003-06-04,6637.7002,4,6,0.0625,0.0014847,-3.13e-05,-1.25e-05,0.0,-2.6e-05,-2.6e-05,0.0,0.0013888,0.0238624,False
ESP35,2003-06-27,6970.1001,2003-07-03,6795.2998,4,6,0.0625,-0.0015631,-3.13e-05,-1.25e-05,0.0,-2.08e-05,-2.6e-05,0.0,-0.0016537,-0.0250786,False
ESP35,2003-07-30,6984.2998,2003-08-05,6991.2998,4,6,0.0625,7.22e-05,-3.13e-05,-1.25e-05,0.0,-2.08e-05,-2.6e-05,0.0,-1.84e-05,0.0010022,False
ESP35,2003-08-28,7175.1001,2003-09-03,7291.7002,4,6,0.0625,0.0010189,-3.13e-05,-1.25e-05,0.0,-2.08e-05,-2.6e-05,0.0,0.0009283,0.0162507,False
ESP35,2003-09-29,6772.0,2003-10-03,6922.2998,4,4,0.0625,0.001394,-3.13e-05,-1.25e-05,0.0,-1.39e-05,-1.74e-05,0.0,0.001319,0.0221943,False
ESP35,2003-10-30,7119.1001,2003-11-05,7196.1001,4,6,0.0625,0.0006771,-3.13e-05,-1.25e-05,0.0,-2.08e-05,-2.6e-05,0.0,0.0005865,0.010816,False
ESP35,2003-11-27,7249.8999,2003-12-03,7384.2998,4,6,0.0625,0.0011575,-3.13e-05,-1.25e-05,0.0,-2.08e-05,-2.6e-05,0.0,0.0010669,0.0185382,False
ESP35,2003-12-29,7760.3999,2004-01-07,7913.7002,4,9,0.0625,0.0012338,-3.13e-05,-1.25e-05,0.0,-3.13e-05,-3.91e-05,0.0,0.0011197,0.0197542,False
ESP35,2004-01-29,8013.1001,2004-02-04,7888.7998,4,6,0.0625,-0.0009708,-3.13e-05,-1.25e-05,0.0,-2.08e-05,-2.6e-05,0.0,-0.0010614,-0.0155121,False
ESP35,2004-02-26,8160.2002,2004-03-03,8280.4004,4,6,0.0625,0.0009225,-3.13e-05,-1.25e-05,0.0,-2.08e-05,-2.6e-05,0.0,0.0008319,0.0147301,False
ESP35,2004-03-30,8004.2002,2004-04-05,8285.9004,4,6,0.0625,0.002179,-3.13e-05,-1.25e-05,0.0,-2.08e-05,-2.6e-05,0.0,0.0020883,0.035194,False
ESP35,2004-04-29,8159.3999,2004-05-05,8235.7998,4,6,0.0625,0.0005889,-3.13e-05,-1.25e-05,0.0,-2.08e-05,-2.6e-05,0.0,0.0004983,0.0093634,False
ESP35,2004-05-28,7951.6001,2004-06-03,7901.8999,4,6,0.0625,-0.0003839,-3.13e-05,-1.25e-05,0.0,-2.08e-05,-2.6e-05,0.0,-0.0004745,-0.0062503,False
ESP35,2004-06-29,8131.2002,2004-07-05,8060.2998,4,6,0.0625,-0.0005445,-3.13e-05,-1.25e-05,0.0,-2.08e-05,-2.6e-05,0.0,-0.0006351,-0.0087195,False
ESP35,2004-07-29,7872.7998,2004-08-04,7812.2998,4,6,0.0625,-0.0004761,-3.13e-05,-1.25e-05,0.0,-2.08e-05,-2.6e-05,0.0,-0.0005667,-0.0076847,False
ESP35,2004-08-30,7881.7002,2004-09-03,8061.1001,4,4,0.0625,0.001413,-3.13e-05,-1.25e-05,0.0,-1.39e-05,-1.74e-05,0.0,0.001338,0.0227616,False
ESP35,2004-09-29,8048.0,2004-10-05,8305.2998,4,6,0.0625,0.0019878,-3.13e-05,-1.25e-05,0.0,-2.08e-05,-2.6e-05,0.0,0.0018972,0.0319707,False
ESP35,2004-10-28,8435.4004,2004-11-04,8533.7998,4,7,0.0625,0.0007285,-3.13e-05,-1.25e-05,0.0,-2.43e-05,-3.04e-05,0.0,0.0006301,0.0116651,False
ESP35,2004-11-29,8715.5,2004-12-03,8787.9004,4,4,0.0625,0.0005207,-3.13e-05,-1.25e-05,0.0,-1.39e-05,-1.74e-05,0.0,0.0004457,0.0083071,False
ESP35,2004-12-29,9100.7002,2005-01-05,9024.4004,4,7,0.0625,-0.0005219,-3.13e-05,-1.25e-05,0.0,-2.43e-05,-3.04e-05,0.0,-0.0006203,-0.0083839,False
ESP35,2005-01-28,9139.4004,2005-02-03,9310.4004,4,6,0.0625,0.0011626,-3.13e-05,-1.25e-05,0.0,-2.08e-05,-2.6e-05,0.0,0.0010719,0.0187102,False
ESP35,2005-02-25,9439.7002,2005-03-03,9418.7998,4,6,0.0625,-0.0001349,-3.13e-05,-1.25e-05,0.0,-2.08e-05,-2.6e-05,0.0,-0.0002255,-0.0022141,False
ESP35,2005-03-30,9280.0996,2005-04-05,9298.0996,4,6,0.0625,0.0001273,-3.13e-05,-1.25e-05,0.0,-2.08e-05,-2.6e-05,0.0,3.66e-05,0.0019396,False
ESP35,2005-04-28,8985.4004,2005-05-04,9195.7002,4,6,0.0625,0.0014525,-3.13e-05,-1.25e-05,0.0,-2.08e-05,-2.6e-05,0.0,0.0013619,0.0234046,False
ESP35,2005-05-30,9466.7998,2005-06-03,9497.7002,4,4,0.0625,0.0002102,-3.13e-05,-1.25e-05,0.0,-1.39e-05,-1.74e-05,0.0,0.0001352,0.0032641,False
ESP35,2005-06-29,9769.2002,2005-07-05,9807.4004,4,6,0.0625,0.0002447,-3.13e-05,-1.25e-05,0.0,-2.08e-05,-2.6e-05,0.0,0.0001541,0.0039103,False
ESP35,2005-07-28,10128.7998,2005-08-03,10149.7002,4,6,0.0625,0.0001306,-3.13e-05,-1.25e-05,0.0,-2.08e-05,-2.6e-05,0.0,3.99e-05,0.0020635,False
ESP35,2005-08-30,9922.2998,2005-09-05,10250.9004,4,6,0.0625,0.0020469,-3.13e-05,-1.25e-05,0.0,-2.08e-05,-2.6e-05,0.0,0.0019563,0.0331174,False
ESP35,2005-09-29,10780.5996,2005-10-05,10823.0996,4,6,0.0625,0.0002502,-3.13e-05,-1.25e-05,0.0,-2.08e-05,-2.6e-05,0.0,0.0001596,0.0039423,False
ESP35,2005-10-28,10339.5,2005-11-03,10476.9004,4,6,0.0625,0.000834,-3.13e-05,-1.25e-05,0.0,-2.08e-05,-2.6e-05,0.0,0.0007434,0.0132889,False
ESP35,2005-11-29,10620.0996,2005-12-05,10532.0996,4,6,0.0625,-0.0005108,-3.13e-05,-1.25e-05,0.0,-2.08e-05,-2.6e-05,0.0,-0.0006014,-0.0082862,False
ESP35,2005-12-29,10778.0996,2006-01-04,10895.7998,4,6,0.0625,0.000682,-3.13e-05,-1.25e-05,0.0,-2.34e-05,-2.6e-05,0.0,0.0005887,0.0109203,False
ESP35,2006-01-30,11038.0,2006-02-03,11175.7998,4,4,0.0625,0.0007822,-3.13e-05,-1.25e-05,0.0,-1.56e-05,-1.74e-05,0.0,0.0007055,0.0124841,False
ESP35,2006-02-27,11832.7998,2006-03-03,11755.7002,4,4,0.0625,-0.0003983,-3.13e-05,-1.25e-05,0.0,-1.56e-05,-1.74e-05,0.0,-0.000475,-0.0065158,False
ESP35,2006-03-30,11869.7998,2006-04-05,11916.4004,4,6,0.0625,0.0002462,-3.13e-05,-1.25e-05,0.0,-2.6e-05,-2.6e-05,0.0,0.0001503,0.003926,False
ESP35,2006-04-27,11891.2998,2006-05-04,11928.5,4,7,0.0625,0.0001967,-3.13e-05,-1.25e-05,0.0,-3.04e-05,-3.04e-05,0.0,9.22e-05,0.0031284,False
ESP35,2006-05-30,11165.5996,2006-06-05,11287.7998,4,6,0.0625,0.0006892,-3.13e-05,-1.25e-05,0.0,-2.6e-05,-2.6e-05,0.0,0.0005934,0.0109443,False
ESP35,2006-06-29,11386.5996,2006-07-05,11521.2002,4,6,0.0625,0.0007426,-3.13e-05,-1.25e-05,0.0,-2.86e-05,-2.6e-05,0.0,0.0006442,0.011821,False
ESP35,2006-07-28,11887.4004,2006-08-03,11800.7002,4,6,0.0625,-0.0004473,-3.13e-05,-1.25e-05,0.0,-2.86e-05,-2.6e-05,0.0,-0.0005457,-0.0072935,False
ESP35,2006-08-30,12171.9004,2006-09-05,12212.4004,4,6,0.0625,0.0002107,-3.13e-05,-1.25e-05,0.0,-3.13e-05,-2.6e-05,0.0,0.0001097,0.0033273,False
ESP35,2006-09-28,12930.2002,2006-10-04,12982.5996,4,6,0.0625,0.0002562,-3.13e-05,-1.25e-05,0.0,-3.13e-05,-2.6e-05,0.0,0.0001552,0.0040525,False
ESP35,2006-10-30,13713.2002,2006-11-03,13794.7002,4,4,0.0625,0.0003721,-3.13e-05,-1.25e-05,0.0,-2.26e-05,-1.74e-05,0.0,0.0002884,0.0059432,False
ESP35,2006-11-29,13978.0,2006-12-05,14032.5,4,6,0.0625,0.0002631,-3.13e-05,-1.25e-05,0.0,-3.39e-05,-2.6e-05,0.0,0.0001594,0.003899,False
ESP35,2006-12-28,14160.7998,2007-01-04,14382.4004,4,7,0.0625,0.0009779,-3.13e-05,-1.25e-05,0.0,-4.25e-05,-3.04e-05,0.0,0.0008612,0.0156489,False
ESP35,2007-01-30,14553.4004,2007-02-05,14616.7002,4,6,0.0625,0.0002719,-3.13e-05,-1.25e-05,0.0,-3.65e-05,-2.6e-05,0.0,0.0001656,0.0043495,False
ESP35,2007-02-27,14408.2998,2007-03-05,13749.0996,4,6,0.0625,-0.0029088,-3.13e-05,-1.25e-05,0.0,-3.65e-05,-2.6e-05,0.0,-0.0030151,-0.0457514,False
ESP35,2007-03-29,14605.2998,2007-04-04,14943.0996,4,6,0.0625,0.0014375,-3.13e-05,-1.25e-05,0.0,-3.91e-05,-2.6e-05,0.0,0.0013286,0.0231286,False
ESP35,2007-04-27,14403.5996,2007-05-04,14620.2998,4,7,0.0625,0.0009413,-3.13e-05,-1.25e-05,0.0,-4.56e-05,-3.04e-05,0.0,0.0008216,0.0150449,False
ESP35,2007-05-30,15137.2998,2007-06-05,15314.9004,4,6,0.0625,0.0007402,-3.13e-05,-1.25e-05,0.0,-3.91e-05,-2.6e-05,0.0,0.0006314,0.0117326,False
ESP35,2007-06-28,14819.9004,2007-07-04,14989.7002,4,6,0.0625,0.0007165,-3.13e-05,-1.25e-05,0.0,-4.17e-05,-2.6e-05,0.0,0.000605,0.0114576,False
ESP35,2007-07-30,14507.9004,2007-08-03,14534.2998,4,4,0.0625,0.0001365,-3.13e-05,-1.25e-05,0.0,-2.78e-05,-1.74e-05,0.0,4.76e-05,0.0018197,False
ESP35,2007-08-30,14313.4004,2007-09-05,14240.0996,4,6,0.0625,-0.0002975,-3.13e-05,-1.25e-05,0.0,-4.17e-05,-2.6e-05,0.0,-0.0004089,-0.0051211,False
ESP35,2007-09-27,14581.5996,2007-10-03,14783.7998,4,6,0.0625,0.0008659,-3.13e-05,-1.25e-05,0.0,-4.17e-05,-2.6e-05,0.0,0.0007545,0.0138668,False
ESP35,2007-10-30,15782.5,2007-11-05,15825.9004,4,6,0.0625,0.0001757,-3.13e-05,-1.25e-05,0.0,-4.17e-05,-2.6e-05,0.0,6.43e-05,0.0027499,False
ESP35,2007-11-29,15656.5996,2007-12-05,15802.2002,4,6,0.0625,0.0005812,-3.13e-05,-1.25e-05,0.0,-4.17e-05,-2.6e-05,0.0,0.0004697,0.0092996,False
ESP35,2007-12-27,15256.2002,2008-01-04,14602.2998,4,8,0.0625,-0.0027205,-3.13e-05,-1.25e-05,0.0,-5.56e-05,-3.47e-05,0.0,-0.0028546,-0.0428613,False
ESP35,2008-01-30,13217.0996,2008-02-05,12814.7002,4,6,0.0625,-0.0018328,-3.13e-05,-1.25e-05,0.0,-4.17e-05,-2.6e-05,0.0,-0.0019442,-0.0304454,False
ESP35,2008-02-28,13272.0996,2008-03-05,12948.0996,4,6,0.0625,-0.0014957,-3.13e-05,-1.25e-05,0.0,-4.17e-05,-2.6e-05,0.0,-0.0016071,-0.0244121,False
ESP35,2008-03-28,13442.4004,2008-04-03,13738.9004,4,6,0.0625,0.0014058,-3.13e-05,-1.25e-05,0.0,-4.17e-05,-2.6e-05,0.0,0.0012944,0.0220571,False
ESP35,2008-04-29,13707.2002,2008-05-06,14005.7998,4,7,0.0625,0.0013601,-3.13e-05,-1.25e-05,0.0,-4.86e-05,-3.04e-05,0.0,0.0012374,0.0217841,False
ESP35,2008-05-29,13539.5,2008-06-04,13341.2002,4,6,0.0625,-0.0009015,-3.13e-05,-1.25e-05,0.0,-4.17e-05,-2.6e-05,0.0,-0.001013,-0.014646,False
ESP35,2008-06-27,12089.7998,2008-07-03,11980.0996,4,6,0.0625,-0.0005477,-3.13e-05,-1.25e-05,0.0,-4.17e-05,-2.6e-05,0.0,-0.0006592,-0.0090738,False
ESP35,2008-07-30,11817.9004,2008-08-05,11751.4004,4,6,0.0625,-0.0003048,-3.13e-05,-1.25e-05,0.0,-4.43e-05,-2.6e-05,0.0,-0.0004188,-0.0056271,False
ESP35,2008-08-28,11662.5996,2008-09-03,11849.0996,4,6,0.0625,0.0010027,-3.13e-05,-1.25e-05,0.0,-4.43e-05,-2.6e-05,0.0,0.0008886,0.0159913,False
ESP35,2008-09-29,10945.7002,2008-10-03,11418.5,4,4,0.0625,0.002705,-3.13e-05,-1.25e-05,0.0,-2.95e-05,-1.74e-05,0.0,0.0026144,0.043195,False
ESP35,2008-10-30,8822.9004,2008-11-05,9744.7002,4,6,0.0625,0.0063364,-3.13e-05,-1.25e-05,0.0,-3.91e-05,-2.6e-05,0.0,0.0062276,0.1044781,False
ESP35,2008-11-27,8849.2998,2008-12-03,8879.9004,4,6,0.0625,0.0003272,-3.13e-05,-1.25e-05,0.0,-3.39e-05,-2.6e-05,0.0,0.0002236,0.003458,False
ESP35,2008-12-29,9017.7002,2009-01-06,9724.0,4,8,0.0625,0.0047662,-3.13e-05,-1.25e-05,0.0,-3.47e-05,-3.47e-05,0.0,0.004653,0.0783237,False
ESP35,2009-01-29,8477.4004,2009-02-04,8495.4004,4,6,0.0625,0.0001693,-3.13e-05,-1.25e-05,0.0,-2.08e-05,-2.6e-05,0.0,7.86e-05,0.0021233,False
ESP35,2009-02-26,7811.7002,2009-03-04,7357.5,4,6,0.0625,-0.0036439,-3.13e-05,-1.25e-05,0.0,-2.08e-05,-2.6e-05,0.0,-0.0037346,-0.0581436,False
ESP35,2009-03-30,7601.1001,2009-04-03,8319.9004,4,4,0.0625,0.0057493,-3.13e-05,-1.25e-05,0.0,-1.04e-05,-1.74e-05,0.0,0.0056777,0.0945653,False
ESP35,2009-04-29,8891.2998,2009-05-06,9229.0,4,7,0.0625,0.0023434,-3.13e-05,-1.25e-05,0.0,-1.52e-05,-3.04e-05,0.0,0.0022541,0.037981,False
ESP35,2009-05-28,9435.5,2009-06-03,9464.7998,4,6,0.0625,0.0002226,-3.13e-05,-1.25e-05,0.0,-1.04e-05,-2.6e-05,0.0,0.0001424,0.0031053,False
ESP35,2009-06-29,9845.7002,2009-07-03,9707.7998,4,4,0.0625,-0.0008528,-3.13e-05,-1.25e-05,0.0,-6.9e-06,-1.74e-05,0.0,-0.0009209,-0.0140062,False
ESP35,2009-07-30,10874.4004,2009-08-05,10704.4004,4,6,0.0625,-0.000976,-3.13e-05,-1.25e-05,0.0,-1.04e-05,-2.6e-05,0.0,-0.0010562,-0.015633,False
ESP35,2009-08-28,11442.7002,2009-09-03,11018.0996,4,6,0.0625,-0.0023451,-3.13e-05,-1.25e-05,0.0,-1.04e-05,-2.6e-05,0.0,-0.0024253,-0.0371067,False
ESP35,2009-09-29,11853.7002,2009-10-05,11557.0,4,6,0.0625,-0.0015477,-3.13e-05,-1.25e-05,0.0,-1.04e-05,-2.6e-05,0.0,-0.0016279,-0.0250302,False
ESP35,2009-10-29,11683.4004,2009-11-04,11387.7002,4,6,0.0625,-0.0015676,-3.13e-05,-1.25e-05,0.0,-1.04e-05,-2.6e-05,0.0,-0.0016478,-0.0253094,False
ESP35,2009-11-27,11776.7998,2009-12-03,11905.2998,4,6,0.0625,0.0006933,-3.13e-05,-1.25e-05,0.0,-1.04e-05,-2.6e-05,0.0,0.0006131,0.0109113,False
ESP35,2009-12-29,12035.0996,2010-01-06,12222.5,4,8,0.0625,0.0009776,-3.13e-05,-1.25e-05,0.0,-1.39e-05,-3.47e-05,0.0,0.0008852,0.0155712,False
ESP35,2010-01-28,10829.2998,2010-02-03,10888.4004,4,6,0.0625,0.0003662,-3.13e-05,-1.25e-05,0.0,-1.04e-05,-2.6e-05,0.0,0.000286,0.0054575,False
ESP35,2010-02-25,10126.2002,2010-03-03,10664.5,4,6,0.0625,0.0032609,-3.13e-05,-1.25e-05,0.0,-1.04e-05,-2.6e-05,0.0,0.0031807,0.0531591,False
ESP35,2010-03-30,10980.7002,2010-04-07,11191.2998,4,8,0.0625,0.001203,-3.13e-05,-1.25e-05,0.0,-1.39e-05,-3.47e-05,0.0,0.0011106,0.0191791,False
ESP35,2010-04-29,10441.0,2010-05-05,9635.2002,4,6,0.0625,-0.0049065,-3.13e-05,-1.25e-05,0.0,-1.04e-05,-2.6e-05,0.0,-0.0049867,-0.0771765,False
ESP35,2010-05-28,9425.5,2010-06-03,9276.2002,4,6,0.0625,-0.0009947,-3.13e-05,-1.25e-05,0.0,-1.04e-05,-2.6e-05,0.0,-0.0010749,-0.01584,False
ESP35,2010-06-29,9160.4004,2010-07-05,9281.5,4,6,0.0625,0.0008297,-3.13e-05,-1.25e-05,0.0,-1.04e-05,-2.6e-05,0.0,0.0007495,0.0132199,False
ESP35,2010-07-29,10659.5,2010-08-04,10843.2998,4,6,0.0625,0.0011074,-3.13e-05,-1.25e-05,0.0,-1.04e-05,-2.6e-05,0.0,0.0010272,0.0172428,False
ESP35,2010-08-30,10136.0,2010-09-03,10599.4004,4,4,0.0625,0.0028335,-3.13e-05,-1.25e-05,0.0,-6.9e-06,-1.74e-05,0.0,0.0027655,0.0457183,False
ESP35,2010-09-29,10486.7998,2010-10-05,10651.2002,4,6,0.0625,0.0009954,-3.13e-05,-1.25e-05,0.0,-1.04e-05,-2.6e-05,0.0,0.0009152,0.0156769,False
ESP35,2010-10-28,10753.5,2010-11-03,10569.5,4,6,0.0625,-0.0010569,-3.13e-05,-1.25e-05,0.0,-1.04e-05,-2.6e-05,0.0,-0.0011371,-0.0171107,False
ESP35,2010-11-29,9324.7002,2010-12-03,10014.7998,4,4,0.0625,0.0045484,-3.13e-05,-1.25e-05,0.0,-6.9e-06,-1.74e-05,0.0,0.0044804,0.0740077,False
ESP35,2010-12-29,9981.5,2011-01-05,9801.4004,4,7,0.0625,-0.0011306,-3.13e-05,-1.25e-05,0.0,-1.22e-05,-3.04e-05,0.0,-0.0012168,-0.0180433,False
ESP35,2011-01-28,10747.0,2011-02-03,10860.7002,4,6,0.0625,0.0006719,-3.13e-05,-1.25e-05,0.0,-1.04e-05,-2.6e-05,0.0,0.0005917,0.0105797,False
ESP35,2011-02-25,10822.7002,2011-03-03,10566.9004,4,6,0.0625,-0.0014872,-3.13e-05,-1.25e-05,0.0,-1.04e-05,-2.6e-05,0.0,-0.0015674,-0.0236355,False
ESP35,2011-03-30,10732.2998,2011-04-05,10678.5996,4,6,0.0625,-0.0002985,-3.13e-05,-1.25e-05,0.0,-1.04e-05,-2.6e-05,0.0,-0.0003787,-0.0050036,False
ESP35,2011-04-28,10867.7998,2011-05-04,10712.5996,4,6,0.0625,-0.0008948,-3.13e-05,-1.25e-05,0.0,-1.3e-05,-2.6e-05,0.0,-0.0009776,-0.0142807,False
ESP35,2011-05-30,10257.5996,2011-06-03,10285.7002,4,4,0.0625,0.0001923,-3.13e-05,-1.25e-05,0.0,-8.7e-06,-1.74e-05,0.0,0.0001225,0.0027395,False
ESP35,2011-06-29,10143.5996,2011-07-05,10330.0996,4,6,0.0625,0.0011634,-3.13e-05,-1.25e-05,0.0,-1.3e-05,-2.6e-05,0.0,0.0010806,0.018386,False
ESP35,2011-07-28,9657.0,2011-08-03,9037.7002,4,6,0.0625,-0.0040912,-3.13e-05,-1.25e-05,0.0,-1.56e-05,-2.6e-05,0.0,-0.0041766,-0.0641296,False
ESP35,2011-08-30,8444.7998,2011-09-05,8066.5,4,6,0.0625,-0.0027237,-3.13e-05,-1.25e-05,0.0,-1.56e-05,-2.6e-05,0.0,-0.0028091,-0.0447968,False
ESP35,2011-09-29,8592.5,2011-10-05,8477.2998,4,6,0.0625,-0.0007904,-3.13e-05,-1.25e-05,0.0,-1.56e-05,-2.6e-05,0.0,-0.0008758,-0.0134071,False
ESP35,2011-10-28,9224.4004,2011-11-03,8712.5996,4,6,0.0625,-0.0034759,-3.13e-05,-1.25e-05,0.0,-1.56e-05,-2.6e-05,0.0,-0.0035613,-0.0554834,False
ESP35,2011-11-29,8128.0,2011-12-05,8705.7998,4,6,0.0625,0.0043575,-3.13e-05,-1.25e-05,0.0,-1.3e-05,-2.6e-05,0.0,0.0042747,0.0710876,False
ESP35,2011-12-29,8487.9004,2012-01-05,8329.5996,4,7,0.0625,-0.0011255,-3.13e-05,-1.25e-05,0.0,-1.22e-05,-3.04e-05,0.0,-0.0012117,-0.0186502,False
ESP35,2012-01-30,8517.0,2012-02-03,8861.2002,4,4,0.0625,0.0024966,-3.13e-05,-1.25e-05,0.0,-6.9e-06,-1.74e-05,0.0,0.0024286,0.0404133,False
ESP35,2012-02-28,8526.7002,2012-03-05,8453.5,4,6,0.0625,-0.0005291,-3.13e-05,-1.25e-05,0.0,-1.04e-05,-2.6e-05,0.0,-0.0006093,-0.0085848,False
ESP35,2012-03-29,7911.0,2012-04-04,7660.7002,4,6,0.0625,-0.0019668,-3.13e-05,-1.25e-05,0.0,-1.04e-05,-2.6e-05,0.0,-0.002047,-0.0316395,False
ESP35,2012-04-27,7145.7998,2012-05-04,6876.0,4,7,0.0625,-0.0023728,-3.13e-05,-1.25e-05,0.0,-1.22e-05,-3.04e-05,0.0,-0.0024591,-0.0377564,False
ESP35,2012-05-30,6090.3999,2012-06-05,6267.7998,4,6,0.0625,0.001821,-3.13e-05,-1.25e-05,0.0,-1.04e-05,-2.6e-05,0.0,0.0017408,0.0291278,False
ESP35,2012-06-28,6721.7002,2012-07-04,7168.5,4,6,0.0625,0.0041261,-3.13e-05,-1.25e-05,0.0,-1.04e-05,-2.6e-05,0.0,0.0040459,0.0664712,False
ESP35,2012-07-30,6801.7998,2012-08-03,6755.7002,4,4,0.0625,-0.0002278,-3.13e-05,-1.25e-05,0.0,-5.2e-06,-1.74e-05,0.0,-0.0002941,-0.0067776,False
ESP35,2012-08-30,7195.0,2012-09-05,7494.0,4,6,0.0625,0.0025766,-3.13e-05,-1.25e-05,0.0,-7.8e-06,-2.6e-05,0.0,0.002499,0.0415566,False
ESP35,2012-09-27,7842.2998,2012-10-03,7826.7002,4,6,0.0625,-0.0001079,-3.13e-05,-1.25e-05,0.0,-7.8e-06,-2.6e-05,0.0,-0.0001855,-0.0019892,False
ESP35,2012-10-30,7833.8999,2012-11-05,7818.6001,4,6,0.0625,-0.0001065,-3.13e-05,-1.25e-05,0.0,-7.8e-06,-2.6e-05,0.0,-0.0001841,-0.001953,False
ESP35,2012-11-29,7973.7002,2012-12-05,7883.2002,4,6,0.0625,-0.0007114,-3.13e-05,-1.25e-05,0.0,-7.8e-06,-2.6e-05,0.0,-0.000789,-0.0113498,False
ESP35,2012-12-28,8131.0,2013-01-04,8435.7998,4,7,0.0625,0.0023379,-3.13e-05,-1.25e-05,0.0,-9.1e-06,-3.04e-05,0.0,0.0022547,0.0374861,False
ESP35,2013-01-30,8571.9004,2013-02-05,8093.6001,4,6,0.0625,-0.0035012,-3.13e-05,-1.25e-05,0.0,-7.8e-06,-2.6e-05,0.0,-0.0035788,-0.0557986,False
ESP35,2013-02-27,8136.7002,2013-03-05,8423.2998,4,6,0.0625,0.0021843,-3.13e-05,-1.25e-05,0.0,-7.8e-06,-2.6e-05,0.0,0.0021067,0.0352231,False
ESP35,2013-03-27,7900.3999,2013-04-04,7847.8999,4,8,0.0625,-0.0003961,-3.13e-05,-1.25e-05,0.0,-1.04e-05,-3.47e-05,0.0,-0.000485,-0.0066452,False
ESP35,2013-04-29,8450.9004,2013-05-06,8503.7998,4,7,0.0625,0.0003996,-3.13e-05,-1.25e-05,0.0,-9.1e-06,-3.04e-05,0.0,0.0003164,0.0062596,False
ESP35,2013-05-30,8433.5,2013-06-05,8290.7002,4,6,0.0625,-0.001056,-3.13e-05,-1.25e-05,0.0,-5.2e-06,-2.6e-05,0.0,-0.001131,-0.0169324,False
ESP35,2013-06-27,7844.3999,2013-07-03,7763.7998,4,6,0.0625,-0.0006235,-3.13e-05,-1.25e-05,0.0,-5.2e-06,-2.6e-05,0.0,-0.0006985,-0.0102749,False
ESP35,2013-07-30,8456.5,2013-08-05,8560.7998,4,6,0.0625,0.0007719,-3.13e-05,-1.25e-05,0.0,-5.2e-06,-2.6e-05,0.0,0.0006969,0.0123337,False
ESP35,2013-08-29,8432.0996,2013-09-04,8490.2998,4,6,0.0625,0.0004485,-3.13e-05,-1.25e-05,0.0,-5.2e-06,-2.6e-05,0.0,0.0003735,0.0069022,False
ESP35,2013-09-27,9228.4004,2013-10-03,9295.7002,4,6,0.0625,0.0004647,-3.13e-05,-1.25e-05,0.0,-5.2e-06,-2.6e-05,0.0,0.0003897,0.0072927,False
ESP35,2013-10-30,9778.7002,2013-11-05,9795.7002,4,6,0.0625,0.0001179,-3.13e-05,-1.25e-05,0.0,-5.2e-06,-2.6e-05,0.0,4.29e-05,0.0017385,False
ESP35,2013-11-28,9859.7998,2013-12-04,9540.5,4,6,0.0625,-0.0020466,-3.13e-05,-1.25e-05,0.0,-2.6e-06,-2.6e-05,0.0,-0.002119,-0.032384,False
ESP35,2013-12-30,9901.9004,2014-01-06,9888.5,4,7,0.0625,-7.36e-05,-3.13e-05,-1.25e-05,0.0,-3e-06,-3.04e-05,0.0,-0.0001508,-0.0013533,False
ESP35,2014-01-30,9964.5,2014-02-05,9775.0,4,6,0.0625,-0.0011868,-3.13e-05,-1.25e-05,0.0,-2.6e-06,-2.6e-05,0.0,-0.0012592,-0.0190175,False
ESP35,2014-02-27,10164.0996,2014-03-05,10215.2002,4,6,0.0625,0.0003531,-3.13e-05,-1.25e-05,0.0,-2.6e-06,-2.6e-05,0.0,0.0002807,0.0050276,False
ESP35,2014-03-28,10328.9004,2014-04-03,10584.0996,4,6,0.0625,0.0015363,-3.13e-05,-1.25e-05,0.0,-2.6e-06,-2.6e-05,0.0,0.0014639,0.0247073,False
ESP35,2014-04-29,10461.0,2014-05-06,10481.4004,4,7,0.0625,0.0001218,-3.13e-05,-1.25e-05,0.0,-3e-06,-3.04e-05,0.0,4.47e-05,0.0019501,False
ESP35,2014-05-29,10734.7998,2014-06-04,10755.5996,4,6,0.0625,0.0001231,-3.13e-05,-1.25e-05,0.0,-2.6e-06,-2.6e-05,0.0,5.07e-05,0.0019376,False
ESP35,2014-06-27,10959.9004,2014-07-03,11090.0,4,6,0.0625,0.0007411,-3.13e-05,-1.25e-05,0.0,-1.6e-06,-2.6e-05,0.0,0.0006698,0.0118705,False
ESP35,2014-07-30,10937.4004,2014-08-05,10353.7998,4,6,0.0625,-0.0033969,-3.13e-05,-1.25e-05,0.0,-1.6e-06,-2.6e-05,0.0,-0.0034683,-0.0533583,False
ESP35,2014-08-28,10722.2002,2014-09-03,10886.7998,4,6,0.0625,0.0009569,-3.13e-05,-1.25e-05,0.0,-1.6e-06,-2.6e-05,0.0,0.0008856,0.0153513,False
ESP35,2014-09-29,10686.0,2014-10-03,10567.5996,4,4,0.0625,-0.0006523,-3.13e-05,-1.25e-05,0.0,-3e-07,-1.74e-05,0.0,-0.0007138,-0.01108,False
ESP35,2014-10-30,10263.7002,2014-11-05,10276.9004,4,6,0.0625,0.0001156,-3.13e-05,-1.25e-05,0.0,-5e-07,-2.6e-05,0.0,4.53e-05,0.0012861,False
ESP35,2014-11-27,10727.5996,2014-12-03,10875.9004,4,6,0.0625,0.0008671,-3.13e-05,-1.25e-05,0.0,-5e-07,-2.6e-05,0.0,0.0007968,0.0138242,False
ESP35,2014-12-30,10279.2002,2015-01-06,9871.0996,4,7,0.0625,-0.0024876,-3.13e-05,-1.25e-05,0.0,-6e-07,-3.04e-05,0.0,-0.0025623,-0.0397016,False
ESP35,2015-01-29,10507.5996,2015-02-04,10577.7998,4,6,0.0625,0.000442,-3.13e-05,-1.25e-05,0.0,-5e-07,-2.6e-05,0.0,0.0003717,0.0066809,False
ESP35,2015-02-26,11139.5,2015-03-04,11051.2998,4,6,0.0625,-0.0004893,-3.13e-05,-1.25e-05,0.0,-5e-07,-2.6e-05,0.0,-0.0005596,-0.0079178,False
ESP35,2015-03-30,11529.0996,2015-04-07,11730.5,4,8,0.0625,0.001086,-3.13e-05,-1.25e-05,0.0,-7e-07,-3.47e-05,0.0,0.0010069,0.0174689,False
ESP35,2015-04-29,11378.9004,2015-05-06,11163.5996,4,7,0.0625,-0.0011689,-3.13e-05,-1.25e-05,0.0,-6e-07,-3.04e-05,0.0,-0.0012436,-0.0189211,False
ESP35,2015-05-28,11382.7998,2015-06-03,11267.5996,4,6,0.0625,-0.0006287,-3.13e-05,-1.25e-05,0.0,-5e-07,-2.6e-05,0.0,-0.000699,-0.0101206,False
ESP35,2015-06-29,10853.9004,2015-07-03,10779.7998,4,4,0.0625,-0.0004186,-3.13e-05,-1.25e-05,0.0,-3e-07,-1.74e-05,0.0,-0.00048,-0.0068271,False
ESP35,2015-07-30,11168.5996,2015-08-05,11279.5,4,6,0.0625,0.0006268,-3.13e-05,-1.25e-05,0.0,-5e-07,-2.6e-05,0.0,0.0005565,0.0099297,False
ESP35,2015-08-28,10352.9004,2015-09-03,10042.4004,4,6,0.0625,-0.0018748,-3.13e-05,-1.25e-05,0.0,-5e-07,-2.6e-05,0.0,-0.0019451,-0.0299916,False
ESP35,2015-09-29,9393.9004,2015-10-05,9971.2998,4,6,0.0625,0.0037829,-3.13e-05,-1.25e-05,0.0,-5e-07,-2.6e-05,0.0,0.0037126,0.0614654,False
ESP35,2015-10-29,10397.2002,2015-11-04,10473.5,4,6,0.0625,0.000459,-3.13e-05,-1.25e-05,0.0,-5e-07,-2.6e-05,0.0,0.0003887,0.0073385,False
ESP35,2015-11-27,10310.7002,2015-12-03,10092.9004,4,6,0.0625,-0.0013138,-3.13e-05,-1.25e-05,0.0,-5e-07,-2.6e-05,0.0,-0.0013841,-0.0211237,False
ESP35,2015-12-30,9641.9004,2016-01-06,9197.4004,4,7,0.0625,-0.0029209,-3.13e-05,-1.25e-05,0.0,-6e-07,-3.04e-05,0.0,-0.0029957,-0.0461009,False
ESP35,2016-01-28,8590.5996,2016-02-03,8314.5,4,6,0.0625,-0.0019724,-3.13e-05,-1.25e-05,0.0,-5e-07,-2.6e-05,0.0,-0.0020427,-0.0321397,False
ESP35,2016-02-26,8349.2002,2016-03-03,8767.0,4,6,0.0625,0.0030769,-3.13e-05,-1.25e-05,0.0,-5e-07,-2.6e-05,0.0,0.0030066,0.0500407,False
ESP35,2016-03-30,8870.2002,2016-04-05,8387.7002,4,6,0.0625,-0.003462,-3.13e-05,-1.25e-05,0.0,0.0,-2.6e-05,0.0,-0.0035318,-0.0543956,False
ESP35,2016-04-28,9269.0,2016-05-04,8654.2998,4,6,0.0625,-0.0042359,-3.13e-05,-1.25e-05,0.0,0.0,-2.6e-05,0.0,-0.0043057,-0.0663179,False
ESP35,2016-05-30,9116.9004,2016-06-03,8801.5996,4,4,0.0625,-0.0021816,-3.13e-05,-1.25e-05,0.0,0.0,-1.74e-05,0.0,-0.0022427,-0.0345842,False
ESP35,2016-06-29,8105.2998,2016-07-05,8067.6001,4,6,0.0625,-0.000268,-3.13e-05,-1.25e-05,0.0,0.0,-2.6e-05,0.0,-0.0003378,-0.0046512,False
ESP35,2016-07-28,8479.2002,2016-08-03,8263.5,4,6,0.0625,-0.0015786,-3.13e-05,-1.25e-05,0.0,0.0,-2.6e-05,0.0,-0.0016484,-0.0254387,False
ESP35,2016-08-30,8685.4004,2016-09-05,8953.2998,4,6,0.0625,0.0019093,-3.13e-05,-1.25e-05,0.0,0.0,-2.6e-05,0.0,0.0018395,0.0308448,False
ESP35,2016-09-29,8796.2998,2016-10-05,8778.2998,4,6,0.0625,-0.0001274,-3.13e-05,-1.25e-05,0.0,0.0,-2.6e-05,0.0,-0.0001972,-0.0020463,False
ESP35,2016-10-28,9201.2998,2016-11-03,8879.9004,4,6,0.0625,-0.0022061,-3.13e-05,-1.25e-05,0.0,0.0,-2.6e-05,0.0,-0.0022759,-0.0349298,False
ESP35,2016-11-29,8667.0,2016-12-05,8664.7002,4,6,0.0625,-1.32e-05,-3.13e-05,-1.25e-05,0.0,0.0,-2.6e-05,0.0,-8.3e-05,-0.0002654,False
ESP35,2016-12-29,9327.0996,2017-01-05,9488.2002,4,7,0.0625,0.0010783,-3.13e-05,-1.25e-05,0.0,0.0,-3.04e-05,0.0,0.0010042,0.0172723,False
ESP35,2017-01-30,9361.2998,2017-02-03,9462.7002,4,4,0.0625,0.0006774,-3.13e-05,-1.25e-05,0.0,0.0,-1.74e-05,0.0,0.0006162,0.0108319,False
ESP35,2017-02-27,9464.2998,2017-03-03,9798.5,4,4,0.0625,0.0021874,-3.13e-05,-1.25e-05,0.0,0.0,-1.74e-05,0.0,0.0021263,0.0353117,False
ESP35,2017-03-30,10405.9004,2017-04-05,10402.7002,4,6,0.0625,-1.2e-05,-3.13e-05,-1.25e-05,0.0,0.0,-2.6e-05,0.0,-8.18e-05,-0.0003075,False
ESP35,2017-04-27,10683.9004,2017-05-04,11012.9004,4,7,0.0625,0.001907,-3.13e-05,-1.25e-05,0.0,0.0,-3.04e-05,0.0,0.0018329,0.030794,False
ESP35,2017-05-30,10876.9004,2017-06-05,10884.7002,4,6,0.0625,4.51e-05,-3.13e-05,-1.25e-05,0.0,0.0,-2.6e-05,0.0,-2.47e-05,0.0007171,False
ESP35,2017-06-29,10531.0996,2017-07-05,10523.5996,4,6,0.0625,-3.43e-05,-3.13e-05,-1.25e-05,0.0,0.0,-2.6e-05,0.0,-0.000104,-0.0007122,False
ESP35,2017-07-28,10536.0996,2017-08-03,10549.0996,4,6,0.0625,8.12e-05,-3.13e-05,-1.25e-05,0.0,0.0,-2.6e-05,0.0,1.14e-05,0.0012339,False
ESP35,2017-08-30,10245.7998,2017-09-05,10179.7998,4,6,0.0625,-0.0003997,-3.13e-05,-1.25e-05,0.0,0.0,-2.6e-05,0.0,-0.0004694,-0.0064417,False
ESP35,2017-09-28,10328.5,2017-10-04,9964.9004,4,6,0.0625,-0.0022085,-3.13e-05,-1.25e-05,0.0,0.0,-2.6e-05,0.0,-0.0022783,-0.0352035,False
ESP35,2017-10-30,10446.0,2017-11-03,10357.7998,4,4,0.0625,-0.0005246,-3.13e-05,-1.25e-05,0.0,0.0,-1.74e-05,0.0,-0.0005857,-0.0084434,False
ESP35,2017-11-29,10267.7002,2017-12-05,10211.2998,4,6,0.0625,-0.0003338,-3.13e-05,-1.25e-05,0.0,0.0,-2.6e-05,0.0,-0.0004036,-0.005493,False
ESP35,2017-12-28,10093.0996,2018-01-04,10314.4004,4,7,0.0625,0.001369,-3.13e-05,-1.25e-05,0.0,0.0,-3.04e-05,0.0,0.0012948,0.0219259,False
ESP35,2018-01-30,10428.2002,2018-02-05,10064.5,4,6,0.0625,-0.0022009,-3.13e-05,-1.25e-05,0.0,0.0,-2.6e-05,0.0,-0.0022707,-0.0348766,False
ESP35,2018-02-27,9900.2002,2018-03-05,9590.7998,4,6,0.0625,-0.0019643,-3.13e-05,-1.25e-05,0.0,0.0,-2.6e-05,0.0,-0.0020341,-0.0312519,False
ESP35,2018-03-28,9555.0,2018-04-05,9740.9004,4,8,0.0625,0.001224,-3.13e-05,-1.25e-05,0.0,0.0,-3.47e-05,0.0,0.0011455,0.0194558,False
ESP35,2018-04-27,9925.4004,2018-05-04,10104.0996,4,7,0.0625,0.001122,-3.13e-05,-1.25e-05,0.0,0.0,-3.04e-05,0.0,0.0010478,0.0180042,False
ESP35,2018-05-30,9566.2002,2018-06-05,9686.4004,4,6,0.0625,0.0007995,-3.13e-05,-1.25e-05,0.0,0.0,-2.6e-05,0.0,0.0007297,0.0125651,False
ESP35,2018-06-28,9589.0,2018-07-04,9757.5,4,6,0.0625,0.0010972,-3.13e-05,-1.25e-05,0.0,0.0,-2.6e-05,0.0,0.0010274,0.0175722,False
ESP35,2018-07-30,9854.0996,2018-08-03,9739.7998,4,4,0.0625,-0.0007235,-3.13e-05,-1.25e-05,0.0,0.0,-1.74e-05,0.0,-0.0007846,-0.0115992,False
ESP35,2018-08-30,9467.5996,2018-09-05,9301.2998,4,6,0.0625,-0.0011037,-3.13e-05,-1.25e-05,0.0,0.0,-2.6e-05,0.0,-0.0011735,-0.0175651,False
ESP35,2018-09-27,9527.5,2018-10-03,9361.0996,4,6,0.0625,-0.0010897,-3.13e-05,-1.25e-05,0.0,0.0,-2.6e-05,0.0,-0.0011595,-0.0174653,False
ESP35,2018-10-30,8806.0996,2018-11-05,9010.7002,4,6,0.0625,0.0014407,-3.13e-05,-1.25e-05,0.0,0.0,-2.6e-05,0.0,0.0013709,0.023234,False
ESP35,2018-11-29,9098.9004,2018-12-05,9012.2002,4,6,0.0625,-0.0005881,-3.13e-05,-1.25e-05,0.0,0.0,-2.6e-05,0.0,-0.0006579,-0.0095286,False
ESP35,2018-12-28,8493.7002,2019-01-04,8737.7998,4,7,0.0625,0.0017916,-3.13e-05,-1.25e-05,0.0,0.0,-3.04e-05,0.0,0.0017175,0.0287389,False
ESP35,2019-01-30,9071.5,2019-02-05,9092.0,4,6,0.0625,0.0001477,-3.13e-05,-1.25e-05,0.0,0.0,-2.6e-05,0.0,7.79e-05,0.0022598,False
ESP35,2019-02-27,9211.7002,2019-03-05,9258.2002,4,6,0.0625,0.0003164,-3.13e-05,-1.25e-05,0.0,0.0,-2.6e-05,0.0,0.0002466,0.0050479,False
ESP35,2019-03-28,9174.7002,2019-04-03,9487.7998,4,6,0.0625,0.0021083,-3.13e-05,-1.25e-05,0.0,0.0,-2.6e-05,0.0,0.0020385,0.0341264,False
ESP35,2019-04-29,9517.2002,2019-05-06,9331.0,4,7,0.0625,-0.0012237,-3.13e-05,-1.25e-05,0.0,0.0,-3.04e-05,0.0,-0.0012978,-0.0195646,False
ESP35,2019-05-30,9157.7998,2019-06-05,9150.5,4,6,0.0625,-3.7e-05,-3.13e-05,-1.25e-05,0.0,0.0,-2.6e-05,0.0,-0.0001068,-0.0007971,False
ESP35,2019-06-27,9147.7998,2019-07-03,9394.4004,4,6,0.0625,0.0016698,-3.13e-05,-1.25e-05,0.0,0.0,-2.6e-05,0.0,0.0016,0.0269574,False
ESP35,2019-07-30,8986.5996,2019-08-05,8777.2002,4,6,0.0625,-0.0014583,-3.13e-05,-1.25e-05,0.0,0.0,-2.6e-05,0.0,-0.0015281,-0.0233013,False
ESP35,2019-08-29,8794.2998,2019-09-04,8856.5996,4,6,0.0625,0.0004423,-3.13e-05,-1.25e-05,0.0,0.0,-2.6e-05,0.0,0.0003725,0.0070841,False
ESP35,2019-09-27,9184.0996,2019-10-03,8902.2002,4,6,0.0625,-0.0019204,-3.13e-05,-1.25e-05,0.0,0.0,-2.6e-05,0.0,-0.0019902,-0.0306943,False
ESP35,2019-10-30,9284.5,2019-11-05,9407.9004,4,6,0.0625,0.0008301,-3.13e-05,-1.25e-05,0.0,0.0,-2.6e-05,0.0,0.0007603,0.013291,False
ESP35,2019-11-28,9359.0,2019-12-04,9270.7998,4,6,0.0625,-0.000571,-3.13e-05,-1.25e-05,0.0,0.0,-2.6e-05,0.0,-0.0006408,-0.0094241,False
ESP35,2019-12-30,9612.5996,2020-01-06,9600.9004,4,7,0.0625,-6.65e-05,-3.13e-05,-1.25e-05,0.0,0.0,-3.04e-05,0.0,-0.0001407,-0.0012171,False
ESP35,2020-01-30,9477.9004,2020-02-05,9717.7998,4,6,0.0625,0.0015839,-3.13e-05,-1.25e-05,0.0,0.0,-2.6e-05,0.0,0.0015141,0.0253115,False
ESP35,2020-02-27,8985.9004,2020-03-04,8910.0,4,6,0.0625,-0.0004969,-3.13e-05,-1.25e-05,0.0,0.0,-2.6e-05,0.0,-0.0005667,-0.0084466,False
ESP35,2020-03-30,6659.8999,2020-04-03,6581.6001,4,4,0.0625,-0.0006987,-3.13e-05,-1.25e-05,0.0,0.0,-1.74e-05,0.0,-0.0007599,-0.0117569,False
ESP35,2020-04-29,7055.7002,2020-05-06,6671.7002,4,7,0.0625,-0.003437,-3.13e-05,-1.25e-05,0.0,0.0,-3.04e-05,0.0,-0.0035111,-0.0544241,False
ESP35,2020-05-28,7224.1001,2020-06-03,7626.3999,4,6,0.0625,0.0034537,-3.13e-05,-1.25e-05,0.0,0.0,-2.6e-05,0.0,0.0033839,0.0556886,False
ESP35,2020-06-29,7278.1001,2020-07-03,7403.5,4,4,0.0625,0.001117,-3.13e-05,-1.25e-05,0.0,0.0,-1.74e-05,0.0,0.0010559,0.0172298,False
ESP35,2020-07-30,6996.6001,2020-08-05,7039.7002,4,6,0.0625,0.0004008,-3.13e-05,-1.25e-05,0.0,0.0,-2.6e-05,0.0,0.000331,0.0061601,False
ESP35,2020-08-28,7133.0,2020-09-03,7006.0,4,6,0.0625,-0.001105,-3.13e-05,-1.25e-05,0.0,0.0,-2.6e-05,0.0,-0.0011747,-0.0178046,False
ESP35,2020-09-29,6713.6001,2020-10-05,6837.8999,4,6,0.0625,0.0011518,-3.13e-05,-1.25e-05,0.0,0.0,-2.6e-05,0.0,0.001082,0.0185146,False
ESP35,2020-10-29,6411.7998,2020-11-04,6781.8999,4,6,0.0625,0.0035419,-3.13e-05,-1.25e-05,0.0,0.0,-2.6e-05,0.0,0.0034721,0.0577217,False
ESP35,2020-11-27,8190.7002,2020-12-03,8200.7002,4,6,0.0625,8.75e-05,-3.13e-05,-1.25e-05,0.0,0.0,-2.6e-05,0.0,1.77e-05,0.0012209,False
ESP35,2020-12-30,8154.3999,2021-01-06,8350.2998,4,7,0.0625,0.0015185,-3.13e-05,-1.25e-05,0.0,0.0,-3.04e-05,0.0,0.0014443,0.0240238,False
ESP35,2021-01-28,7932.5,2021-02-03,8012.7998,4,6,0.0625,0.0006595,-3.13e-05,-1.25e-05,0.0,0.0,-2.6e-05,0.0,0.0005897,0.0101229,False
ESP35,2021-02-25,8317.7998,2021-03-03,8329.2998,4,6,0.0625,0.0001015,-3.13e-05,-1.25e-05,0.0,0.0,-2.6e-05,0.0,3.17e-05,0.0013826,False
ESP35,2021-03-30,8595.2002,2021-04-07,8597.4004,4,8,0.0625,1.81e-05,-3.13e-05,-1.25e-05,0.0,0.0,-3.47e-05,0.0,-6.04e-05,0.000256,False
ESP35,2021-04-29,8823.2002,2021-05-05,8967.7998,4,6,0.0625,0.0010276,-3.13e-05,-1.25e-05,0.0,0.0,-2.6e-05,0.0,0.0009578,0.0163886,False
ESP35,2021-05-28,9224.5996,2021-06-03,9142.4004,4,6,0.0625,-0.0005561,-3.13e-05,-1.25e-05,0.0,0.0,-2.6e-05,0.0,-0.0006259,-0.0089109,False
ESP35,2021-06-29,8915.0996,2021-07-05,8946.4004,4,6,0.0625,0.0002283,-3.13e-05,-1.25e-05,0.0,0.0,-2.6e-05,0.0,0.0001585,0.003511,False
ESP35,2021-07-29,8786.2998,2021-08-04,8792.9004,4,6,0.0625,5.5e-05,-3.13e-05,-1.25e-05,0.0,0.0,-2.6e-05,0.0,-1.48e-05,0.0007512,False
ESP35,2021-08-30,8867.9004,2021-09-03,8864.0,4,4,0.0625,-1.36e-05,-3.13e-05,-1.25e-05,0.0,0.0,-1.74e-05,0.0,-7.47e-05,-0.0004398,False
ESP35,2021-09-29,8879.4004,2021-10-05,8927.4004,4,6,0.0625,0.0003471,-3.13e-05,-1.25e-05,0.0,0.0,-2.6e-05,0.0,0.0002773,0.0054058,False
ESP35,2021-10-28,9025.7998,2021-11-03,9030.7998,4,6,0.0625,4.52e-05,-3.13e-05,-1.25e-05,0.0,0.0,-2.6e-05,0.0,-2.46e-05,0.000554,False
ESP35,2021-11-29,8455.2002,2021-12-03,8241.7002,4,4,0.0625,-0.0015669,-3.13e-05,-1.25e-05,0.0,0.0,-1.74e-05,0.0,-0.001628,-0.0252507,False
ESP35,2021-12-29,8673.7002,2022-01-05,8790.7998,4,7,0.0625,0.0008402,-3.13e-05,-1.25e-05,0.0,0.0,-3.04e-05,0.0,0.0007661,0.0135005,False
ESP35,2022-01-28,8609.7998,2022-02-03,8689.4004,4,6,0.0625,0.0005809,-3.13e-05,-1.25e-05,0.0,0.0,-2.6e-05,0.0,0.0005111,0.0092453,False
ESP35,2022-02-25,8486.5996,2022-03-03,8011.3999,4,6,0.0625,-0.0035112,-3.13e-05,-1.25e-05,0.0,0.0,-2.6e-05,0.0,-0.003581,-0.0559941,False
ESP35,2022-03-30,8550.5996,2022-04-05,8623.2998,4,6,0.0625,0.0005401,-3.13e-05,-1.25e-05,0.0,0.0,-2.6e-05,0.0,0.0004703,0.0085024,False
ESP35,2022-04-28,8512.2002,2022-05-04,8500.5,4,6,0.0625,-6.06e-05,-3.13e-05,-1.25e-05,0.0,0.0,-2.6e-05,0.0,-0.0001304,-0.0013745,False
ESP35,2022-05-30,8930.7998,2022-06-03,8724.7998,4,4,0.0625,-0.0014515,-3.13e-05,-1.25e-05,0.0,0.0,-1.74e-05,0.0,-0.0015126,-0.0230662,False
ESP35,2022-06-29,8188.0,2022-07-05,7959.3999,4,6,0.0625,-0.0017435,-3.13e-05,-1.25e-05,0.0,0.0,-2.6e-05,0.0,-0.0018133,-0.0279189,False
ESP35,2022-07-28,8084.8999,2022-08-03,8142.1001,4,6,0.0625,0.0004465,-3.13e-05,-1.25e-05,0.0,-5.2e-06,-2.6e-05,0.0,0.0003715,0.0070749,False
ESP35,2022-08-30,7979.7998,2022-09-05,7862.7002,4,6,0.0625,-0.0009059,-3.13e-05,-1.25e-05,0.0,-5.2e-06,-2.6e-05,0.0,-0.0009809,-0.0146745,False
ESP35,2022-09-29,7300.1001,2022-10-05,7579.8999,4,6,0.0625,0.002396,-3.13e-05,-1.25e-05,0.0,-1.3e-05,-2.6e-05,0.0,0.0023132,0.0383282,False
ESP35,2022-10-28,7916.5,2022-11-03,7868.8999,4,6,0.0625,-0.0003699,-3.13e-05,-1.25e-05,0.0,-1.43e-05,-2.6e-05,0.0,-0.000454,-0.0060128,False
ESP35,2022-11-29,8322.0996,2022-12-05,8370.0996,4,6,0.0625,0.0003615,-3.13e-05,-1.25e-05,0.0,-2.08e-05,-2.6e-05,0.0,0.0002708,0.0057678,False
ESP35,2022-12-29,8318.2998,2023-01-04,8559.7998,4,6,0.0625,0.0018132,-3.13e-05,-1.25e-05,0.0,-2.6e-05,-2.6e-05,0.0,0.0017174,0.0290324,False
ESP35,2023-01-30,9049.2998,2023-02-03,9225.5996,4,4,0.0625,0.0012141,-3.13e-05,-1.25e-05,0.0,-1.74e-05,-1.74e-05,0.0,0.0011356,0.0194821,False
ESP35,2023-02-27,9314.2998,2023-03-03,9464.2002,4,4,0.0625,0.0010087,-3.13e-05,-1.25e-05,0.0,-2.08e-05,-1.74e-05,0.0,0.0009267,0.0160936,False
ESP35,2023-03-30,9207.0996,2023-04-05,9254.5996,4,6,0.0625,0.0003261,-3.13e-05,-1.25e-05,0.0,-3.65e-05,-2.6e-05,0.0,0.0002198,0.0051591,False
ESP35,2023-04-27,9314.5996,2023-05-04,9043.5996,4,7,0.0625,-0.0018336,-3.13e-05,-1.25e-05,0.0,-4.25e-05,-3.04e-05,0.0,-0.0019503,-0.0290941,False
ESP35,2023-05-30,9167.5,2023-06-05,9289.0996,4,6,0.0625,0.0008425,-3.13e-05,-1.25e-05,0.0,-3.91e-05,-2.6e-05,0.0,0.0007336,0.0132642,False
ESP35,2023-06-29,9510.5996,2023-07-05,9486.2998,4,6,0.0625,-0.000152,-3.13e-05,-1.25e-05,0.0,-4.17e-05,-2.6e-05,0.0,-0.0002635,-0.002555,False
ESP35,2023-07-28,9685.0996,2023-08-03,9307.0996,4,6,0.0625,-0.0024702,-3.13e-05,-1.25e-05,0.0,-4.21e-05,-2.6e-05,0.0,-0.0025821,-0.039029,False
ESP35,2023-08-30,9551.0996,2023-09-05,9392.0,4,6,0.0625,-0.0010475,-3.13e-05,-1.25e-05,0.0,-4.43e-05,-2.6e-05,0.0,-0.0011615,-0.0166577,False
ESP35,2023-09-28,9426.7998,2023-10-04,9102.9004,4,6,0.0625,-0.002171,-3.13e-05,-1.25e-05,0.0,-4.69e-05,-2.6e-05,0.0,-0.0022876,-0.0343594,False
ESP35,2023-10-30,9013.9004,2023-11-03,9293.9004,4,4,0.0625,0.0019265,-3.13e-05,-1.25e-05,0.0,-3.13e-05,-1.74e-05,0.0,0.0018341,0.0310631,False
ESP35,2023-11-29,10062.5996,2023-12-05,10238.4004,4,6,0.0625,0.0010861,-3.13e-05,-1.25e-05,0.0,-4.69e-05,-2.6e-05,0.0,0.0009694,0.0174707,False
ESP35,2023-12-28,10086.2002,2024-01-04,10182.4004,4,7,0.0625,0.0006055,-3.13e-05,-1.25e-05,0.0,-5.47e-05,-3.04e-05,0.0,0.0004766,0.0095378,False
ESP35,2024-01-30,10039.2998,2024-02-05,9941.2998,4,6,0.0625,-0.0006061,-3.13e-05,-1.25e-05,0.0,-4.69e-05,-2.6e-05,0.0,-0.0007228,-0.0097616,False
ESP35,2024-02-28,10068.5996,2024-03-05,10117.0996,4,6,0.0625,0.0003037,-3.13e-05,-1.25e-05,0.0,-4.69e-05,-2.6e-05,0.0,0.000187,0.004817,False
ESP35,2024-03-27,11111.2998,2024-04-04,11090.9004,4,8,0.0625,-0.0001103,-3.13e-05,-1.25e-05,0.0,-6.25e-05,-3.47e-05,0.0,-0.0002513,-0.0018359,False
ESP35,2024-04-29,11100.7998,2024-05-06,10917.5,4,7,0.0625,-0.0010238,-3.13e-05,-1.25e-05,0.0,-5.47e-05,-3.04e-05,0.0,-0.0011526,-0.0165123,False
ESP35,2024-05-30,11338.2002,2024-06-05,11353.0996,4,6,0.0625,8.76e-05,-3.13e-05,-1.25e-05,0.0,-4.69e-05,-2.6e-05,0.0,-2.91e-05,0.0013141,False
ESP35,2024-06-27,10951.5,2024-07-03,11056.7998,4,6,0.0625,0.0006122,-3.13e-05,-1.25e-05,0.0,-4.43e-05,-2.6e-05,0.0,0.0004981,0.0096151,False
ESP35,2024-07-30,11202.5996,2024-08-05,10423.4004,4,6,0.0625,-0.0044634,-3.13e-05,-1.25e-05,0.0,-4.43e-05,-2.6e-05,0.0,-0.0045774,-0.0695552,False
ESP35,2024-08-29,11358.5996,2024-09-04,11213.9004,4,6,0.0625,-0.0007965,-3.13e-05,-1.25e-05,0.0,-4.43e-05,-2.6e-05,0.0,-0.0009106,-0.0127392,False
ESP35,2024-09-27,11967.9004,2024-10-03,11618.0,4,6,0.0625,-0.0018425,-3.13e-05,-1.25e-05,0.0,-3.65e-05,-2.6e-05,0.0,-0.0019487,-0.0292366,False
ESP35,2024-10-30,11715.0,2024-11-05,11839.2002,4,6,0.0625,0.0006667,-3.13e-05,-1.25e-05,0.0,-3.39e-05,-2.6e-05,0.0,0.0005631,0.0106018,False
ESP35,2024-11-28,11610.7998,2024-12-04,11931.5996,4,6,0.0625,0.0017107,-3.13e-05,-1.25e-05,0.0,-3.39e-05,-2.6e-05,0.0,0.0016071,0.0276294,False
ESP35,2024-12-30,11536.7998,2025-01-06,11808.2002,4,7,0.0625,0.0014614,-3.13e-05,-1.25e-05,0.0,-3.65e-05,-3.04e-05,0.0,0.0013508,0.0235248,False
ESP35,2025-01-30,12419.5996,2025-02-05,12536.7002,4,6,0.0625,0.0006038,-3.13e-05,-1.25e-05,0.0,-3.13e-05,-2.6e-05,0.0,0.0005027,0.0094287,False
ESP35,2025-02-27,13270.5996,2025-03-05,13214.0,4,6,0.0625,-0.0002392,-3.13e-05,-1.25e-05,0.0,-2.86e-05,-2.6e-05,0.0,-0.0003376,-0.004265,False
ESP35,2025-03-28,13309.2998,2025-04-03,13191.2002,4,6,0.0625,-0.000542,-3.13e-05,-1.25e-05,0.0,-2.6e-05,-2.6e-05,0.0,-0.0006379,-0.0088735,False
ESP35,2025-04-29,13366.9004,2025-05-06,13530.2002,4,7,0.0625,0.0007654,-3.13e-05,-1.25e-05,0.0,-2.73e-05,-3.04e-05,0.0,0.0006639,0.0122167,False
ESP35,2025-05-29,14116.5996,2025-06-04,14101.2998,4,6,0.0625,-6.62e-05,-3.13e-05,-1.25e-05,0.0,-2.34e-05,-2.6e-05,0.0,-0.0001594,-0.0010838,False
ESP35,2025-06-27,13969.0,2025-07-03,14182.9004,4,6,0.0625,0.0009534,-3.13e-05,-1.25e-05,0.0,-2.08e-05,-2.6e-05,0.0,0.0008628,0.0153125,False
ESP35,2025-07-30,14380.5996,2025-08-05,14407.5,4,6,0.0625,0.0001385,-3.13e-05,-1.25e-05,0.0,-2.08e-05,-2.6e-05,0.0,4.79e-05,0.0018706,False
ESP35,2025-08-28,15071.4004,2025-09-03,14789.4004,4,6,0.0625,-0.0011691,-3.13e-05,-1.25e-05,0.0,-2.08e-05,-2.6e-05,0.0,-0.0012597,-0.0187109,False
ESP35,2025-09-29,15316.2998,2025-10-03,15585.0996,4,4,0.0625,0.0010925,-3.13e-05,-1.25e-05,0.0,-1.39e-05,-1.74e-05,0.0,0.0010175,0.0175499,False
ESP35,2025-10-30,16040.2998,2025-11-05,16098.4004,4,6,0.0625,0.0002265,-3.13e-05,-1.25e-05,0.0,-2.08e-05,-2.6e-05,0.0,0.0001358,0.0036222,False
ESP35,2025-11-27,16361.7998,2025-12-03,16585.6992,4,6,0.0625,0.0008518,-3.13e-05,-1.25e-05,0.0,-2.08e-05,-2.6e-05,0.0,0.0007612,0.0136843,False
ESP35,2025-12-30,17354.9004,2026-01-06,17647.0996,4,7,0.0625,0.0010489,-3.13e-05,-1.25e-05,0.0,-2.43e-05,-3.04e-05,0.0,0.0009505,0.0168367,False
ESP35,2026-01-29,17589.6992,2026-02-04,18102.5,4,6,0.0625,0.0018099,-3.13e-05,-1.25e-05,0.0,-2.08e-05,-2.6e-05,0.0,0.0017192,0.0291535,False
ESP35,2026-02-26,18496.5996,2026-03-04,17487.0,4,6,0.0625,-0.0033982,-3.13e-05,-1.25e-05,0.0,-2.08e-05,-2.6e-05,0.0,-0.0034888,-0.054583,False
ESP35,2026-03-30,16969.1992,2026-04-07,17444.3008,4,8,0.0625,0.0017575,-3.13e-05,-1.25e-05,0.0,-2.78e-05,-3.47e-05,0.0,0.0016513,0.0279979,False
ESP35,2026-04-29,17642.8008,2026-05-06,18104.3008,4,7,0.0625,0.0016626,-3.13e-05,-1.25e-05,0.0,-2.43e-05,-3.04e-05,0.0,0.0015642,0.026158,False
ESP35,2026-05-28,18279.3008,2026-06-03,18176.0,4,6,0.0625,-0.000349,-3.13e-05,-1.25e-05,0.0,-2.08e-05,-2.6e-05,0.0,-0.0004396,-0.0056512,False
ESP35,2026-06-29,19387.4004,2026-07-03,19852.4004,4,4,0.0625,0.0014907,-3.13e-05,-1.25e-05,0.0,-1.56e-05,-1.74e-05,0.0,0.001414,0.0239846,False
ESP35,2026-07-30,19757.6992,2026-08-05,20057.0,4,6,0.0625,0.0009431,-3.13e-05,-1.25e-05,0.0,-2.34e-05,-2.6e-05,0.0,0.0008499,0.0151486,False
ESP35,2026-08-28,20041.9004,2026-09-03,20000.1992,4,6,0.0625,-0.000124,-3.13e-05,-1.25e-05,0.0,-2.34e-05,-2.6e-05,0.0,-0.0002172,-0.0020807,False
NETH25,1992-10-29,124.7811,1992-11-04,125.2711,4,6,0.0625,0.0002527,-3.13e-05,-1.25e-05,0.0,-8.85e-05,-2.6e-05,0.0,9.43e-05,0.0039275,False
NETH25,1992-11-27,125.5525,1992-12-03,127.9757,4,6,0.0625,0.0011998,-3.13e-05,-1.25e-05,0.0,-8.85e-05,-2.6e-05,0.0,0.0010414,0.0193003,False
NETH25,1992-12-29,129.9859,1993-01-06,131.9962,4,8,0.0625,0.0009633,-3.13e-05,-1.25e-05,0.0,-0.0001146,-3.47e-05,0.0,0.0007702,0.0154652,False
NETH25,1993-01-28,131.7466,1993-02-03,133.2804,4,6,0.0625,0.0007268,-3.13e-05,-1.25e-05,0.0,-8.33e-05,-2.6e-05,0.0,0.0005737,0.0116419,False
NETH25,1993-02-25,137.7592,1993-03-03,138.998,4,6,0.0625,0.000563,-3.13e-05,-1.25e-05,0.0,-8.33e-05,-2.6e-05,0.0,0.0004099,0.0089927,False
NETH25,1993-03-30,144.1575,1993-04-05,143.3544,4,6,0.0625,-0.000348,-3.13e-05,-1.25e-05,0.0,-7.81e-05,-2.6e-05,0.0,-0.0004959,-0.0055716,False
NETH25,1993-04-28,144.0123,1993-05-05,143.2999,4,7,0.0625,-0.0003053,-3.13e-05,-1.25e-05,0.0,-8.85e-05,-3.04e-05,0.0,-0.000468,-0.004947,False
NETH25,1993-05-27,141.3804,1993-06-03,139.3611,4,7,0.0625,-0.0008931,-3.13e-05,-1.25e-05,0.0,-8.25e-05,-3.04e-05,0.0,-0.0010497,-0.014283,False
NETH25,1993-06-29,146.6216,1993-07-05,146.3085,4,6,0.0625,-0.0001321,-3.13e-05,-1.25e-05,0.0,-6.9e-05,-2.6e-05,0.0,-0.0002709,-0.0021355,False
NETH25,1993-07-29,153.3285,1993-08-04,154.531,4,6,0.0625,0.0004967,-3.13e-05,-1.25e-05,0.0,-6.55e-05,-2.6e-05,0.0,0.0003614,0.0078428,False
NETH25,1993-08-30,164.6957,1993-09-03,160.8114,4,4,0.0625,-0.0014783,-3.13e-05,-1.25e-05,0.0,-4.34e-05,-1.74e-05,0.0,-0.0015828,-0.0235852,False
NETH25,1993-09-29,157.6031,1993-10-05,162.445,4,6,0.0625,0.001899,-3.13e-05,-1.25e-05,0.0,-6.25e-05,-2.6e-05,0.0,0.0017667,0.0307218,False
NETH25,1993-10-28,173.6262,1993-11-03,177.7329,4,6,0.0625,0.0014672,-3.13e-05,-1.25e-05,0.0,-5.99e-05,-2.6e-05,0.0,0.0013376,0.0236527,False
NETH25,1993-11-29,172.9047,1993-12-03,177.0931,4,4,0.0625,0.0015025,-3.13e-05,-1.25e-05,0.0,-3.99e-05,-1.74e-05,0.0,0.0014015,0.0242238,False
NETH25,1993-12-29,186.9628,1994-01-05,191.6776,4,7,0.0625,0.0015647,-3.13e-05,-1.25e-05,0.0,-6.68e-05,-3.04e-05,0.0,0.0014237,0.0252178,False
NETH25,1994-01-28,195.0266,1994-02-03,197.545,4,6,0.0625,0.0008178,-3.13e-05,-1.25e-05,0.0,-5.47e-05,-2.6e-05,0.0,0.0006933,0.0129136,False
NETH25,1994-02-25,188.6101,1994-03-03,187.1443,4,6,0.0625,-0.0004601,-3.13e-05,-1.25e-05,0.0,-5.21e-05,-2.6e-05,0.0,-0.000582,-0.0077711,False
NETH25,1994-03-30,183.6502,1994-04-07,187.3758,4,8,0.0625,0.0012661,-3.13e-05,-1.25e-05,0.0,-6.94e-05,-3.47e-05,0.0,0.0011182,0.0202861,False
NETH25,1994-04-28,188.6872,1994-05-04,186.8403,4,6,0.0625,-0.0006081,-3.13e-05,-1.25e-05,0.0,-4.95e-05,-2.6e-05,0.0,-0.0007274,-0.0097881,False
NETH25,1994-05-30,182.6111,1994-06-03,182.9106,4,4,0.0625,0.0001082,-3.13e-05,-1.25e-05,0.0,-3.13e-05,-1.74e-05,0.0,1.58e-05,0.00164,False
NETH25,1994-06-29,173.481,1994-07-05,176.839,4,6,0.0625,0.0012019,-3.13e-05,-1.25e-05,0.0,-4.69e-05,-2.6e-05,0.0,0.0010852,0.0193566,False
NETH25,1994-07-28,183.8817,1994-08-03,190.9879,4,6,0.0625,0.0023841,-3.13e-05,-1.25e-05,0.0,-4.69e-05,-2.6e-05,0.0,0.0022674,0.0386457,False
NETH25,1994-08-30,191.0423,1994-09-05,189.6674,4,6,0.0625,-0.0004487,-3.13e-05,-1.25e-05,0.0,-4.69e-05,-2.6e-05,0.0,-0.0005654,-0.0071972,False
NETH25,1994-09-29,183.2872,1994-10-05,177.0341,4,6,0.0625,-0.0021527,-3.13e-05,-1.25e-05,0.0,-4.69e-05,-2.6e-05,0.0,-0.0022693,-0.0341166,False
NETH25,1994-10-28,185.6196,1994-11-03,186.2141,4,6,0.0625,0.000211,-3.13e-05,-1.25e-05,0.0,-4.69e-05,-2.6e-05,0.0,9.44e-05,0.0032025,False
NETH25,1994-11-29,184.5714,1994-12-05,187.5709,4,6,0.0625,0.0010118,-3.13e-05,-1.25e-05,0.0,-4.69e-05,-2.6e-05,0.0,0.0008952,0.0162512,False
NETH25,1994-12-28,188.2334,1995-01-04,189.3996,4,7,0.0625,0.0003875,-3.13e-05,-1.25e-05,0.0,-5.47e-05,-3.04e-05,0.0,0.0002587,0.0061956,False
NETH25,1995-01-30,186.8902,1995-02-03,187.2033,4,4,0.0625,0.0001102,-3.13e-05,-1.25e-05,0.0,-3.13e-05,-1.74e-05,0.0,1.78e-05,0.0016754,False
NETH25,1995-02-27,185.783,1995-03-03,184.0541,4,4,0.0625,-0.0005813,-3.13e-05,-1.25e-05,0.0,-3.13e-05,-1.74e-05,0.0,-0.0006737,-0.0093061,False
NETH25,1995-03-30,181.4993,1995-04-05,180.5282,4,6,0.0625,-0.0003251,-3.13e-05,-1.25e-05,0.0,-4.25e-05,-2.6e-05,0.0,-0.0004375,-0.0053504,False
NETH25,1995-04-27,188.5647,1995-05-03,192.5398,4,6,0.0625,0.0013078,-3.13e-05,-1.25e-05,0.0,-4.17e-05,-2.6e-05,0.0,0.0011963,0.0210811,False
NETH25,1995-05-30,194.4593,1995-06-06,197.4997,4,7,0.0625,0.0009744,-3.13e-05,-1.25e-05,0.0,-4.86e-05,-3.04e-05,0.0,0.0008517,0.0156349,False
NETH25,1995-06-29,196.7963,1995-07-05,199.0743,4,6,0.0625,0.0007219,-3.13e-05,-1.25e-05,0.0,-3.91e-05,-2.6e-05,0.0,0.000613,0.0115753,False
NETH25,1995-07-28,207.6599,1995-08-03,208.1046,4,6,0.0625,0.0001415,-3.13e-05,-1.25e-05,0.0,-3.91e-05,-2.6e-05,0.0,3.26e-05,0.0021415,False
NETH25,1995-08-30,208.4404,1995-09-05,211.1404,4,6,0.0625,0.0008074,-3.13e-05,-1.25e-05,0.0,-3.65e-05,-2.6e-05,0.0,0.0007012,0.0129533,False
NETH25,1995-09-28,209.8788,1995-10-04,210.5187,4,6,0.0625,0.0001927,-3.13e-05,-1.25e-05,0.0,-3.65e-05,-2.6e-05,0.0,8.65e-05,0.0030486,False
NETH25,1995-10-30,203.2627,1995-11-03,206.7659,4,4,0.0625,0.0010749,-3.13e-05,-1.25e-05,0.0,-2.43e-05,-1.74e-05,0.0,0.0009895,0.0172349,False
NETH25,1995-11-29,216.554,1995-12-05,218.6595,4,6,0.0625,0.000607,-3.13e-05,-1.25e-05,0.0,-3.39e-05,-2.6e-05,0.0,0.0005034,0.009723,False
NETH25,1995-12-27,220.0935,1996-01-04,227.3903,4,8,0.0625,0.0020539,-3.13e-05,-1.25e-05,0.0,-3.82e-05,-3.47e-05,0.0,0.0019372,0.0331533,False
NETH25,1996-01-30,228.1345,1996-02-05,226.1515,4,6,0.0625,-0.0005407,-3.13e-05,-1.25e-05,0.0,-2.86e-05,-2.6e-05,0.0,-0.0006391,-0.0086924,False
NETH25,1996-02-28,232.6996,1996-03-05,235.5947,4,6,0.0625,0.0007749,-3.13e-05,-1.25e-05,0.0,-2.86e-05,-2.6e-05,0.0,0.0006764,0.0124415,False
NETH25,1996-03-28,239.0888,1996-04-03,242.4786,4,6,0.0625,0.000887,-3.13e-05,-1.25e-05,0.0,-2.65e-05,-2.6e-05,0.0,0.0007907,0.0141778,False
NETH25,1996-04-26,251.055,1996-05-03,251.4725,4,7,0.0625,0.0001065,-3.13e-05,-1.25e-05,0.0,-2.43e-05,-3.04e-05,0.0,8.1e-06,0.0016629,False
NETH25,1996-05-30,256.4006,1996-06-05,258.969,4,6,0.0625,0.000626,-3.13e-05,-1.25e-05,0.0,-2.08e-05,-2.6e-05,0.0,0.0005353,0.0100171,False
NETH25,1996-06-27,252.5208,1996-07-03,254.2587,4,6,0.0625,0.0004303,-3.13e-05,-1.25e-05,0.0,-2.08e-05,-2.6e-05,0.0,0.0003397,0.0068825,False
NETH25,1996-07-30,238.9164,1996-08-05,249.6347,4,6,0.0625,0.0027658,-3.13e-05,-1.25e-05,0.0,-2.08e-05,-2.6e-05,0.0,0.0026751,0.0448623,False
NETH25,1996-08-29,253.6416,1996-09-04,251.468,4,6,0.0625,-0.0005272,-3.13e-05,-1.25e-05,0.0,-2.08e-05,-2.6e-05,0.0,-0.0006178,-0.0085696,False
NETH25,1996-09-27,259.5272,1996-10-03,263.9152,4,6,0.0625,0.0010526,-3.13e-05,-1.25e-05,0.0,-2.08e-05,-2.6e-05,0.0,0.000962,0.0169079,False
NETH25,1996-10-30,261.8732,1996-11-05,265.93,4,6,0.0625,0.0009646,-3.13e-05,-1.25e-05,0.0,-2.08e-05,-2.6e-05,0.0,0.0008739,0.0154916,False
NETH25,1996-11-28,283.2645,1996-12-04,286.2504,4,6,0.0625,0.0006692,-3.13e-05,-1.25e-05,0.0,-2.08e-05,-2.6e-05,0.0,0.0005786,0.010541,False
NETH25,1996-12-27,290.0077,1997-01-06,296.2472,4,10,0.0625,0.0013649,-3.13e-05,-1.25e-05,0.0,-3.47e-05,-4.34e-05,0.0,0.0012431,0.021515,False
NETH25,1997-01-30,306.3439,1997-02-05,312.8783,4,6,0.0625,0.001327,-3.13e-05,-1.25e-05,0.0,-2.08e-05,-2.6e-05,0.0,0.0012364,0.0213305,False
NETH25,1997-02-27,339.0434,1997-03-05,342.71,4,6,0.0625,0.0006945,-3.13e-05,-1.25e-05,0.0,-2.08e-05,-2.6e-05,0.0,0.0006039,0.0108144,False
NETH25,1997-03-26,333.2577,1997-04-03,318.6051,4,8,0.0625,-0.0027436,-3.13e-05,-1.25e-05,0.0,-3.47e-05,-3.47e-05,0.0,-0.0028568,-0.0439678,False
NETH25,1997-04-28,340.2278,1997-05-05,353.755,4,7,0.0625,0.0024551,-3.13e-05,-1.25e-05,0.0,-3.04e-05,-3.04e-05,0.0,0.0023506,0.0397593,False
NETH25,1997-05-29,365.1223,1997-06-04,370.7946,4,6,0.0625,0.0009882,-3.13e-05,-1.25e-05,0.0,-2.6e-05,-2.6e-05,0.0,0.0008924,0.0155353,False
NETH25,1997-06-27,394.9948,1997-07-03,407.0881,4,6,0.0625,0.0019076,-3.13e-05,-1.25e-05,0.0,-2.6e-05,-2.6e-05,0.0,0.0018117,0.0306163,False
NETH25,1997-07-30,442.5784,1997-08-05,444.5206,4,6,0.0625,0.0002761,-3.13e-05,-1.25e-05,0.0,-2.6e-05,-2.6e-05,0.0,0.0001802,0.0043883,False
NETH25,1997-08-28,398.0896,1997-09-03,421.3867,4,6,0.0625,0.0036389,-3.13e-05,-1.25e-05,0.0,-2.6e-05,-2.6e-05,0.0,0.0035431,0.0585225,False
NETH25,1997-09-29,410.6503,1997-10-03,437.1375,4,4,0.0625,0.0039548,-3.13e-05,-1.25e-05,0.0,-1.74e-05,-1.74e-05,0.0,0.0038763,0.0645008,False
NETH25,1997-10-30,388.1744,1997-11-05,398.6659,4,6,0.0625,0.0017014,-3.13e-05,-1.25e-05,0.0,-2.86e-05,-2.6e-05,0.0,0.001603,0.0270277,False
NETH25,1997-11-27,402.1918,1997-12-03,412.7014,4,6,0.0625,0.0016459,-3.13e-05,-1.25e-05,0.0,-2.86e-05,-2.6e-05,0.0,0.0015474,0.0261308,False
NETH25,1997-12-29,412.1341,1998-01-06,422.1446,4,8,0.0625,0.0015157,-3.13e-05,-1.25e-05,0.0,-3.82e-05,-3.47e-05,0.0,0.001399,0.0242893,False
NETH25,1998-01-29,433.952,1998-02-04,432.332,4,6,0.0625,-0.0002285,-3.13e-05,-1.25e-05,0.0,-2.86e-05,-2.6e-05,0.0,-0.0003269,-0.0037331,False
NETH25,1998-02-26,484.4852,1998-03-04,487.698,4,6,0.0625,0.0004268,-3.13e-05,-1.25e-05,0.0,-2.86e-05,-2.6e-05,0.0,0.0003284,0.0066313,False
NETH25,1998-03-30,512.3202,1998-04-03,527.3495,4,4,0.0625,0.0018182,-3.13e-05,-1.25e-05,0.0,-1.91e-05,-1.74e-05,0.0,0.001738,0.0293357,False
NETH25,1998-04-28,512.2113,1998-05-05,532.9083,4,7,0.0625,0.0025753,-3.13e-05,-1.25e-05,0.0,-3.34e-05,-3.04e-05,0.0,0.0024677,0.0404071,False
NETH25,1998-05-28,539.3928,1998-06-04,541.4757,4,7,0.0625,0.0002487,-3.13e-05,-1.25e-05,0.0,-3.34e-05,-3.04e-05,0.0,0.0001411,0.0038615,False
NETH25,1998-06-29,543.5676,1998-07-03,564.1648,4,4,0.0625,0.0023396,-3.13e-05,-1.25e-05,0.0,-1.91e-05,-1.74e-05,0.0,0.0022594,0.0378926,False
NETH25,1998-07-30,566.1614,1998-08-05,538.5352,4,6,0.0625,-0.0030856,-3.13e-05,-1.25e-05,0.0,-2.86e-05,-2.6e-05,0.0,-0.0031841,-0.0487957,False
NETH25,1998-08-28,496.1655,1998-09-03,485.4699,4,6,0.0625,-0.0012999,-3.13e-05,-1.25e-05,0.0,-2.86e-05,-2.6e-05,0.0,-0.0013983,-0.0215566,False
NETH25,1998-09-29,434.6735,1998-10-05,376.3262,4,6,0.0625,-0.0088285,-3.13e-05,-1.25e-05,0.0,-2.86e-05,-2.6e-05,0.0,-0.008927,-0.1342325,False
NETH25,1998-10-29,441.394,1998-11-04,480.923,4,6,0.0625,0.0054365,-3.13e-05,-1.25e-05,0.0,-2.86e-05,-2.6e-05,0.0,0.0053381,0.0895549,False
NETH25,1998-11-27,515.3151,1998-12-03,477.7193,4,6,0.0625,-0.0046017,-3.13e-05,-1.25e-05,0.0,-2.86e-05,-2.6e-05,0.0,-0.0047001,-0.072957,False
NETH25,1998-12-29,542.1201,1999-01-06,583.66,4,8,0.0625,0.0046943,-3.13e-05,-1.25e-05,0.0,-3.91e-05,-3.47e-05,0.0,0.0045767,0.0766249,False
NETH25,1999-01-28,538.98,1999-02-03,527.12,4,6,0.0625,-0.0013694,-3.13e-05,-1.25e-05,0.0,-3.13e-05,-2.6e-05,0.0,-0.0014705,-0.0220045,False
NETH25,1999-02-25,534.51,1999-03-03,519.16,4,6,0.0625,-0.0018067,-3.13e-05,-1.25e-05,0.0,-3.13e-05,-2.6e-05,0.0,-0.0019077,-0.028718,False
NETH25,1999-03-30,534.4,1999-04-07,542.55,4,8,0.0625,0.0009528,-3.13e-05,-1.25e-05,0.0,-4.17e-05,-3.47e-05,0.0,0.0008327,0.0152507,False
NETH25,1999-04-28,575.03,1999-05-05,570.08,4,7,0.0625,-0.0005319,-3.13e-05,-1.25e-05,0.0,-3.04e-05,-3.04e-05,0.0,-0.0006364,-0.0086083,False
NETH25,1999-05-28,552.38,1999-06-03,564.03,4,6,0.0625,0.0013116,-3.13e-05,-1.25e-05,0.0,-2.6e-05,-2.6e-05,0.0,0.0012157,0.0210906,False
NETH25,1999-06-29,565.55,1999-07-05,582.05,4,6,0.0625,0.0018174,-3.13e-05,-1.25e-05,0.0,-2.6e-05,-2.6e-05,0.0,0.0017216,0.0291751,False
NETH25,1999-07-29,546.06,1999-08-04,540.68,4,6,0.0625,-0.0006046,-3.13e-05,-1.25e-05,0.0,-2.6e-05,-2.6e-05,0.0,-0.0007004,-0.0098524,False
NETH25,1999-08-30,584.36,1999-09-03,578.63,4,4,0.0625,-0.0005796,-3.13e-05,-1.25e-05,0.0,-1.74e-05,-1.74e-05,0.0,-0.000658,-0.0098056,False
NETH25,1999-09-29,554.21,1999-10-05,553.26,4,6,0.0625,-8.4e-05,-3.13e-05,-1.25e-05,0.0,-2.6e-05,-2.6e-05,0.0,-0.0001799,-0.0017142,False
NETH25,1999-10-28,568.14,1999-11-03,579.17,4,6,0.0625,0.0012136,-3.13e-05,-1.25e-05,0.0,-2.6e-05,-2.6e-05,0.0,0.0011178,0.0194142,False
NETH25,1999-11-29,611.09,1999-12-03,617.51,4,4,0.0625,0.0006719,-3.13e-05,-1.25e-05,0.0,-2.08e-05,-1.74e-05,0.0,0.00059,0.0105058,False
NETH25,1999-12-29,662.45,2000-01-05,632.31,4,7,0.0625,-0.002818,-3.13e-05,-1.25e-05,0.0,-3.65e-05,-3.04e-05,0.0,-0.0029286,-0.0454978,False
NETH25,2000-01-28,632.46,2000-02-03,649.59,4,6,0.0625,0.0017466,-3.13e-05,-1.25e-05,0.0,-3.13e-05,-2.6e-05,0.0,0.0016455,0.0270847,False
NETH25,2000-02-28,654.54,2000-03-03,680.51,4,4,0.0625,0.0024454,-3.13e-05,-1.25e-05,0.0,-2.26e-05,-1.74e-05,0.0,0.0023618,0.0396768,False
NETH25,2000-03-30,664.46,2000-04-05,640.57,4,6,0.0625,-0.0022599,-3.13e-05,-1.25e-05,0.0,-3.65e-05,-2.6e-05,0.0,-0.0023661,-0.035954,False
NETH25,2000-04-27,649.92,2000-05-03,669.84,4,6,0.0625,0.0019026,-3.13e-05,-1.25e-05,0.0,-3.86e-05,-2.6e-05,0.0,0.0017942,0.03065,False
NETH25,2000-05-30,655.06,2000-06-06,668.7,4,7,0.0625,0.0013268,-3.13e-05,-1.25e-05,0.0,-4.56e-05,-3.04e-05,0.0,0.0012071,0.0208225,False
NETH25,2000-06-29,666.72,2000-07-05,667.83,4,6,0.0625,0.0001076,-3.13e-05,-1.25e-05,0.0,-4.43e-05,-2.6e-05,0.0,-6.4e-06,0.0016649,False
NETH25,2000-07-28,663.72,2000-08-03,666.75,4,6,0.0625,0.0002942,-3.13e-05,-1.25e-05,0.0,-4.43e-05,-2.6e-05,0.0,0.0001802,0.0045652,False
NETH25,2000-08-30,685.31,2000-09-05,698.02,4,6,0.0625,0.0011552,-3.13e-05,-1.25e-05,0.0,-4.6e-05,-2.6e-05,0.0,0.0010394,0.0185464,False
NETH25,2000-09-28,658.74,2000-10-04,668.93,4,6,0.0625,0.0009627,-3.13e-05,-1.25e-05,0.0,-4.69e-05,-2.6e-05,0.0,0.000846,0.0154689,False
NETH25,2000-10-30,675.62,2000-11-03,687.14,4,4,0.0625,0.0010605,-3.13e-05,-1.25e-05,0.0,-3.3e-05,-1.74e-05,0.0,0.0009664,0.017051,False
NETH25,2000-11-29,662.36,2000-12-05,661.66,4,6,0.0625,-2.63e-05,-3.13e-05,-1.25e-05,0.0,-4.95e-05,-2.6e-05,0.0,-0.0001455,-0.0010568,False
NETH25,2000-12-28,640.76,2001-01-04,638.97,4,7,0.0625,-0.0001653,-3.13e-05,-1.25e-05,0.0,-5.77e-05,-3.04e-05,0.0,-0.0002971,-0.0027936,False
NETH25,2001-01-30,634.89,2001-02-05,630.13,4,6,0.0625,-0.0004649,-3.13e-05,-1.25e-05,0.0,-4.95e-05,-2.6e-05,0.0,-0.0005841,-0.0074974,False
NETH25,2001-02-27,597.3,2001-03-05,592.24,4,6,0.0625,-0.0005284,-3.13e-05,-1.25e-05,0.0,-4.95e-05,-2.6e-05,0.0,-0.0006477,-0.0084715,False
NETH25,2001-03-29,552.77,2001-04-04,537.52,4,6,0.0625,-0.0017111,-3.13e-05,-1.25e-05,0.0,-4.95e-05,-2.6e-05,0.0,-0.0018303,-0.0275883,False
NETH25,2001-04-26,583.95,2001-05-03,585.44,4,7,0.0625,0.0001818,-3.13e-05,-1.25e-05,0.0,-5.77e-05,-3.04e-05,0.0,4.99e-05,0.0025516,False
NETH25,2001-05-30,582.7,2001-06-06,590.0,4,7,0.0625,0.0007897,-3.13e-05,-1.25e-05,0.0,-5.47e-05,-3.04e-05,0.0,0.0006609,0.0125279,False
NETH25,2001-06-28,562.95,2001-07-04,575.65,4,6,0.0625,0.0014129,-3.13e-05,-1.25e-05,0.0,-4.69e-05,-2.6e-05,0.0,0.0012962,0.0225598,False
NETH25,2001-07-30,543.76,2001-08-03,542.75,4,4,0.0625,-0.0001069,-3.13e-05,-1.25e-05,0.0,-3.13e-05,-1.74e-05,0.0,-0.0001992,-0.0018575,False
NETH25,2001-08-30,527.04,2001-09-05,513.07,4,6,0.0625,-0.0016593,-3.13e-05,-1.25e-05,0.0,-4.47e-05,-2.6e-05,0.0,-0.0017738,-0.0265065,False
NETH25,2001-09-27,434.12,2001-10-03,438.37,4,6,0.0625,0.0007215,-3.13e-05,-1.25e-05,0.0,-3.91e-05,-2.6e-05,0.0,0.0006127,0.0097899,False
NETH25,2001-10-30,452.63,2001-11-05,482.97,4,6,0.0625,0.0040992,-3.13e-05,-1.25e-05,0.0,-3.91e-05,-2.6e-05,0.0,0.0039903,0.0670305,False
NETH25,2001-11-29,490.3,2001-12-05,506.21,4,6,0.0625,0.0020232,-3.13e-05,-1.25e-05,0.0,-3.39e-05,-2.6e-05,0.0,0.0019195,0.0324495,False
NETH25,2001-12-27,504.66,2002-01-04,499.56,4,8,0.0625,-0.0006165,-3.13e-05,-1.25e-05,0.0,-4.51e-05,-3.47e-05,0.0,-0.0007401,-0.0101058,False
NETH25,2002-01-30,495.24,2002-02-05,487.18,4,6,0.0625,-0.0010065,-3.13e-05,-1.25e-05,0.0,-3.39e-05,-2.6e-05,0.0,-0.0011101,-0.0162749,False
NETH25,2002-02-27,492.67,2002-03-05,512.84,4,6,0.0625,0.0025302,-3.13e-05,-1.25e-05,0.0,-3.39e-05,-2.6e-05,0.0,0.0024266,0.0409402,False
NETH25,2002-03-27,523.27,2002-04-04,521.73,4,8,0.0625,-0.0001715,-3.13e-05,-1.25e-05,0.0,-4.51e-05,-3.47e-05,0.0,-0.0002951,-0.0029431,False
NETH25,2002-04-29,505.41,2002-05-06,493.71,4,7,0.0625,-0.0014443,-3.13e-05,-1.25e-05,0.0,-3.95e-05,-3.04e-05,0.0,-0.001558,-0.0231495,False
NETH25,2002-05-30,480.34,2002-06-05,463.02,4,6,0.0625,-0.0022537,-3.13e-05,-1.25e-05,0.0,-3.39e-05,-2.6e-05,0.0,-0.0023573,-0.0360578,False
NETH25,2002-06-27,419.06,2002-07-03,406.08,4,6,0.0625,-0.0017993,-3.13e-05,-1.25e-05,0.0,-3.39e-05,-2.6e-05,0.0,-0.0019029,-0.0309741,False
NETH25,2002-07-30,355.92,2002-08-05,323.16,4,6,0.0625,-0.0058488,-3.13e-05,-1.25e-05,0.0,-3.39e-05,-2.6e-05,0.0,-0.0059524,-0.0920432,False
NETH25,2002-08-29,365.82,2002-09-04,349.71,4,6,0.0625,-0.002745,-3.13e-05,-1.25e-05,0.0,-3.39e-05,-2.6e-05,0.0,-0.0028486,-0.0440381,False
NETH25,2002-09-27,315.74,2002-10-03,313.9,4,6,0.0625,-0.0001623,-3.13e-05,-1.25e-05,0.0,-3.39e-05,-2.6e-05,0.0,-0.000266,-0.0058276,False
NETH25,2002-10-30,335.07,2002-11-05,354.41,4,6,0.0625,0.0035731,-3.13e-05,-1.25e-05,0.0,-3.39e-05,-2.6e-05,0.0,0.0034695,0.0577193,False
NETH25,2002-11-28,360.1,2002-12-04,343.28,4,6,0.0625,-0.0029446,-3.13e-05,-1.25e-05,0.0,-3.39e-05,-2.6e-05,0.0,-0.0030483,-0.0467093,False
NETH25,2002-12-30,320.29,2003-01-06,336.23,4,7,0.0625,0.0031001,-3.13e-05,-1.25e-05,0.0,-3.34e-05,-3.04e-05,0.0,0.0029925,0.0497674,False
NETH25,2003-01-30,292.94,2003-02-05,290.87,4,6,0.0625,-0.00036,-3.13e-05,-1.25e-05,0.0,-2.86e-05,-2.6e-05,0.0,-0.0004584,-0.0070663,False
NETH25,2003-02-27,258.45,2003-03-05,253.53,4,6,0.0625,-0.0011177,-3.13e-05,-1.25e-05,0.0,-2.86e-05,-2.6e-05,0.0,-0.0012161,-0.0190366,False
NETH25,2003-03-28,262.12,2003-04-03,268.89,4,6,0.0625,0.0017701,-3.13e-05,-1.25e-05,0.0,-2.6e-05,-2.6e-05,0.0,0.0016743,0.0258279,False
NETH25,2003-04-29,283.61,2003-05-06,290.65,4,7,0.0625,0.0015642,-3.13e-05,-1.25e-05,0.0,-3.04e-05,-3.04e-05,0.0,0.0014597,0.0248229,False
NETH25,2003-05-29,277.83,2003-06-04,289.73,4,6,0.0625,0.0026552,-3.13e-05,-1.25e-05,0.0,-2.6e-05,-2.6e-05,0.0,0.0025594,0.042832,False
NETH25,2003-06-27,298.02,2003-07-03,295.5,4,6,0.0625,-0.0004688,-3.13e-05,-1.25e-05,0.0,-2.08e-05,-2.6e-05,0.0,-0.0005594,-0.0084558,False
NETH25,2003-07-30,311.77,2003-08-05,314.25,4,6,0.0625,0.0005133,-3.13e-05,-1.25e-05,0.0,-2.08e-05,-2.6e-05,0.0,0.0004227,0.0079546,False
NETH25,2003-08-28,331.11,2003-09-03,341.43,4,6,0.0625,0.0019429,-3.13e-05,-1.25e-05,0.0,-2.08e-05,-2.6e-05,0.0,0.0018523,0.0311679,False
NETH25,2003-09-29,312.52,2003-10-03,323.51,4,4,0.0625,0.0022064,-3.13e-05,-1.25e-05,0.0,-1.39e-05,-1.74e-05,0.0,0.0021314,0.0351658,False
NETH25,2003-10-30,328.55,2003-11-05,336.0,4,6,0.0625,0.001436,-3.13e-05,-1.25e-05,0.0,-2.08e-05,-2.6e-05,0.0,0.0013454,0.0226754,False
NETH25,2003-11-27,334.35,2003-12-03,339.12,4,6,0.0625,0.0008947,-3.13e-05,-1.25e-05,0.0,-2.08e-05,-2.6e-05,0.0,0.0008041,0.0142665,False
NETH25,2003-12-30,337.04,2004-01-06,342.11,4,7,0.0625,0.0009413,-3.13e-05,-1.25e-05,0.0,-2.43e-05,-3.04e-05,0.0,0.0008429,0.0150427,False
NETH25,2004-01-29,354.22,2004-02-04,348.99,4,6,0.0625,-0.0009229,-3.13e-05,-1.25e-05,0.0,-2.08e-05,-2.6e-05,0.0,-0.0010136,-0.0147649,False
NETH25,2004-02-26,355.99,2004-03-03,360.1,4,6,0.0625,0.0007228,-3.13e-05,-1.25e-05,0.0,-2.08e-05,-2.6e-05,0.0,0.0006321,0.0115453,False
NETH25,2004-03-30,339.83,2004-04-05,352.3,4,6,0.0625,0.0022739,-3.13e-05,-1.25e-05,0.0,-2.08e-05,-2.6e-05,0.0,0.0021833,0.0366948,False
NETH25,2004-04-29,343.51,2004-05-05,345.63,4,6,0.0625,0.0003888,-3.13e-05,-1.25e-05,0.0,-2.08e-05,-2.6e-05,0.0,0.0002982,0.0061716,False
NETH25,2004-05-28,336.95,2004-06-03,336.57,4,6,0.0625,-5.96e-05,-3.13e-05,-1.25e-05,0.0,-2.08e-05,-2.6e-05,0.0,-0.0001502,-0.0011278,False
NETH25,2004-06-29,346.35,2004-07-05,339.84,4,6,0.0625,-0.00118,-3.13e-05,-1.25e-05,0.0,-2.08e-05,-2.6e-05,0.0,-0.0012707,-0.018796,False
NETH25,2004-07-29,330.71,2004-08-04,323.39,4,6,0.0625,-0.00139,-3.13e-05,-1.25e-05,0.0,-2.08e-05,-2.6e-05,0.0,-0.0014806,-0.0221341,False
NETH25,2004-08-30,325.73,2004-09-03,328.75,4,4,0.0625,0.000582,-3.13e-05,-1.25e-05,0.0,-1.39e-05,-1.74e-05,0.0,0.000507,0.0092714,False
NETH25,2004-09-29,325.3,2004-10-05,336.1,4,6,0.0625,0.0020615,-3.13e-05,-1.25e-05,0.0,-2.08e-05,-2.6e-05,0.0,0.0019708,0.0332002,False
NETH25,2004-10-28,330.62,2004-11-03,335.57,4,6,0.0625,0.0009322,-3.13e-05,-1.25e-05,0.0,-2.08e-05,-2.6e-05,0.0,0.0008415,0.0149719,False
NETH25,2004-11-29,339.6,2004-12-03,343.48,4,4,0.0625,0.0007212,-3.13e-05,-1.25e-05,0.0,-1.39e-05,-1.74e-05,0.0,0.0006462,0.0114252,False
NETH25,2004-12-30,347.27,2005-01-05,350.16,4,6,0.0625,0.0005237,-3.13e-05,-1.25e-05,0.0,-2.08e-05,-2.6e-05,0.0,0.000433,0.0083221,False
NETH25,2005-01-28,357.02,2005-02-03,364.83,4,6,0.0625,0.0013595,-3.13e-05,-1.25e-05,0.0,-2.08e-05,-2.6e-05,0.0,0.0012688,0.0218755,False
NETH25,2005-02-25,374.56,2005-03-03,376.16,4,6,0.0625,0.0002669,-3.13e-05,-1.25e-05,0.0,-2.08e-05,-2.6e-05,0.0,0.0001763,0.0042717,False
NETH25,2005-03-30,368.98,2005-04-05,369.07,4,6,0.0625,1.72e-05,-3.13e-05,-1.25e-05,0.0,-2.08e-05,-2.6e-05,0.0,-7.34e-05,0.0002439,False
NETH25,2005-04-28,346.95,2005-05-04,351.18,4,6,0.0625,0.0007591,-3.13e-05,-1.25e-05,0.0,-2.08e-05,-2.6e-05,0.0,0.0006684,0.0121919,False
NETH25,2005-05-30,368.42,2005-06-03,371.52,4,4,0.0625,0.0005381,-3.13e-05,-1.25e-05,0.0,-1.39e-05,-1.74e-05,0.0,0.0004631,0.0084142,False
NETH25,2005-06-29,383.34,2005-07-05,389.11,4,6,0.0625,0.0009385,-3.13e-05,-1.25e-05,0.0,-2.08e-05,-2.6e-05,0.0,0.0008479,0.0150519,False
NETH25,2005-07-28,394.97,2005-08-03,396.92,4,6,0.0625,0.0003086,-3.13e-05,-1.25e-05,0.0,-2.08e-05,-2.6e-05,0.0,0.000218,0.0049371,False
NETH25,2005-08-30,386.08,2005-09-05,391.46,4,6,0.0625,0.0008685,-3.13e-05,-1.25e-05,0.0,-2.08e-05,-2.6e-05,0.0,0.0007779,0.0139349,False
NETH25,2005-09-29,400.41,2005-10-05,404.96,4,6,0.0625,0.0007147,-3.13e-05,-1.25e-05,0.0,-2.08e-05,-2.6e-05,0.0,0.0006241,0.0113633,False
NETH25,2005-10-28,385.95,2005-11-03,399.91,4,6,0.0625,0.0022375,-3.13e-05,-1.25e-05,0.0,-2.08e-05,-2.6e-05,0.0,0.0021469,0.0361705,False
NETH25,2005-11-29,420.33,2005-12-05,428.85,4,6,0.0625,0.0012662,-3.13e-05,-1.25e-05,0.0,-2.08e-05,-2.6e-05,0.0,0.0011755,0.0202698,False
NETH25,2005-12-29,440.87,2006-01-04,445.0,4,6,0.0625,0.0005896,-3.13e-05,-1.25e-05,0.0,-2.34e-05,-2.6e-05,0.0,0.0004963,0.0093679,False
NETH25,2006-01-30,450.7,2006-02-03,451.27,4,4,0.0625,8.75e-05,-3.13e-05,-1.25e-05,0.0,-1.56e-05,-1.74e-05,0.0,1.08e-05,0.0012646,False
NETH25,2006-02-27,467.53,2006-03-03,455.25,4,4,0.0625,-0.0016475,-3.13e-05,-1.25e-05,0.0,-1.56e-05,-1.74e-05,0.0,-0.0017242,-0.0262657,False
NETH25,2006-03-30,472.58,2006-04-05,468.53,4,6,0.0625,-0.0005332,-3.13e-05,-1.25e-05,0.0,-2.6e-05,-2.6e-05,0.0,-0.000629,-0.00857,False
NETH25,2006-04-27,474.44,2006-05-04,466.59,4,7,0.0625,-0.0010343,-3.13e-05,-1.25e-05,0.0,-3.04e-05,-3.04e-05,0.0,-0.0011388,-0.0165458,False
NETH25,2006-05-30,434.7,2006-06-05,436.21,4,6,0.0625,0.0002246,-3.13e-05,-1.25e-05,0.0,-2.6e-05,-2.6e-05,0.0,0.0001288,0.0034736,False
NETH25,2006-06-29,432.2,2006-07-05,439.15,4,6,0.0625,0.0010139,-3.13e-05,-1.25e-05,0.0,-2.86e-05,-2.6e-05,0.0,0.0009155,0.0160805,False
NETH25,2006-07-28,456.22,2006-08-03,450.65,4,6,0.0625,-0.0007568,-3.13e-05,-1.25e-05,0.0,-2.86e-05,-2.6e-05,0.0,-0.0008553,-0.012209,False
NETH25,2006-08-30,470.14,2006-09-05,471.74,4,6,0.0625,0.0002145,-3.13e-05,-1.25e-05,0.0,-3.13e-05,-2.6e-05,0.0,0.0001135,0.0034032,False
NETH25,2006-09-28,482.54,2006-10-04,484.4,4,6,0.0625,0.0002419,-3.13e-05,-1.25e-05,0.0,-3.13e-05,-2.6e-05,0.0,0.0001409,0.0038546,False
NETH25,2006-10-30,487.95,2006-11-03,487.94,4,4,0.0625,1.6e-06,-3.13e-05,-1.25e-05,0.0,-2.26e-05,-1.74e-05,0.0,-8.21e-05,-2.05e-05,False
NETH25,2006-11-29,481.99,2006-12-05,477.64,4,6,0.0625,-0.0005594,-3.13e-05,-1.25e-05,0.0,-3.39e-05,-2.6e-05,0.0,-0.000663,-0.009025,False
NETH25,2006-12-28,497.18,2007-01-04,500.33,4,7,0.0625,0.0003994,-3.13e-05,-1.25e-05,0.0,-4.25e-05,-3.04e-05,0.0,0.0002827,0.0063357,False
NETH25,2007-01-30,502.83,2007-02-05,506.19,4,6,0.0625,0.0004217,-3.13e-05,-1.25e-05,0.0,-3.65e-05,-2.6e-05,0.0,0.0003155,0.0066822,False
NETH25,2007-02-27,500.33,2007-03-05,475.59,4,6,0.0625,-0.0031443,-3.13e-05,-1.25e-05,0.0,-3.65e-05,-2.6e-05,0.0,-0.0032505,-0.0494473,False
NETH25,2007-03-29,511.85,2007-04-04,517.6,4,6,0.0625,0.0007009,-3.13e-05,-1.25e-05,0.0,-3.91e-05,-2.6e-05,0.0,0.000592,0.0112337,False
NETH25,2007-04-27,530.49,2007-05-04,539.64,4,7,0.0625,0.0010721,-3.13e-05,-1.25e-05,0.0,-4.56e-05,-3.04e-05,0.0,0.0009524,0.0172483,False
NETH25,2007-05-30,535.01,2007-06-05,544.75,4,6,0.0625,0.0011325,-3.13e-05,-1.25e-05,0.0,-3.91e-05,-2.6e-05,0.0,0.0010236,0.0182052,False
NETH25,2007-06-28,546.02,2007-07-04,554.25,4,6,0.0625,0.000937,-3.13e-05,-1.25e-05,0.0,-4.17e-05,-2.6e-05,0.0,0.0008255,0.0150727,False
NETH25,2007-07-30,525.76,2007-08-03,521.52,4,4,0.0625,-0.0004828,-3.13e-05,-1.25e-05,0.0,-2.78e-05,-1.74e-05,0.0,-0.0005716,-0.0080645,False
NETH25,2007-08-30,517.67,2007-09-05,523.02,4,6,0.0625,0.0006571,-3.13e-05,-1.25e-05,0.0,-4.17e-05,-2.6e-05,0.0,0.0005456,0.0103348,False
NETH25,2007-09-27,542.24,2007-10-03,540.53,4,6,0.0625,-0.0001937,-3.13e-05,-1.25e-05,0.0,-4.17e-05,-2.6e-05,0.0,-0.0003051,-0.0031535,False
NETH25,2007-10-30,545.25,2007-11-05,534.02,4,6,0.0625,-0.0012924,-3.13e-05,-1.25e-05,0.0,-4.17e-05,-2.6e-05,0.0,-0.0014038,-0.020596,False
NETH25,2007-11-29,501.91,2007-12-05,507.8,4,6,0.0625,0.0007526,-3.13e-05,-1.25e-05,0.0,-4.17e-05,-2.6e-05,0.0,0.0006411,0.0117351,False
NETH25,2007-12-28,515.69,2008-01-04,500.6,4,7,0.0625,-0.0018438,-3.13e-05,-1.25e-05,0.0,-4.86e-05,-3.04e-05,0.0,-0.0019665,-0.0292618,False
NETH25,2008-01-30,443.04,2008-02-05,436.81,4,6,0.0625,-0.0008322,-3.13e-05,-1.25e-05,0.0,-4.17e-05,-2.6e-05,0.0,-0.0009437,-0.014062,False
NETH25,2008-02-28,452.91,2008-03-05,444.4,4,6,0.0625,-0.0011603,-3.13e-05,-1.25e-05,0.0,-4.17e-05,-2.6e-05,0.0,-0.0012717,-0.0187896,False
NETH25,2008-03-28,440.99,2008-04-03,455.3,4,6,0.0625,0.002018,-3.13e-05,-1.25e-05,0.0,-4.17e-05,-2.6e-05,0.0,0.0019065,0.0324497,False
NETH25,2008-04-29,471.22,2008-05-06,480.66,4,7,0.0625,0.0012468,-3.13e-05,-1.25e-05,0.0,-4.86e-05,-3.04e-05,0.0,0.001124,0.0200331,False
NETH25,2008-05-29,483.81,2008-06-04,478.57,4,6,0.0625,-0.0006679,-3.13e-05,-1.25e-05,0.0,-4.17e-05,-2.6e-05,0.0,-0.0007794,-0.0108307,False
NETH25,2008-06-27,425.92,2008-07-03,408.55,4,6,0.0625,-0.0025726,-3.13e-05,-1.25e-05,0.0,-4.17e-05,-2.6e-05,0.0,-0.0026841,-0.0407824,False
NETH25,2008-07-30,404.39,2008-08-05,403.46,4,6,0.0625,-0.0001095,-3.13e-05,-1.25e-05,0.0,-4.43e-05,-2.6e-05,0.0,-0.0002235,-0.0022998,False
NETH25,2008-08-28,411.13,2008-09-03,406.32,4,6,0.0625,-0.0007207,-3.13e-05,-1.25e-05,0.0,-4.43e-05,-2.6e-05,0.0,-0.0008348,-0.0116995,False
NETH25,2008-09-29,323.55,2008-10-03,344.02,4,4,0.0625,0.0039063,-3.13e-05,-1.25e-05,0.0,-2.95e-05,-1.74e-05,0.0,0.0038157,0.0632669,False
NETH25,2008-10-30,257.65,2008-11-05,279.44,4,6,0.0625,0.0053162,-3.13e-05,-1.25e-05,0.0,-3.91e-05,-2.6e-05,0.0,0.0052073,0.0845721,False
NETH25,2008-11-27,253.26,2008-12-03,242.04,4,6,0.0625,-0.0026635,-3.13e-05,-1.25e-05,0.0,-3.39e-05,-2.6e-05,0.0,-0.0027671,-0.0443023,False
NETH25,2008-12-30,246.58,2009-01-06,269.27,4,7,0.0625,0.0056085,-3.13e-05,-1.25e-05,0.0,-3.04e-05,-3.04e-05,0.0,0.0055039,0.0920188,False
NETH25,2009-01-29,252.35,2009-02-04,254.79,4,6,0.0625,0.0006317,-3.13e-05,-1.25e-05,0.0,-2.08e-05,-2.6e-05,0.0,0.0005411,0.0096691,False
NETH25,2009-02-26,223.67,2009-03-04,211.58,4,6,0.0625,-0.0032943,-3.13e-05,-1.25e-05,0.0,-2.08e-05,-2.6e-05,0.0,-0.0033849,-0.0540528,False
NETH25,2009-03-30,211.11,2009-04-03,230.76,4,4,0.0625,0.0056761,-3.13e-05,-1.25e-05,0.0,-1.04e-05,-1.74e-05,0.0,0.0056046,0.0930794,False
NETH25,2009-04-29,238.07,2009-05-06,255.28,4,7,0.0625,0.0044313,-3.13e-05,-1.25e-05,0.0,-1.52e-05,-3.04e-05,0.0,0.0043419,0.0722896,False
NETH25,2009-05-28,260.9,2009-06-03,264.37,4,6,0.0625,0.0008727,-3.13e-05,-1.25e-05,0.0,-1.04e-05,-2.6e-05,0.0,0.0007925,0.0133001,False
NETH25,2009-06-29,258.24,2009-07-03,253.7,4,4,0.0625,-0.0010602,-3.13e-05,-1.25e-05,0.0,-6.9e-06,-1.74e-05,0.0,-0.0011283,-0.0175805,False
NETH25,2009-07-30,283.82,2009-08-05,285.24,4,6,0.0625,0.0003205,-3.13e-05,-1.25e-05,0.0,-1.04e-05,-2.6e-05,0.0,0.0002403,0.0050031,False
NETH25,2009-08-28,300.2,2009-09-03,289.01,4,6,0.0625,-0.0023574,-3.13e-05,-1.25e-05,0.0,-1.04e-05,-2.6e-05,0.0,-0.0024376,-0.0372752,False
NETH25,2009-09-29,312.12,2009-10-05,301.22,4,6,0.0625,-0.0021959,-3.13e-05,-1.25e-05,0.0,-1.04e-05,-2.6e-05,0.0,-0.0022761,-0.0349224,False
NETH25,2009-10-29,309.65,2009-11-04,305.88,4,6,0.0625,-0.000734,-3.13e-05,-1.25e-05,0.0,-1.04e-05,-2.6e-05,0.0,-0.0008142,-0.012175,False
NETH25,2009-11-27,309.52,2009-12-03,317.61,4,6,0.0625,0.0016474,-3.13e-05,-1.25e-05,0.0,-1.04e-05,-2.6e-05,0.0,0.0015672,0.0261372,False
NETH25,2009-12-30,335.14,2010-01-06,341.48,4,7,0.0625,0.0011879,-3.13e-05,-1.25e-05,0.0,-1.22e-05,-3.04e-05,0.0,0.0011016,0.0189175,False
NETH25,2010-01-28,323.95,2010-02-03,333.03,4,6,0.0625,0.0017381,-3.13e-05,-1.25e-05,0.0,-1.04e-05,-2.6e-05,0.0,0.0016579,0.028029,False
NETH25,2010-02-25,314.85,2010-03-03,331.86,4,6,0.0625,0.0033128,-3.13e-05,-1.25e-05,0.0,-1.04e-05,-2.6e-05,0.0,0.0032326,0.0540257,False
NETH25,2010-03-30,343.6,2010-04-07,353.89,4,8,0.0625,0.001863,-3.13e-05,-1.25e-05,0.0,-1.39e-05,-3.47e-05,0.0,0.0017706,0.0299476,False
NETH25,2010-04-29,348.46,2010-05-05,330.78,4,6,0.0625,-0.0032126,-3.13e-05,-1.25e-05,0.0,-1.04e-05,-2.6e-05,0.0,-0.0032928,-0.0507375,False
NETH25,2010-05-28,320.64,2010-06-03,327.03,4,6,0.0625,0.0012399,-3.13e-05,-1.25e-05,0.0,-1.04e-05,-2.6e-05,0.0,0.0011597,0.0199288,False
NETH25,2010-06-29,319.03,2010-07-05,306.27,4,6,0.0625,-0.002523,-3.13e-05,-1.25e-05,0.0,-1.04e-05,-2.6e-05,0.0,-0.0026032,-0.0399963,False
NETH25,2010-07-29,332.13,2010-08-04,339.2,4,6,0.0625,0.0013401,-3.13e-05,-1.25e-05,0.0,-1.04e-05,-2.6e-05,0.0,0.0012599,0.0212869,False
NETH25,2010-08-30,315.55,2010-09-03,329.35,4,4,0.0625,0.0027032,-3.13e-05,-1.25e-05,0.0,-6.9e-06,-1.74e-05,0.0,0.0026351,0.0437332,False
NETH25,2010-09-29,335.85,2010-10-05,335.03,4,6,0.0625,-0.0001428,-3.13e-05,-1.25e-05,0.0,-1.04e-05,-2.6e-05,0.0,-0.000223,-0.0024416,False
NETH25,2010-10-28,338.1,2010-11-03,339.05,4,6,0.0625,0.0001811,-3.13e-05,-1.25e-05,0.0,-1.04e-05,-2.6e-05,0.0,0.0001009,0.0028098,False
NETH25,2010-11-29,329.67,2010-12-03,342.19,4,4,0.0625,0.0023602,-3.13e-05,-1.25e-05,0.0,-6.9e-06,-1.74e-05,0.0,0.0022921,0.0379773,False
NETH25,2010-12-29,358.32,2011-01-05,357.28,4,7,0.0625,-0.0001769,-3.13e-05,-1.25e-05,0.0,-1.22e-05,-3.04e-05,0.0,-0.0002632,-0.0029025,False
NETH25,2011-01-28,361.16,2011-02-03,364.89,4,6,0.0625,0.0006533,-3.13e-05,-1.25e-05,0.0,-1.04e-05,-2.6e-05,0.0,0.0005731,0.0103279,False
NETH25,2011-02-25,366.77,2011-03-03,367.6,4,6,0.0625,0.0001469,-3.13e-05,-1.25e-05,0.0,-1.04e-05,-2.6e-05,0.0,6.67e-05,0.002263,False
NETH25,2011-03-30,367.87,2011-04-05,368.96,4,6,0.0625,0.0001895,-3.13e-05,-1.25e-05,0.0,-1.04e-05,-2.6e-05,0.0,0.0001093,0.002963,False
NETH25,2011-04-28,359.49,2011-05-04,355.91,4,6,0.0625,-0.0006196,-3.13e-05,-1.25e-05,0.0,-1.3e-05,-2.6e-05,0.0,-0.0007024,-0.0099585,False
NETH25,2011-05-30,346.2,2011-06-03,340.24,4,4,0.0625,-0.001072,-3.13e-05,-1.25e-05,0.0,-8.7e-06,-1.74e-05,0.0,-0.0011418,-0.0172155,False
NETH25,2011-06-29,335.28,2011-07-05,343.1,4,6,0.0625,0.0014491,-3.13e-05,-1.25e-05,0.0,-1.3e-05,-2.6e-05,0.0,0.0013663,0.0233238,False
NETH25,2011-07-28,332.56,2011-08-03,310.69,4,6,0.0625,-0.0042088,-3.13e-05,-1.25e-05,0.0,-1.56e-05,-2.6e-05,0.0,-0.0042943,-0.0657626,False
NETH25,2011-08-30,283.64,2011-09-05,274.45,4,6,0.0625,-0.0019482,-3.13e-05,-1.25e-05,0.0,-1.56e-05,-2.6e-05,0.0,-0.0020337,-0.0324002,False
NETH25,2011-09-29,283.98,2011-10-05,278.09,4,6,0.0625,-0.0012559,-3.13e-05,-1.25e-05,0.0,-1.56e-05,-2.6e-05,0.0,-0.0013413,-0.0207409,False
NETH25,2011-10-28,313.01,2011-11-03,304.5,4,6,0.0625,-0.0016545,-3.13e-05,-1.25e-05,0.0,-1.56e-05,-2.6e-05,0.0,-0.0017399,-0.0271877,False
NETH25,2011-11-29,287.55,2011-12-05,305.1,4,6,0.0625,0.0037708,-3.13e-05,-1.25e-05,0.0,-1.3e-05,-2.6e-05,0.0,0.003688,0.0610329,False
NETH25,2011-12-29,310.76,2012-01-05,311.92,4,7,0.0625,0.0002496,-3.13e-05,-1.25e-05,0.0,-1.22e-05,-3.04e-05,0.0,0.0001633,0.0037328,False
NETH25,2012-01-30,315.63,2012-02-03,326.33,4,4,0.0625,0.0021042,-3.13e-05,-1.25e-05,0.0,-6.9e-06,-1.74e-05,0.0,0.0020361,0.0339004,False
NETH25,2012-02-28,325.55,2012-03-05,325.64,4,6,0.0625,2.13e-05,-3.13e-05,-1.25e-05,0.0,-1.04e-05,-2.6e-05,0.0,-5.89e-05,0.0002765,False
NETH25,2012-03-29,321.09,2012-04-04,313.87,4,6,0.0625,-0.0013911,-3.13e-05,-1.25e-05,0.0,-1.04e-05,-2.6e-05,0.0,-0.0014714,-0.0224859,False
NETH25,2012-04-27,310.75,2012-05-04,300.95,4,7,0.0625,-0.0019899,-3.13e-05,-1.25e-05,0.0,-1.22e-05,-3.04e-05,0.0,-0.0020762,-0.0315366,False
NETH25,2012-05-30,290.66,2012-06-05,284.99,4,6,0.0625,-0.0012145,-3.13e-05,-1.25e-05,0.0,-1.04e-05,-2.6e-05,0.0,-0.0012947,-0.0195074,False
NETH25,2012-06-28,297.22,2012-07-04,314.83,4,6,0.0625,0.003641,-3.13e-05,-1.25e-05,0.0,-1.04e-05,-2.6e-05,0.0,0.0035608,0.059249,False
NETH25,2012-07-30,328.65,2012-08-03,330.43,4,4,0.0625,0.0003687,-3.13e-05,-1.25e-05,0.0,-5.2e-06,-1.74e-05,0.0,0.0003024,0.0054161,False
NETH25,2012-08-30,327.54,2012-09-05,328.83,4,6,0.0625,0.0002515,-3.13e-05,-1.25e-05,0.0,-7.8e-06,-2.6e-05,0.0,0.0001739,0.0039384,False
NETH25,2012-09-27,329.12,2012-10-03,327.98,4,6,0.0625,-0.0002008,-3.13e-05,-1.25e-05,0.0,-7.8e-06,-2.6e-05,0.0,-0.0002784,-0.0034637,False
NETH25,2012-10-30,332.35,2012-11-05,335.08,4,6,0.0625,0.0005212,-3.13e-05,-1.25e-05,0.0,-7.8e-06,-2.6e-05,0.0,0.0004436,0.0082142,False
NETH25,2012-11-29,338.1,2012-12-05,338.85,4,6,0.0625,0.0001397,-3.13e-05,-1.25e-05,0.0,-7.8e-06,-2.6e-05,0.0,6.21e-05,0.0022183,False
NETH25,2012-12-28,342.0,2013-01-04,351.73,4,7,0.0625,0.0017685,-3.13e-05,-1.25e-05,0.0,-9.1e-06,-3.04e-05,0.0,0.0016853,0.0284503,False
NETH25,2013-01-30,357.54,2013-02-05,348.43,4,6,0.0625,-0.0016013,-3.13e-05,-1.25e-05,0.0,-7.8e-06,-2.6e-05,0.0,-0.0016789,-0.0254797,False
NETH25,2013-02-27,337.37,2013-03-05,346.5,4,6,0.0625,0.0016846,-3.13e-05,-1.25e-05,0.0,-7.8e-06,-2.6e-05,0.0,0.001607,0.0270623,False
NETH25,2013-03-27,346.16,2013-04-04,346.53,4,8,0.0625,7.72e-05,-3.13e-05,-1.25e-05,0.0,-1.04e-05,-3.47e-05,0.0,-1.16e-05,0.0010689,False
NETH25,2013-04-29,354.15,2013-05-06,357.44,4,7,0.0625,0.0005847,-3.13e-05,-1.25e-05,0.0,-9.1e-06,-3.04e-05,0.0,0.0005015,0.0092899,False
NETH25,2013-05-30,367.69,2013-06-05,353.06,4,6,0.0625,-0.0025187,-3.13e-05,-1.25e-05,0.0,-5.2e-06,-2.6e-05,0.0,-0.0025937,-0.039789,False
NETH25,2013-06-27,344.75,2013-07-03,345.82,4,6,0.0625,0.0001968,-3.13e-05,-1.25e-05,0.0,-5.2e-06,-2.6e-05,0.0,0.0001218,0.0031037,False
NETH25,2013-07-30,368.99,2013-08-05,372.52,4,6,0.0625,0.0005973,-3.13e-05,-1.25e-05,0.0,-5.2e-06,-2.6e-05,0.0,0.0005223,0.0095667,False
NETH25,2013-08-29,367.13,2013-09-04,368.26,4,6,0.0625,0.000207,-3.13e-05,-1.25e-05,0.0,-5.2e-06,-2.6e-05,0.0,0.000132,0.0030779,False
NETH25,2013-09-27,375.77,2013-10-03,374.83,4,6,0.0625,-0.0001539,-3.13e-05,-1.25e-05,0.0,-5.2e-06,-2.6e-05,0.0,-0.0002289,-0.0025015,False
NETH25,2013-10-30,391.2,2013-11-05,391.25,4,6,0.0625,9.7e-06,-3.13e-05,-1.25e-05,0.0,-5.2e-06,-2.6e-05,0.0,-6.53e-05,0.0001278,False
NETH25,2013-11-28,396.75,2013-12-04,388.14,4,6,0.0625,-0.0013641,-3.13e-05,-1.25e-05,0.0,-2.6e-06,-2.6e-05,0.0,-0.0014365,-0.0217013,False
NETH25,2013-12-30,399.77,2014-01-06,399.85,4,7,0.0625,1.58e-05,-3.13e-05,-1.25e-05,0.0,-3e-06,-3.04e-05,0.0,-6.13e-05,0.0002002,False
NETH25,2014-01-30,389.61,2014-02-05,382.65,4,6,0.0625,-0.0011227,-3.13e-05,-1.25e-05,0.0,-2.6e-06,-2.6e-05,0.0,-0.0011951,-0.017864,False
NETH25,2014-02-27,398.28,2014-03-05,398.62,4,6,0.0625,9.74e-05,-3.13e-05,-1.25e-05,0.0,-2.6e-06,-2.6e-05,0.0,2.5e-05,0.0008537,False
NETH25,2014-03-28,401.79,2014-04-03,405.69,4,6,0.0625,0.0006053,-3.13e-05,-1.25e-05,0.0,-2.6e-06,-2.6e-05,0.0,0.0005329,0.0097065,False
NETH25,2014-04-29,398.47,2014-05-06,396.54,4,7,0.0625,-0.0003015,-3.13e-05,-1.25e-05,0.0,-3e-06,-3.04e-05,0.0,-0.0003786,-0.0048435,False
NETH25,2014-05-29,407.44,2014-06-04,408.07,4,6,0.0625,9.71e-05,-3.13e-05,-1.25e-05,0.0,-2.6e-06,-2.6e-05,0.0,2.47e-05,0.0015463,False
NETH25,2014-06-27,410.86,2014-07-03,419.53,4,6,0.0625,0.0013096,-3.13e-05,-1.25e-05,0.0,-1.6e-06,-2.6e-05,0.0,0.0012382,0.0211021,False
NETH25,2014-07-30,407.96,2014-08-05,398.38,4,6,0.0625,-0.0014738,-3.13e-05,-1.25e-05,0.0,-1.6e-06,-2.6e-05,0.0,-0.0015451,-0.0234827,False
NETH25,2014-08-28,412.14,2014-09-03,417.21,4,6,0.0625,0.0007656,-3.13e-05,-1.25e-05,0.0,-1.6e-06,-2.6e-05,0.0,0.0006942,0.0123016,False
NETH25,2014-09-29,418.18,2014-10-03,411.19,4,4,0.0625,-0.0010235,-3.13e-05,-1.25e-05,0.0,-3e-07,-1.74e-05,0.0,-0.001085,-0.0167153,False
NETH25,2014-10-30,403.71,2014-11-05,410.66,4,6,0.0625,0.0010929,-3.13e-05,-1.25e-05,0.0,-5e-07,-2.6e-05,0.0,0.0010226,0.0172154,False
NETH25,2014-11-27,425.75,2014-12-03,428.61,4,6,0.0625,0.0004238,-3.13e-05,-1.25e-05,0.0,-5e-07,-2.6e-05,0.0,0.0003535,0.0067175,False
NETH25,2014-12-30,421.59,2015-01-06,408.43,4,7,0.0625,-0.0019556,-3.13e-05,-1.25e-05,0.0,-6e-07,-3.04e-05,0.0,-0.0020304,-0.0312152,False
NETH25,2015-01-29,452.47,2015-02-04,454.88,4,6,0.0625,0.0003367,-3.13e-05,-1.25e-05,0.0,-5e-07,-2.6e-05,0.0,0.0002664,0.0053263,False
NETH25,2015-02-26,482.47,2015-03-04,483.57,4,6,0.0625,0.0001492,-3.13e-05,-1.25e-05,0.0,-5e-07,-2.6e-05,0.0,7.89e-05,0.0022799,False
NETH25,2015-03-30,494.69,2015-04-07,503.03,4,8,0.0625,0.0010637,-3.13e-05,-1.25e-05,0.0,-7e-07,-3.47e-05,0.0,0.0009845,0.016859,False
NETH25,2015-04-29,489.26,2015-05-06,478.15,4,7,0.0625,-0.0014216,-3.13e-05,-1.25e-05,0.0,-6e-07,-3.04e-05,0.0,-0.0014963,-0.0227078,False
NETH25,2015-05-28,502.24,2015-06-03,487.74,4,6,0.0625,-0.0018168,-3.13e-05,-1.25e-05,0.0,-5e-07,-2.6e-05,0.0,-0.0018871,-0.0288707,False
NETH25,2015-06-29,477.15,2015-07-03,474.14,4,4,0.0625,-0.0003724,-3.13e-05,-1.25e-05,0.0,-3e-07,-1.74e-05,0.0,-0.0004338,-0.0063082,False
NETH25,2015-07-30,495.17,2015-08-05,503.48,4,6,0.0625,0.0010451,-3.13e-05,-1.25e-05,0.0,-5e-07,-2.6e-05,0.0,0.0009748,0.0167821,False
NETH25,2015-08-28,445.96,2015-09-03,444.55,4,6,0.0625,-0.0001568,-3.13e-05,-1.25e-05,0.0,-5e-07,-2.6e-05,0.0,-0.0002271,-0.0031617,False
NETH25,2015-09-29,412.11,2015-10-05,436.9,4,6,0.0625,0.0037042,-3.13e-05,-1.25e-05,0.0,-5e-07,-2.6e-05,0.0,0.0036339,0.0601539,False
NETH25,2015-10-29,462.99,2015-11-04,468.84,4,6,0.0625,0.0007871,-3.13e-05,-1.25e-05,0.0,-5e-07,-2.6e-05,0.0,0.0007167,0.0126353,False
NETH25,2015-11-27,472.17,2015-12-03,449.92,4,6,0.0625,-0.002972,-3.13e-05,-1.25e-05,0.0,-5e-07,-2.6e-05,0.0,-0.0030423,-0.0471229,False
NETH25,2015-12-29,447.7,2016-01-06,428.76,4,8,0.0625,-0.0026593,-3.13e-05,-1.25e-05,0.0,-7e-07,-3.47e-05,0.0,-0.0027384,-0.0423051,False
NETH25,2016-01-28,420.1,2016-02-03,416.21,4,6,0.0625,-0.0005417,-3.13e-05,-1.25e-05,0.0,-5e-07,-2.6e-05,0.0,-0.0006121,-0.0092597,False
NETH25,2016-02-26,422.66,2016-03-03,433.95,4,6,0.0625,0.0016676,-3.13e-05,-1.25e-05,0.0,-5e-07,-2.6e-05,0.0,0.0015973,0.0267118,False
NETH25,2016-03-30,446.24,2016-04-05,428.85,4,6,0.0625,-0.0024641,-3.13e-05,-1.25e-05,0.0,0.0,-2.6e-05,0.0,-0.0025339,-0.03897,False
NETH25,2016-04-28,450.31,2016-05-04,428.92,4,6,0.0625,-0.0030102,-3.13e-05,-1.25e-05,0.0,0.0,-2.6e-05,0.0,-0.00308,-0.0475006,False
NETH25,2016-05-30,451.79,2016-06-03,445.31,4,4,0.0625,-0.0008995,-3.13e-05,-1.25e-05,0.0,0.0,-1.74e-05,0.0,-0.0009606,-0.014343,False
NETH25,2016-06-29,430.08,2016-07-05,430.41,4,6,0.0625,6.1e-05,-3.13e-05,-1.25e-05,0.0,0.0,-2.6e-05,0.0,-8.8e-06,0.0007673,False
NETH25,2016-07-28,447.82,2016-08-03,440.36,4,6,0.0625,-0.0010387,-3.13e-05,-1.25e-05,0.0,0.0,-2.6e-05,0.0,-0.0011085,-0.0166585,False
NETH25,2016-08-30,455.82,2016-09-05,464.13,4,6,0.0625,0.0011437,-3.13e-05,-1.25e-05,0.0,0.0,-2.6e-05,0.0,0.0010739,0.0182309,False
NETH25,2016-09-29,451.55,2016-10-05,456.06,4,6,0.0625,0.0006264,-3.13e-05,-1.25e-05,0.0,0.0,-2.6e-05,0.0,0.0005566,0.0099878,False
NETH25,2016-10-28,455.38,2016-11-03,442.31,4,6,0.0625,-0.0018118,-3.13e-05,-1.25e-05,0.0,0.0,-2.6e-05,0.0,-0.0018816,-0.0287013,False
NETH25,2016-11-29,452.5,2016-12-05,454.47,4,6,0.0625,0.0002829,-3.13e-05,-1.25e-05,0.0,0.0,-2.6e-05,0.0,0.0002131,0.0043536,False
NETH25,2016-12-29,482.46,2017-01-04,487.58,4,6,0.0625,0.0006616,-3.13e-05,-1.25e-05,0.0,0.0,-2.6e-05,0.0,0.0005918,0.0106123,False
NETH25,2017-01-30,479.53,2017-02-03,485.92,4,4,0.0625,0.0008324,-3.13e-05,-1.25e-05,0.0,0.0,-1.74e-05,0.0,0.0007712,0.0133256,False
NETH25,2017-02-27,494.81,2017-03-03,505.86,4,4,0.0625,0.0013929,-3.13e-05,-1.25e-05,0.0,0.0,-1.74e-05,0.0,0.0013318,0.0223318,False
NETH25,2017-03-30,515.73,2017-04-05,514.89,4,6,0.0625,-0.0001006,-3.13e-05,-1.25e-05,0.0,0.0,-2.6e-05,0.0,-0.0001703,-0.0016287,False
NETH25,2017-04-27,521.89,2017-05-04,528.44,4,7,0.0625,0.000783,-3.13e-05,-1.25e-05,0.0,0.0,-3.04e-05,0.0,0.0007088,0.0125505,False
NETH25,2017-05-30,525.71,2017-06-05,524.44,4,6,0.0625,-0.0001493,-3.13e-05,-1.25e-05,0.0,0.0,-2.6e-05,0.0,-0.0002191,-0.0024158,False
NETH25,2017-06-29,508.53,2017-07-05,511.35,4,6,0.0625,0.0003504,-3.13e-05,-1.25e-05,0.0,0.0,-2.6e-05,0.0,0.0002806,0.0055454,False
NETH25,2017-07-28,525.53,2017-08-03,525.57,4,6,0.0625,5.8e-06,-3.13e-05,-1.25e-05,0.0,0.0,-2.6e-05,0.0,-6.4e-05,7.61e-05,False
NETH25,2017-08-30,513.01,2017-09-05,515.46,4,6,0.0625,0.0002999,-3.13e-05,-1.25e-05,0.0,0.0,-2.6e-05,0.0,0.0002301,0.0047758,False
NETH25,2017-09-28,533.39,2017-10-04,541.65,4,6,0.0625,0.0009638,-3.13e-05,-1.25e-05,0.0,0.0,-2.6e-05,0.0,0.000894,0.0154859,False
NETH25,2017-10-30,549.46,2017-11-03,555.15,4,4,0.0625,0.0006458,-3.13e-05,-1.25e-05,0.0,0.0,-1.74e-05,0.0,0.0005847,0.0103556,False
NETH25,2017-11-29,541.42,2017-12-05,543.08,4,6,0.0625,0.0001978,-3.13e-05,-1.25e-05,0.0,0.0,-2.6e-05,0.0,0.0001281,0.0030661,False
NETH25,2017-12-28,547.06,2018-01-04,554.06,4,7,0.0625,0.0007998,-3.13e-05,-1.25e-05,0.0,0.0,-3.04e-05,0.0,0.0007256,0.0127957,False
NETH25,2018-01-30,561.0,2018-02-05,542.65,4,6,0.0625,-0.0020667,-3.13e-05,-1.25e-05,0.0,0.0,-2.6e-05,0.0,-0.0021365,-0.0327094,False
NETH25,2018-02-27,537.83,2018-03-05,526.51,4,6,0.0625,-0.0013047,-3.13e-05,-1.25e-05,0.0,0.0,-2.6e-05,0.0,-0.0013745,-0.0210476,False
NETH25,2018-03-28,527.0,2018-04-05,540.49,4,8,0.0625,0.0016038,-3.13e-05,-1.25e-05,0.0,0.0,-3.47e-05,0.0,0.0015253,0.0255977,False
NETH25,2018-04-27,554.94,2018-05-04,555.7,4,7,0.0625,8.89e-05,-3.13e-05,-1.25e-05,0.0,0.0,-3.04e-05,0.0,1.48e-05,0.0013695,False
NETH25,2018-05-30,557.6,2018-06-05,562.78,4,6,0.0625,0.000585,-3.13e-05,-1.25e-05,0.0,0.0,-2.6e-05,0.0,0.0005152,0.0092899,False
NETH25,2018-06-28,547.48,2018-07-04,549.22,4,6,0.0625,0.0002043,-3.13e-05,-1.25e-05,0.0,0.0,-2.6e-05,0.0,0.0001345,0.0031782,False
NETH25,2018-07-30,573.19,2018-08-03,572.29,4,4,0.0625,-9.66e-05,-3.13e-05,-1.25e-05,0.0,0.0,-1.74e-05,0.0,-0.0001577,-0.0015702,False
NETH25,2018-08-30,563.37,2018-09-05,546.91,4,6,0.0625,-0.0018422,-3.13e-05,-1.25e-05,0.0,0.0,-2.6e-05,0.0,-0.001912,-0.0292171,False
NETH25,2018-09-27,553.75,2018-10-03,552.85,4,6,0.0625,-9.67e-05,-3.13e-05,-1.25e-05,0.0,0.0,-2.6e-05,0.0,-0.0001665,-0.0016253,False
NETH25,2018-10-30,510.73,2018-11-05,521.94,4,6,0.0625,0.0013651,-3.13e-05,-1.25e-05,0.0,0.0,-2.6e-05,0.0,0.0012954,0.021949,False
NETH25,2018-11-29,520.28,2018-12-05,516.04,4,6,0.0625,-0.000503,-3.13e-05,-1.25e-05,0.0,0.0,-2.6e-05,0.0,-0.0005728,-0.0081496,False
NETH25,2018-12-28,484.17,2019-01-04,492.01,4,7,0.0625,0.001029,-3.13e-05,-1.25e-05,0.0,0.0,-3.04e-05,0.0,0.0009548,0.0161927,False
NETH25,2019-01-30,518.48,2019-02-05,532.49,4,6,0.0625,0.0016736,-3.13e-05,-1.25e-05,0.0,0.0,-2.6e-05,0.0,0.0016038,0.0270213,False
NETH25,2019-02-27,540.29,2019-03-05,541.12,4,6,0.0625,9.72e-05,-3.13e-05,-1.25e-05,0.0,0.0,-2.6e-05,0.0,2.74e-05,0.0015362,False
NETH25,2019-03-28,543.71,2019-04-03,561.35,4,6,0.0625,0.0020045,-3.13e-05,-1.25e-05,0.0,0.0,-2.6e-05,0.0,0.0019347,0.0324437,False
NETH25,2019-04-29,568.01,2019-05-06,563.75,4,7,0.0625,-0.0004639,-3.13e-05,-1.25e-05,0.0,0.0,-3.04e-05,0.0,-0.000538,-0.0074999,False
NETH25,2019-05-30,545.43,2019-06-05,543.64,4,6,0.0625,-0.0002022,-3.13e-05,-1.25e-05,0.0,0.0,-2.6e-05,0.0,-0.000272,-0.0032818,False
NETH25,2019-06-27,557.53,2019-07-03,572.93,4,6,0.0625,0.00171,-3.13e-05,-1.25e-05,0.0,0.0,-2.6e-05,0.0,0.0016402,0.0276218,False
NETH25,2019-07-30,574.34,2019-08-05,540.94,4,6,0.0625,-0.0036935,-3.13e-05,-1.25e-05,0.0,0.0,-2.6e-05,0.0,-0.0037633,-0.0581537,False
NETH25,2019-08-29,554.28,2019-09-04,563.46,4,6,0.0625,0.0010305,-3.13e-05,-1.25e-05,0.0,0.0,-2.6e-05,0.0,0.0009607,0.016562,False
NETH25,2019-09-27,578.31,2019-10-03,558.5,4,6,0.0625,-0.00215,-3.13e-05,-1.25e-05,0.0,0.0,-2.6e-05,0.0,-0.0022198,-0.034255,False
NETH25,2019-10-30,581.61,2019-11-05,590.65,4,6,0.0625,0.0009723,-3.13e-05,-1.25e-05,0.0,0.0,-2.6e-05,0.0,0.0009026,0.0155431,False
NETH25,2019-11-28,597.87,2019-12-04,590.99,4,6,0.0625,-0.0007067,-3.13e-05,-1.25e-05,0.0,0.0,-2.6e-05,0.0,-0.0007765,-0.0115075,False
NETH25,2019-12-30,605.83,2020-01-06,607.24,4,7,0.0625,0.0001527,-3.13e-05,-1.25e-05,0.0,0.0,-3.04e-05,0.0,7.86e-05,0.0023273,False
NETH25,2020-01-30,598.95,2020-02-05,613.41,4,6,0.0625,0.0015199,-3.13e-05,-1.25e-05,0.0,0.0,-2.6e-05,0.0,0.0014501,0.0241422,False
NETH25,2020-02-27,559.98,2020-03-04,557.73,4,6,0.0625,-0.0001948,-3.13e-05,-1.25e-05,0.0,0.0,-2.6e-05,0.0,-0.0002646,-0.004018,False
NETH25,2020-03-30,475.98,2020-04-03,471.46,4,4,0.0625,-0.0005555,-3.13e-05,-1.25e-05,0.0,0.0,-1.74e-05,0.0,-0.0006166,-0.0094962,False
NETH25,2020-04-29,526.96,2020-05-06,505.55,4,7,0.0625,-0.0025113,-3.13e-05,-1.25e-05,0.0,0.0,-3.04e-05,0.0,-0.0025854,-0.0406293,False
NETH25,2020-05-28,538.62,2020-06-03,561.3,4,6,0.0625,0.0026154,-3.13e-05,-1.25e-05,0.0,0.0,-2.6e-05,0.0,0.0025456,0.0421076,False
NETH25,2020-06-29,560.16,2020-07-03,568.63,4,4,0.0625,0.0009457,-3.13e-05,-1.25e-05,0.0,0.0,-1.74e-05,0.0,0.0008846,0.0151207,False
NETH25,2020-07-30,549.2,2020-08-05,563.05,4,6,0.0625,0.0015768,-3.13e-05,-1.25e-05,0.0,0.0,-2.6e-05,0.0,0.001507,0.0252185,False
NETH25,2020-08-28,556.8,2020-09-03,549.6,4,6,0.0625,-0.0007846,-3.13e-05,-1.25e-05,0.0,0.0,-2.6e-05,0.0,-0.0008544,-0.0129311,False
NETH25,2020-09-29,548.92,2020-10-05,557.92,4,6,0.0625,0.0010204,-3.13e-05,-1.25e-05,0.0,0.0,-2.6e-05,0.0,0.0009507,0.0163958,False
NETH25,2020-10-29,534.43,2020-11-04,565.26,4,6,0.0625,0.0035396,-3.13e-05,-1.25e-05,0.0,0.0,-2.6e-05,0.0,0.0034698,0.0576877,False
NETH25,2020-11-27,611.67,2020-12-03,610.48,4,6,0.0625,-0.0001165,-3.13e-05,-1.25e-05,0.0,0.0,-2.6e-05,0.0,-0.0001863,-0.0019455,False
NETH25,2020-12-30,628.06,2021-01-06,639.16,4,7,0.0625,0.0011021,-3.13e-05,-1.25e-05,0.0,0.0,-3.04e-05,0.0,0.0010279,0.0176734,False
NETH25,2021-01-28,649.0,2021-02-03,654.89,4,6,0.0625,0.0005858,-3.13e-05,-1.25e-05,0.0,0.0,-2.6e-05,0.0,0.000516,0.0090755,False
NETH25,2021-02-25,664.48,2021-03-03,663.35,4,6,0.0625,-8.08e-05,-3.13e-05,-1.25e-05,0.0,0.0,-2.6e-05,0.0,-0.0001506,-0.0017006,False
NETH25,2021-03-30,701.12,2021-04-07,710.08,4,8,0.0625,0.0008005,-3.13e-05,-1.25e-05,0.0,0.0,-3.47e-05,0.0,0.000722,0.0127796,False
NETH25,2021-04-29,710.47,2021-05-05,714.14,4,6,0.0625,0.0003568,-3.13e-05,-1.25e-05,0.0,0.0,-2.6e-05,0.0,0.000287,0.0051657,False
NETH25,2021-05-28,713.28,2021-06-03,717.08,4,6,0.0625,0.0003365,-3.13e-05,-1.25e-05,0.0,0.0,-2.6e-05,0.0,0.0002667,0.0053275,False
NETH25,2021-06-29,734.19,2021-07-05,733.99,4,6,0.0625,-1.53e-05,-3.13e-05,-1.25e-05,0.0,0.0,-2.6e-05,0.0,-8.51e-05,-0.0002724,False
NETH25,2021-07-29,758.08,2021-08-04,766.24,4,6,0.0625,0.000673,-3.13e-05,-1.25e-05,0.0,0.0,-2.6e-05,0.0,0.0006032,0.010764,False
NETH25,2021-08-30,789.14,2021-09-03,789.55,4,4,0.0625,3.41e-05,-3.13e-05,-1.25e-05,0.0,0.0,-1.74e-05,0.0,-2.7e-05,0.0005195,False
NETH25,2021-09-29,775.84,2021-10-05,771.19,4,6,0.0625,-0.0003581,-3.13e-05,-1.25e-05,0.0,0.0,-2.6e-05,0.0,-0.0004279,-0.0059935,False
NETH25,2021-10-28,812.23,2021-11-03,816.01,4,6,0.0625,0.000291,-3.13e-05,-1.25e-05,0.0,0.0,-2.6e-05,0.0,0.0002212,0.0046539,False
NETH25,2021-11-29,787.01,2021-12-03,772.22,4,4,0.0625,-0.0011626,-3.13e-05,-1.25e-05,0.0,0.0,-1.74e-05,0.0,-0.0012237,-0.0187927,False
NETH25,2021-12-30,800.25,2022-01-05,800.75,4,6,0.0625,4.14e-05,-3.13e-05,-1.25e-05,0.0,0.0,-2.6e-05,0.0,-2.84e-05,0.0006248,False
NETH25,2022-01-28,744.26,2022-02-03,748.81,4,6,0.0625,0.0004083,-3.13e-05,-1.25e-05,0.0,0.0,-2.6e-05,0.0,0.0003385,0.0061134,False
NETH25,2022-02-25,727.85,2022-03-03,705.42,4,6,0.0625,-0.0019221,-3.13e-05,-1.25e-05,0.0,0.0,-2.6e-05,0.0,-0.0019919,-0.0308168,False
NETH25,2022-03-30,733.88,2022-04-05,736.02,4,6,0.0625,0.0001941,-3.13e-05,-1.25e-05,0.0,0.0,-2.6e-05,0.0,0.0001243,0.002916,False
NETH25,2022-04-28,705.93,2022-05-04,698.68,4,6,0.0625,-0.0006146,-3.13e-05,-1.25e-05,0.0,0.0,-2.6e-05,0.0,-0.0006844,-0.0102701,False
NETH25,2022-05-30,708.34,2022-06-03,700.69,4,4,0.0625,-0.0006681,-3.13e-05,-1.25e-05,0.0,0.0,-1.74e-05,0.0,-0.0007292,-0.0107999,False
NETH25,2022-06-29,666.57,2022-07-05,644.22,4,6,0.0625,-0.0021084,-3.13e-05,-1.25e-05,0.0,0.0,-2.6e-05,0.0,-0.0021782,-0.0335299,False
NETH25,2022-07-28,722.38,2022-08-03,734.53,4,6,0.0625,0.0010504,-3.13e-05,-1.25e-05,0.0,-5.2e-06,-2.6e-05,0.0,0.0009754,0.0168194,False
NETH25,2022-08-30,690.31,2022-09-05,674.12,4,6,0.0625,-0.0014537,-3.13e-05,-1.25e-05,0.0,-5.2e-06,-2.6e-05,0.0,-0.0015287,-0.0234532,False
NETH25,2022-09-29,633.55,2022-10-05,664.45,4,6,0.0625,0.0030254,-3.13e-05,-1.25e-05,0.0,-1.3e-05,-2.6e-05,0.0,0.0029426,0.0487728,False
NETH25,2022-10-28,667.52,2022-11-03,661.18,4,6,0.0625,-0.0005901,-3.13e-05,-1.25e-05,0.0,-1.43e-05,-2.6e-05,0.0,-0.0006742,-0.0094979,False
NETH25,2022-11-29,717.74,2022-12-05,727.09,4,6,0.0625,0.0008158,-3.13e-05,-1.25e-05,0.0,-2.08e-05,-2.6e-05,0.0,0.0007251,0.0130271,False
NETH25,2022-12-29,701.01,2023-01-04,717.51,4,6,0.0625,0.0014816,-3.13e-05,-1.25e-05,0.0,-2.6e-05,-2.6e-05,0.0,0.0013858,0.0235375,False
NETH25,2023-01-30,744.83,2023-02-03,763.86,4,4,0.0625,0.0015852,-3.13e-05,-1.25e-05,0.0,-1.74e-05,-1.74e-05,0.0,0.0015068,0.0255494,False
NETH25,2023-02-27,756.99,2023-03-03,760.57,4,4,0.0625,0.0002999,-3.13e-05,-1.25e-05,0.0,-2.08e-05,-1.74e-05,0.0,0.000218,0.0047293,False
NETH25,2023-03-30,752.46,2023-04-05,755.76,4,6,0.0625,0.0002749,-3.13e-05,-1.25e-05,0.0,-3.65e-05,-2.6e-05,0.0,0.0001687,0.0043856,False
NETH25,2023-04-27,752.6,2023-05-04,741.22,4,7,0.0625,-0.0009388,-3.13e-05,-1.25e-05,0.0,-4.25e-05,-3.04e-05,0.0,-0.0010555,-0.0151209,False
NETH25,2023-05-30,756.67,2023-06-05,763.34,4,6,0.0625,0.0005591,-3.13e-05,-1.25e-05,0.0,-3.91e-05,-2.6e-05,0.0,0.0004502,0.008815,False
NETH25,2023-06-29,768.94,2023-07-05,769.89,4,6,0.0625,8.31e-05,-3.13e-05,-1.25e-05,0.0,-4.17e-05,-2.6e-05,0.0,-2.83e-05,0.0012355,False
NETH25,2023-07-28,794.27,2023-08-03,770.07,4,6,0.0625,-0.0019243,-3.13e-05,-1.25e-05,0.0,-4.21e-05,-2.6e-05,0.0,-0.0020362,-0.0304682,False
NETH25,2023-08-30,745.43,2023-09-05,747.11,4,6,0.0625,0.0001413,-3.13e-05,-1.25e-05,0.0,-4.43e-05,-2.6e-05,0.0,2.73e-05,0.0022537,False
NETH25,2023-09-28,725.99,2023-10-04,720.86,4,6,0.0625,-0.0004402,-3.13e-05,-1.25e-05,0.0,-4.69e-05,-2.6e-05,0.0,-0.0005569,-0.0070662,False
NETH25,2023-10-30,714.05,2023-11-03,736.31,4,4,0.0625,0.001932,-3.13e-05,-1.25e-05,0.0,-3.13e-05,-1.74e-05,0.0,0.0018396,0.0311743,False
NETH25,2023-11-29,761.99,2023-12-05,774.07,4,6,0.0625,0.0009863,-3.13e-05,-1.25e-05,0.0,-4.69e-05,-2.6e-05,0.0,0.0008697,0.0158532,False
NETH25,2023-12-28,787.04,2024-01-04,780.31,4,7,0.0625,-0.0005354,-3.13e-05,-1.25e-05,0.0,-5.47e-05,-3.04e-05,0.0,-0.0006643,-0.008551,False
NETH25,2024-01-30,820.64,2024-02-05,824.29,4,6,0.0625,0.0002785,-3.13e-05,-1.25e-05,0.0,-4.69e-05,-2.6e-05,0.0,0.0001618,0.0044477,False
NETH25,2024-02-28,847.46,2024-03-05,851.16,4,6,0.0625,0.0002752,-3.13e-05,-1.25e-05,0.0,-4.69e-05,-2.6e-05,0.0,0.0001585,0.0043659,False
NETH25,2024-03-27,879.1,2024-04-04,884.17,4,8,0.0625,0.00036,-3.13e-05,-1.25e-05,0.0,-6.25e-05,-3.47e-05,0.0,0.000219,0.0057673,False
NETH25,2024-04-29,882.27,2024-05-06,891.13,4,7,0.0625,0.0006286,-3.13e-05,-1.25e-05,0.0,-5.47e-05,-3.04e-05,0.0,0.0004998,0.0100423,False
NETH25,2024-05-30,905.58,2024-06-05,918.67,4,6,0.0625,0.0009086,-3.13e-05,-1.25e-05,0.0,-4.69e-05,-2.6e-05,0.0,0.0007919,0.0144548,False
NETH25,2024-06-27,925.11,2024-07-03,931.09,4,6,0.0625,0.0004044,-3.13e-05,-1.25e-05,0.0,-4.43e-05,-2.6e-05,0.0,0.0002903,0.0064641,False
NETH25,2024-07-30,907.99,2024-08-05,860.44,4,6,0.0625,-0.0033042,-3.13e-05,-1.25e-05,0.0,-4.43e-05,-2.6e-05,0.0,-0.0034182,-0.0523684,False
NETH25,2024-08-29,923.78,2024-09-04,896.98,4,6,0.0625,-0.0018283,-3.13e-05,-1.25e-05,0.0,-4.43e-05,-2.6e-05,0.0,-0.0019424,-0.0290113,False
NETH25,2024-09-27,917.43,2024-10-03,910.35,4,6,0.0625,-0.0004789,-3.13e-05,-1.25e-05,0.0,-3.65e-05,-2.6e-05,0.0,-0.0005852,-0.0077172,False
NETH25,2024-10-30,881.27,2024-11-05,882.76,4,6,0.0625,0.0001123,-3.13e-05,-1.25e-05,0.0,-3.39e-05,-2.6e-05,0.0,8.7e-06,0.0016907,False
NETH25,2024-11-28,876.58,2024-12-04,891.63,4,6,0.0625,0.0010668,-3.13e-05,-1.25e-05,0.0,-3.39e-05,-2.6e-05,0.0,0.0009631,0.017169,False
NETH25,2024-12-30,871.8,2025-01-06,891.56,4,7,0.0625,0.0014078,-3.13e-05,-1.25e-05,0.0,-3.65e-05,-3.04e-05,0.0,0.0012972,0.0226658,False
NETH25,2025-01-30,919.0,2025-02-05,919.45,4,6,0.0625,3.25e-05,-3.13e-05,-1.25e-05,0.0,-3.13e-05,-2.6e-05,0.0,-6.86e-05,0.0004897,False
NETH25,2025-02-27,925.91,2025-03-05,909.51,4,6,0.0625,-0.0011032,-3.13e-05,-1.25e-05,0.0,-2.86e-05,-2.6e-05,0.0,-0.0012016,-0.0177123,False
NETH25,2025-03-28,907.46,2025-04-03,877.42,4,6,0.0625,-0.0020763,-3.13e-05,-1.25e-05,0.0,-2.6e-05,-2.6e-05,0.0,-0.0021721,-0.0331034,False
NETH25,2025-04-29,874.74,2025-05-06,895.58,4,7,0.0625,0.0014876,-3.13e-05,-1.25e-05,0.0,-2.73e-05,-3.04e-05,0.0,0.0013861,0.0238243,False
NETH25,2025-05-29,924.22,2025-06-04,924.01,4,6,0.0625,-1.27e-05,-3.13e-05,-1.25e-05,0.0,-2.34e-05,-2.6e-05,0.0,-0.000106,-0.0002272,False
NETH25,2025-06-27,920.14,2025-07-03,915.29,4,6,0.0625,-0.000327,-3.13e-05,-1.25e-05,0.0,-2.08e-05,-2.6e-05,0.0,-0.0004176,-0.005271,False
NETH25,2025-07-30,909.41,2025-08-05,887.07,4,6,0.0625,-0.0015402,-3.13e-05,-1.25e-05,0.0,-2.08e-05,-2.6e-05,0.0,-0.0016309,-0.0245653,False
NETH25,2025-08-28,903.46,2025-09-03,888.27,4,6,0.0625,-0.0010512,-3.13e-05,-1.25e-05,0.0,-2.08e-05,-2.6e-05,0.0,-0.0011418,-0.0168131,False
NETH25,2025-09-29,941.73,2025-10-03,961.51,4,4,0.0625,0.0013044,-3.13e-05,-1.25e-05,0.0,-1.39e-05,-1.74e-05,0.0,0.0012294,0.0210039,False
NETH25,2025-10-30,981.61,2025-11-05,970.89,4,6,0.0625,-0.0006827,-3.13e-05,-1.25e-05,0.0,-2.08e-05,-2.6e-05,0.0,-0.0007734,-0.0109208,False
NETH25,2025-11-27,939.83,2025-12-03,949.64,4,6,0.0625,0.0006512,-3.13e-05,-1.25e-05,0.0,-2.08e-05,-2.6e-05,0.0,0.0005605,0.0104381,False
NETH25,2025-12-30,951.27,2026-01-06,991.67,4,7,0.0625,0.0026201,-3.13e-05,-1.25e-05,0.0,-2.43e-05,-3.04e-05,0.0,0.0025217,0.0424695,False
NETH25,2026-01-29,996.93,2026-02-04,990.32,4,6,0.0625,-0.0004053,-3.13e-05,-1.25e-05,0.0,-2.08e-05,-2.6e-05,0.0,-0.0004959,-0.0066303,False
NETH25,2026-02-26,1022.4,2026-03-04,1000.02,4,6,0.0625,-0.0013554,-3.13e-05,-1.25e-05,0.0,-2.08e-05,-2.6e-05,0.0,-0.0014461,-0.0218897,False
NETH25,2026-03-30,964.48,2026-04-07,971.88,4,8,0.0625,0.0004886,-3.13e-05,-1.25e-05,0.0,-2.78e-05,-3.47e-05,0.0,0.0003823,0.0076726,False
NETH25,2026-04-29,997.18,2026-05-06,1031.4399,4,7,0.0625,0.0021341,-3.13e-05,-1.25e-05,0.0,-2.43e-05,-3.04e-05,0.0,0.0020356,0.0343568,False
NETH25,2026-05-28,1037.1899,2026-06-03,1043.95,4,6,0.0625,0.0004119,-3.13e-05,-1.25e-05,0.0,-2.08e-05,-2.6e-05,0.0,0.0003212,0.0065176,False
NETH25,2026-06-29,1065.34,2026-07-03,1083.1801,4,4,0.0625,0.0010482,-3.13e-05,-1.25e-05,0.0,-1.56e-05,-1.74e-05,0.0,0.0009715,0.0167459,False
NETH25,2026-07-30,1104.6899,2026-08-05,1111.34,4,6,0.0625,0.0003789,-3.13e-05,-1.25e-05,0.0,-2.34e-05,-2.6e-05,0.0,0.0002856,0.0060198,False
NETH25,2026-08-28,1112.28,2026-09-03,1104.62,4,6,0.0625,-0.0004304,-3.13e-05,-1.25e-05,0.0,-2.34e-05,-2.6e-05,0.0,-0.0005236,-0.0068868,False
EU50,2007-04-27,4383.1299,2007-05-04,4445.5898,4,7,0.0625,0.0008861,-1.25e-05,-1.25e-05,0.0,-4.56e-05,-3.04e-05,0.0,0.0007851,0.0142501,False
EU50,2007-05-30,4468.7202,2007-06-05,4513.1802,4,6,0.0625,0.0006262,-1.25e-05,-1.25e-05,0.0,-3.91e-05,-2.6e-05,0.0,0.0005361,0.0099491,False
EU50,2007-06-28,4457.9902,2007-07-04,4524.2402,4,6,0.0625,0.0009272,-1.25e-05,-1.25e-05,0.0,-4.17e-05,-2.6e-05,0.0,0.0008345,0.014861,False
EU50,2007-07-30,4239.1802,2007-08-06,4202.7798,4,7,0.0625,-0.0005204,-1.25e-05,-1.25e-05,0.0,-4.86e-05,-3.04e-05,0.0,-0.0006244,-0.0085867,False
EU50,2007-08-30,4246.1201,2007-09-05,4235.4102,4,6,0.0625,-0.000139,-1.25e-05,-1.25e-05,0.0,-4.17e-05,-2.6e-05,0.0,-0.0002318,-0.0025223,False
EU50,2007-09-27,4388.98,2007-10-03,4421.5801,4,6,0.0625,0.0004644,-1.25e-05,-1.25e-05,0.0,-4.17e-05,-2.6e-05,0.0,0.0003717,0.0074277,False
EU50,2007-10-30,4462.9502,2007-11-05,4392.7998,4,6,0.0625,-0.0009798,-1.25e-05,-1.25e-05,0.0,-4.17e-05,-2.6e-05,0.0,-0.0010726,-0.0157184,False
EU50,2007-11-29,4347.0,2007-12-05,4410.0,4,6,0.0625,0.0009139,-1.25e-05,-1.25e-05,0.0,-4.17e-05,-2.6e-05,0.0,0.0008212,0.0144928,False
EU50,2007-12-28,4404.6401,2008-01-07,4283.3701,4,10,0.0625,-0.0017308,-1.25e-05,-1.25e-05,0.0,-6.94e-05,-4.34e-05,0.0,-0.0018686,-0.0275323,False
EU50,2008-01-30,3789.3101,2008-02-05,3717.0801,4,6,0.0625,-0.0011425,-1.25e-05,-1.25e-05,0.0,-4.17e-05,-2.6e-05,0.0,-0.0012353,-0.0190615,False
EU50,2008-02-28,3784.27,2008-03-05,3684.54,4,6,0.0625,-0.0016328,-1.25e-05,-1.25e-05,0.0,-4.17e-05,-2.6e-05,0.0,-0.0017255,-0.0263538,False
EU50,2008-03-28,3641.05,2008-04-03,3774.9399,4,6,0.0625,0.0022994,-1.25e-05,-1.25e-05,0.0,-4.17e-05,-2.6e-05,0.0,0.0022067,0.0367723,False
EU50,2008-04-29,3793.6299,2008-05-06,3845.0801,4,7,0.0625,0.0008515,-1.25e-05,-1.25e-05,0.0,-4.86e-05,-3.04e-05,0.0,0.0007475,0.0135623,False
EU50,2008-05-29,3752.24,2008-06-04,3699.05,4,6,0.0625,-0.0008796,-1.25e-05,-1.25e-05,0.0,-4.17e-05,-2.6e-05,0.0,-0.0009724,-0.0141755,False
EU50,2008-06-27,3340.27,2008-07-03,3330.8999,4,6,0.0625,-0.0001598,-1.25e-05,-1.25e-05,0.0,-4.17e-05,-2.6e-05,0.0,-0.0002525,-0.0028052,False
EU50,2008-07-30,3367.3301,2008-08-06,3409.02,4,7,0.0625,0.000812,-1.25e-05,-1.25e-05,0.0,-5.16e-05,-3.04e-05,0.0,0.000705,0.0123807,False
EU50,2008-08-28,3359.4199,2008-09-03,3368.97,4,6,0.0625,0.000191,-1.25e-05,-1.25e-05,0.0,-4.43e-05,-2.6e-05,0.0,9.57e-05,0.0028428,False
EU50,2008-09-29,3008.1899,2008-10-03,3113.8201,4,4,0.0625,0.0022131,-1.25e-05,-1.25e-05,0.0,-2.95e-05,-1.74e-05,0.0,0.0021413,0.0351142,False
EU50,2008-10-30,2528.04,2008-11-05,2710.6499,4,6,0.0625,0.0044814,-1.25e-05,-1.25e-05,0.0,-3.91e-05,-2.6e-05,0.0,0.0043913,0.0722338,False
EU50,2008-11-27,2427.97,2008-12-03,2369.52,4,6,0.0625,-0.0013854,-1.25e-05,-1.25e-05,0.0,-3.39e-05,-2.6e-05,0.0,-0.0014703,-0.0240736,False
EU50,2008-12-30,2451.48,2009-01-07,2538.55,4,8,0.0625,0.0022444,-1.25e-05,-1.25e-05,0.0,-3.47e-05,-3.47e-05,0.0,0.00215,0.0355173,False
EU50,2009-01-29,2269.3999,2009-02-04,2297.73,4,6,0.0625,0.0008217,-1.25e-05,-1.25e-05,0.0,-2.08e-05,-2.6e-05,0.0,0.0007498,0.0124835,False
EU50,2009-02-26,2021.14,2009-03-04,1943.46,4,6,0.0625,-0.0023046,-1.25e-05,-1.25e-05,0.0,-2.08e-05,-2.6e-05,0.0,-0.0023765,-0.0384338,False
EU50,2009-03-30,2010.61,2009-04-03,2198.75,4,4,0.0625,0.0057223,-1.25e-05,-1.25e-05,0.0,-1.04e-05,-1.74e-05,0.0,0.0056695,0.0935736,False
EU50,2009-04-29,2334.5901,2009-05-06,2437.27,4,7,0.0625,0.0027157,-1.25e-05,-1.25e-05,0.0,-1.52e-05,-3.04e-05,0.0,0.0026452,0.043982,False
EU50,2009-05-28,2453.1499,2009-06-04,2487.0801,4,7,0.0625,0.0009063,-1.25e-05,-1.25e-05,0.0,-1.22e-05,-3.04e-05,0.0,0.0008388,0.0138313,False
EU50,2009-06-29,2437.72,2009-07-03,2376.48,4,4,0.0625,-0.0015365,-1.25e-05,-1.25e-05,0.0,-6.9e-06,-1.74e-05,0.0,-0.0015858,-0.0251218,False
EU50,2009-07-30,2654.74,2009-08-05,2643.1299,4,6,0.0625,-0.0002635,-1.25e-05,-1.25e-05,0.0,-1.04e-05,-2.6e-05,0.0,-0.000325,-0.0043734,False
EU50,2009-08-28,2803.6499,2009-09-03,2699.22,4,6,0.0625,-0.002355,-1.25e-05,-1.25e-05,0.0,-1.04e-05,-2.6e-05,0.0,-0.0024165,-0.0372479,False
EU50,2009-09-29,2892.4399,2009-10-05,2790.78,4,6,0.0625,-0.0022062,-1.25e-05,-1.25e-05,0.0,-1.04e-05,-2.6e-05,0.0,-0.0022677,-0.0351468,False
EU50,2009-10-29,2824.78,2009-11-04,2763.29,4,6,0.0625,-0.001326,-1.25e-05,-1.25e-05,0.0,-1.04e-05,-2.6e-05,0.0,-0.0013875,-0.0217681,False
EU50,2009-11-27,2831.1399,2009-12-03,2876.1399,4,6,0.0625,0.0010121,-1.25e-05,-1.25e-05,0.0,-1.04e-05,-2.6e-05,0.0,0.0009506,0.0158947,False
EU50,2009-12-30,2966.24,2010-01-06,3009.6599,4,7,0.0625,0.0009177,-1.25e-05,-1.25e-05,0.0,-1.22e-05,-3.04e-05,0.0,0.0008502,0.014638,False
EU50,2010-01-28,2737.3301,2010-02-03,2804.6101,4,6,0.0625,0.001533,-1.25e-05,-1.25e-05,0.0,-1.04e-05,-2.6e-05,0.0,0.0014716,0.0245787,False
EU50,2010-02-25,2684.4199,2010-03-03,2822.5901,4,6,0.0625,0.0031583,-1.25e-05,-1.25e-05,0.0,-1.04e-05,-2.6e-05,0.0,0.0030969,0.0514711,False
EU50,2010-03-30,2939.6799,2010-04-07,2974.6201,4,8,0.0625,0.000748,-1.25e-05,-1.25e-05,0.0,-1.39e-05,-3.47e-05,0.0,0.0006744,0.0118857,False
EU50,2010-04-29,2828.1201,2010-05-05,2679.3,4,6,0.0625,-0.003327,-1.25e-05,-1.25e-05,0.0,-1.04e-05,-2.6e-05,0.0,-0.0033884,-0.0526216,False
EU50,2010-05-28,2614.0601,2010-06-03,2634.1599,4,6,0.0625,0.0004837,-1.25e-05,-1.25e-05,0.0,-1.04e-05,-2.6e-05,0.0,0.0004222,0.0076891,False
EU50,2010-06-29,2556.3401,2010-07-05,2507.8301,4,6,0.0625,-0.0011806,-1.25e-05,-1.25e-05,0.0,-1.04e-05,-2.6e-05,0.0,-0.0012421,-0.0189764,False
EU50,2010-07-29,2752.9299,2010-08-04,2825.0801,4,6,0.0625,0.0016437,-1.25e-05,-1.25e-05,0.0,-1.04e-05,-2.6e-05,0.0,0.0015823,0.0262085,False
EU50,2010-08-30,2616.5701,2010-09-03,2746.23,4,4,0.0625,0.0030649,-1.25e-05,-1.25e-05,0.0,-6.9e-06,-1.74e-05,0.0,0.0030156,0.0495534,False
EU50,2010-09-29,2752.71,2010-10-05,2758.5601,4,6,0.0625,0.000152,-1.25e-05,-1.25e-05,0.0,-1.04e-05,-2.6e-05,0.0,9.05e-05,0.0021252,False
EU50,2010-10-28,2845.53,2010-11-03,2830.4299,4,6,0.0625,-0.0003264,-1.25e-05,-1.25e-05,0.0,-1.04e-05,-2.6e-05,0.0,-0.0003879,-0.0053066,False
EU50,2010-11-29,2669.96,2010-12-03,2782.3899,4,4,0.0625,0.0026162,-1.25e-05,-1.25e-05,0.0,-6.9e-06,-1.74e-05,0.0,0.0025669,0.0421092,False
EU50,2010-12-29,2841.23,2011-01-05,2833.74,4,7,0.0625,-0.0001558,-1.25e-05,-1.25e-05,0.0,-1.22e-05,-3.04e-05,0.0,-0.0002233,-0.0026362,False
EU50,2011-01-28,2954.1299,2011-02-03,2995.49,4,6,0.0625,0.0008801,-1.25e-05,-1.25e-05,0.0,-1.04e-05,-2.6e-05,0.0,0.0008187,0.0140008,False
EU50,2011-02-25,2985.02,2011-03-03,2969.24,4,6,0.0625,-0.0003229,-1.25e-05,-1.25e-05,0.0,-1.04e-05,-2.6e-05,0.0,-0.0003844,-0.0052864,False
EU50,2011-03-30,2936.4399,2011-04-05,2950.96,4,6,0.0625,0.0003208,-1.25e-05,-1.25e-05,0.0,-1.04e-05,-2.6e-05,0.0,0.0002593,0.0049448,False
EU50,2011-04-28,3005.3301,2011-05-04,2952.02,4,6,0.0625,-0.00111,-1.25e-05,-1.25e-05,0.0,-1.3e-05,-2.6e-05,0.0,-0.0011741,-0.0177385,False
EU50,2011-05-26,2799.8201,2011-06-06,2765.3301,4,11,0.0625,-0.0007648,-1.25e-05,-1.25e-05,0.0,-2.39e-05,-4.77e-05,0.0,-0.0008614,-0.0123186,False
EU50,2011-06-29,2802.55,2011-07-05,2850.51,4,6,0.0625,0.0010732,-1.25e-05,-1.25e-05,0.0,-1.3e-05,-2.6e-05,0.0,0.0010092,0.017113,False
EU50,2011-07-28,2692.76,2011-08-04,2412.29,4,7,0.0625,-0.0067526,-1.25e-05,-1.25e-05,0.0,-1.82e-05,-3.04e-05,0.0,-0.0068263,-0.1041571,False
EU50,2011-08-30,2239.1399,2011-09-05,2107.27,4,6,0.0625,-0.0036413,-1.25e-05,-1.25e-05,0.0,-1.56e-05,-2.6e-05,0.0,-0.003708,-0.0588931,False
EU50,2011-09-29,2212.4399,2011-10-05,2179.4199,4,6,0.0625,-0.0008518,-1.25e-05,-1.25e-05,0.0,-1.56e-05,-2.6e-05,0.0,-0.0009185,-0.0149247,False
EU50,2011-10-28,2462.3601,2011-11-03,2347.9399,4,6,0.0625,-0.0028282,-1.25e-05,-1.25e-05,0.0,-1.56e-05,-2.6e-05,0.0,-0.0028949,-0.0464677,False
EU50,2011-11-29,2234.1699,2011-12-05,2369.3899,4,6,0.0625,0.0037395,-1.25e-05,-1.25e-05,0.0,-1.3e-05,-2.6e-05,0.0,0.0036754,0.0605236,False
EU50,2011-12-29,2292.28,2012-01-05,2315.75,4,7,0.0625,0.0006864,-1.25e-05,-1.25e-05,0.0,-1.22e-05,-3.04e-05,0.0,0.0006188,0.0102387,False
EU50,2012-01-30,2404.6201,2012-02-03,2515.1499,4,4,0.0625,0.0028322,-1.25e-05,-1.25e-05,0.0,-6.9e-06,-1.74e-05,0.0,0.0027829,0.0459656,False
EU50,2012-02-28,2519.72,2012-03-05,2529.8601,4,6,0.0625,0.0002592,-1.25e-05,-1.25e-05,0.0,-1.04e-05,-2.6e-05,0.0,0.0001977,0.0040243,False
EU50,2012-03-29,2452.74,2012-04-04,2398.46,4,6,0.0625,-0.0013644,-1.25e-05,-1.25e-05,0.0,-1.04e-05,-2.6e-05,0.0,-0.0014259,-0.0221304,False
EU50,2012-04-27,2344.02,2012-05-04,2248.3401,4,7,0.0625,-0.0025859,-1.25e-05,-1.25e-05,0.0,-1.22e-05,-3.04e-05,0.0,-0.0026534,-0.0408187,False
EU50,2012-05-30,2116.1799,2012-06-05,2087.3101,4,6,0.0625,-0.0008393,-1.25e-05,-1.25e-05,0.0,-1.04e-05,-2.6e-05,0.0,-0.0009008,-0.0136424,False
EU50,2012-06-28,2157.6201,2012-07-04,2312.4099,4,6,0.0625,0.0044145,-1.25e-05,-1.25e-05,0.0,-1.04e-05,-2.6e-05,0.0,0.004353,0.071741,False
EU50,2012-07-30,2340.3101,2012-08-06,2399.3201,4,7,0.0625,0.0016549,-1.25e-05,-1.25e-05,0.0,-9.1e-06,-3.04e-05,0.0,0.0015904,0.0252146,False
EU50,2012-08-30,2403.8,2012-09-05,2441.8101,4,6,0.0625,0.0009943,-1.25e-05,-1.25e-05,0.0,-7.8e-06,-2.6e-05,0.0,0.0009354,0.0158125,False
EU50,2012-09-27,2506.0601,2012-10-03,2492.48,4,6,0.0625,-0.0003157,-1.25e-05,-1.25e-05,0.0,-7.8e-06,-2.6e-05,0.0,-0.0003746,-0.0054189,False
EU50,2012-10-30,2515.99,2012-11-05,2517.6699,4,6,0.0625,5.21e-05,-1.25e-05,-1.25e-05,0.0,-7.8e-06,-2.6e-05,0.0,-6.8e-06,0.0006677,False
EU50,2012-11-29,2581.6899,2012-12-05,2592.0901,4,6,0.0625,0.000252,-1.25e-05,-1.25e-05,0.0,-7.8e-06,-2.6e-05,0.0,0.0001932,0.0040284,False
EU50,2012-12-27,2659.95,2013-01-07,2695.5601,4,11,0.0625,0.0008617,-1.25e-05,-1.25e-05,0.0,-1.43e-05,-4.77e-05,0.0,0.0007747,0.0133875,False
EU50,2013-01-30,2732.1201,2013-02-05,2651.21,4,6,0.0625,-0.0018407,-1.25e-05,-1.25e-05,0.0,-7.8e-06,-2.6e-05,0.0,-0.0018995,-0.0296144,False
EU50,2013-02-27,2611.8899,2013-03-05,2683.02,4,6,0.0625,0.0017007,-1.25e-05,-1.25e-05,0.0,-7.8e-06,-2.6e-05,0.0,0.0016418,0.0272332,False
EU50,2013-03-27,2612.46,2013-04-04,2621.4299,4,8,0.0625,0.0002375,-1.25e-05,-1.25e-05,0.0,-1.04e-05,-3.47e-05,0.0,0.0001673,0.0034335,False
EU50,2013-04-29,2717.3799,2013-05-06,2750.52,4,7,0.0625,0.000767,-1.25e-05,-1.25e-05,0.0,-9.1e-06,-3.04e-05,0.0,0.0007025,0.0121956,False
EU50,2013-05-30,2799.2,2013-06-05,2709.3301,4,6,0.0625,-0.0020248,-1.25e-05,-1.25e-05,0.0,-5.2e-06,-2.6e-05,0.0,-0.0020811,-0.0321056,False
EU50,2013-06-27,2619.8601,2013-07-03,2570.76,4,6,0.0625,-0.0011726,-1.25e-05,-1.25e-05,0.0,-5.2e-06,-2.6e-05,0.0,-0.0012289,-0.0187415,False
EU50,2013-07-30,2759.21,2013-08-06,2790.78,4,7,0.0625,0.0007201,-1.25e-05,-1.25e-05,0.0,-6.1e-06,-3.04e-05,0.0,0.0006587,0.0114417,False
EU50,2013-08-29,2758.3101,2013-09-05,2774.2,4,7,0.0625,0.0003701,-1.25e-05,-1.25e-05,0.0,-6.1e-06,-3.04e-05,0.0,0.0003086,0.0057607,False
EU50,2013-09-27,2919.3401,2013-10-03,2902.1201,4,6,0.0625,-0.0003596,-1.25e-05,-1.25e-05,0.0,-5.2e-06,-2.6e-05,0.0,-0.0004158,-0.0058986,False
EU50,2013-10-30,3040.6899,2013-11-05,3035.9199,4,6,0.0625,-9.24e-05,-1.25e-05,-1.25e-05,0.0,-5.2e-06,-2.6e-05,0.0,-0.0001486,-0.0015687,False
EU50,2013-11-28,3092.4199,2013-12-04,2991.76,4,6,0.0625,-0.0020527,-1.25e-05,-1.25e-05,0.0,-2.6e-06,-2.6e-05,0.0,-0.0021064,-0.0325505,False
EU50,2013-12-27,3111.3701,2014-01-07,3110.96,4,11,0.0625,2e-07,-1.25e-05,-1.25e-05,0.0,-4.8e-06,-4.77e-05,0.0,-7.73e-05,-0.0001318,False
EU50,2014-01-30,3027.3,2014-02-05,2962.51,4,6,0.0625,-0.0013428,-1.25e-05,-1.25e-05,0.0,-2.6e-06,-2.6e-05,0.0,-0.0013965,-0.0214019,False
EU50,2014-02-27,3134.9399,2014-03-05,3135.97,4,6,0.0625,7.27e-05,-1.25e-05,-1.25e-05,0.0,-2.6e-06,-2.6e-05,0.0,1.9e-05,0.0003286,False
EU50,2014-03-28,3172.4299,2014-04-03,3206.76,4,6,0.0625,0.0006761,-1.25e-05,-1.25e-05,0.0,-2.6e-06,-2.6e-05,0.0,0.0006225,0.0108214,False
EU50,2014-04-29,3208.6799,2014-05-06,3149.79,4,7,0.0625,-0.0011545,-1.25e-05,-1.25e-05,0.0,-3e-06,-3.04e-05,0.0,-0.001213,-0.0183533,False
EU50,2014-05-28,3246.24,2014-06-04,3237.9299,4,7,0.0625,-0.00016,-1.25e-05,-1.25e-05,0.0,-3e-06,-3.04e-05,0.0,-0.0002184,-0.0025599,False
EU50,2014-06-27,3227.8501,2014-07-03,3289.75,4,6,0.0625,0.0011942,-1.25e-05,-1.25e-05,0.0,-1.6e-06,-2.6e-05,0.0,0.0011416,0.0191768,False
EU50,2014-07-30,3169.23,2014-08-06,3050.3701,4,7,0.0625,-0.0023718,-1.25e-05,-1.25e-05,0.0,-1.8e-06,-3.04e-05,0.0,-0.002429,-0.0375043,False
EU50,2014-08-28,3164.4399,2014-09-03,3218.8401,4,6,0.0625,0.0010702,-1.25e-05,-1.25e-05,0.0,-1.6e-06,-2.6e-05,0.0,0.0010176,0.0171911,False
EU50,2014-09-29,3186.95,2014-10-03,3133.3701,4,4,0.0625,-0.0010253,-1.25e-05,-1.25e-05,0.0,-3e-07,-1.74e-05,0.0,-0.001068,-0.0168123,False
EU50,2014-10-30,3035.8999,2014-11-05,3091.54,4,6,0.0625,0.0011769,-1.25e-05,-1.25e-05,0.0,-5e-07,-2.6e-05,0.0,0.0011253,0.0183274,False
EU50,2014-11-27,3244.9199,2014-12-03,3247.72,4,6,0.0625,5.53e-05,-1.25e-05,-1.25e-05,0.0,-5e-07,-2.6e-05,0.0,3.8e-06,0.0008629,False
EU50,2014-12-23,3192.47,2015-01-08,3135.0801,4,16,0.0625,-0.0010433,-1.25e-05,-1.25e-05,0.0,-1.4e-06,-6.94e-05,0.0,-0.0011391,-0.0179766,False
EU50,2015-01-29,3371.8301,2015-02-04,3415.53,4,6,0.0625,0.0008122,-1.25e-05,-1.25e-05,0.0,-5e-07,-2.6e-05,0.0,0.0007607,0.0129603,False
EU50,2015-02-26,3574.9399,2015-03-04,3583.4399,4,6,0.0625,0.0001572,-1.25e-05,-1.25e-05,0.0,-5e-07,-2.6e-05,0.0,0.0001056,0.0023777,False
EU50,2015-03-30,3727.8,2015-04-07,3768.72,4,8,0.0625,0.0006915,-1.25e-05,-1.25e-05,0.0,-7e-07,-3.47e-05,0.0,0.0006311,0.010977,False
EU50,2015-04-29,3617.1101,2015-05-06,3558.03,4,7,0.0625,-0.0010103,-1.25e-05,-1.25e-05,0.0,-6e-07,-3.04e-05,0.0,-0.0010663,-0.0163335,False
EU50,2015-05-28,3650.71,2015-06-03,3583.8201,4,6,0.0625,-0.0011389,-1.25e-05,-1.25e-05,0.0,-5e-07,-2.6e-05,0.0,-0.0011905,-0.0183224,False
EU50,2015-06-29,3468.8999,2015-07-03,3441.76,4,4,0.0625,-0.0004681,-1.25e-05,-1.25e-05,0.0,-3e-07,-1.74e-05,0.0,-0.0005108,-0.0078238,False
EU50,2015-07-30,3583.79,2015-08-05,3676.75,4,6,0.0625,0.0016125,-1.25e-05,-1.25e-05,0.0,-5e-07,-2.6e-05,0.0,0.0015609,0.025939,False
EU50,2015-08-28,3286.5901,2015-09-03,3270.0901,4,6,0.0625,-0.0002787,-1.25e-05,-1.25e-05,0.0,-5e-07,-2.6e-05,0.0,-0.0003303,-0.0050204,False
EU50,2015-09-29,3029.8601,2015-10-05,3190.3899,4,6,0.0625,0.0032815,-1.25e-05,-1.25e-05,0.0,-5e-07,-2.6e-05,0.0,0.0032299,0.0529826,False
EU50,2015-10-29,3413.3899,2015-11-04,3439.1599,4,6,0.0625,0.0004711,-1.25e-05,-1.25e-05,0.0,-5e-07,-2.6e-05,0.0,0.0004195,0.0075497,False
EU50,2015-11-27,3488.99,2015-12-03,3343.3401,4,6,0.0625,-0.0026204,-1.25e-05,-1.25e-05,0.0,-5e-07,-2.6e-05,0.0,-0.002672,-0.0417456,False
EU50,2015-12-29,3314.28,2016-01-06,3139.3201,4,8,0.0625,-0.0033374,-1.25e-05,-1.25e-05,0.0,-7e-07,-3.47e-05,0.0,-0.0033978,-0.0527897,False
EU50,2016-01-28,2979.4199,2016-02-03,2896.6299,4,6,0.0625,-0.0017167,-1.25e-05,-1.25e-05,0.0,-5e-07,-2.6e-05,0.0,-0.0017682,-0.0277873,False
EU50,2016-02-26,2929.1599,2016-03-03,3012.8701,4,6,0.0625,0.0017738,-1.25e-05,-1.25e-05,0.0,-5e-07,-2.6e-05,0.0,0.0017222,0.0285782,False
EU50,2016-03-30,3044.1001,2016-04-05,2890.3501,4,6,0.0625,-0.0032057,-1.25e-05,-1.25e-05,0.0,0.0,-2.6e-05,0.0,-0.0032567,-0.0505075,False
EU50,2016-04-28,3125.4299,2016-05-04,2938.75,4,6,0.0625,-0.0038021,-1.25e-05,-1.25e-05,0.0,0.0,-2.6e-05,0.0,-0.0038531,-0.0597294,False
EU50,2016-05-30,3090.01,2016-06-03,2997.55,4,4,0.0625,-0.0018897,-1.25e-05,-1.25e-05,0.0,0.0,-1.74e-05,0.0,-0.0019321,-0.0299222,False
EU50,2016-06-29,2832.1799,2016-07-05,2812.8799,4,6,0.0625,-0.000411,-1.25e-05,-1.25e-05,0.0,0.0,-2.6e-05,0.0,-0.000462,-0.0068146,False
EU50,2016-07-28,2966.1001,2016-08-04,2932.3401,4,7,0.0625,-0.0006866,-1.25e-05,-1.25e-05,0.0,0.0,-3.04e-05,0.0,-0.000742,-0.011382,False
EU50,2016-08-30,3030.75,2016-09-05,3077.6599,4,6,0.0625,0.0009734,-1.25e-05,-1.25e-05,0.0,0.0,-2.6e-05,0.0,0.0009224,0.015478,False
EU50,2016-09-29,2991.5801,2016-10-05,3026.28,4,6,0.0625,0.0007246,-1.25e-05,-1.25e-05,0.0,0.0,-2.6e-05,0.0,0.0006735,0.0115992,False
EU50,2016-10-28,3079.24,2016-11-03,2973.49,4,6,0.0625,-0.0021722,-1.25e-05,-1.25e-05,0.0,0.0,-2.6e-05,0.0,-0.0022233,-0.0343429,False
EU50,2016-11-29,3038.4199,2016-12-05,3052.75,4,6,0.0625,0.0003018,-1.25e-05,-1.25e-05,0.0,0.0,-2.6e-05,0.0,0.0002507,0.0047163,False
EU50,2016-12-29,3271.76,2017-01-05,3316.47,4,7,0.0625,0.0008511,-1.25e-05,-1.25e-05,0.0,0.0,-3.04e-05,0.0,0.0007957,0.0136654,False
EU50,2017-01-30,3262.72,2017-02-03,3273.1101,4,4,0.0625,0.0002053,-1.25e-05,-1.25e-05,0.0,0.0,-1.74e-05,0.0,0.000163,0.0031845,False
EU50,2017-02-27,3309.3,2017-03-03,3403.3899,4,4,0.0625,0.0017675,-1.25e-05,-1.25e-05,0.0,0.0,-1.74e-05,0.0,0.0017251,0.0284319,False
EU50,2017-03-30,3481.5801,2017-04-05,3472.5801,4,6,0.0625,-0.0001584,-1.25e-05,-1.25e-05,0.0,0.0,-2.6e-05,0.0,-0.0002094,-0.002585,False
EU50,2017-04-27,3563.29,2017-05-04,3627.8799,4,7,0.0625,0.001128,-1.25e-05,-1.25e-05,0.0,0.0,-3.04e-05,0.0,0.0010726,0.0181265,False
EU50,2017-05-30,3561.22,2017-06-06,3554.1799,4,7,0.0625,-0.0001182,-1.25e-05,-1.25e-05,0.0,0.0,-3.04e-05,0.0,-0.0001736,-0.0019769,False
EU50,2017-06-29,3471.3301,2017-07-05,3478.4099,4,6,0.0625,0.0001365,-1.25e-05,-1.25e-05,0.0,0.0,-2.6e-05,0.0,8.55e-05,0.0020395,False
EU50,2017-07-28,3467.73,2017-08-04,3507.4099,4,7,0.0625,0.0007167,-1.25e-05,-1.25e-05,0.0,0.0,-3.04e-05,0.0,0.0006613,0.0114426,False
EU50,2017-08-30,3403.71,2017-09-05,3420.8601,4,6,0.0625,0.000317,-1.25e-05,-1.25e-05,0.0,0.0,-2.6e-05,0.0,0.000266,0.0050387,False
EU50,2017-09-28,3563.6399,2017-10-04,3594.9099,4,6,0.0625,0.0005489,-1.25e-05,-1.25e-05,0.0,0.0,-2.6e-05,0.0,0.0004978,0.0087747,False
EU50,2017-10-30,3662.1799,2017-11-03,3689.96,4,4,0.0625,0.0004741,-1.25e-05,-1.25e-05,0.0,0.0,-1.74e-05,0.0,0.0004317,0.0075857,False
EU50,2017-11-29,3589.9099,2017-12-05,3570.5701,4,6,0.0625,-0.0003262,-1.25e-05,-1.25e-05,0.0,0.0,-2.6e-05,0.0,-0.0003773,-0.0053873,False
EU50,2017-12-28,3524.3101,2018-01-05,3607.6299,4,8,0.0625,0.0014739,-1.25e-05,-1.25e-05,0.0,0.0,-3.47e-05,0.0,0.0014142,0.0236415,False
EU50,2018-01-30,3606.75,2018-02-05,3478.77,4,6,0.0625,-0.0022433,-1.25e-05,-1.25e-05,0.0,0.0,-2.6e-05,0.0,-0.0022943,-0.0354835,False
EU50,2018-02-27,3458.03,2018-03-05,3355.3201,4,6,0.0625,-0.0018615,-1.25e-05,-1.25e-05,0.0,0.0,-2.6e-05,0.0,-0.0019125,-0.0297019,False
EU50,2018-03-28,3331.25,2018-04-05,3429.95,4,8,0.0625,0.0018502,-1.25e-05,-1.25e-05,0.0,0.0,-3.47e-05,0.0,0.0017905,0.0296285,False
EU50,2018-04-27,3518.78,2018-05-04,3550.5901,4,7,0.0625,0.0005667,-1.25e-05,-1.25e-05,0.0,0.0,-3.04e-05,0.0,0.0005113,0.0090401,False
EU50,2018-05-30,3441.1899,2018-06-05,3456.79,4,6,0.0625,0.0002928,-1.25e-05,-1.25e-05,0.0,0.0,-2.6e-05,0.0,0.0002418,0.0045333,False
EU50,2018-06-28,3365.52,2018-07-04,3412.03,4,6,0.0625,0.000865,-1.25e-05,-1.25e-05,0.0,0.0,-2.6e-05,0.0,0.000814,0.0138196,False
EU50,2018-07-30,3512.3101,2018-08-06,3483.3,4,7,0.0625,-0.0005094,-1.25e-05,-1.25e-05,0.0,0.0,-3.04e-05,0.0,-0.0005648,-0.0082595,False
EU50,2018-08-30,3430.99,2018-09-05,3315.6201,4,6,0.0625,-0.0021251,-1.25e-05,-1.25e-05,0.0,0.0,-2.6e-05,0.0,-0.0021761,-0.0336258,False
EU50,2018-09-27,3449.79,2018-10-03,3405.48,4,6,0.0625,-0.0007981,-1.25e-05,-1.25e-05,0.0,0.0,-2.6e-05,0.0,-0.0008492,-0.0128443,False
EU50,2018-10-30,3147.1299,2018-11-05,3217.3701,4,6,0.0625,0.001388,-1.25e-05,-1.25e-05,0.0,0.0,-2.6e-05,0.0,0.0013369,0.0223188,False
EU50,2018-11-29,3174.1599,2018-12-05,3150.27,4,6,0.0625,-0.0004601,-1.25e-05,-1.25e-05,0.0,0.0,-2.6e-05,0.0,-0.0005111,-0.0075264,False
EU50,2018-12-27,2937.3601,2019-01-07,3033.6399,4,11,0.0625,0.0020549,-1.25e-05,-1.25e-05,0.0,0.0,-4.77e-05,0.0,0.0019822,0.0327777,False
EU50,2019-01-30,3161.74,2019-02-05,3215.04,4,6,0.0625,0.0010531,-1.25e-05,-1.25e-05,0.0,0.0,-2.6e-05,0.0,0.001002,0.0168578,False
EU50,2019-02-27,3282.77,2019-03-05,3327.1899,4,6,0.0625,0.0008416,-1.25e-05,-1.25e-05,0.0,0.0,-2.6e-05,0.0,0.0007906,0.0135312,False
EU50,2019-03-28,3320.29,2019-04-03,3435.5601,4,6,0.0625,0.0021435,-1.25e-05,-1.25e-05,0.0,0.0,-2.6e-05,0.0,0.0020924,0.0347169,False
EU50,2019-04-29,3501.9399,2019-05-06,3462.95,4,7,0.0625,-0.0006932,-1.25e-05,-1.25e-05,0.0,0.0,-3.04e-05,0.0,-0.0007486,-0.0111338,False
EU50,2019-05-29,3297.8101,2019-06-05,3339.95,4,7,0.0625,0.0007989,-1.25e-05,-1.25e-05,0.0,0.0,-3.04e-05,0.0,0.0007435,0.0127781,False
EU50,2019-06-27,3442.3799,2019-07-03,3540.6299,4,6,0.0625,0.0017659,-1.25e-05,-1.25e-05,0.0,0.0,-2.6e-05,0.0,0.0017148,0.0285413,False
EU50,2019-07-30,3462.8501,2019-08-06,3291.6599,4,7,0.0625,-0.0031341,-1.25e-05,-1.25e-05,0.0,0.0,-3.04e-05,0.0,-0.0031894,-0.0494362,False
EU50,2019-08-29,3411.3301,2019-09-04,3450.8301,4,6,0.0625,0.000723,-1.25e-05,-1.25e-05,0.0,0.0,-2.6e-05,0.0,0.000672,0.0115791,False
EU50,2019-09-27,3545.8799,2019-10-03,3417.3701,4,6,0.0625,-0.0022709,-1.25e-05,-1.25e-05,0.0,0.0,-2.6e-05,0.0,-0.002322,-0.036242,False
EU50,2019-10-30,3620.29,2019-11-05,3676.52,4,6,0.0625,0.0009691,-1.25e-05,-1.25e-05,0.0,0.0,-2.6e-05,0.0,0.0009181,0.0155319,False
EU50,2019-11-28,3704.48,2019-12-04,3660.02,4,6,0.0625,-0.0007347,-1.25e-05,-1.25e-05,0.0,0.0,-2.6e-05,0.0,-0.0007857,-0.0120017,False
EU50,2019-12-27,3782.27,2020-01-07,3759.25,4,11,0.0625,-0.0003766,-1.25e-05,-1.25e-05,0.0,0.0,-4.77e-05,0.0,-0.0004494,-0.0060863,False
EU50,2020-01-30,3690.78,2020-02-05,3777.8401,4,6,0.0625,0.0014801,-1.25e-05,-1.25e-05,0.0,0.0,-2.6e-05,0.0,0.0014291,0.0235885,False
EU50,2020-02-27,3455.9199,2020-03-04,3420.5601,4,6,0.0625,-0.0005902,-1.25e-05,-1.25e-05,0.0,0.0,-2.6e-05,0.0,-0.0006412,-0.0102317,False
EU50,2020-03-30,2765.6201,2020-04-03,2662.99,4,4,0.0625,-0.0023116,-1.25e-05,-1.25e-05,0.0,0.0,-1.74e-05,0.0,-0.0023539,-0.0371093,False
EU50,2020-04-29,2996.0801,2020-05-06,2843.76,4,7,0.0625,-0.0031806,-1.25e-05,-1.25e-05,0.0,0.0,-3.04e-05,0.0,-0.003236,-0.0508398,False
EU50,2020-05-28,3094.47,2020-06-04,3261.6699,4,7,0.0625,0.0033718,-1.25e-05,-1.25e-05,0.0,0.0,-3.04e-05,0.0,0.0033164,0.0540319,False
EU50,2020-06-29,3232.02,2020-07-03,3294.3799,4,4,0.0625,0.0012211,-1.25e-05,-1.25e-05,0.0,0.0,-1.74e-05,0.0,0.0011788,0.0192944,False
EU50,2020-07-30,3208.2,2020-08-05,3268.3799,4,6,0.0625,0.0011824,-1.25e-05,-1.25e-05,0.0,0.0,-2.6e-05,0.0,0.0011314,0.0187582,False
EU50,2020-08-28,3315.54,2020-09-03,3304.22,4,6,0.0625,-0.0001948,-1.25e-05,-1.25e-05,0.0,0.0,-2.6e-05,0.0,-0.0002458,-0.0034142,False
EU50,2020-09-29,3214.3,2020-10-05,3220.22,4,6,0.0625,0.000119,-1.25e-05,-1.25e-05,0.0,0.0,-2.6e-05,0.0,6.79e-05,0.0018417,False
EU50,2020-10-29,2960.03,2020-11-04,3161.0701,4,6,0.0625,0.0041538,-1.25e-05,-1.25e-05,0.0,0.0,-2.6e-05,0.0,0.0041028,0.0679182,False
EU50,2020-11-27,3527.79,2020-12-03,3517.1001,4,6,0.0625,-0.0001837,-1.25e-05,-1.25e-05,0.0,0.0,-2.6e-05,0.0,-0.0002348,-0.0030302,False
EU50,2020-12-29,3581.3701,2021-01-06,3611.0801,4,8,0.0625,0.0005272,-1.25e-05,-1.25e-05,0.0,0.0,-3.47e-05,0.0,0.0004675,0.0082957,False
EU50,2021-01-28,3557.04,2021-02-03,3609.75,4,6,0.0625,0.0009496,-1.25e-05,-1.25e-05,0.0,0.0,-2.6e-05,0.0,0.0008986,0.0148185,False
EU50,2021-02-25,3685.28,2021-03-03,3712.78,4,6,0.0625,0.0004817,-1.25e-05,-1.25e-05,0.0,0.0,-2.6e-05,0.0,0.0004307,0.0074621,False
EU50,2021-03-30,3926.2,2021-04-07,3956.77,4,8,0.0625,0.0004879,-1.25e-05,-1.25e-05,0.0,0.0,-3.47e-05,0.0,0.0004281,0.0077862,False
EU50,2021-04-29,3996.8999,2021-05-05,4002.79,4,6,0.0625,0.0001177,-1.25e-05,-1.25e-05,0.0,0.0,-2.6e-05,0.0,6.67e-05,0.0014737,False
EU50,2021-05-28,4070.5601,2021-06-03,4079.24,4,6,0.0625,0.0001376,-1.25e-05,-1.25e-05,0.0,0.0,-2.6e-05,0.0,8.66e-05,0.0021324,False
EU50,2021-06-29,4107.5098,2021-07-05,4087.3701,4,6,0.0625,-0.0003032,-1.25e-05,-1.25e-05,0.0,0.0,-2.6e-05,0.0,-0.0003543,-0.0049031,False
EU50,2021-07-29,4116.77,2021-08-04,4144.8999,4,6,0.0625,0.0004297,-1.25e-05,-1.25e-05,0.0,0.0,-2.6e-05,0.0,0.0003787,0.006833,False
EU50,2021-08-30,4198.7998,2021-09-03,4201.98,4,4,0.0625,5.06e-05,-1.25e-05,-1.25e-05,0.0,0.0,-1.74e-05,0.0,8.3e-06,0.0007574,False
EU50,2021-09-29,4080.22,2021-10-05,4065.4299,4,6,0.0625,-0.0002126,-1.25e-05,-1.25e-05,0.0,0.0,-2.6e-05,0.0,-0.0002636,-0.0036248,False
EU50,2021-10-28,4233.8701,2021-11-03,4309.6099,4,6,0.0625,0.0011109,-1.25e-05,-1.25e-05,0.0,0.0,-2.6e-05,0.0,0.0010599,0.017889,False
EU50,2021-11-29,4109.5098,2021-12-03,4080.1499,4,4,0.0625,-0.0004085,-1.25e-05,-1.25e-05,0.0,0.0,-1.74e-05,0.0,-0.0004508,-0.0071444,False
EU50,2021-12-29,4284.8301,2022-01-05,4392.1499,4,7,0.0625,0.0015511,-1.25e-05,-1.25e-05,0.0,0.0,-3.04e-05,0.0,0.0014957,0.0250465,False
EU50,2022-01-28,4136.9102,2022-02-03,4141.02,4,6,0.0625,8.07e-05,-1.25e-05,-1.25e-05,0.0,0.0,-2.6e-05,0.0,2.97e-05,0.0009935,False
EU50,2022-02-25,3970.6899,2022-03-03,3741.78,4,6,0.0625,-0.0036345,-1.25e-05,-1.25e-05,0.0,0.0,-2.6e-05,0.0,-0.0036855,-0.0576499,False
EU50,2022-03-30,3959.1399,2022-04-05,3917.8501,4,6,0.0625,-0.0006439,-1.25e-05,-1.25e-05,0.0,0.0,-2.6e-05,0.0,-0.0006949,-0.010429,False
EU50,2022-04-28,3777.02,2022-05-04,3724.99,4,6,0.0625,-0.0008499,-1.25e-05,-1.25e-05,0.0,0.0,-2.6e-05,0.0,-0.0009009,-0.0137754,False
EU50,2022-05-30,3841.6201,2022-06-03,3783.6599,4,4,0.0625,-0.0009393,-1.25e-05,-1.25e-05,0.0,0.0,-1.74e-05,0.0,-0.0009816,-0.0150874,False
EU50,2022-06-29,3514.3201,2022-07-05,3359.8301,4,6,0.0625,-0.0027776,-1.25e-05,-1.25e-05,0.0,0.0,-2.6e-05,0.0,-0.0028287,-0.0439601,False
EU50,2022-07-28,3652.2,2022-08-04,3754.6001,4,7,0.0625,0.0017431,-1.25e-05,-1.25e-05,0.0,-6.1e-06,-3.04e-05,0.0,0.0016816,0.0280379,False
EU50,2022-08-30,3561.9199,2022-09-05,3490.01,4,6,0.0625,-0.0012332,-1.25e-05,-1.25e-05,0.0,-5.2e-06,-2.6e-05,0.0,-0.0012894,-0.0201885,False
EU50,2022-09-29,3279.04,2022-10-05,3447.72,4,6,0.0625,0.0031998,-1.25e-05,-1.25e-05,0.0,-1.3e-05,-2.6e-05,0.0,0.0031357,0.0514419,False
EU50,2022-10-28,3613.02,2022-11-03,3593.1799,4,6,0.0625,-0.0003375,-1.25e-05,-1.25e-05,0.0,-1.43e-05,-2.6e-05,0.0,-0.0004028,-0.0054913,False
EU50,2022-11-29,3934.4399,2022-12-05,3956.53,4,6,0.0625,0.0003535,-1.25e-05,-1.25e-05,0.0,-2.08e-05,-2.6e-05,0.0,0.0002817,0.0056145,False
EU50,2022-12-29,3850.0701,2023-01-05,3959.48,4,7,0.0625,0.0017925,-1.25e-05,-1.25e-05,0.0,-3.04e-05,-3.04e-05,0.0,0.0017067,0.0284176,False
EU50,2023-01-30,4158.6299,2023-02-03,4257.98,4,4,0.0625,0.0014848,-1.25e-05,-1.25e-05,0.0,-1.74e-05,-1.74e-05,0.0,0.0014251,0.0238901,False
EU50,2023-02-27,4248.0098,2023-03-03,4294.7998,4,4,0.0625,0.0006918,-1.25e-05,-1.25e-05,0.0,-2.08e-05,-1.74e-05,0.0,0.0006287,0.0110146,False
EU50,2023-03-30,4285.4199,2023-04-05,4298.3599,4,6,0.0625,0.0001905,-1.25e-05,-1.25e-05,0.0,-3.65e-05,-2.6e-05,0.0,0.000103,0.0030195,False
EU50,2023-04-27,4358.0498,2023-05-04,4287.0298,4,7,0.0625,-0.0010187,-1.25e-05,-1.25e-05,0.0,-4.25e-05,-3.04e-05,0.0,-0.0011166,-0.0162963,False
EU50,2023-05-30,4291.5801,2023-06-05,4293.2402,4,6,0.0625,4.51e-05,-1.25e-05,-1.25e-05,0.0,-3.91e-05,-2.6e-05,0.0,-4.5e-05,0.0003868,False
EU50,2023-06-29,4354.6899,2023-07-05,4350.71,4,6,0.0625,-5.12e-05,-1.25e-05,-1.25e-05,0.0,-4.17e-05,-2.6e-05,0.0,-0.0001439,-0.000914,False
EU50,2023-07-28,4466.5,2023-08-04,4332.9102,4,7,0.0625,-0.0018658,-1.25e-05,-1.25e-05,0.0,-4.95e-05,-3.04e-05,0.0,-0.0019707,-0.0299093,False
EU50,2023-08-30,4315.3101,2023-09-05,4269.1602,4,6,0.0625,-0.0006709,-1.25e-05,-1.25e-05,0.0,-4.43e-05,-2.6e-05,0.0,-0.0007662,-0.0106945,False
EU50,2023-09-28,4161.5601,2023-10-04,4099.8501,4,6,0.0625,-0.0009277,-1.25e-05,-1.25e-05,0.0,-4.69e-05,-2.6e-05,0.0,-0.0010256,-0.0148286,False
EU50,2023-10-30,4028.3201,2023-11-03,4174.6699,4,4,0.0625,0.0022454,-1.25e-05,-1.25e-05,0.0,-3.13e-05,-1.74e-05,0.0,0.0021718,0.0363302,False
EU50,2023-11-29,4370.5298,2023-12-05,4452.77,4,6,0.0625,0.0011698,-1.25e-05,-1.25e-05,0.0,-4.69e-05,-2.6e-05,0.0,0.0010719,0.018817,False
EU50,2023-12-28,4514.3799,2024-01-05,4463.5098,4,8,0.0625,-0.0006986,-1.25e-05,-1.25e-05,0.0,-6.25e-05,-3.47e-05,0.0,-0.0008208,-0.0112685,False
EU50,2024-01-30,4662.7002,2024-02-05,4655.27,4,6,0.0625,-9.89e-05,-1.25e-05,-1.25e-05,0.0,-4.69e-05,-2.6e-05,0.0,-0.0001968,-0.0015935,False
EU50,2024-02-28,4883.77,2024-03-05,4893.0698,4,6,0.0625,0.0001203,-1.25e-05,-1.25e-05,0.0,-4.69e-05,-2.6e-05,0.0,2.24e-05,0.0019042,False
EU50,2024-03-27,5081.7402,2024-04-04,5070.7598,4,8,0.0625,-0.0001322,-1.25e-05,-1.25e-05,0.0,-6.25e-05,-3.47e-05,0.0,-0.0002544,-0.0021608,False
EU50,2024-04-29,4981.0898,2024-05-06,4956.96,4,7,0.0625,-0.0002949,-1.25e-05,-1.25e-05,0.0,-5.47e-05,-3.04e-05,0.0,-0.000405,-0.0048443,False
EU50,2024-05-30,4982.1802,2024-06-05,5035.6602,4,6,0.0625,0.0006795,-1.25e-05,-1.25e-05,0.0,-4.69e-05,-2.6e-05,0.0,0.0005816,0.0107343,False
EU50,2024-06-27,4902.6001,2024-07-03,4965.7998,4,6,0.0625,0.0008076,-1.25e-05,-1.25e-05,0.0,-4.43e-05,-2.6e-05,0.0,0.0007123,0.0128911,False
EU50,2024-07-30,4841.0,2024-08-06,4575.2202,4,7,0.0625,-0.0034466,-1.25e-05,-1.25e-05,0.0,-5.16e-05,-3.04e-05,0.0,-0.0035536,-0.0549018,False
EU50,2024-08-29,4966.27,2024-09-04,4848.1802,4,6,0.0625,-0.0014936,-1.25e-05,-1.25e-05,0.0,-4.43e-05,-2.6e-05,0.0,-0.001589,-0.0237784,False
EU50,2024-09-27,5067.4502,2024-10-03,4921.3301,4,6,0.0625,-0.0018181,-1.25e-05,-1.25e-05,0.0,-3.65e-05,-2.6e-05,0.0,-0.0019056,-0.028835,False
EU50,2024-10-30,4885.75,2024-11-05,4870.3301,4,6,0.0625,-0.0001885,-1.25e-05,-1.25e-05,0.0,-3.39e-05,-2.6e-05,0.0,-0.0002734,-0.0031561,False
EU50,2024-11-28,4758.6499,2024-12-04,4919.02,4,6,0.0625,0.0020803,-1.25e-05,-1.25e-05,0.0,-3.39e-05,-2.6e-05,0.0,0.0019954,0.0337008,False
EU50,2024-12-27,4898.8799,2025-01-07,5011.8198,4,11,0.0625,0.0014437,-1.25e-05,-1.25e-05,0.0,-5.73e-05,-4.77e-05,0.0,0.0013136,0.0230542,False
EU50,2025-01-30,5282.21,2025-02-05,5271.1201,4,6,0.0625,-0.0001234,-1.25e-05,-1.25e-05,0.0,-3.13e-05,-2.6e-05,0.0,-0.0002057,-0.0020995,False
EU50,2025-02-27,5472.5601,2025-03-05,5489.1201,4,6,0.0625,0.0002305,-1.25e-05,-1.25e-05,0.0,-2.86e-05,-2.6e-05,0.0,0.0001508,0.003026,False
EU50,2025-03-28,5331.3999,2025-04-03,5113.2798,4,6,0.0625,-0.0025557,-1.25e-05,-1.25e-05,0.0,-2.6e-05,-2.6e-05,0.0,-0.0026327,-0.0409124,False
EU50,2025-04-29,5161.8999,2025-05-06,5263.3799,4,7,0.0625,0.0012353,-1.25e-05,-1.25e-05,0.0,-2.73e-05,-3.04e-05,0.0,0.0011525,0.0196594,False
EU50,2025-05-28,5378.3901,2025-06-04,5405.1499,4,7,0.0625,0.0003119,-1.25e-05,-1.25e-05,0.0,-2.73e-05,-3.04e-05,0.0,0.0002291,0.0049754,False
EU50,2025-06-27,5325.6401,2025-07-03,5343.1499,4,6,0.0625,0.0002083,-1.25e-05,-1.25e-05,0.0,-2.08e-05,-2.6e-05,0.0,0.0001364,0.0032878,False
EU50,2025-07-30,5393.1802,2025-08-06,5263.29,4,7,0.0625,-0.0015109,-1.25e-05,-1.25e-05,0.0,-2.43e-05,-3.04e-05,0.0,-0.0015906,-0.0240841,False
EU50,2025-08-28,5396.73,2025-09-03,5325.0098,4,6,0.0625,-0.0008261,-1.25e-05,-1.25e-05,0.0,-2.08e-05,-2.6e-05,0.0,-0.000898,-0.0132896,False
EU50,2025-09-29,5506.8501,2025-10-03,5651.71,4,4,0.0625,0.0016302,-1.25e-05,-1.25e-05,0.0,-1.39e-05,-1.74e-05,0.0,0.001574,0.0263054,False
EU50,2025-10-30,5699.1802,2025-11-05,5669.1299,4,6,0.0625,-0.0003284,-1.25e-05,-1.25e-05,0.0,-2.08e-05,-2.6e-05,0.0,-0.0004002,-0.0052727,False
EU50,2025-11-27,5653.1699,2025-12-03,5694.5601,4,6,0.0625,0.0004566,-1.25e-05,-1.25e-05,0.0,-2.08e-05,-2.6e-05,0.0,0.0003847,0.0073216,False
EU50,2025-12-29,5751.71,2026-01-07,5923.5698,4,9,0.0625,0.001857,-1.25e-05,-1.25e-05,0.0,-3.13e-05,-3.91e-05,0.0,0.0017617,0.0298798,False
EU50,2026-01-29,5891.9502,2026-02-04,5970.4702,4,6,0.0625,0.000834,-1.25e-05,-1.25e-05,0.0,-2.08e-05,-2.6e-05,0.0,0.0007621,0.0133267,False
EU50,2026-02-26,6161.5601,2026-03-04,5870.9199,4,6,0.0625,-0.0029496,-1.25e-05,-1.25e-05,0.0,-2.08e-05,-2.6e-05,0.0,-0.0030215,-0.0471699,False
EU50,2026-03-30,5541.79,2026-04-07,5633.2202,4,8,0.0625,0.0010547,-1.25e-05,-1.25e-05,0.0,-2.78e-05,-3.47e-05,0.0,0.0009672,0.0164983,False
EU50,2026-04-29,5816.48,2026-05-06,6027.1299,4,7,0.0625,0.0022726,-1.25e-05,-1.25e-05,0.0,-2.43e-05,-3.04e-05,0.0,0.0021929,0.036216,False
EU50,2026-05-28,6055.1099,2026-06-03,6053.5698,4,6,0.0625,-8.7e-06,-1.25e-05,-1.25e-05,0.0,-2.08e-05,-2.6e-05,0.0,-8.05e-05,-0.0002543,False
EU50,2026-06-29,6231.6299,2026-07-03,6412.6802,4,4,0.0625,0.0018059,-1.25e-05,-1.25e-05,0.0,-1.56e-05,-1.74e-05,0.0,0.0017479,0.0290534,False
EU50,2026-07-30,6344.3999,2026-08-05,6476.98,4,6,0.0625,0.0012992,-1.25e-05,-1.25e-05,0.0,-2.34e-05,-2.6e-05,0.0,0.0012247,0.0208972,False
EU50,2026-08-28,6485.6699,2026-09-03,6382.5898,4,6,0.0625,-0.0009958,-1.25e-05,-1.25e-05,0.0,-2.34e-05,-2.6e-05,0.0,-0.0010702,-0.0158935,False
SWE30,2008-11-27,645.51,2008-12-03,643.66,4,6,0.0625,-8.3e-06,-3.13e-05,-1.25e-05,0.0,-3.91e-05,-2.6e-05,0.0,-0.0001172,-0.002866,False
SWE30,2008-12-29,657.27,2009-01-07,701.41,4,9,0.0625,0.0041363,-3.13e-05,-1.25e-05,0.0,-3.13e-05,-3.91e-05,0.0,0.0040222,0.0671565,False
SWE30,2009-01-29,616.1,2009-02-04,644.71,4,6,0.0625,0.0029306,-3.13e-05,-1.25e-05,0.0,-2.08e-05,-2.6e-05,0.0,0.00284,0.0464373,False
SWE30,2009-02-26,643.94,2009-03-04,630.23,4,6,0.0625,-0.0012349,-3.13e-05,-1.25e-05,0.0,-1.04e-05,-2.6e-05,0.0,-0.0013151,-0.0212908,False
SWE30,2009-03-30,633.09,2009-04-03,711.16,4,4,0.0625,0.0074256,-3.13e-05,-1.25e-05,0.0,-6.9e-06,-1.74e-05,0.0,0.0073576,0.1233157,False
SWE30,2009-04-29,768.8,2009-05-06,799.42,4,7,0.0625,0.0024693,-3.13e-05,-1.25e-05,0.0,-6.1e-06,-3.04e-05,0.0,0.0023891,0.0398283,False
SWE30,2009-05-28,771.82,2009-06-03,770.61,4,6,0.0625,-3.24e-05,-3.13e-05,-1.25e-05,0.0,-5.2e-06,-2.6e-05,0.0,-0.0001074,-0.0015678,False
SWE30,2009-06-29,804.33,2009-07-03,790.45,4,4,0.0625,-0.0010469,-3.13e-05,-1.25e-05,0.0,-3.5e-06,-1.74e-05,0.0,-0.0011115,-0.0172566,False
SWE30,2009-07-30,879.2,2009-08-05,874.46,4,6,0.0625,-0.00032,-3.13e-05,-1.25e-05,0.0,-2.6e-06,-2.6e-05,0.0,-0.0003924,-0.0053913,False
SWE30,2009-08-28,919.91,2009-09-03,879.28,4,6,0.0625,-0.0027939,-3.13e-05,-1.25e-05,0.0,-2.6e-06,-2.6e-05,0.0,-0.0028663,-0.0441673,False
SWE30,2009-09-29,902.82,2009-10-05,876.43,4,6,0.0625,-0.0018318,-3.13e-05,-1.25e-05,0.0,-2.6e-06,-2.6e-05,0.0,-0.0019042,-0.0292306,False
SWE30,2009-10-29,939.82,2009-11-04,937.42,4,6,0.0625,-0.0001354,-3.13e-05,-1.25e-05,0.0,-2.6e-06,-2.6e-05,0.0,-0.0002078,-0.0025537,False
SWE30,2009-11-27,952.53,2009-12-03,954.64,4,6,0.0625,0.0001592,-3.13e-05,-1.25e-05,0.0,-2.6e-06,-2.6e-05,0.0,8.68e-05,0.0022151,False
SWE30,2009-12-29,965.8,2010-01-07,965.82,4,9,0.0625,1.33e-05,-3.13e-05,-1.25e-05,0.0,-3.9e-06,-3.91e-05,0.0,-7.34e-05,2.07e-05,False
SWE30,2010-01-28,937.22,2010-02-03,970.0,4,6,0.0625,0.0021656,-3.13e-05,-1.25e-05,0.0,-2.6e-06,-2.6e-05,0.0,0.0020932,0.0349758,False
SWE30,2010-02-25,940.51,2010-03-03,981.19,4,6,0.0625,0.0026645,-3.13e-05,-1.25e-05,0.0,-2.6e-06,-2.6e-05,0.0,0.0025921,0.0432531,False
SWE30,2010-03-30,1022.79,2010-04-07,1042.78,4,8,0.0625,0.00122,-3.13e-05,-1.25e-05,0.0,-3.5e-06,-3.47e-05,0.0,0.001138,0.0195446,False
SWE30,2010-04-29,1061.77,2010-05-05,1000.7,4,6,0.0625,-0.0036491,-3.13e-05,-1.25e-05,0.0,-2.6e-06,-2.6e-05,0.0,-0.0037215,-0.0575172,False
SWE30,2010-05-28,979.12,2010-06-03,1005.93,4,6,0.0625,0.001699,-3.13e-05,-1.25e-05,0.0,-2.6e-06,-2.6e-05,0.0,0.0016266,0.0273817,False
SWE30,2010-06-29,993.92,2010-07-05,980.94,4,6,0.0625,-0.0007981,-3.13e-05,-1.25e-05,0.0,-2.6e-06,-2.6e-05,0.0,-0.0008705,-0.0130594,False
SWE30,2010-07-29,1049.02,2010-08-04,1071.28,4,6,0.0625,0.0013336,-3.13e-05,-1.25e-05,0.0,-5.2e-06,-2.6e-05,0.0,0.0012586,0.0212198,False
SWE30,2010-08-30,1008.52,2010-09-03,1047.99,4,4,0.0625,0.0024435,-3.13e-05,-1.25e-05,0.0,-3.5e-06,-1.74e-05,0.0,0.0023789,0.0391365,False
SWE30,2010-09-29,1085.09,2010-10-05,1089.3101,4,6,0.0625,0.00026,-3.13e-05,-1.25e-05,0.0,-7.8e-06,-2.6e-05,0.0,0.0001824,0.0038892,False
SWE30,2010-10-28,1091.65,2010-11-03,1089.47,4,6,0.0625,-0.0001227,-3.13e-05,-1.25e-05,0.0,-1.04e-05,-2.6e-05,0.0,-0.0002029,-0.001997,False
SWE30,2010-11-29,1104.35,2010-12-03,1149.5601,4,4,0.0625,0.0025299,-3.13e-05,-1.25e-05,0.0,-6.9e-06,-1.74e-05,0.0,0.0024618,0.0409382,False
SWE30,2010-12-29,1165.11,2011-01-05,1151.8,4,7,0.0625,-0.0006982,-3.13e-05,-1.25e-05,0.0,-1.52e-05,-3.04e-05,0.0,-0.0007875,-0.0114238,False
SWE30,2011-01-28,1151.8,2011-02-03,1138.72,4,6,0.0625,-0.0007052,-3.13e-05,-1.25e-05,0.0,-1.3e-05,-2.6e-05,0.0,-0.000788,-0.0113562,False
SWE30,2011-02-25,1116.79,2011-03-03,1110.8,4,6,0.0625,-0.000323,-3.13e-05,-1.25e-05,0.0,-1.56e-05,-2.6e-05,0.0,-0.0004084,-0.0053636,False
SWE30,2011-03-30,1138.0601,2011-04-05,1149.13,4,6,0.0625,0.0006089,-3.13e-05,-1.25e-05,0.0,-1.56e-05,-2.6e-05,0.0,0.0005235,0.009727,False
SWE30,2011-04-28,1161.46,2011-05-04,1148.64,4,6,0.0625,-0.0006909,-3.13e-05,-1.25e-05,0.0,-1.82e-05,-2.6e-05,0.0,-0.0007789,-0.0110378,False
SWE30,2011-05-30,1146.41,2011-06-07,1128.86,4,8,0.0625,-0.0009458,-3.13e-05,-1.25e-05,0.0,-2.43e-05,-3.47e-05,0.0,-0.0010486,-0.0153087,False
SWE30,2011-06-29,1100.03,2011-07-05,1127.26,4,6,0.0625,0.001536,-3.13e-05,-1.25e-05,0.0,-1.82e-05,-2.6e-05,0.0,0.001448,0.0247539,False
SWE30,2011-07-28,1068.79,2011-08-03,981.51,4,6,0.0625,-0.0052532,-3.13e-05,-1.25e-05,0.0,-2.08e-05,-2.6e-05,0.0,-0.0053438,-0.0816625,False
SWE30,2011-08-30,930.13,2011-09-05,887.41,4,6,0.0625,-0.0028115,-3.13e-05,-1.25e-05,0.0,-2.08e-05,-2.6e-05,0.0,-0.0029021,-0.0459291,False
SWE30,2011-09-29,930.36,2011-10-05,899.76,4,6,0.0625,-0.0019795,-3.13e-05,-1.25e-05,0.0,-2.08e-05,-2.6e-05,0.0,-0.0020701,-0.0328905,False
SWE30,2011-10-28,1025.72,2011-11-03,979.78,4,6,0.0625,-0.0027409,-3.13e-05,-1.25e-05,0.0,-2.08e-05,-2.6e-05,0.0,-0.0028315,-0.044788,False
SWE30,2011-11-29,931.44,2011-12-05,988.71,4,6,0.0625,0.0038224,-3.13e-05,-1.25e-05,0.0,-2.08e-05,-2.6e-05,0.0,0.0037318,0.0614855,False
SWE30,2011-12-29,977.52,2012-01-05,1002.18,4,7,0.0625,0.0015959,-3.13e-05,-1.25e-05,0.0,-2.13e-05,-3.04e-05,0.0,0.0015005,0.0252271,False
SWE30,2012-01-30,1028.36,2012-02-03,1078.66,4,4,0.0625,0.0030148,-3.13e-05,-1.25e-05,0.0,-1.22e-05,-1.74e-05,0.0,0.0029415,0.0489129,False
SWE30,2012-02-28,1102.17,2012-03-05,1097.42,4,6,0.0625,-0.0002682,-3.13e-05,-1.25e-05,0.0,-1.56e-05,-2.6e-05,0.0,-0.0003536,-0.0043097,False
SWE30,2012-03-29,1058.3199,2012-04-04,1041.61,4,6,0.0625,-0.0009411,-3.13e-05,-1.25e-05,0.0,-1.56e-05,-2.6e-05,0.0,-0.0010265,-0.0157891,False
SWE30,2012-04-27,1056.67,2012-05-04,1031.95,4,7,0.0625,-0.0014533,-3.13e-05,-1.25e-05,0.0,-1.82e-05,-3.04e-05,0.0,-0.0015457,-0.0233943,False
SWE30,2012-05-30,986.61,2012-06-05,951.91,4,6,0.0625,-0.0022167,-3.13e-05,-1.25e-05,0.0,-1.56e-05,-2.6e-05,0.0,-0.0023022,-0.035171,False
SWE30,2012-06-28,979.53,2012-07-04,1038.42,4,6,0.0625,0.0037065,-3.13e-05,-1.25e-05,0.0,-1.56e-05,-2.6e-05,0.0,0.0036211,0.0601207,False
SWE30,2012-07-30,1066.13,2012-08-03,1081.0699,4,4,0.0625,0.0008862,-3.13e-05,-1.25e-05,0.0,-1.04e-05,-1.74e-05,0.0,0.0008147,0.0140132,False
SWE30,2012-08-30,1038.38,2012-09-05,1038.13,4,6,0.0625,-7.7e-06,-3.13e-05,-1.25e-05,0.0,-1.56e-05,-2.6e-05,0.0,-9.31e-05,-0.0002408,False
SWE30,2012-09-27,1083.62,2012-10-03,1080.24,4,6,0.0625,-0.000187,-3.13e-05,-1.25e-05,0.0,-1.3e-05,-2.6e-05,0.0,-0.0002698,-0.0031192,False
SWE30,2012-10-30,1059.2,2012-11-05,1063.35,4,6,0.0625,0.0002515,-3.13e-05,-1.25e-05,0.0,-1.3e-05,-2.6e-05,0.0,0.0001687,0.0039181,False
SWE30,2012-11-29,1085.03,2012-12-05,1091.33,4,6,0.0625,0.0003623,-3.13e-05,-1.25e-05,0.0,-1.3e-05,-2.6e-05,0.0,0.0002795,0.0058062,False
SWE30,2012-12-27,1110.91,2013-01-04,1136.77,4,8,0.0625,0.0014562,-3.13e-05,-1.25e-05,0.0,-1.39e-05,-3.47e-05,0.0,0.0013639,0.0232782,False
SWE30,2013-01-30,1173.38,2013-02-05,1175.54,4,6,0.0625,0.0001263,-3.13e-05,-1.25e-05,0.0,-1.04e-05,-2.6e-05,0.0,4.6e-05,0.0018409,False
SWE30,2013-02-27,1194.0699,2013-03-05,1217.41,4,6,0.0625,0.0012151,-3.13e-05,-1.25e-05,0.0,-1.04e-05,-2.6e-05,0.0,0.0011348,0.0195467,False
SWE30,2013-03-27,1194.49,2013-04-04,1183.01,4,8,0.0625,-0.0005909,-3.13e-05,-1.25e-05,0.0,-1.39e-05,-3.47e-05,0.0,-0.0006832,-0.0096108,False
SWE30,2013-04-29,1198.11,2013-05-06,1205.17,4,7,0.0625,0.0003695,-3.13e-05,-1.25e-05,0.0,-1.22e-05,-3.04e-05,0.0,0.0002832,0.0058927,False
SWE30,2013-05-30,1225.1801,2013-06-05,1185.04,4,6,0.0625,-0.002068,-3.13e-05,-1.25e-05,0.0,-1.04e-05,-2.6e-05,0.0,-0.0021482,-0.0327625,False
SWE30,2013-06-27,1161.0,2013-07-03,1154.54,4,6,0.0625,-0.0003399,-3.13e-05,-1.25e-05,0.0,-1.04e-05,-2.6e-05,0.0,-0.0004201,-0.0055641,False
SWE30,2013-07-30,1236.86,2013-08-05,1251.77,4,6,0.0625,0.0007534,-3.13e-05,-1.25e-05,0.0,-1.04e-05,-2.6e-05,0.0,0.0006732,0.0120547,False
SWE30,2013-08-29,1224.3101,2013-09-04,1242.52,4,6,0.0625,0.0009321,-3.13e-05,-1.25e-05,0.0,-1.04e-05,-2.6e-05,0.0,0.0008519,0.0148737,False
SWE30,2013-09-27,1269.48,2013-10-03,1256.27,4,6,0.0625,-0.0006488,-3.13e-05,-1.25e-05,0.0,-1.04e-05,-2.6e-05,0.0,-0.000729,-0.0104058,False
SWE30,2013-10-30,1291.14,2013-11-05,1274.0699,4,6,0.0625,-0.000829,-3.13e-05,-1.25e-05,0.0,-1.04e-05,-2.6e-05,0.0,-0.0009092,-0.0132209,False
SWE30,2013-11-28,1315.21,2013-12-04,1279.03,4,6,0.0625,-0.001732,-3.13e-05,-1.25e-05,0.0,-1.04e-05,-2.6e-05,0.0,-0.0018123,-0.0275089,False
SWE30,2013-12-27,1334.42,2014-01-07,1326.24,4,11,0.0625,-0.0003829,-3.13e-05,-1.25e-05,0.0,-1.43e-05,-4.77e-05,0.0,-0.0004887,-0.00613,False
SWE30,2014-01-30,1302.83,2014-02-05,1292.46,4,6,0.0625,-0.0004901,-3.13e-05,-1.25e-05,0.0,-7.8e-06,-2.6e-05,0.0,-0.0005677,-0.0079596,False
SWE30,2014-02-27,1368.83,2014-03-05,1364.92,4,6,0.0625,-0.0001462,-3.13e-05,-1.25e-05,0.0,-7.8e-06,-2.6e-05,0.0,-0.0002238,-0.0028564,False
SWE30,2014-03-28,1346.48,2014-04-03,1368.88,4,6,0.0625,0.00104,-3.13e-05,-1.25e-05,0.0,-7.8e-06,-2.6e-05,0.0,0.0009624,0.016636,False
SWE30,2014-04-29,1371.65,2014-05-06,1352.98,4,7,0.0625,-0.0008548,-3.13e-05,-1.25e-05,0.0,-9.1e-06,-3.04e-05,0.0,-0.000938,-0.0136114,False
SWE30,2014-05-28,1392.85,2014-06-04,1397.47,4,7,0.0625,0.0002087,-3.13e-05,-1.25e-05,0.0,-9.1e-06,-3.04e-05,0.0,0.0001255,0.0033169,False
SWE30,2014-06-27,1379.02,2014-07-03,1409.4399,4,6,0.0625,0.0013723,-3.13e-05,-1.25e-05,0.0,-7.8e-06,-2.6e-05,0.0,0.0012947,0.0220591,False
SWE30,2014-07-30,1398.23,2014-08-05,1366.13,4,6,0.0625,-0.0014401,-3.13e-05,-1.25e-05,0.0,-2.6e-06,-2.6e-05,0.0,-0.0015125,-0.0229576,False
SWE30,2014-08-28,1383.03,2014-09-03,1398.48,4,6,0.0625,0.0006967,-3.13e-05,-1.25e-05,0.0,-2.6e-06,-2.6e-05,0.0,0.0006244,0.0111711,False
SWE30,2014-09-29,1392.39,2014-10-03,1369.52,4,4,0.0625,-0.0010091,-3.13e-05,-1.25e-05,0.0,-1.7e-06,-1.74e-05,0.0,-0.001072,-0.016425,False
SWE30,2014-10-30,1397.1801,2014-11-05,1414.09,4,6,0.0625,0.000762,-3.13e-05,-1.25e-05,0.0,0.0,-2.6e-05,0.0,0.0006922,0.0121029,False
SWE30,2014-11-27,1465.96,2014-12-03,1464.84,4,6,0.0625,-4.24e-05,-3.13e-05,-1.25e-05,0.0,0.0,-2.6e-05,0.0,-0.0001121,-0.000764,False
SWE30,2014-12-29,1478.9301,2015-01-02,1463.78,2,4,0.0625,-0.0006406,-3.13e-05,-1.25e-05,0.0,0.0,-1.74e-05,0.0,-0.0007017,-0.0102439,False
SWE30,2015-01-05,1454.8101,2015-01-07,1421.34,1,2,0.0625,-0.0014379,-3.13e-05,-1.25e-05,0.0,0.0,-8.7e-06,0.0,-0.0014903,-0.0230065,False
SWE30,2015-01-29,1570.39,2015-02-04,1579.3101,4,6,0.0625,0.0003605,-3.13e-05,-1.25e-05,0.0,0.0,-2.6e-05,0.0,0.0002907,0.0056801,False
SWE30,2015-02-26,1684.83,2015-03-04,1664.5,4,6,0.0625,-0.0007512,-3.13e-05,-1.25e-05,0.0,1e-06,-2.6e-05,0.0,-0.00082,-0.0120665,False
SWE30,2015-03-30,1687.17,2015-04-07,1697.4301,4,8,0.0625,0.0003888,-3.13e-05,-1.25e-05,0.0,3.5e-06,-3.47e-05,0.0,0.0003138,0.0060812,False
SWE30,2015-04-29,1636.1801,2015-05-06,1584.1801,4,7,0.0625,-0.0019981,-3.13e-05,-1.25e-05,0.0,3e-06,-3.04e-05,0.0,-0.0020692,-0.0317813,False
SWE30,2015-05-28,1667.0601,2015-06-03,1641.6899,4,6,0.0625,-0.0009512,-3.13e-05,-1.25e-05,0.0,2.6e-06,-2.6e-05,0.0,-0.0010184,-0.0152185,False
SWE30,2015-06-29,1559.8,2015-07-03,1553.6,4,4,0.0625,-0.0002266,-3.13e-05,-1.25e-05,0.0,1.7e-06,-1.74e-05,0.0,-0.000286,-0.0039749,False
SWE30,2015-07-30,1603.5,2015-08-05,1627.42,4,6,0.0625,0.0009307,-3.13e-05,-1.25e-05,0.0,3.6e-06,-2.6e-05,0.0,0.0008645,0.0149174,False
SWE30,2015-08-28,1509.71,2015-09-03,1500.21,4,6,0.0625,-0.000368,-3.13e-05,-1.25e-05,0.0,3.6e-06,-2.6e-05,0.0,-0.0004342,-0.0062926,False
SWE30,2015-09-29,1391.88,2015-10-05,1456.97,4,6,0.0625,0.0028998,-3.13e-05,-1.25e-05,0.0,3.6e-06,-2.6e-05,0.0,0.0028337,0.0467641,False
SWE30,2015-10-29,1495.86,2015-11-04,1529.4301,4,6,0.0625,0.0013943,-3.13e-05,-1.25e-05,0.0,3.6e-06,-2.6e-05,0.0,0.0013282,0.022442,False
SWE30,2015-11-27,1522.0,2015-12-03,1502.41,4,6,0.0625,-0.0007931,-3.13e-05,-1.25e-05,0.0,3.6e-06,-2.6e-05,0.0,-0.0008593,-0.0128712,False
SWE30,2015-12-29,1452.95,2016-01-07,1357.12,4,9,0.0625,-0.0042062,-3.13e-05,-1.25e-05,0.0,5.5e-06,-3.91e-05,0.0,-0.0042836,-0.0659554,False
SWE30,2016-01-28,1333.3199,2016-02-03,1305.49,4,6,0.0625,-0.0012933,-3.13e-05,-1.25e-05,0.0,3.6e-06,-2.6e-05,0.0,-0.0013595,-0.0208727,False
SWE30,2016-02-26,1370.8,2016-03-03,1389.45,4,6,0.0625,0.000852,-3.13e-05,-1.25e-05,0.0,5.2e-06,-2.6e-05,0.0,0.0007874,0.0136051,False
SWE30,2016-03-30,1376.8199,2016-04-05,1333.85,4,6,0.0625,-0.0019651,-3.13e-05,-1.25e-05,0.0,5.2e-06,-2.6e-05,0.0,-0.0020297,-0.0312096,False
SWE30,2016-04-28,1389.61,2016-05-04,1319.17,4,6,0.0625,-0.0032266,-3.13e-05,-1.25e-05,0.0,5.2e-06,-2.6e-05,0.0,-0.0032912,-0.0506904,False
SWE30,2016-05-30,1379.8101,2016-06-03,1345.4399,4,4,0.0625,-0.0015688,-3.13e-05,-1.25e-05,0.0,3.5e-06,-1.74e-05,0.0,-0.0016264,-0.0249093,False
SWE30,2016-06-29,1309.5699,2016-07-05,1303.01,4,6,0.0625,-0.0002925,-3.13e-05,-1.25e-05,0.0,5.2e-06,-2.6e-05,0.0,-0.000357,-0.0050092,False
SWE30,2016-07-28,1382.08,2016-08-03,1352.34,4,6,0.0625,-0.0013505,-3.13e-05,-1.25e-05,0.0,5.2e-06,-2.6e-05,0.0,-0.0014151,-0.0215183,False
SWE30,2016-08-30,1418.4301,2016-09-05,1440.76,4,6,0.0625,0.0009824,-3.13e-05,-1.25e-05,0.0,5.2e-06,-2.6e-05,0.0,0.0009178,0.0157427,False
SWE30,2016-09-29,1434.8101,2016-10-05,1452.5,4,6,0.0625,0.0007691,-3.13e-05,-1.25e-05,0.0,5.2e-06,-2.6e-05,0.0,0.0007045,0.0123291,False
SWE30,2016-10-28,1459.36,2016-11-03,1421.01,4,6,0.0625,-0.0016553,-3.13e-05,-1.25e-05,0.0,5.2e-06,-2.6e-05,0.0,-0.0017199,-0.0262786,False
SWE30,2016-11-29,1467.1801,2016-12-05,1483.29,4,6,0.0625,0.0006889,-3.13e-05,-1.25e-05,0.0,5.2e-06,-2.6e-05,0.0,0.0006243,0.0109802,False
SWE30,2016-12-29,1518.37,2017-01-04,1530.9301,4,6,0.0625,0.0005172,-3.13e-05,-1.25e-05,0.0,5.2e-06,-2.6e-05,0.0,0.0004526,0.0082721,False
SWE30,2017-01-30,1528.89,2017-02-03,1557.3101,4,4,0.0625,0.0011541,-3.13e-05,-1.25e-05,0.0,3.5e-06,-1.74e-05,0.0,0.0010964,0.0185887,False
SWE30,2017-02-27,1564.63,2017-03-03,1581.3199,4,4,0.0625,0.0006707,-3.13e-05,-1.25e-05,0.0,3.5e-06,-1.74e-05,0.0,0.000613,0.010667,False
SWE30,2017-03-30,1583.88,2017-04-05,1558.5601,4,6,0.0625,-0.0010026,-3.13e-05,-1.25e-05,0.0,5.2e-06,-2.6e-05,0.0,-0.0010671,-0.015986,False
SWE30,2017-04-27,1616.58,2017-05-04,1638.33,4,7,0.0625,0.0008379,-3.13e-05,-1.25e-05,0.0,6.1e-06,-3.04e-05,0.0,0.0007699,0.0134543,False
SWE30,2017-05-30,1639.74,2017-06-05,1637.9,4,6,0.0625,-6.89e-05,-3.13e-05,-1.25e-05,0.0,5.2e-06,-2.6e-05,0.0,-0.0001335,-0.0011221,False
SWE30,2017-06-29,1613.22,2017-07-05,1627.21,4,6,0.0625,0.0005493,-3.13e-05,-1.25e-05,0.0,5.2e-06,-2.6e-05,0.0,0.0004847,0.0086721,False
SWE30,2017-07-28,1557.5601,2017-08-03,1559.66,4,6,0.0625,8.99e-05,-3.13e-05,-1.25e-05,0.0,5.2e-06,-2.6e-05,0.0,2.53e-05,0.0013482,False
SWE30,2017-08-30,1535.96,2017-09-05,1546.99,4,6,0.0625,0.0004516,-3.13e-05,-1.25e-05,0.0,5.2e-06,-2.6e-05,0.0,0.000387,0.0071812,False
SWE30,2017-09-28,1624.98,2017-10-04,1651.09,4,6,0.0625,0.0009992,-3.13e-05,-1.25e-05,0.0,5.2e-06,-2.6e-05,0.0,0.0009346,0.0160679,False
SWE30,2017-10-30,1662.3199,2017-11-03,1677.65,4,4,0.0625,0.000575,-3.13e-05,-1.25e-05,0.0,3.5e-06,-1.74e-05,0.0,0.0005173,0.0092221,False
SWE30,2017-11-29,1613.5601,2017-12-05,1613.36,4,6,0.0625,3.8e-06,-3.13e-05,-1.25e-05,0.0,5.2e-06,-2.6e-05,0.0,-6.08e-05,-0.000124,False
SWE30,2017-12-28,1588.51,2018-01-04,1603.67,4,7,0.0625,0.0005994,-3.13e-05,-1.25e-05,0.0,6.1e-06,-3.04e-05,0.0,0.0005313,0.0095436,False
SWE30,2018-01-30,1603.3101,2018-02-05,1546.33,4,6,0.0625,-0.0022372,-3.13e-05,-1.25e-05,0.0,5.2e-06,-2.6e-05,0.0,-0.0023017,-0.035539,False
SWE30,2018-02-27,1588.23,2018-03-05,1547.9399,4,6,0.0625,-0.0015778,-3.13e-05,-1.25e-05,0.0,5.2e-06,-2.6e-05,0.0,-0.0016424,-0.0253679,False
SWE30,2018-03-28,1512.13,2018-04-05,1527.22,4,8,0.0625,0.0006548,-3.13e-05,-1.25e-05,0.0,6.9e-06,-3.47e-05,0.0,0.0005832,0.0099793,False
SWE30,2018-04-27,1580.78,2018-05-04,1577.08,4,7,0.0625,-0.0001315,-3.13e-05,-1.25e-05,0.0,6.1e-06,-3.04e-05,0.0,-0.0001996,-0.0023407,False
SWE30,2018-05-30,1562.54,2018-06-05,1559.05,4,6,0.0625,-0.0001321,-3.13e-05,-1.25e-05,0.0,5.2e-06,-2.6e-05,0.0,-0.0001966,-0.0022335,False
SWE30,2018-06-28,1531.66,2018-07-04,1522.34,4,6,0.0625,-0.000364,-3.13e-05,-1.25e-05,0.0,5.2e-06,-2.6e-05,0.0,-0.0004286,-0.0060849,False
SWE30,2018-07-30,1611.0699,2018-08-03,1611.95,4,4,0.0625,3.94e-05,-3.13e-05,-1.25e-05,0.0,3.5e-06,-1.74e-05,0.0,-1.83e-05,0.0005462,False
SWE30,2018-08-30,1672.5601,2018-09-05,1631.74,4,6,0.0625,-0.0015373,-3.13e-05,-1.25e-05,0.0,5.2e-06,-2.6e-05,0.0,-0.0016019,-0.0244057,False
SWE30,2018-09-27,1676.37,2018-10-03,1665.14,4,6,0.0625,-0.0004156,-3.13e-05,-1.25e-05,0.0,5.2e-06,-2.6e-05,0.0,-0.0004802,-0.006699,False
SWE30,2018-10-30,1516.0,2018-11-05,1539.01,4,6,0.0625,0.0009561,-3.13e-05,-1.25e-05,0.0,5.2e-06,-2.6e-05,0.0,0.0008916,0.0151781,False
SWE30,2018-11-29,1515.38,2018-12-05,1478.96,4,6,0.0625,-0.0014995,-3.13e-05,-1.25e-05,0.0,5.2e-06,-2.6e-05,0.0,-0.001564,-0.0240336,False
SWE30,2018-12-27,1384.59,2019-01-04,1435.29,4,8,0.0625,0.0022872,-3.13e-05,-1.25e-05,0.0,6.9e-06,-3.47e-05,0.0,0.0022156,0.0366174,False
SWE30,2019-01-30,1509.5,2019-02-05,1542.49,4,6,0.0625,0.0013563,-3.13e-05,-1.25e-05,0.0,2.6e-06,-2.6e-05,0.0,0.0012891,0.0218549,False
SWE30,2019-02-27,1576.55,2019-03-05,1587.97,4,6,0.0625,0.0004527,-3.13e-05,-1.25e-05,0.0,2.6e-06,-2.6e-05,0.0,0.0003855,0.0072436,False
SWE30,2019-03-28,1559.3199,2019-04-03,1622.38,4,6,0.0625,0.0024996,-3.13e-05,-1.25e-05,0.0,2.6e-06,-2.6e-05,0.0,0.0024324,0.0404407,False
SWE30,2019-04-29,1693.3101,2019-05-06,1649.22,4,7,0.0625,-0.0016379,-3.13e-05,-1.25e-05,0.0,3e-06,-3.04e-05,0.0,-0.001709,-0.0260378,False
SWE30,2019-05-29,1538.75,2019-06-05,1542.0,4,7,0.0625,0.0001486,-3.13e-05,-1.25e-05,0.0,3e-06,-3.04e-05,0.0,7.75e-05,0.0021121,False
SWE30,2019-06-27,1616.9399,2019-07-03,1648.84,4,6,0.0625,0.0012262,-3.13e-05,-1.25e-05,0.0,2.6e-06,-2.6e-05,0.0,0.001159,0.0197286,False
SWE30,2019-07-30,1600.26,2019-08-06,1523.03,4,7,0.0625,-0.0030385,-3.13e-05,-1.25e-05,0.0,3e-06,-3.04e-05,0.0,-0.0031096,-0.0482609,False
SWE30,2019-08-29,1558.74,2019-09-04,1581.28,4,6,0.0625,0.0009042,-3.13e-05,-1.25e-05,0.0,2.6e-06,-2.6e-05,0.0,0.000837,0.0144604,False
SWE30,2019-09-27,1646.6,2019-10-03,1588.41,4,6,0.0625,-0.0022254,-3.13e-05,-1.25e-05,0.0,2.6e-06,-2.6e-05,0.0,-0.0022926,-0.0353395,False
SWE30,2019-10-30,1746.8101,2019-11-05,1769.53,4,6,0.0625,0.0008211,-3.13e-05,-1.25e-05,0.0,2.6e-06,-2.6e-05,0.0,0.0007539,0.0130065,False
SWE30,2019-11-28,1735.3,2019-12-04,1725.6,4,6,0.0625,-0.000335,-3.13e-05,-1.25e-05,0.0,2.6e-06,-2.6e-05,0.0,-0.0004022,-0.0055899,False
SWE30,2019-12-27,1798.04,2020-01-07,1796.85,4,11,0.0625,-1.48e-05,-3.13e-05,-1.25e-05,0.0,4.8e-06,-4.77e-05,0.0,-0.0001015,-0.0006619,False
SWE30,2020-01-30,1787.96,2020-02-05,1847.35,4,6,0.0625,0.0020631,-3.13e-05,-1.25e-05,0.0,0.0,-2.6e-05,0.0,0.0019933,0.0332166,False
SWE30,2020-02-27,1721.59,2020-03-04,1704.2,4,6,0.0625,-0.0005998,-3.13e-05,-1.25e-05,0.0,0.0,-2.6e-05,0.0,-0.0006696,-0.0101011,False
SWE30,2020-03-30,1449.2,2020-04-03,1404.59,4,4,0.0625,-0.0018835,-3.13e-05,-1.25e-05,0.0,0.0,-1.74e-05,0.0,-0.0019446,-0.0307825,False
SWE30,2020-04-29,1600.86,2020-05-06,1521.4,4,7,0.0625,-0.0030884,-3.13e-05,-1.25e-05,0.0,0.0,-3.04e-05,0.0,-0.0031625,-0.0496358,False
SWE30,2020-05-28,1657.58,2020-06-03,1709.96,4,6,0.0625,0.0019818,-3.13e-05,-1.25e-05,0.0,0.0,-2.6e-05,0.0,0.001912,0.0316003,False
SWE30,2020-06-29,1671.53,2020-07-03,1695.26,4,4,0.0625,0.0008928,-3.13e-05,-1.25e-05,0.0,0.0,-1.74e-05,0.0,0.0008317,0.0141966,False
SWE30,2020-07-30,1720.28,2020-08-05,1745.49,4,6,0.0625,0.0009299,-3.13e-05,-1.25e-05,0.0,0.0,-2.6e-05,0.0,0.0008601,0.0146546,False
SWE30,2020-08-28,1776.5699,2020-09-03,1760.61,4,6,0.0625,-0.0005562,-3.13e-05,-1.25e-05,0.0,0.0,-2.6e-05,0.0,-0.000626,-0.0089836,False
SWE30,2020-09-29,1836.6,2020-10-05,1839.6801,4,6,0.0625,0.0001141,-3.13e-05,-1.25e-05,0.0,0.0,-2.6e-05,0.0,4.43e-05,0.0016771,False
SWE30,2020-10-29,1716.03,2020-11-04,1795.53,4,6,0.0625,0.0028515,-3.13e-05,-1.25e-05,0.0,0.0,-2.6e-05,0.0,0.0027817,0.0463279,False
SWE30,2020-11-27,1937.09,2020-12-03,1912.1801,4,6,0.0625,-0.0008048,-3.13e-05,-1.25e-05,0.0,0.0,-2.6e-05,0.0,-0.0008746,-0.0128595,False
SWE30,2020-12-29,1893.0601,2021-01-07,1939.49,4,9,0.0625,0.0015403,-3.13e-05,-1.25e-05,0.0,0.0,-3.91e-05,0.0,0.0014575,0.0245264,False
SWE30,2021-01-28,1971.4,2021-02-03,1997.65,4,6,0.0625,0.0008393,-3.13e-05,-1.25e-05,0.0,0.0,-2.6e-05,0.0,0.0007695,0.0133154,False
SWE30,2021-02-25,2038.9301,2021-03-03,2073.78,4,6,0.0625,0.0010824,-3.13e-05,-1.25e-05,0.0,0.0,-2.6e-05,0.0,0.0010126,0.0170923,False
SWE30,2021-03-30,2205.4099,2021-04-07,2229.5601,4,8,0.0625,0.0006872,-3.13e-05,-1.25e-05,0.0,0.0,-3.47e-05,0.0,0.0006087,0.0109504,False
SWE30,2021-04-29,2232.8401,2021-05-05,2255.49,4,6,0.0625,0.0006661,-3.13e-05,-1.25e-05,0.0,0.0,-2.6e-05,0.0,0.0005963,0.010144,False
SWE30,2021-05-28,2255.45,2021-06-03,2273.3501,4,6,0.0625,0.0004986,-3.13e-05,-1.25e-05,0.0,0.0,-2.6e-05,0.0,0.0004288,0.0079364,False
SWE30,2021-06-29,2279.76,2021-07-05,2299.0701,4,6,0.0625,0.0005315,-3.13e-05,-1.25e-05,0.0,0.0,-2.6e-05,0.0,0.0004617,0.0084702,False
SWE30,2021-07-29,2384.1899,2021-08-04,2393.1001,4,6,0.0625,0.000236,-3.13e-05,-1.25e-05,0.0,0.0,-2.6e-05,0.0,0.0001662,0.0037372,False
SWE30,2021-08-30,2372.8101,2021-09-03,2369.73,4,4,0.0625,-7.28e-05,-3.13e-05,-1.25e-05,0.0,0.0,-1.74e-05,0.0,-0.0001339,-0.0012981,False
SWE30,2021-09-29,2255.55,2021-10-05,2254.8401,4,6,0.0625,-1.39e-05,-3.13e-05,-1.25e-05,0.0,0.0,-2.6e-05,0.0,-8.36e-05,-0.0003148,False
SWE30,2021-10-28,2313.24,2021-11-03,2317.6699,4,6,0.0625,0.0001246,-3.13e-05,-1.25e-05,0.0,0.0,-2.6e-05,0.0,5.48e-05,0.001915,False
SWE30,2021-11-29,2272.27,2021-12-03,2240.8301,4,4,0.0625,-0.0008427,-3.13e-05,-1.25e-05,0.0,0.0,-1.74e-05,0.0,-0.0009038,-0.0138364,False
SWE30,2021-12-29,2418.8999,2022-01-05,2442.8101,4,7,0.0625,0.0006196,-3.13e-05,-1.25e-05,0.0,0.0,-3.04e-05,0.0,0.0005455,0.0098847,False
SWE30,2022-01-28,2266.8201,2022-02-03,2277.6699,4,6,0.0625,0.0003185,-3.13e-05,-1.25e-05,0.0,0.0,-2.6e-05,0.0,0.0002487,0.0047864,False
SWE30,2022-02-25,2141.52,2022-03-03,2048.51,4,6,0.0625,-0.0027404,-3.13e-05,-1.25e-05,0.0,0.0,-2.6e-05,0.0,-0.0028102,-0.0434318,False
SWE30,2022-03-30,2130.3,2022-04-05,2132.52,4,6,0.0625,8e-05,-3.13e-05,-1.25e-05,0.0,0.0,-2.6e-05,0.0,1.02e-05,0.0010421,False
SWE30,2022-04-28,2038.5601,2022-05-04,2011.12,4,6,0.0625,-0.0008272,-3.13e-05,-1.25e-05,0.0,0.0,-2.6e-05,0.0,-0.000897,-0.0134605,False
SWE30,2022-05-30,2075.28,2022-06-03,2069.4099,4,4,0.0625,-0.0001601,-3.13e-05,-1.25e-05,0.0,-1.7e-06,-1.74e-05,0.0,-0.000223,-0.0028286,False
SWE30,2022-06-29,1908.3101,2022-07-05,1866.16,4,6,0.0625,-0.0013755,-3.13e-05,-1.25e-05,0.0,-2.6e-06,-2.6e-05,0.0,-0.0014479,-0.0220876,False
SWE30,2022-07-28,1996.02,2022-08-03,2005.58,4,6,0.0625,0.0003158,-3.13e-05,-1.25e-05,0.0,-7.8e-06,-2.6e-05,0.0,0.0002382,0.0047895,False
SWE30,2022-08-30,1942.4301,2022-09-05,1898.8101,4,6,0.0625,-0.0013709,-3.13e-05,-1.25e-05,0.0,-7.8e-06,-2.6e-05,0.0,-0.0014485,-0.0224564,False
SWE30,2022-09-29,1794.39,2022-10-05,1882.92,4,6,0.0625,0.0030729,-3.13e-05,-1.25e-05,0.0,-1.82e-05,-2.6e-05,0.0,0.0029849,0.0493371,False
SWE30,2022-10-28,1974.28,2022-10-31,1968.53,1,3,0.0625,-0.000182,-3.13e-05,-1.25e-05,0.0,-9.1e-06,-1.3e-05,0.0,-0.0002479,-0.0029125,False
SWE30,2022-11-01,1974.99,2022-11-03,1960.0601,2,2,0.0625,-0.0004707,-3.13e-05,-1.25e-05,0.0,-6.1e-06,-8.7e-06,0.0,-0.0005292,-0.0075595,False
SWE30,2022-11-29,2092.24,2022-12-05,2139.6899,4,6,0.0625,0.0014068,-3.13e-05,-1.25e-05,0.0,-2.47e-05,-2.6e-05,0.0,0.0013123,0.022679,False
SWE30,2022-12-29,2075.3101,2023-01-04,2120.3501,4,6,0.0625,0.0013651,-3.13e-05,-1.25e-05,0.0,-2.6e-05,-2.6e-05,0.0,0.0012693,0.0217028,False
SWE30,2023-01-30,2200.0801,2023-02-03,2294.52,4,4,0.0625,0.0026654,-3.13e-05,-1.25e-05,0.0,-1.74e-05,-1.74e-05,0.0,0.0025869,0.0429257,False
SWE30,2023-02-27,2234.99,2023-03-03,2252.76,4,4,0.0625,0.0005054,-3.13e-05,-1.25e-05,0.0,-2.08e-05,-1.74e-05,0.0,0.0004235,0.0079508,False
SWE30,2023-03-30,2199.4399,2023-04-05,2174.9399,4,6,0.0625,-0.0006843,-3.13e-05,-1.25e-05,0.0,-3.13e-05,-2.6e-05,0.0,-0.0007854,-0.0111392,False
SWE30,2023-04-27,2271.1001,2023-05-04,2228.1699,4,7,0.0625,-0.0011842,-3.13e-05,-1.25e-05,0.0,-3.73e-05,-3.04e-05,0.0,-0.0012957,-0.0189028,False
SWE30,2023-05-30,2255.0,2023-06-05,2293.0601,4,6,0.0625,0.0010602,-3.13e-05,-1.25e-05,0.0,-3.65e-05,-2.6e-05,0.0,0.000954,0.0168781,False
SWE30,2023-06-29,2284.77,2023-07-05,2279.4199,4,6,0.0625,-0.0001398,-3.13e-05,-1.25e-05,0.0,-3.65e-05,-2.6e-05,0.0,-0.000246,-0.0023416,False
SWE30,2023-07-28,2253.8501,2023-08-03,2196.5901,4,6,0.0625,-0.0016013,-3.13e-05,-1.25e-05,0.0,-3.91e-05,-2.6e-05,0.0,-0.0017102,-0.0254054,False
SWE30,2023-08-30,2185.0801,2023-09-05,2203.7,4,6,0.0625,0.0005314,-3.13e-05,-1.25e-05,0.0,-3.91e-05,-2.6e-05,0.0,0.0004225,0.0085214,False
SWE30,2023-09-28,2137.6499,2023-10-04,2116.77,4,6,0.0625,-0.0006072,-3.13e-05,-1.25e-05,0.0,-4.17e-05,-2.6e-05,0.0,-0.0007187,-0.0097677,False
SWE30,2023-10-30,2057.1399,2023-11-03,2126.76,4,4,0.0625,0.0020946,-3.13e-05,-1.25e-05,0.0,-2.78e-05,-1.74e-05,0.0,0.0020057,0.0338432,False
SWE30,2023-11-29,2233.0,2023-12-05,2267.8,4,6,0.0625,0.0009698,-3.13e-05,-1.25e-05,0.0,-4.17e-05,-2.6e-05,0.0,0.0008583,0.0155844,False
SWE30,2023-12-28,2389.01,2024-01-04,2361.8999,4,7,0.0625,-0.0007046,-3.13e-05,-1.25e-05,0.0,-4.86e-05,-3.04e-05,0.0,-0.0008273,-0.0113478,False
SWE30,2024-01-30,2368.3601,2024-02-05,2339.8899,4,6,0.0625,-0.0007503,-3.13e-05,-1.25e-05,0.0,-4.17e-05,-2.6e-05,0.0,-0.0008617,-0.0120211,False
SWE30,2024-02-28,2447.21,2024-03-05,2449.04,4,6,0.0625,4.77e-05,-3.13e-05,-1.25e-05,0.0,-4.17e-05,-2.6e-05,0.0,-6.38e-05,0.0007478,False
SWE30,2024-03-27,2537.3701,2024-04-04,2521.8601,4,8,0.0625,-0.0003805,-3.13e-05,-1.25e-05,0.0,-5.56e-05,-3.47e-05,0.0,-0.0005145,-0.0061126,False
SWE30,2024-04-29,2566.8101,2024-05-06,2563.79,4,7,0.0625,-6.46e-05,-3.13e-05,-1.25e-05,0.0,-4.86e-05,-3.04e-05,0.0,-0.0001873,-0.0011766,False
SWE30,2024-05-30,2593.0701,2024-06-05,2609.72,4,6,0.0625,0.0004059,-3.13e-05,-1.25e-05,0.0,-3.91e-05,-2.6e-05,0.0,0.000297,0.0064209,False
SWE30,2024-06-27,2557.8701,2024-07-03,2565.27,4,6,0.0625,0.0001873,-3.13e-05,-1.25e-05,0.0,-3.91e-05,-2.6e-05,0.0,7.85e-05,0.002893,False
SWE30,2024-07-30,2595.25,2024-08-05,2411.26,4,6,0.0625,-0.0045291,-3.13e-05,-1.25e-05,0.0,-3.91e-05,-2.6e-05,0.0,-0.0046379,-0.0708949,False
SWE30,2024-08-29,2587.8999,2024-09-04,2531.72,4,6,0.0625,-0.001363,-3.13e-05,-1.25e-05,0.0,-3.65e-05,-2.6e-05,0.0,-0.0014692,-0.0217087,False
SWE30,2024-09-27,2639.45,2024-10-03,2594.5,4,6,0.0625,-0.0010682,-3.13e-05,-1.25e-05,0.0,-3.6e-05,-2.6e-05,0.0,-0.001174,-0.01703,False
SWE30,2024-10-30,2578.3799,2024-11-05,2574.1299,4,6,0.0625,-9.49e-05,-3.13e-05,-1.25e-05,0.0,-3.39e-05,-2.6e-05,0.0,-0.0001985,-0.0016483,False
SWE30,2024-11-28,2508.9199,2024-12-04,2594.3799,4,6,0.0625,0.0021045,-3.13e-05,-1.25e-05,0.0,-2.86e-05,-2.6e-05,0.0,0.002006,0.0340625,False
SWE30,2024-12-27,2490.1899,2025-01-07,2543.1499,4,11,0.0625,0.0013238,-3.13e-05,-1.25e-05,0.0,-5.25e-05,-4.77e-05,0.0,0.0011798,0.0212674,False
SWE30,2025-01-30,2662.3101,2025-02-05,2629.1101,4,6,0.0625,-0.0007771,-3.13e-05,-1.25e-05,0.0,-2.6e-05,-2.6e-05,0.0,-0.0008729,-0.0124704,False
SWE30,2025-02-27,2741.95,2025-03-05,2723.99,4,6,0.0625,-0.0003546,-3.13e-05,-1.25e-05,0.0,-2.34e-05,-2.6e-05,0.0,-0.0004478,-0.0065501,False
SWE30,2025-03-28,2542.6699,2025-04-03,2385.1599,4,6,0.0625,-0.0039335,-3.13e-05,-1.25e-05,0.0,-2.34e-05,-2.6e-05,0.0,-0.0040267,-0.0619467,False
SWE30,2025-04-29,2411.78,2025-05-06,2428.9399,4,7,0.0625,0.0004567,-3.13e-05,-1.25e-05,0.0,-2.73e-05,-3.04e-05,0.0,0.0003552,0.007115,False
SWE30,2025-05-28,2510.1599,2025-06-04,2510.47,4,7,0.0625,1.26e-05,-3.13e-05,-1.25e-05,0.0,-2.73e-05,-3.04e-05,0.0,-8.89e-05,0.0001235,False
SWE30,2025-06-27,2506.1699,2025-07-03,2529.5,4,6,0.0625,0.0005851,-3.13e-05,-1.25e-05,0.0,-2.08e-05,-2.6e-05,0.0,0.0004945,0.0093091,False
SWE30,2025-07-30,2605.97,2025-08-05,2562.75,4,6,0.0625,-0.0010296,-3.13e-05,-1.25e-05,0.0,-2.08e-05,-2.6e-05,0.0,-0.0011203,-0.016585,False
SWE30,2025-08-28,2643.74,2025-09-03,2597.2,4,6,0.0625,-0.0010939,-3.13e-05,-1.25e-05,0.0,-2.08e-05,-2.6e-05,0.0,-0.0011846,-0.0176039,False
SWE30,2025-09-29,2652.03,2025-10-03,2728.97,4,4,0.0625,0.0017949,-3.13e-05,-1.25e-05,0.0,-1.3e-05,-1.74e-05,0.0,0.0017208,0.0290117,False
SWE30,2025-10-30,2782.77,2025-11-05,2751.3999,4,6,0.0625,-0.0007057,-3.13e-05,-1.25e-05,0.0,-1.82e-05,-2.6e-05,0.0,-0.0007937,-0.011273,False
SWE30,2025-11-27,2789.4399,2025-12-03,2779.8201,4,6,0.0625,-0.0002158,-3.13e-05,-1.25e-05,0.0,-1.82e-05,-2.6e-05,0.0,-0.0003038,-0.0034487,False
SWE30,2025-12-29,2863.6399,2026-01-07,2963.3101,4,9,0.0625,0.0021552,-3.13e-05,-1.25e-05,0.0,-2.73e-05,-3.91e-05,0.0,0.0020451,0.0348054,False
SWE30,2026-01-29,3031.3899,2026-02-04,3117.9299,4,6,0.0625,0.0017693,-3.13e-05,-1.25e-05,0.0,-1.82e-05,-2.6e-05,0.0,0.0016812,0.028548,False
SWE30,2026-02-26,3205.28,2026-03-04,3118.01,4,6,0.0625,-0.0016882,-3.13e-05,-1.25e-05,0.0,-1.82e-05,-2.6e-05,0.0,-0.0017762,-0.027227,False
SWE30,2026-03-30,2890.29,2026-04-07,2967.9199,4,8,0.0625,0.0016892,-3.13e-05,-1.25e-05,0.0,-2.43e-05,-3.47e-05,0.0,0.0015864,0.0268589,False
SWE30,2026-04-29,3040.54,2026-05-06,3159.3301,4,7,0.0625,0.0024279,-3.13e-05,-1.25e-05,0.0,-2.13e-05,-3.04e-05,0.0,0.0023325,0.0390687,False
SWE30,2026-05-28,3124.05,2026-06-03,3134.46,4,6,0.0625,0.0002253,-3.13e-05,-1.25e-05,0.0,-1.82e-05,-2.6e-05,0.0,0.0001373,0.0033322,False
SWE30,2026-06-29,3166.78,2026-07-03,3247.03,4,4,0.0625,0.0015752,-3.13e-05,-1.25e-05,0.0,-1.22e-05,-1.74e-05,0.0,0.001502,0.0253412,False
SWE30,2026-07-30,3233.4399,2026-08-05,3326.9299,4,6,0.0625,0.001792,-3.13e-05,-1.25e-05,0.0,-1.82e-05,-2.6e-05,0.0,0.001704,0.0289135,False
SWE30,2026-08-28,3331.27,2026-09-03,3278.1899,4,6,0.0625,-0.0009929,-3.13e-05,-1.25e-05,0.0,-1.82e-05,-2.6e-05,0.0,-0.0010809,-0.0159339,False
ITA40,1998-01-29,27191.0,1998-02-04,27920.0,4,6,0.0625,0.0016686,-3.13e-05,-1.25e-05,0.0,-5.73e-05,-2.6e-05,0.0,0.0015415,0.0268103,False
ITA40,1998-02-26,28591.0,1998-03-04,29262.0,4,6,0.0625,0.0014732,-3.13e-05,-1.25e-05,0.0,-5.73e-05,-2.6e-05,0.0,0.0013461,0.0234689,False
ITA40,1998-03-30,34213.0,1998-04-03,36073.0,4,4,0.0625,0.0033513,-3.13e-05,-1.25e-05,0.0,-3.82e-05,-1.74e-05,0.0,0.003252,0.0543653,False
ITA40,1998-04-29,31463.0,1998-05-05,33840.0,4,6,0.0625,0.0046676,-3.13e-05,-1.25e-05,0.0,-5.21e-05,-2.6e-05,0.0,0.0045457,0.0755491,False
ITA40,1998-05-28,34487.0,1998-06-03,34675.0,4,6,0.0625,0.0003576,-3.13e-05,-1.25e-05,0.0,-5.21e-05,-2.6e-05,0.0,0.0002357,0.0054513,False
ITA40,1998-06-29,33613.0,1998-07-03,35006.0,4,4,0.0625,0.0025722,-3.13e-05,-1.25e-05,0.0,-3.47e-05,-1.74e-05,0.0,0.0024764,0.0414423,False
ITA40,1998-07-30,36966.0,1998-08-05,35387.0,4,6,0.0625,-0.0027085,-3.13e-05,-1.25e-05,0.0,-5.21e-05,-2.6e-05,0.0,-0.0028304,-0.0427149,False
ITA40,1998-08-28,32093.0,1998-09-03,30395.0,4,6,0.0625,-0.003307,-3.13e-05,-1.25e-05,0.0,-5.21e-05,-2.6e-05,0.0,-0.0034289,-0.0529087,False
ITA40,1998-09-29,28779.0,1998-10-05,25441.0,4,6,0.0625,-0.007554,-3.13e-05,-1.25e-05,0.0,-5.21e-05,-2.6e-05,0.0,-0.0076759,-0.1159874,False
ITA40,1998-10-29,29111.0,1998-11-04,31049.0,4,6,0.0625,0.004081,-3.13e-05,-1.25e-05,0.0,-4.17e-05,-2.6e-05,0.0,0.0039696,0.0665728,False
ITA40,1998-11-27,34108.0,1998-12-03,32276.0,4,6,0.0625,-0.0033641,-3.13e-05,-1.25e-05,0.0,-4.17e-05,-2.6e-05,0.0,-0.0034756,-0.0537117,False
ITA40,1998-12-30,35426.0,1999-01-06,38179.0,4,7,0.0625,0.0048062,-3.13e-05,-1.25e-05,0.0,-3.65e-05,-3.04e-05,0.0,0.0046956,0.0777113,False
ITA40,1999-01-28,35490.0,1999-02-03,35368.0,4,6,0.0625,-0.0001979,-3.13e-05,-1.25e-05,0.0,-3.13e-05,-2.6e-05,0.0,-0.0002989,-0.0034376,False
ITA40,1999-02-25,36339.0,1999-03-03,35485.0,4,6,0.0625,-0.0014771,-3.13e-05,-1.25e-05,0.0,-3.13e-05,-2.6e-05,0.0,-0.0015781,-0.0235009,False
ITA40,1999-03-30,38191.0,1999-04-05,38130.0,4,6,0.0625,-9.16e-05,-3.13e-05,-1.25e-05,0.0,-3.13e-05,-2.6e-05,0.0,-0.0001927,-0.0015972,False
ITA40,1999-04-29,38279.0,1999-05-05,38447.0,4,6,0.0625,0.0002785,-3.13e-05,-1.25e-05,0.0,-2.6e-05,-2.6e-05,0.0,0.0001827,0.0043888,False
ITA40,1999-05-28,36873.0,1999-06-03,37098.0,4,6,0.0625,0.0003909,-3.13e-05,-1.25e-05,0.0,-2.6e-05,-2.6e-05,0.0,0.0002951,0.006102,False
ITA40,1999-06-29,36827.0,1999-07-05,37830.0,4,6,0.0625,0.0016939,-3.13e-05,-1.25e-05,0.0,-2.6e-05,-2.6e-05,0.0,0.0015981,0.0272355,False
ITA40,1999-07-29,33281.0,1999-08-04,34008.0,4,6,0.0625,0.0013723,-3.13e-05,-1.25e-05,0.0,-2.6e-05,-2.6e-05,0.0,0.0012765,0.0218443,False
ITA40,1999-08-30,36002.0,1999-09-03,35617.0,4,4,0.0625,-0.0006252,-3.13e-05,-1.25e-05,0.0,-1.74e-05,-1.74e-05,0.0,-0.0007037,-0.0106939,False
ITA40,1999-09-29,35351.0,1999-10-05,35421.0,4,6,0.0625,0.0001252,-3.13e-05,-1.25e-05,0.0,-2.6e-05,-2.6e-05,0.0,2.93e-05,0.0019801,False
ITA40,1999-10-28,34084.0,1999-11-03,34074.0,4,6,0.0625,-1.7e-05,-3.13e-05,-1.25e-05,0.0,-2.6e-05,-2.6e-05,0.0,-0.0001129,-0.0002934,False
ITA40,1999-11-29,36595.0,1999-12-03,37403.0,4,4,0.0625,0.0013816,-3.13e-05,-1.25e-05,0.0,-2.08e-05,-1.74e-05,0.0,0.0012996,0.0220795,False
ITA40,1999-12-30,42605.0,2000-01-05,39452.0,4,6,0.0625,-0.004742,-3.13e-05,-1.25e-05,0.0,-3.13e-05,-2.6e-05,0.0,-0.004843,-0.0740054,False
ITA40,2000-01-28,41854.0,2000-02-03,43889.0,4,6,0.0625,0.0030052,-3.13e-05,-1.25e-05,0.0,-3.13e-05,-2.6e-05,0.0,0.0029042,0.0486214,False
ITA40,2000-02-28,47747.0,2000-03-03,49169.0,4,4,0.0625,0.0018512,-3.13e-05,-1.25e-05,0.0,-2.26e-05,-1.74e-05,0.0,0.0017675,0.029782,False
ITA40,2000-03-30,45616.0,2000-04-05,43815.0,4,6,0.0625,-0.0024647,-3.13e-05,-1.25e-05,0.0,-3.65e-05,-2.6e-05,0.0,-0.0025709,-0.0394818,False
ITA40,2000-04-27,44206.0,2000-05-03,45226.0,4,6,0.0625,0.001473,-3.13e-05,-1.25e-05,0.0,-3.86e-05,-2.6e-05,0.0,0.0013646,0.0230738,False
ITA40,2000-05-30,45589.0,2000-06-05,46077.0,4,6,0.0625,0.0006801,-3.13e-05,-1.25e-05,0.0,-3.91e-05,-2.6e-05,0.0,0.0005712,0.0107043,False
ITA40,2000-06-29,45699.0,2000-07-05,46607.0,4,6,0.0625,0.0012396,-3.13e-05,-1.25e-05,0.0,-4.43e-05,-2.6e-05,0.0,0.0011255,0.0198691,False
ITA40,2000-07-28,45780.0,2000-08-03,45607.0,4,6,0.0625,-0.0002262,-3.13e-05,-1.25e-05,0.0,-4.43e-05,-2.6e-05,0.0,-0.0003403,-0.0037789,False
ITA40,2000-08-30,47617.0,2000-09-05,48322.0,4,6,0.0625,0.0009243,-3.13e-05,-1.25e-05,0.0,-4.6e-05,-2.6e-05,0.0,0.0008085,0.0148056,False
ITA40,2000-09-28,45594.0,2000-10-04,45663.0,4,6,0.0625,0.0001004,-3.13e-05,-1.25e-05,0.0,-4.69e-05,-2.6e-05,0.0,-1.63e-05,0.0015134,False
ITA40,2000-10-30,46953.0,2000-11-03,47937.0,4,4,0.0625,0.0013051,-3.13e-05,-1.25e-05,0.0,-3.3e-05,-1.74e-05,0.0,0.001211,0.0209571,False
ITA40,2000-11-29,47564.0,2000-12-05,46102.0,4,6,0.0625,-0.0018907,-3.13e-05,-1.25e-05,0.0,-4.95e-05,-2.6e-05,0.0,-0.00201,-0.0307375,False
ITA40,2000-12-28,44213.0,2001-01-04,42676.0,4,7,0.0625,-0.0021598,-3.13e-05,-1.25e-05,0.0,-5.77e-05,-3.04e-05,0.0,-0.0022917,-0.0347635,False
ITA40,2001-01-30,44784.0,2001-02-05,43715.0,4,6,0.0625,-0.001499,-3.13e-05,-1.25e-05,0.0,-4.95e-05,-2.6e-05,0.0,-0.0016183,-0.0238701,False
ITA40,2001-02-27,40089.0,2001-03-05,38994.0,4,6,0.0625,-0.0017193,-3.13e-05,-1.25e-05,0.0,-4.95e-05,-2.6e-05,0.0,-0.0018385,-0.0273142,False
ITA40,2001-03-29,38952.0,2001-04-04,38376.0,4,6,0.0625,-0.0009003,-3.13e-05,-1.25e-05,0.0,-4.95e-05,-2.6e-05,0.0,-0.0010195,-0.0147874,False
ITA40,2001-04-27,40470.0,2001-05-03,40104.0,4,6,0.0625,-0.0005402,-3.13e-05,-1.25e-05,0.0,-4.95e-05,-2.6e-05,0.0,-0.0006595,-0.0090437,False
ITA40,2001-05-30,39101.0,2001-06-05,38986.0,4,6,0.0625,-0.0001779,-3.13e-05,-1.25e-05,0.0,-4.69e-05,-2.6e-05,0.0,-0.0002945,-0.0029411,False
ITA40,2001-06-28,37159.0,2001-07-04,37703.0,4,6,0.0625,0.0009258,-3.13e-05,-1.25e-05,0.0,-4.69e-05,-2.6e-05,0.0,0.0008091,0.0146398,False
ITA40,2001-07-30,36400.0,2001-08-03,36458.0,4,4,0.0625,0.0001023,-3.13e-05,-1.25e-05,0.0,-3.13e-05,-1.74e-05,0.0,9.9e-06,0.0015934,False
ITA40,2001-08-30,34906.0,2001-09-05,33176.0,4,6,0.0625,-0.0031387,-3.13e-05,-1.25e-05,0.0,-4.47e-05,-2.6e-05,0.0,-0.0032532,-0.0495617,False
ITA40,2001-09-27,27645.0,2001-10-03,28904.0,4,6,0.0625,0.0028858,-3.13e-05,-1.25e-05,0.0,-3.91e-05,-2.6e-05,0.0,0.002777,0.0455417,False
ITA40,2001-10-30,30063.0,2001-11-05,31224.0,4,6,0.0625,0.0023938,-3.13e-05,-1.25e-05,0.0,-3.91e-05,-2.6e-05,0.0,0.0022849,0.0386189,False
ITA40,2001-11-29,31912.0,2001-12-05,33225.0,4,6,0.0625,0.0025724,-3.13e-05,-1.25e-05,0.0,-3.39e-05,-2.6e-05,0.0,0.0024687,0.0411444,False
ITA40,2001-12-28,32317.0,2002-01-04,32625.0,4,7,0.0625,0.0006112,-3.13e-05,-1.25e-05,0.0,-3.95e-05,-3.04e-05,0.0,0.0004976,0.0095306,False
ITA40,2002-01-30,32049.0,2002-02-05,31036.0,4,6,0.0625,-0.0019886,-3.13e-05,-1.25e-05,0.0,-3.39e-05,-2.6e-05,0.0,-0.0020923,-0.0316079,False
ITA40,2002-02-27,31754.0,2002-03-05,32766.0,4,6,0.0625,0.0019832,-3.13e-05,-1.25e-05,0.0,-3.39e-05,-2.6e-05,0.0,0.0018795,0.03187,False
ITA40,2002-03-28,33679.0,2002-04-03,33616.0,4,6,0.0625,-0.0001161,-3.13e-05,-1.25e-05,0.0,-3.39e-05,-2.6e-05,0.0,-0.0002197,-0.0018706,False
ITA40,2002-04-29,32544.0,2002-05-03,31534.0,4,4,0.0625,-0.001956,-3.13e-05,-1.25e-05,0.0,-2.26e-05,-1.74e-05,0.0,-0.0020397,-0.0310349,False
ITA40,2002-05-30,30251.0,2002-06-05,28994.0,4,6,0.0625,-0.0026263,-3.13e-05,-1.25e-05,0.0,-3.39e-05,-2.6e-05,0.0,-0.00273,-0.0415523,False
ITA40,2002-06-27,27244.0,2002-07-03,26827.0,4,6,0.0625,-0.0008908,-3.13e-05,-1.25e-05,0.0,-3.39e-05,-2.6e-05,0.0,-0.0009945,-0.0153061,False
ITA40,2002-07-30,25126.0,2002-08-05,23823.0,4,6,0.0625,-0.0032804,-3.13e-05,-1.25e-05,0.0,-3.39e-05,-2.6e-05,0.0,-0.0033841,-0.0518586,False
ITA40,2002-08-29,25378.0,2002-09-04,24502.0,4,6,0.0625,-0.0021382,-3.13e-05,-1.25e-05,0.0,-3.39e-05,-2.6e-05,0.0,-0.0022419,-0.0345181,False
ITA40,2002-09-27,22274.0,2002-10-03,21810.0,4,6,0.0625,-0.0012344,-3.13e-05,-1.25e-05,0.0,-3.39e-05,-2.6e-05,0.0,-0.0013381,-0.0208315,False
ITA40,2002-10-30,23311.0,2002-11-05,24494.0,4,6,0.0625,0.003168,-3.13e-05,-1.25e-05,0.0,-3.39e-05,-2.6e-05,0.0,0.0030643,0.0507486,False
ITA40,2002-11-28,25927.0,2002-12-04,25182.0,4,6,0.0625,-0.0017962,-3.13e-05,-1.25e-05,0.0,-3.39e-05,-2.6e-05,0.0,-0.0018998,-0.0287345,False
ITA40,2002-12-30,23508.0,2003-01-06,24804.0,4,7,0.0625,0.0034069,-3.13e-05,-1.25e-05,0.0,-3.34e-05,-3.04e-05,0.0,0.0032993,0.0551302,False
ITA40,2003-01-30,22425.0,2003-02-05,22506.0,4,6,0.0625,0.0002687,-3.13e-05,-1.25e-05,0.0,-2.86e-05,-2.6e-05,0.0,0.0001702,0.003612,False
ITA40,2003-02-27,23150.0,2003-03-05,22440.0,4,6,0.0625,-0.0019309,-3.13e-05,-1.25e-05,0.0,-2.86e-05,-2.6e-05,0.0,-0.0020293,-0.0306695,False
ITA40,2003-03-28,22301.0,2003-04-03,22728.0,4,6,0.0625,0.0012522,-3.13e-05,-1.25e-05,0.0,-2.6e-05,-2.6e-05,0.0,0.0011563,0.0191471,False
ITA40,2003-04-29,23884.0,2003-05-05,24106.0,4,6,0.0625,0.0005802,-3.13e-05,-1.25e-05,0.0,-2.6e-05,-2.6e-05,0.0,0.0004844,0.0092949,False
ITA40,2003-05-29,24729.0,2003-06-04,24982.0,4,6,0.0625,0.0006461,-3.13e-05,-1.25e-05,0.0,-2.6e-05,-2.6e-05,0.0,0.0005503,0.0102309,False
ITA40,2003-06-27,25124.0,2003-07-03,24311.0,4,6,0.0625,-0.0020312,-3.13e-05,-1.25e-05,0.0,-2.08e-05,-2.6e-05,0.0,-0.0021218,-0.0323595,False
ITA40,2003-07-30,24880.0,2003-08-05,24841.0,4,6,0.0625,-9.09e-05,-3.13e-05,-1.25e-05,0.0,-2.08e-05,-2.6e-05,0.0,-0.0001816,-0.0015675,False
ITA40,2003-08-28,25411.0,2003-09-03,25853.0,4,6,0.0625,0.0010867,-3.13e-05,-1.25e-05,0.0,-2.08e-05,-2.6e-05,0.0,0.0009961,0.017394,False
ITA40,2003-09-29,24994.0,2003-10-03,25422.0,4,4,0.0625,0.0010869,-3.13e-05,-1.25e-05,0.0,-1.39e-05,-1.74e-05,0.0,0.0010119,0.0171241,False
ITA40,2003-10-30,25923.0,2003-11-05,26216.0,4,6,0.0625,0.0007096,-3.13e-05,-1.25e-05,0.0,-2.08e-05,-2.6e-05,0.0,0.000619,0.0113027,False
ITA40,2003-11-27,27089.0,2003-12-03,27650.0,4,6,0.0625,0.0012873,-3.13e-05,-1.25e-05,0.0,-2.08e-05,-2.6e-05,0.0,0.0011967,0.0207095,False
ITA40,2003-12-30,26887.0,2004-01-06,27652.0,4,7,0.0625,0.0017655,-3.13e-05,-1.25e-05,0.0,-2.43e-05,-3.04e-05,0.0,0.0016671,0.0284524,False
ITA40,2004-01-29,28033.0,2004-02-04,27677.0,4,6,0.0625,-0.0007945,-3.13e-05,-1.25e-05,0.0,-2.08e-05,-2.6e-05,0.0,-0.0008851,-0.0126993,False
ITA40,2004-02-26,27881.0,2004-03-03,28209.0,4,6,0.0625,0.000734,-3.13e-05,-1.25e-05,0.0,-2.08e-05,-2.6e-05,0.0,0.0006434,0.0117643,False
ITA40,2004-03-30,27181.0,2004-04-05,28072.0,4,6,0.0625,0.0020295,-3.13e-05,-1.25e-05,0.0,-2.08e-05,-2.6e-05,0.0,0.0019389,0.0327803,False
ITA40,2004-04-29,28111.0,2004-05-05,28318.0,4,6,0.0625,0.0004619,-3.13e-05,-1.25e-05,0.0,-2.08e-05,-2.6e-05,0.0,0.0003712,0.0073637,False
ITA40,2004-05-28,27344.0,2004-06-03,27315.0,4,6,0.0625,-6.53e-05,-3.13e-05,-1.25e-05,0.0,-2.08e-05,-2.6e-05,0.0,-0.0001559,-0.0010606,False
ITA40,2004-06-29,28234.0,2004-07-05,27941.0,4,6,0.0625,-0.0006502,-3.13e-05,-1.25e-05,0.0,-2.08e-05,-2.6e-05,0.0,-0.0007408,-0.0103776,False
ITA40,2004-07-29,27397.0,2004-08-04,27250.0,4,6,0.0625,-0.0003319,-3.13e-05,-1.25e-05,0.0,-2.08e-05,-2.6e-05,0.0,-0.0004226,-0.0053656,False
ITA40,2004-08-30,27009.0,2004-09-03,27666.0,4,4,0.0625,0.0015106,-3.13e-05,-1.25e-05,0.0,-1.39e-05,-1.74e-05,0.0,0.0014356,0.0243252,False
ITA40,2004-09-29,28019.0,2004-10-05,28621.0,4,6,0.0625,0.0013437,-3.13e-05,-1.25e-05,0.0,-2.08e-05,-2.6e-05,0.0,0.0012531,0.0214854,False
ITA40,2004-10-28,28754.0,2004-11-03,29115.0,4,6,0.0625,0.0007836,-3.13e-05,-1.25e-05,0.0,-2.08e-05,-2.6e-05,0.0,0.0006929,0.0125548,False
ITA40,2004-11-29,29680.0,2004-12-03,29908.0,4,4,0.0625,0.0004819,-3.13e-05,-1.25e-05,0.0,-1.39e-05,-1.74e-05,0.0,0.0004069,0.0076819,False
ITA40,2004-12-30,30903.0,2005-01-05,30976.0,4,6,0.0625,0.0001485,-3.13e-05,-1.25e-05,0.0,-2.08e-05,-2.6e-05,0.0,5.79e-05,0.0023622,False
ITA40,2005-01-28,31008.0,2005-02-03,31537.0,4,6,0.0625,0.0010618,-3.13e-05,-1.25e-05,0.0,-2.08e-05,-2.6e-05,0.0,0.0009712,0.0170601,False
ITA40,2005-02-25,31744.0,2005-03-03,31902.0,4,6,0.0625,0.000311,-3.13e-05,-1.25e-05,0.0,-2.08e-05,-2.6e-05,0.0,0.0002204,0.0049773,False
ITA40,2005-03-30,32206.0,2005-04-05,32385.0,4,6,0.0625,0.0003481,-3.13e-05,-1.25e-05,0.0,-2.08e-05,-2.6e-05,0.0,0.0002575,0.005558,False
ITA40,2005-04-28,30841.0,2005-05-04,31266.0,4,6,0.0625,0.0008576,-3.13e-05,-1.25e-05,0.0,-2.08e-05,-2.6e-05,0.0,0.000767,0.0137804,False
ITA40,2005-05-30,31878.0,2005-06-03,31958.0,4,4,0.0625,0.0001625,-3.13e-05,-1.25e-05,0.0,-1.39e-05,-1.74e-05,0.0,8.75e-05,0.0025096,False
ITA40,2005-06-29,32185.0,2005-07-05,32553.0,4,6,0.0625,0.0007131,-3.13e-05,-1.25e-05,0.0,-2.08e-05,-2.6e-05,0.0,0.0006224,0.0114339,False
ITA40,2005-07-28,33774.0,2005-08-03,33896.0,4,6,0.0625,0.0002284,-3.13e-05,-1.25e-05,0.0,-2.08e-05,-2.6e-05,0.0,0.0001378,0.0036122,False
ITA40,2005-08-30,33144.0,2005-09-05,33805.0,4,6,0.0625,0.0012395,-3.13e-05,-1.25e-05,0.0,-2.08e-05,-2.6e-05,0.0,0.0011488,0.0199433,False
ITA40,2005-09-29,34773.0,2005-10-05,34136.0,4,6,0.0625,-0.001147,-3.13e-05,-1.25e-05,0.0,-2.08e-05,-2.6e-05,0.0,-0.0012376,-0.0183188,False
ITA40,2005-10-28,32183.0,2005-11-03,33366.0,4,6,0.0625,0.0022733,-3.13e-05,-1.25e-05,0.0,-2.08e-05,-2.6e-05,0.0,0.0021827,0.0367585,False
ITA40,2005-11-29,34307.0,2005-12-05,34650.0,4,6,0.0625,0.0006305,-3.13e-05,-1.25e-05,0.0,-2.08e-05,-2.6e-05,0.0,0.0005398,0.009998,False
ITA40,2005-12-29,35957.0,2006-01-04,36336.0,4,6,0.0625,0.0006603,-3.13e-05,-1.25e-05,0.0,-2.34e-05,-2.6e-05,0.0,0.0005671,0.0105404,False
ITA40,2006-01-30,36666.0,2006-02-03,36408.0,4,4,0.0625,-0.0004333,-3.13e-05,-1.25e-05,0.0,-1.56e-05,-1.74e-05,0.0,-0.0005101,-0.0070365,False
ITA40,2006-02-27,38322.0,2006-03-03,37390.0,4,4,0.0625,-0.0015234,-3.13e-05,-1.25e-05,0.0,-1.56e-05,-1.74e-05,0.0,-0.0016001,-0.0243202,False
ITA40,2006-03-30,38206.0,2006-04-05,38440.0,4,6,0.0625,0.0003907,-3.13e-05,-1.25e-05,0.0,-2.6e-05,-2.6e-05,0.0,0.0002948,0.0061247,False
ITA40,2006-04-27,38131.0,2006-05-04,38136.0,4,7,0.0625,1.7e-05,-3.13e-05,-1.25e-05,0.0,-3.04e-05,-3.04e-05,0.0,-8.75e-05,0.0001311,False
ITA40,2006-05-30,35796.0,2006-06-05,36462.0,4,6,0.0625,0.0011631,-3.13e-05,-1.25e-05,0.0,-2.6e-05,-2.6e-05,0.0,0.0010673,0.0186054,False
ITA40,2006-06-29,36042.0,2006-07-05,36207.0,4,6,0.0625,0.0002972,-3.13e-05,-1.25e-05,0.0,-2.86e-05,-2.6e-05,0.0,0.0001988,0.004578,False
ITA40,2006-07-28,36720.0,2006-08-03,36474.0,4,6,0.0625,-0.0004112,-3.13e-05,-1.25e-05,0.0,-2.86e-05,-2.6e-05,0.0,-0.0005096,-0.0066993,False
ITA40,2006-08-30,37993.0,2006-09-05,38135.0,4,6,0.0625,0.0002345,-3.13e-05,-1.25e-05,0.0,-3.13e-05,-2.6e-05,0.0,0.0001335,0.0037375,False
ITA40,2006-09-28,38428.0,2006-10-04,38707.0,4,6,0.0625,0.0004542,-3.13e-05,-1.25e-05,0.0,-3.13e-05,-2.6e-05,0.0,0.0003532,0.0072603,False
ITA40,2006-10-30,39382.0,2006-11-03,39811.0,4,4,0.0625,0.0006802,-3.13e-05,-1.25e-05,0.0,-2.26e-05,-1.74e-05,0.0,0.0005965,0.0108933,False
ITA40,2006-11-29,40538.0,2006-12-05,40408.0,4,6,0.0625,-0.0001953,-3.13e-05,-1.25e-05,0.0,-3.39e-05,-2.6e-05,0.0,-0.000299,-0.0032069,False
ITA40,2006-12-28,41401.0,2007-01-04,41842.0,4,7,0.0625,0.0006693,-3.13e-05,-1.25e-05,0.0,-4.25e-05,-3.04e-05,0.0,0.0005526,0.0106519,False
ITA40,2007-01-30,42290.0,2007-02-05,42696.0,4,6,0.0625,0.000599,-3.13e-05,-1.25e-05,0.0,-3.65e-05,-2.6e-05,0.0,0.0004928,0.0096004,False
ITA40,2007-02-27,41616.0,2007-03-05,40157.0,4,6,0.0625,-0.002219,-3.13e-05,-1.25e-05,0.0,-3.65e-05,-2.6e-05,0.0,-0.0023252,-0.0350586,False
ITA40,2007-03-29,41766.0,2007-04-04,42412.0,4,6,0.0625,0.0009631,-3.13e-05,-1.25e-05,0.0,-3.91e-05,-2.6e-05,0.0,0.0008542,0.0154671,False
ITA40,2007-04-27,43642.0,2007-05-04,43973.0,4,7,0.0625,0.0004743,-3.13e-05,-1.25e-05,0.0,-4.56e-05,-3.04e-05,0.0,0.0003546,0.0075844,False
ITA40,2007-05-30,42964.0,2007-06-05,42931.0,4,6,0.0625,-4.56e-05,-3.13e-05,-1.25e-05,0.0,-3.91e-05,-2.6e-05,0.0,-0.0001545,-0.0007681,False
ITA40,2007-06-28,41704.0,2007-07-04,42408.0,4,6,0.0625,0.00105,-3.13e-05,-1.25e-05,0.0,-4.17e-05,-2.6e-05,0.0,0.0009386,0.0168809,False
ITA40,2007-07-30,39539.0,2007-08-03,39375.0,4,4,0.0625,-0.0002333,-3.13e-05,-1.25e-05,0.0,-2.78e-05,-1.74e-05,0.0,-0.0003222,-0.0041478,False
ITA40,2007-08-30,39842.0,2007-09-05,39347.0,4,6,0.0625,-0.0007602,-3.13e-05,-1.25e-05,0.0,-4.17e-05,-2.6e-05,0.0,-0.0008716,-0.0124241,False
ITA40,2007-09-27,40059.0,2007-10-03,40423.0,4,6,0.0625,0.0005714,-3.13e-05,-1.25e-05,0.0,-4.17e-05,-2.6e-05,0.0,0.0004599,0.0090866,False
ITA40,2007-10-30,40163.0,2007-11-05,39455.0,4,6,0.0625,-0.0010956,-3.13e-05,-1.25e-05,0.0,-4.17e-05,-2.6e-05,0.0,-0.0012071,-0.0176282,False
ITA40,2007-11-29,38599.0,2007-12-05,39125.0,4,6,0.0625,0.0008601,-3.13e-05,-1.25e-05,0.0,-4.17e-05,-2.6e-05,0.0,0.0007487,0.0136273,False
ITA40,2007-12-27,38343.0,2008-01-04,37450.0,4,8,0.0625,-0.001458,-3.13e-05,-1.25e-05,0.0,-5.56e-05,-3.47e-05,0.0,-0.001592,-0.0232898,False
ITA40,2008-01-30,34274.0,2008-02-05,33675.0,4,6,0.0625,-0.0010659,-3.13e-05,-1.25e-05,0.0,-4.17e-05,-2.6e-05,0.0,-0.0011773,-0.0174768,False
ITA40,2008-02-28,34082.0,2008-03-05,33443.0,4,6,0.0625,-0.0011453,-3.13e-05,-1.25e-05,0.0,-4.17e-05,-2.6e-05,0.0,-0.0012568,-0.0187489,False
ITA40,2008-03-28,31696.0,2008-04-03,33103.0,4,6,0.0625,0.002751,-3.13e-05,-1.25e-05,0.0,-4.17e-05,-2.6e-05,0.0,0.0026395,0.0443905,False
ITA40,2008-04-29,33841.0,2008-05-06,34298.0,4,7,0.0625,0.0008486,-3.13e-05,-1.25e-05,0.0,-4.86e-05,-3.04e-05,0.0,0.0007258,0.0135043,False
ITA40,2008-05-29,32769.0,2008-06-04,32508.0,4,6,0.0625,-0.0004834,-3.13e-05,-1.25e-05,0.0,-4.17e-05,-2.6e-05,0.0,-0.0005949,-0.0079648,False
ITA40,2008-06-27,29198.0,2008-07-03,29094.0,4,6,0.0625,-0.0002088,-3.13e-05,-1.25e-05,0.0,-4.17e-05,-2.6e-05,0.0,-0.0003203,-0.0035619,False
ITA40,2008-07-30,28415.0,2008-08-05,28753.0,4,6,0.0625,0.0007785,-3.13e-05,-1.25e-05,0.0,-4.43e-05,-2.6e-05,0.0,0.0006645,0.0118951,False
ITA40,2008-08-28,28625.0,2008-09-03,29061.0,4,6,0.0625,0.0009536,-3.13e-05,-1.25e-05,0.0,-4.43e-05,-2.6e-05,0.0,0.0008396,0.0152314,False
ITA40,2008-09-29,25803.0,2008-10-03,25911.0,4,4,0.0625,0.0002948,-3.13e-05,-1.25e-05,0.0,-2.95e-05,-1.74e-05,0.0,0.0002041,0.0041856,False
ITA40,2008-10-30,20768.0,2008-11-05,22758.0,4,6,0.0625,0.0058929,-3.13e-05,-1.25e-05,0.0,-3.91e-05,-2.6e-05,0.0,0.0057841,0.0958205,False
ITA40,2008-11-27,20152.0,2008-12-03,19129.0,4,6,0.0625,-0.0031147,-3.13e-05,-1.25e-05,0.0,-3.39e-05,-2.6e-05,0.0,-0.0032184,-0.0507642,False
ITA40,2008-12-29,19167.0,2009-01-06,20729.0,4,8,0.0625,0.0049472,-3.13e-05,-1.25e-05,0.0,-3.47e-05,-3.47e-05,0.0,0.004834,0.0814942,False
ITA40,2009-01-29,18092.0,2009-02-04,18015.0,4,6,0.0625,-0.0002266,-3.13e-05,-1.25e-05,0.0,-2.08e-05,-2.6e-05,0.0,-0.0003173,-0.004256,False
ITA40,2009-02-26,15664.0,2009-03-04,14363.0,4,6,0.0625,-0.0052454,-3.13e-05,-1.25e-05,0.0,-2.08e-05,-2.6e-05,0.0,-0.005336,-0.0830567,False
ITA40,2009-03-30,15269.0,2009-04-03,16900.0,4,4,0.0625,0.0064642,-3.13e-05,-1.25e-05,0.0,-1.04e-05,-1.74e-05,0.0,0.0063927,0.1068177,False
ITA40,2009-04-29,18904.0,2009-05-06,20104.0,4,7,0.0625,0.0038994,-3.13e-05,-1.25e-05,0.0,-1.52e-05,-3.04e-05,0.0,0.0038101,0.0634786,False
ITA40,2009-05-28,20150.0,2009-06-03,20118.0,4,6,0.0625,-5.09e-05,-3.13e-05,-1.25e-05,0.0,-1.04e-05,-2.6e-05,0.0,-0.0001311,-0.0015881,False
ITA40,2009-06-29,19096.0,2009-07-03,18942.0,4,4,0.0625,-0.0004715,-3.13e-05,-1.25e-05,0.0,-6.9e-06,-1.74e-05,0.0,-0.0005395,-0.0080645,False
ITA40,2009-07-30,20819.0,2009-08-05,20963.0,4,6,0.0625,0.0004436,-3.13e-05,-1.25e-05,0.0,-1.04e-05,-2.6e-05,0.0,0.0003634,0.0069168,False
ITA40,2009-08-28,22673.0,2009-09-03,21937.0,4,6,0.0625,-0.0020415,-3.13e-05,-1.25e-05,0.0,-1.04e-05,-2.6e-05,0.0,-0.0021217,-0.0324615,False
ITA40,2009-09-29,23566.0,2009-10-05,22831.0,4,6,0.0625,-0.0019583,-3.13e-05,-1.25e-05,0.0,-1.04e-05,-2.6e-05,0.0,-0.0020385,-0.031189,False
ITA40,2009-10-29,22773.0,2009-11-04,22386.0,4,6,0.0625,-0.0010162,-3.13e-05,-1.25e-05,0.0,-1.04e-05,-2.6e-05,0.0,-0.0010964,-0.0169938,False
ITA40,2009-11-27,22205.0,2009-12-03,22616.0,4,6,0.0625,0.0011764,-3.13e-05,-1.25e-05,0.0,-1.04e-05,-2.6e-05,0.0,0.0010962,0.0185093,False
ITA40,2009-12-29,23376.0,2010-01-06,23622.0,4,8,0.0625,0.0006605,-3.13e-05,-1.25e-05,0.0,-1.39e-05,-3.47e-05,0.0,0.0005682,0.0105236,False
ITA40,2010-01-28,21603.0,2010-02-03,22169.0,4,6,0.0625,0.001637,-3.13e-05,-1.25e-05,0.0,-1.04e-05,-2.6e-05,0.0,0.0015568,0.0262001,False
ITA40,2010-02-25,20843.0,2010-03-03,21745.0,4,6,0.0625,0.0026634,-3.13e-05,-1.25e-05,0.0,-1.04e-05,-2.6e-05,0.0,0.0025832,0.0432759,False
ITA40,2010-03-30,23003.0,2010-04-07,23151.0,4,8,0.0625,0.0004132,-3.13e-05,-1.25e-05,0.0,-1.39e-05,-3.47e-05,0.0,0.0003209,0.0064339,False
ITA40,2010-04-29,21696.0,2010-05-05,20352.0,4,6,0.0625,-0.0039191,-3.13e-05,-1.25e-05,0.0,-1.04e-05,-2.6e-05,0.0,-0.0039993,-0.0619469,False
ITA40,2010-05-28,19476.0,2010-06-03,19473.0,4,6,0.0625,4.4e-06,-3.13e-05,-1.25e-05,0.0,-1.04e-05,-2.6e-05,0.0,-7.58e-05,-0.000154,False
ITA40,2010-06-29,19236.0,2010-07-05,18849.0,4,6,0.0625,-0.0012524,-3.13e-05,-1.25e-05,0.0,-1.04e-05,-2.6e-05,0.0,-0.0013326,-0.0201185,False
ITA40,2010-07-29,21097.0,2010-08-04,21466.0,4,6,0.0625,0.0011036,-3.13e-05,-1.25e-05,0.0,-1.04e-05,-2.6e-05,0.0,0.0010234,0.0174906,False
ITA40,2010-08-30,19700.0,2010-09-03,20640.0,4,4,0.0625,0.002949,-3.13e-05,-1.25e-05,0.0,-6.9e-06,-1.74e-05,0.0,0.002881,0.0477157,False
ITA40,2010-09-29,20372.0,2010-10-05,20510.0,4,6,0.0625,0.0004445,-3.13e-05,-1.25e-05,0.0,-1.04e-05,-2.6e-05,0.0,0.0003643,0.006774,False
ITA40,2010-10-28,21510.0,2010-11-03,21181.0,4,6,0.0625,-0.0009519,-3.13e-05,-1.25e-05,0.0,-1.04e-05,-2.6e-05,0.0,-0.0010321,-0.0152952,False
ITA40,2010-11-29,19314.0,2010-12-03,20121.0,4,4,0.0625,0.0025993,-3.13e-05,-1.25e-05,0.0,-6.9e-06,-1.74e-05,0.0,0.0025313,0.0417832,False
ITA40,2010-12-29,20471.0,2011-01-05,20552.0,4,7,0.0625,0.0002597,-3.13e-05,-1.25e-05,0.0,-1.22e-05,-3.04e-05,0.0,0.0001734,0.0039568,False
ITA40,2011-01-28,22025.0,2011-02-03,22444.0,4,6,0.0625,0.0011959,-3.13e-05,-1.25e-05,0.0,-1.04e-05,-2.6e-05,0.0,0.0011157,0.0190238,False
ITA40,2011-02-25,22350.0,2011-03-03,22154.0,4,6,0.0625,-0.0005456,-3.13e-05,-1.25e-05,0.0,-1.04e-05,-2.6e-05,0.0,-0.0006258,-0.0087696,False
ITA40,2011-03-30,22001.0,2011-04-05,22059.0,4,6,0.0625,0.0001735,-3.13e-05,-1.25e-05,0.0,-1.04e-05,-2.6e-05,0.0,9.33e-05,0.0026362,False
ITA40,2011-04-28,22380.0,2011-05-04,21915.0,4,6,0.0625,-0.0013015,-3.13e-05,-1.25e-05,0.0,-1.3e-05,-2.6e-05,0.0,-0.0013843,-0.0207775,False
ITA40,2011-05-30,20792.0,2011-06-03,20810.0,4,4,0.0625,6.84e-05,-3.13e-05,-1.25e-05,0.0,-8.7e-06,-1.74e-05,0.0,-1.4e-06,0.0008657,False
ITA40,2011-06-29,19865.0,2011-07-05,20278.0,4,6,0.0625,0.0013055,-3.13e-05,-1.25e-05,0.0,-1.3e-05,-2.6e-05,0.0,0.0012227,0.0207903,False
ITA40,2011-07-28,18558.0,2011-08-03,17006.0,4,6,0.0625,-0.0053811,-3.13e-05,-1.25e-05,0.0,-1.56e-05,-2.6e-05,0.0,-0.0054665,-0.0836297,False
ITA40,2011-08-30,15106.0,2011-09-05,14334.0,4,6,0.0625,-0.0031252,-3.13e-05,-1.25e-05,0.0,-1.56e-05,-2.6e-05,0.0,-0.0032106,-0.0511055,False
ITA40,2011-09-29,15046.0,2011-10-05,14806.0,4,6,0.0625,-0.0009225,-3.13e-05,-1.25e-05,0.0,-1.56e-05,-2.6e-05,0.0,-0.0010079,-0.0159511,False
ITA40,2011-10-28,16654.0,2011-11-03,15766.0,4,6,0.0625,-0.003178,-3.13e-05,-1.25e-05,0.0,-1.56e-05,-2.6e-05,0.0,-0.0032634,-0.0533205,False
ITA40,2011-11-29,14627.0,2011-12-05,15926.0,4,6,0.0625,0.0054093,-3.13e-05,-1.25e-05,0.0,-1.3e-05,-2.6e-05,0.0,0.0053265,0.0888084,False
ITA40,2011-12-29,14909.0,2012-01-04,15327.0,4,6,0.0625,0.0017686,-3.13e-05,-1.25e-05,0.0,-1.04e-05,-2.6e-05,0.0,0.0016884,0.0280368,False
ITA40,2012-01-30,15753.0,2012-02-03,16440.0,4,4,0.0625,0.0026951,-3.13e-05,-1.25e-05,0.0,-6.9e-06,-1.74e-05,0.0,0.0026271,0.0436107,False
ITA40,2012-02-28,16345.0,2012-03-05,16787.0,4,6,0.0625,0.0016961,-3.13e-05,-1.25e-05,0.0,-1.04e-05,-2.6e-05,0.0,0.0016159,0.0270419,False
ITA40,2012-03-29,15909.0,2012-04-04,15246.0,4,6,0.0625,-0.002628,-3.13e-05,-1.25e-05,0.0,-1.04e-05,-2.6e-05,0.0,-0.0027082,-0.0416745,False
ITA40,2012-04-27,14779.0,2012-05-04,13919.0,4,7,0.0625,-0.0037129,-3.13e-05,-1.25e-05,0.0,-1.22e-05,-3.04e-05,0.0,-0.0037991,-0.0581907,False
ITA40,2012-05-30,12873.0,2012-06-05,12974.0,4,6,0.0625,0.0004975,-3.13e-05,-1.25e-05,0.0,-1.04e-05,-2.6e-05,0.0,0.0004173,0.0078459,False
ITA40,2012-06-28,13391.0,2012-07-04,14381.0,4,6,0.0625,0.0045953,-3.13e-05,-1.25e-05,0.0,-1.04e-05,-2.6e-05,0.0,0.0045151,0.0739303,False
ITA40,2012-07-30,13978.0,2012-08-03,14125.0,4,4,0.0625,0.0008452,-3.13e-05,-1.25e-05,0.0,-5.2e-06,-1.74e-05,0.0,0.0007789,0.0105165,False
ITA40,2012-08-30,14781.0,2012-09-05,15128.0,4,6,0.0625,0.00147,-3.13e-05,-1.25e-05,0.0,-7.8e-06,-2.6e-05,0.0,0.0013924,0.0234761,False
ITA40,2012-09-27,15450.0,2012-10-03,15535.0,4,6,0.0625,0.0003844,-3.13e-05,-1.25e-05,0.0,-7.8e-06,-2.6e-05,0.0,0.0003068,0.0055016,False
ITA40,2012-10-30,15522.0,2012-11-05,15544.0,4,6,0.0625,0.0001043,-3.13e-05,-1.25e-05,0.0,-7.8e-06,-2.6e-05,0.0,2.67e-05,0.0014173,False
ITA40,2012-11-29,15888.0,2012-12-05,15954.0,4,6,0.0625,0.0002648,-3.13e-05,-1.25e-05,0.0,-7.8e-06,-2.6e-05,0.0,0.0001872,0.0041541,False
ITA40,2012-12-27,16408.0,2013-01-04,16960.0,4,8,0.0625,0.0021147,-3.13e-05,-1.25e-05,0.0,-1.04e-05,-3.47e-05,0.0,0.0020258,0.0336421,False
ITA40,2013-01-30,17290.0,2013-02-05,16712.0,4,6,0.0625,-0.0020525,-3.13e-05,-1.25e-05,0.0,-7.8e-06,-2.6e-05,0.0,-0.0021301,-0.0334297,False
ITA40,2013-02-27,15827.0,2013-03-05,15974.0,4,6,0.0625,0.0006124,-3.13e-05,-1.25e-05,0.0,-7.8e-06,-2.6e-05,0.0,0.0005348,0.0092879,False
ITA40,2013-03-27,15354.0,2013-04-04,15154.0,4,8,0.0625,-0.0007965,-3.13e-05,-1.25e-05,0.0,-1.04e-05,-3.47e-05,0.0,-0.0008854,-0.0130259,False
ITA40,2013-04-29,16930.0,2013-05-06,16863.0,4,7,0.0625,-0.0002412,-3.13e-05,-1.25e-05,0.0,-9.1e-06,-3.04e-05,0.0,-0.0003244,-0.0039575,False
ITA40,2013-05-30,17351.0,2013-06-05,16971.0,4,6,0.0625,-0.0013759,-3.13e-05,-1.25e-05,0.0,-5.2e-06,-2.6e-05,0.0,-0.0014509,-0.0219008,False
ITA40,2013-06-27,15430.0,2013-07-03,15283.0,4,6,0.0625,-0.0005849,-3.13e-05,-1.25e-05,0.0,-5.2e-06,-2.6e-05,0.0,-0.0006599,-0.0095269,False
ITA40,2013-07-30,16543.0,2013-08-05,16757.0,4,6,0.0625,0.0008169,-3.13e-05,-1.25e-05,0.0,-5.2e-06,-2.6e-05,0.0,0.0007419,0.012936,False
ITA40,2013-08-29,16905.0,2013-09-04,16712.0,4,6,0.0625,-0.0006957,-3.13e-05,-1.25e-05,0.0,-5.2e-06,-2.6e-05,0.0,-0.0007707,-0.0114167,False
ITA40,2013-09-27,17646.0,2013-10-03,18018.0,4,6,0.0625,0.00134,-3.13e-05,-1.25e-05,0.0,-5.2e-06,-2.6e-05,0.0,0.001265,0.0210813,False
ITA40,2013-10-30,19167.0,2013-11-05,19092.0,4,6,0.0625,-0.0002333,-3.13e-05,-1.25e-05,0.0,-5.2e-06,-2.6e-05,0.0,-0.0003083,-0.003913,False
ITA40,2013-11-28,19099.0,2013-12-04,18313.0,4,6,0.0625,-0.0026064,-3.13e-05,-1.25e-05,0.0,-2.6e-06,-2.6e-05,0.0,-0.0026788,-0.041154,False
ITA40,2013-12-27,18957.0,2014-01-06,19234.0,4,10,0.0625,0.0009109,-3.13e-05,-1.25e-05,0.0,-4.3e-06,-4.34e-05,0.0,0.0008194,0.014612,False
ITA40,2014-01-30,19412.0,2014-02-05,19070.0,4,6,0.0625,-0.0010876,-3.13e-05,-1.25e-05,0.0,-2.6e-06,-2.6e-05,0.0,-0.00116,-0.017618,False
ITA40,2014-02-27,20320.0,2014-03-05,20756.0,4,6,0.0625,0.0014096,-3.13e-05,-1.25e-05,0.0,-2.6e-06,-2.6e-05,0.0,0.0013372,0.0214567,False
ITA40,2014-03-28,21498.0,2014-04-03,21992.0,4,6,0.0625,0.0014349,-3.13e-05,-1.25e-05,0.0,-2.6e-06,-2.6e-05,0.0,0.0013625,0.0229789,False
ITA40,2014-04-29,21976.0,2014-05-06,21521.0,4,7,0.0625,-0.0013029,-3.13e-05,-1.25e-05,0.0,-3e-06,-3.04e-05,0.0,-0.0013801,-0.0207044,False
ITA40,2014-05-29,21511.0,2014-06-04,21622.0,4,6,0.0625,0.0003258,-3.13e-05,-1.25e-05,0.0,-2.6e-06,-2.6e-05,0.0,0.0002534,0.0051602,False
ITA40,2014-06-27,21319.0,2014-07-03,21884.0,4,6,0.0625,0.001644,-3.13e-05,-1.25e-05,0.0,-1.6e-06,-2.6e-05,0.0,0.0015726,0.0265022,False
ITA40,2014-07-30,20887.0,2014-08-05,20052.0,4,6,0.0625,-0.0025311,-3.13e-05,-1.25e-05,0.0,-1.6e-06,-2.6e-05,0.0,-0.0026025,-0.039977,False
ITA40,2014-08-28,20341.0,2014-09-03,20831.0,4,6,0.0625,0.0015012,-3.13e-05,-1.25e-05,0.0,-1.6e-06,-2.6e-05,0.0,0.0014298,0.0240893,False
ITA40,2014-09-29,20526.0,2014-10-03,20200.0,4,4,0.0625,-0.0009316,-3.13e-05,-1.25e-05,0.0,-3e-07,-1.74e-05,0.0,-0.0009931,-0.0158823,False
ITA40,2014-10-30,19194.0,2014-11-05,19427.0,4,6,0.0625,0.0008337,-3.13e-05,-1.25e-05,0.0,-5e-07,-2.6e-05,0.0,0.0007634,0.0121392,False
ITA40,2014-11-27,20100.0,2014-12-03,19978.0,4,6,0.0625,-0.0003676,-3.13e-05,-1.25e-05,0.0,-5e-07,-2.6e-05,0.0,-0.0004379,-0.0060697,False
ITA40,2014-12-29,19130.0,2015-01-06,18143.0,4,8,0.0625,-0.0032299,-3.13e-05,-1.25e-05,0.0,-7e-07,-3.47e-05,0.0,-0.003309,-0.0515944,False
ITA40,2015-01-29,20594.0,2015-02-04,20942.0,4,6,0.0625,0.0010685,-3.13e-05,-1.25e-05,0.0,-5e-07,-2.6e-05,0.0,0.0009982,0.0168981,False
ITA40,2015-02-26,22165.0,2015-03-04,22131.0,4,6,0.0625,-8.65e-05,-3.13e-05,-1.25e-05,0.0,-5e-07,-2.6e-05,0.0,-0.0001568,-0.0015339,False
ITA40,2015-03-30,23261.0,2015-04-07,23706.0,4,8,0.0625,0.0011965,-3.13e-05,-1.25e-05,0.0,-7e-07,-3.47e-05,0.0,0.0011173,0.0191307,False
ITA40,2015-04-29,22996.0,2015-05-06,22660.0,4,7,0.0625,-0.0008934,-3.13e-05,-1.25e-05,0.0,-6e-07,-3.04e-05,0.0,-0.0009681,-0.0146112,False
ITA40,2015-05-28,23744.0,2015-06-03,23609.0,4,6,0.0625,-0.0003516,-3.13e-05,-1.25e-05,0.0,-5e-07,-2.6e-05,0.0,-0.0004219,-0.0056856,False
ITA40,2015-06-29,22570.0,2015-07-03,22508.0,4,4,0.0625,-0.0001498,-3.13e-05,-1.25e-05,0.0,-3e-07,-1.74e-05,0.0,-0.0002113,-0.002747,False
ITA40,2015-07-30,23396.0,2015-08-05,23912.0,4,6,0.0625,0.0013804,-3.13e-05,-1.25e-05,0.0,-5e-07,-2.6e-05,0.0,0.0013101,0.0220551,False
ITA40,2015-08-28,21994.0,2015-09-03,22177.0,4,6,0.0625,0.0005567,-3.13e-05,-1.25e-05,0.0,-5e-07,-2.6e-05,0.0,0.0004864,0.0083205,False
ITA40,2015-09-29,20727.0,2015-10-05,21980.0,4,6,0.0625,0.0037205,-3.13e-05,-1.25e-05,0.0,-5e-07,-2.6e-05,0.0,0.0036502,0.0604525,False
ITA40,2015-10-29,22443.0,2015-11-04,22313.0,4,6,0.0625,-0.0003616,-3.13e-05,-1.25e-05,0.0,-5e-07,-2.6e-05,0.0,-0.0004319,-0.0057925,False
ITA40,2015-11-27,22575.0,2015-12-03,21996.0,4,6,0.0625,-0.0016022,-3.13e-05,-1.25e-05,0.0,-5e-07,-2.6e-05,0.0,-0.0016725,-0.0256478,False
ITA40,2015-12-29,21661.0,2016-01-06,20422.0,4,8,0.0625,-0.0036175,-3.13e-05,-1.25e-05,0.0,-7e-07,-3.47e-05,0.0,-0.0036967,-0.0571996,False
ITA40,2016-01-28,18190.0,2016-02-03,17412.0,4,6,0.0625,-0.0026536,-3.13e-05,-1.25e-05,0.0,-5e-07,-2.6e-05,0.0,-0.002724,-0.0427708,False
ITA40,2016-02-26,17484.0,2016-03-03,18349.0,4,6,0.0625,0.0030405,-3.13e-05,-1.25e-05,0.0,-5e-07,-2.6e-05,0.0,0.0029702,0.0494738,False
ITA40,2016-03-30,18375.0,2016-04-05,17109.0,4,6,0.0625,-0.0044136,-3.13e-05,-1.25e-05,0.0,0.0,-2.6e-05,0.0,-0.0044834,-0.068898,False
ITA40,2016-04-28,18977.0,2016-05-04,17936.0,4,6,0.0625,-0.0034914,-3.13e-05,-1.25e-05,0.0,0.0,-2.6e-05,0.0,-0.0035612,-0.0548559,False
ITA40,2016-05-30,18291.0,2016-06-03,17495.0,4,4,0.0625,-0.0027622,-3.13e-05,-1.25e-05,0.0,0.0,-1.74e-05,0.0,-0.0028233,-0.0435187,False
ITA40,2016-06-29,15947.0,2016-07-05,15780.0,4,6,0.0625,-0.0006329,-3.13e-05,-1.25e-05,0.0,0.0,-2.6e-05,0.0,-0.0007027,-0.0104722,False
ITA40,2016-07-28,16523.0,2016-08-03,16130.0,4,6,0.0625,-0.0014588,-3.13e-05,-1.25e-05,0.0,0.0,-2.6e-05,0.0,-0.0015286,-0.023785,False
ITA40,2016-08-30,16891.0,2016-09-05,17190.0,4,6,0.0625,0.0011044,-3.13e-05,-1.25e-05,0.0,0.0,-2.6e-05,0.0,0.0010346,0.0177017,False
ITA40,2016-09-29,16339.0,2016-10-05,16477.0,4,6,0.0625,0.0005315,-3.13e-05,-1.25e-05,0.0,0.0,-2.6e-05,0.0,0.0004617,0.008446,False
ITA40,2016-10-28,17324.0,2016-11-03,16420.0,4,6,0.0625,-0.0033196,-3.13e-05,-1.25e-05,0.0,0.0,-2.6e-05,0.0,-0.0033894,-0.0521819,False
ITA40,2016-11-29,16562.0,2016-12-05,17050.0,4,6,0.0625,0.0018334,-3.13e-05,-1.25e-05,0.0,0.0,-2.6e-05,0.0,0.0017636,0.029465,False
ITA40,2016-12-29,19204.0,2017-01-04,19627.0,4,6,0.0625,0.0013712,-3.13e-05,-1.25e-05,0.0,0.0,-2.6e-05,0.0,0.0013015,0.0220267,False
ITA40,2017-01-30,18759.0,2017-02-03,19116.0,4,4,0.0625,0.0011892,-3.13e-05,-1.25e-05,0.0,0.0,-1.74e-05,0.0,0.0011281,0.0190309,False
ITA40,2017-02-27,18914.0,2017-03-03,19664.0,4,4,0.0625,0.0024525,-3.13e-05,-1.25e-05,0.0,0.0,-1.74e-05,0.0,0.0023914,0.0396532,False
ITA40,2017-03-30,20368.0,2017-04-05,20253.0,4,6,0.0625,-0.000348,-3.13e-05,-1.25e-05,0.0,0.0,-2.6e-05,0.0,-0.0004178,-0.0056461,False
ITA40,2017-04-27,20597.0,2017-05-04,21170.0,4,7,0.0625,0.0017283,-3.13e-05,-1.25e-05,0.0,0.0,-3.04e-05,0.0,0.0016541,0.0278196,False
ITA40,2017-05-30,20814.0,2017-06-05,20721.0,4,6,0.0625,-0.0002733,-3.13e-05,-1.25e-05,0.0,0.0,-2.6e-05,0.0,-0.0003431,-0.0044681,False
ITA40,2017-06-29,20705.0,2017-07-05,20939.0,4,6,0.0625,0.0007175,-3.13e-05,-1.25e-05,0.0,0.0,-2.6e-05,0.0,0.0006477,0.0113016,False
ITA40,2017-07-28,21430.0,2017-08-03,21794.0,4,6,0.0625,0.0010573,-3.13e-05,-1.25e-05,0.0,0.0,-2.6e-05,0.0,0.0009875,0.0169855,False
ITA40,2017-08-30,21503.0,2017-09-05,21738.0,4,6,0.0625,0.0006841,-3.13e-05,-1.25e-05,0.0,0.0,-2.6e-05,0.0,0.0006143,0.0109287,False
ITA40,2017-09-28,22588.0,2017-10-04,22456.0,4,6,0.0625,-0.0003582,-3.13e-05,-1.25e-05,0.0,0.0,-2.6e-05,0.0,-0.000428,-0.0058438,False
ITA40,2017-10-30,22753.0,2017-11-03,23014.0,4,4,0.0625,0.0007155,-3.13e-05,-1.25e-05,0.0,0.0,-1.74e-05,0.0,0.0006544,0.011471,False
ITA40,2017-11-29,22326.0,2017-12-05,22416.0,4,6,0.0625,0.0002602,-3.13e-05,-1.25e-05,0.0,0.0,-2.6e-05,0.0,0.0001904,0.0040312,False
ITA40,2017-12-28,22121.0,2018-01-04,22512.0,4,7,0.0625,0.0011235,-3.13e-05,-1.25e-05,0.0,0.0,-3.04e-05,0.0,0.0010494,0.0176755,False
ITA40,2018-01-30,23481.0,2018-02-05,22822.0,4,6,0.0625,-0.001764,-3.13e-05,-1.25e-05,0.0,0.0,-2.6e-05,0.0,-0.0018338,-0.0280652,False
ITA40,2018-02-27,22724.0,2018-03-05,21820.0,4,6,0.0625,-0.0025161,-3.13e-05,-1.25e-05,0.0,0.0,-2.6e-05,0.0,-0.0025859,-0.0397817,False
ITA40,2018-03-28,22331.0,2018-04-05,22970.0,4,8,0.0625,0.0017816,-3.13e-05,-1.25e-05,0.0,0.0,-3.47e-05,0.0,0.0017031,0.0286149,False
ITA40,2018-04-27,23928.0,2018-05-04,24335.0,4,7,0.0625,0.0010648,-3.13e-05,-1.25e-05,0.0,0.0,-3.04e-05,0.0,0.0009907,0.0170094,False
ITA40,2018-05-30,21798.0,2018-06-05,21750.0,4,6,0.0625,-0.0001258,-3.13e-05,-1.25e-05,0.0,0.0,-2.6e-05,0.0,-0.0001956,-0.002202,False
ITA40,2018-06-28,21432.0,2018-07-04,21687.0,4,6,0.0625,0.0007525,-3.13e-05,-1.25e-05,0.0,0.0,-2.6e-05,0.0,0.0006827,0.0118981,False
ITA40,2018-07-30,21941.0,2018-08-03,21587.0,4,4,0.0625,-0.0009887,-3.13e-05,-1.25e-05,0.0,0.0,-1.74e-05,0.0,-0.0010498,-0.0161342,False
ITA40,2018-08-30,20495.0,2018-09-05,20582.0,4,6,0.0625,0.000273,-3.13e-05,-1.25e-05,0.0,0.0,-2.6e-05,0.0,0.0002032,0.0042449,False
ITA40,2018-09-27,21511.0,2018-10-03,20736.0,4,6,0.0625,-0.002246,-3.13e-05,-1.25e-05,0.0,0.0,-2.6e-05,0.0,-0.0023157,-0.0360281,False
ITA40,2018-10-30,18999.0,2018-11-05,19281.0,4,6,0.0625,0.0009272,-3.13e-05,-1.25e-05,0.0,0.0,-2.6e-05,0.0,0.0008574,0.0148429,False
ITA40,2018-11-29,19160.0,2018-12-05,19329.0,4,6,0.0625,0.0005706,-3.13e-05,-1.25e-05,0.0,0.0,-2.6e-05,0.0,0.0005008,0.0088205,False
ITA40,2018-12-27,18065.0,2019-01-04,18832.0,4,8,0.0625,0.0026411,-3.13e-05,-1.25e-05,0.0,0.0,-3.47e-05,0.0,0.0025626,0.0424578,False
ITA40,2019-01-30,19772.0,2019-02-05,19833.0,4,6,0.0625,0.0001988,-3.13e-05,-1.25e-05,0.0,0.0,-2.6e-05,0.0,0.000129,0.0030852,False
ITA40,2019-02-27,20499.0,2019-03-05,20716.0,4,6,0.0625,0.0006602,-3.13e-05,-1.25e-05,0.0,0.0,-2.6e-05,0.0,0.0005904,0.0105859,False
ITA40,2019-03-28,21081.0,2019-04-03,21756.0,4,6,0.0625,0.0019802,-3.13e-05,-1.25e-05,0.0,0.0,-2.6e-05,0.0,0.0019104,0.0320194,False
ITA40,2019-04-29,21789.0,2019-05-06,21409.0,4,7,0.0625,-0.0010886,-3.13e-05,-1.25e-05,0.0,0.0,-3.04e-05,0.0,-0.0011627,-0.01744,False
ITA40,2019-05-30,19948.0,2019-06-05,20156.0,4,6,0.0625,0.0006607,-3.13e-05,-1.25e-05,0.0,0.0,-2.6e-05,0.0,0.0005909,0.0104271,False
ITA40,2019-06-27,21111.0,2019-07-03,21905.0,4,6,0.0625,0.0023276,-3.13e-05,-1.25e-05,0.0,0.0,-2.6e-05,0.0,0.0022578,0.0376107,False
ITA40,2019-07-30,21278.0,2019-08-05,20773.0,4,6,0.0625,-0.0014745,-3.13e-05,-1.25e-05,0.0,0.0,-2.6e-05,0.0,-0.0015443,-0.0237334,False
ITA40,2019-08-29,21398.0,2019-09-04,21738.0,4,6,0.0625,0.0009948,-3.13e-05,-1.25e-05,0.0,0.0,-2.6e-05,0.0,0.000925,0.0158893,False
ITA40,2019-09-26,21948.0,2019-10-03,21312.0,4,7,0.0625,-0.0018078,-3.13e-05,-1.25e-05,0.0,0.0,-3.04e-05,0.0,-0.0018819,-0.0289776,False
ITA40,2019-10-30,22646.0,2019-11-05,23365.0,4,6,0.0625,0.0019656,-3.13e-05,-1.25e-05,0.0,0.0,-2.6e-05,0.0,0.0018958,0.0317495,False
ITA40,2019-11-28,23342.0,2019-12-04,23034.0,4,6,0.0625,-0.000808,-3.13e-05,-1.25e-05,0.0,0.0,-2.6e-05,0.0,-0.0008778,-0.0131951,False
ITA40,2019-12-27,23758.0,2020-01-06,23581.0,4,10,0.0625,-0.0004559,-3.13e-05,-1.25e-05,0.0,0.0,-4.34e-05,0.0,-0.0005431,-0.0074501,False
ITA40,2020-01-30,23781.0,2020-02-05,24237.0,4,6,0.0625,0.0012232,-3.13e-05,-1.25e-05,0.0,0.0,-2.6e-05,0.0,0.0011534,0.019175,False
ITA40,2020-02-27,22799.0,2020-03-04,21946.0,4,6,0.0625,-0.0023321,-3.13e-05,-1.25e-05,0.0,0.0,-2.6e-05,0.0,-0.0024019,-0.0374139,False
ITA40,2020-03-30,16872.0,2020-04-03,16384.0,4,4,0.0625,-0.0017707,-3.13e-05,-1.25e-05,0.0,0.0,-1.74e-05,0.0,-0.0018318,-0.0289237,False
ITA40,2020-04-29,18067.0,2020-05-06,17159.0,4,7,0.0625,-0.0031467,-3.13e-05,-1.25e-05,0.0,0.0,-3.04e-05,0.0,-0.0032208,-0.0502574,False
ITA40,2020-05-28,18351.0,2020-06-03,19642.0,4,6,0.0625,0.0043173,-3.13e-05,-1.25e-05,0.0,0.0,-2.6e-05,0.0,0.0042475,0.0703504,False
ITA40,2020-06-29,19447.0,2020-07-03,19727.0,4,4,0.0625,0.0009215,-3.13e-05,-1.25e-05,0.0,0.0,-1.74e-05,0.0,0.0008603,0.0143981,False
ITA40,2020-07-30,19228.0,2020-08-05,19740.0,4,6,0.0625,0.0016569,-3.13e-05,-1.25e-05,0.0,0.0,-2.6e-05,0.0,0.0015871,0.0266278,False
ITA40,2020-08-28,19841.0,2020-09-03,19551.0,4,6,0.0625,-0.0009036,-3.13e-05,-1.25e-05,0.0,0.0,-2.6e-05,0.0,-0.0009734,-0.0146162,False
ITA40,2020-09-29,19061.0,2020-10-05,19266.0,4,6,0.0625,0.0006725,-3.13e-05,-1.25e-05,0.0,0.0,-2.6e-05,0.0,0.0006027,0.0107549,False
ITA40,2020-10-29,17872.0,2020-11-04,19358.0,4,6,0.0625,0.0050552,-3.13e-05,-1.25e-05,0.0,0.0,-2.6e-05,0.0,0.0049854,0.0831468,False
ITA40,2020-11-27,22352.0,2020-12-03,22007.0,4,6,0.0625,-0.0009656,-3.13e-05,-1.25e-05,0.0,0.0,-2.6e-05,0.0,-0.0010354,-0.0154349,False
ITA40,2020-12-29,22259.0,2021-01-06,22734.0,4,8,0.0625,0.0013387,-3.13e-05,-1.25e-05,0.0,0.0,-3.47e-05,0.0,0.0012603,0.0213397,False
ITA40,2021-01-28,21917.0,2021-02-03,22528.0,4,6,0.0625,0.0017478,-3.13e-05,-1.25e-05,0.0,0.0,-2.6e-05,0.0,0.001678,0.0278779,False
ITA40,2021-02-25,23064.0,2021-03-03,23047.0,4,6,0.0625,-3.11e-05,-3.13e-05,-1.25e-05,0.0,0.0,-2.6e-05,0.0,-0.0001009,-0.0007371,False
ITA40,2021-03-30,24636.0,2021-04-07,24741.0,4,8,0.0625,0.0002662,-3.13e-05,-1.25e-05,0.0,0.0,-3.47e-05,0.0,0.0001877,0.0042621,False
ITA40,2021-04-29,24278.0,2021-05-05,24464.0,4,6,0.0625,0.0005052,-3.13e-05,-1.25e-05,0.0,0.0,-2.6e-05,0.0,0.0004354,0.0076613,False
ITA40,2021-05-28,25169.0,2021-06-03,25452.0,4,6,0.0625,0.0007004,-3.13e-05,-1.25e-05,0.0,0.0,-2.6e-05,0.0,0.0006306,0.011244,False
ITA40,2021-06-29,25357.0,2021-07-05,25441.0,4,6,0.0625,0.0002128,-3.13e-05,-1.25e-05,0.0,0.0,-2.6e-05,0.0,0.000143,0.0033127,False
ITA40,2021-07-29,25516.0,2021-08-04,25490.0,4,6,0.0625,-6.17e-05,-3.13e-05,-1.25e-05,0.0,0.0,-2.6e-05,0.0,-0.0001315,-0.001019,False
ITA40,2021-08-30,26024.0,2021-09-03,26065.0,4,4,0.0625,0.0001012,-3.13e-05,-1.25e-05,0.0,0.0,-1.74e-05,0.0,4.01e-05,0.0015755,False
ITA40,2021-09-29,25737.0,2021-10-05,25956.0,4,6,0.0625,0.0005427,-3.13e-05,-1.25e-05,0.0,0.0,-2.6e-05,0.0,0.0004729,0.0085092,False
ITA40,2021-10-28,26890.0,2021-11-03,27378.0,4,6,0.0625,0.0011303,-3.13e-05,-1.25e-05,0.0,0.0,-2.6e-05,0.0,0.0010605,0.018148,False
ITA40,2021-11-29,26042.0,2021-12-03,25939.0,4,4,0.0625,-0.0002246,-3.13e-05,-1.25e-05,0.0,0.0,-1.74e-05,0.0,-0.0002857,-0.0039551,False
ITA40,2021-12-29,27344.0,2022-01-05,28163.0,4,7,0.0625,0.0018543,-3.13e-05,-1.25e-05,0.0,0.0,-3.04e-05,0.0,0.0017802,0.0299517,False
ITA40,2022-01-28,26565.0,2022-02-03,27089.0,4,6,0.0625,0.0012357,-3.13e-05,-1.25e-05,0.0,0.0,-2.6e-05,0.0,0.0011659,0.0197252,False
ITA40,2022-02-25,25773.0,2022-03-03,23959.0,4,6,0.0625,-0.0044814,-3.13e-05,-1.25e-05,0.0,0.0,-2.6e-05,0.0,-0.0045512,-0.0703837,False
ITA40,2022-03-30,25300.0,2022-04-05,24960.0,4,6,0.0625,-0.0008385,-3.13e-05,-1.25e-05,0.0,0.0,-2.6e-05,0.0,-0.0009083,-0.0134387,False
ITA40,2022-04-28,24056.0,2022-05-04,23902.0,4,6,0.0625,-0.0003767,-3.13e-05,-1.25e-05,0.0,0.0,-2.6e-05,0.0,-0.0004465,-0.0064017,False
ITA40,2022-05-30,24809.0,2022-06-03,24167.0,4,4,0.0625,-0.0016267,-3.13e-05,-1.25e-05,0.0,0.0,-1.74e-05,0.0,-0.0016878,-0.0258777,False
ITA40,2022-06-29,21834.0,2022-07-05,20705.0,4,6,0.0625,-0.00327,-3.13e-05,-1.25e-05,0.0,0.0,-2.6e-05,0.0,-0.0033398,-0.0517083,False
ITA40,2022-07-28,21932.0,2022-08-03,22575.0,4,6,0.0625,0.0018239,-3.13e-05,-1.25e-05,0.0,-5.2e-06,-2.6e-05,0.0,0.0017489,0.0293179,False
ITA40,2022-08-30,21825.0,2022-09-05,21480.0,4,6,0.0625,-0.000948,-3.13e-05,-1.25e-05,0.0,-5.2e-06,-2.6e-05,0.0,-0.001023,-0.0158076,False
ITA40,2022-09-29,20353.0,2022-10-05,21361.0,4,6,0.0625,0.0030784,-3.13e-05,-1.25e-05,0.0,-1.3e-05,-2.6e-05,0.0,0.0029956,0.0495259,False
ITA40,2022-10-28,22529.0,2022-11-03,22706.0,4,6,0.0625,0.0004919,-3.13e-05,-1.25e-05,0.0,-1.43e-05,-2.6e-05,0.0,0.0004078,0.0078565,False
ITA40,2022-11-29,24466.0,2022-12-05,24548.0,4,6,0.0625,0.000211,-3.13e-05,-1.25e-05,0.0,-2.08e-05,-2.6e-05,0.0,0.0001204,0.0033516,False
ITA40,2022-12-29,24057.0,2023-01-04,24861.0,4,6,0.0625,0.0020859,-3.13e-05,-1.25e-05,0.0,-2.6e-05,-2.6e-05,0.0,0.0019901,0.0334206,False
ITA40,2023-01-30,26336.0,2023-02-03,26951.0,4,4,0.0625,0.0014541,-3.13e-05,-1.25e-05,0.0,-1.74e-05,-1.74e-05,0.0,0.0013756,0.0233521,False
ITA40,2023-02-27,27444.0,2023-03-03,27825.0,4,4,0.0625,0.0008707,-3.13e-05,-1.25e-05,0.0,-2.08e-05,-1.74e-05,0.0,0.0007887,0.0138828,False
ITA40,2023-03-30,27021.0,2023-04-05,26867.0,4,6,0.0625,-0.0003546,-3.13e-05,-1.25e-05,0.0,-3.65e-05,-2.6e-05,0.0,-0.0004608,-0.0056993,False
ITA40,2023-04-27,27158.0,2023-05-04,26670.0,4,7,0.0625,-0.0011214,-3.13e-05,-1.25e-05,0.0,-4.25e-05,-3.04e-05,0.0,-0.001238,-0.0179689,False
ITA40,2023-05-30,26576.0,2023-06-05,26857.0,4,6,0.0625,0.0006947,-3.13e-05,-1.25e-05,0.0,-3.91e-05,-2.6e-05,0.0,0.0005859,0.0105734,False
ITA40,2023-06-29,27928.0,2023-07-05,28220.0,4,6,0.0625,0.0006568,-3.13e-05,-1.25e-05,0.0,-4.17e-05,-2.6e-05,0.0,0.0005453,0.0104555,False
ITA40,2023-07-28,29500.0,2023-08-03,28703.0,4,6,0.0625,-0.0017,-3.13e-05,-1.25e-05,0.0,-4.21e-05,-2.6e-05,0.0,-0.0018119,-0.0270169,False
ITA40,2023-08-30,28917.0,2023-09-05,28652.0,4,6,0.0625,-0.0005739,-3.13e-05,-1.25e-05,0.0,-4.43e-05,-2.6e-05,0.0,-0.0006879,-0.0091642,False
ITA40,2023-09-28,28163.0,2023-10-04,27436.0,4,6,0.0625,-0.0016226,-3.13e-05,-1.25e-05,0.0,-4.69e-05,-2.6e-05,0.0,-0.0017393,-0.025814,False
ITA40,2023-10-30,27340.0,2023-11-03,28675.0,4,4,0.0625,0.0029998,-3.13e-05,-1.25e-05,0.0,-3.13e-05,-1.74e-05,0.0,0.0029075,0.0488296,False
ITA40,2023-11-29,29688.0,2023-12-05,30083.0,4,6,0.0625,0.0008285,-3.13e-05,-1.25e-05,0.0,-4.69e-05,-2.6e-05,0.0,0.0007118,0.013305,False
ITA40,2023-12-28,30331.0,2024-01-04,30404.0,4,7,0.0625,0.0001605,-3.13e-05,-1.25e-05,0.0,-5.47e-05,-3.04e-05,0.0,3.17e-05,0.0024068,False
ITA40,2024-01-30,30623.0,2024-02-05,30953.0,4,6,0.0625,0.0006723,-3.13e-05,-1.25e-05,0.0,-4.69e-05,-2.6e-05,0.0,0.0005557,0.0107762,False
ITA40,2024-02-28,32618.0,2024-03-05,33146.0,4,6,0.0625,0.0010089,-3.13e-05,-1.25e-05,0.0,-4.69e-05,-2.6e-05,0.0,0.0008922,0.0161874,False
ITA40,2024-03-27,34760.0,2024-04-04,34455.0,4,8,0.0625,-0.0005454,-3.13e-05,-1.25e-05,0.0,-6.25e-05,-3.47e-05,0.0,-0.0006864,-0.0087745,False
ITA40,2024-04-29,34296.0,2024-05-06,33987.0,4,7,0.0625,-0.0005537,-3.13e-05,-1.25e-05,0.0,-5.47e-05,-3.04e-05,0.0,-0.0006826,-0.0090098,False
ITA40,2024-05-30,34448.0,2024-06-05,34508.0,4,6,0.0625,0.0001151,-3.13e-05,-1.25e-05,0.0,-4.69e-05,-2.6e-05,0.0,-1.5e-06,0.0017418,False
ITA40,2024-06-27,33187.0,2024-07-03,33845.0,4,6,0.0625,0.0012412,-3.13e-05,-1.25e-05,0.0,-4.43e-05,-2.6e-05,0.0,0.0011271,0.019827,False
ITA40,2024-07-30,33908.0,2024-08-05,31294.0,4,6,0.0625,-0.0049536,-3.13e-05,-1.25e-05,0.0,-4.43e-05,-2.6e-05,0.0,-0.0050676,-0.077091,False
ITA40,2024-08-29,34192.0,2024-09-04,33682.0,4,6,0.0625,-0.0009318,-3.13e-05,-1.25e-05,0.0,-4.43e-05,-2.6e-05,0.0,-0.0010459,-0.0149158,False
ITA40,2024-09-27,34727.0,2024-10-03,33170.0,4,6,0.0625,-0.0028467,-3.13e-05,-1.25e-05,0.0,-3.65e-05,-2.6e-05,0.0,-0.002953,-0.0448354,False
ITA40,2024-10-30,34503.0,2024-11-05,34472.0,4,6,0.0625,-5.02e-05,-3.13e-05,-1.25e-05,0.0,-3.39e-05,-2.6e-05,0.0,-0.0001538,-0.0008985,False
ITA40,2024-11-28,33260.0,2024-12-04,34084.0,4,6,0.0625,0.0015354,-3.13e-05,-1.25e-05,0.0,-3.39e-05,-2.6e-05,0.0,0.0014318,0.0247745,False
ITA40,2024-12-27,34161.0,2025-01-06,34781.0,4,10,0.0625,0.0011381,-3.13e-05,-1.25e-05,0.0,-5.21e-05,-4.34e-05,0.0,0.0009988,0.0181494,False
ITA40,2025-01-30,36430.0,2025-02-05,36581.0,4,6,0.0625,0.0002664,-3.13e-05,-1.25e-05,0.0,-3.13e-05,-2.6e-05,0.0,0.0001654,0.0041449,False
ITA40,2025-02-27,38623.0,2025-03-05,38519.0,4,6,0.0625,-0.0001144,-3.13e-05,-1.25e-05,0.0,-2.86e-05,-2.6e-05,0.0,-0.0002129,-0.0026927,False
ITA40,2025-03-28,38739.0,2025-04-03,37071.0,4,6,0.0625,-0.0026937,-3.13e-05,-1.25e-05,0.0,-2.6e-05,-2.6e-05,0.0,-0.0027895,-0.0430574,False
ITA40,2025-04-29,37875.0,2025-05-06,38560.0,4,7,0.0625,0.0011339,-3.13e-05,-1.25e-05,0.0,-2.73e-05,-3.04e-05,0.0,0.0010324,0.0180858,False
ITA40,2025-05-29,39983.0,2025-06-04,40081.0,4,6,0.0625,0.0001536,-3.13e-05,-1.25e-05,0.0,-2.34e-05,-2.6e-05,0.0,6.04e-05,0.002451,False
ITA40,2025-06-27,39742.0,2025-07-03,39943.0,4,6,0.0625,0.0003179,-3.13e-05,-1.25e-05,0.0,-2.08e-05,-2.6e-05,0.0,0.0002273,0.0050576,False
ITA40,2025-07-30,41638.0,2025-08-05,40744.0,4,6,0.0625,-0.0013171,-3.13e-05,-1.25e-05,0.0,-2.08e-05,-2.6e-05,0.0,-0.0014078,-0.0214708,False
ITA40,2025-08-28,42447.0,2025-09-03,41785.0,4,6,0.0625,-0.0009723,-3.13e-05,-1.25e-05,0.0,-2.08e-05,-2.6e-05,0.0,-0.0010629,-0.0155959,False
ITA40,2025-09-29,42554.0,2025-10-03,43258.0,4,4,0.0625,0.0010287,-3.13e-05,-1.25e-05,0.0,-1.39e-05,-1.74e-05,0.0,0.0009537,0.0165437,False
ITA40,2025-10-30,43202.0,2025-11-05,43438.0,4,6,0.0625,0.0003411,-3.13e-05,-1.25e-05,0.0,-2.08e-05,-2.6e-05,0.0,0.0002505,0.0054627,False
ITA40,2025-11-27,43220.0,2025-12-03,43381.0,4,6,0.0625,0.000233,-3.13e-05,-1.25e-05,0.0,-2.08e-05,-2.6e-05,0.0,0.0001424,0.0037251,False
ITA40,2025-12-29,44436.0,2026-01-06,45753.0,4,8,0.0625,0.0018359,-3.13e-05,-1.25e-05,0.0,-2.78e-05,-3.47e-05,0.0,0.0017296,0.0296381,False
ITA40,2026-01-29,45076.0,2026-02-04,46636.0,4,6,0.0625,0.0021362,-3.13e-05,-1.25e-05,0.0,-2.08e-05,-2.6e-05,0.0,0.0020455,0.0346082,False
ITA40,2026-02-26,47426.0,2026-03-04,45337.0,4,6,0.0625,-0.0027415,-3.13e-05,-1.25e-05,0.0,-2.08e-05,-2.6e-05,0.0,-0.0028322,-0.0440476,False
ITA40,2026-03-30,43823.0,2026-04-07,45412.0,4,8,0.0625,0.0022615,-3.13e-05,-1.25e-05,0.0,-2.78e-05,-3.47e-05,0.0,0.0021553,0.0362595,False
ITA40,2026-04-29,47796.0,2026-05-06,49697.0,4,7,0.0625,0.0024813,-3.13e-05,-1.25e-05,0.0,-2.43e-05,-3.04e-05,0.0,0.0023828,0.0397732,False
ITA40,2026-05-28,49825.0,2026-06-03,50038.0,4,6,0.0625,0.0002797,-3.13e-05,-1.25e-05,0.0,-2.08e-05,-2.6e-05,0.0,0.0001891,0.004275,False
ITA40,2026-06-29,51163.0,2026-07-03,52819.0,4,4,0.0625,0.0020038,-3.13e-05,-1.25e-05,0.0,-1.56e-05,-1.74e-05,0.0,0.001927,0.0323671,False
ITA40,2026-07-30,52104.0,2026-08-05,53447.0,4,6,0.0625,0.0016012,-3.13e-05,-1.25e-05,0.0,-2.34e-05,-2.6e-05,0.0,0.001508,0.0257754,False
ITA40,2026-08-28,52616.0,2026-09-03,52245.0,4,6,0.0625,-0.0004342,-3.13e-05,-1.25e-05,0.0,-2.34e-05,-2.6e-05,0.0,-0.0005274,-0.0070511,False
BEL20,1991-04-29,1199.0,1991-05-06,1177.3,4,7,0.0625,-0.0011361,-6.25e-05,-1.25e-05,0.0,-0.000113,-3.04e-05,0.0,-0.0013545,-0.0180984,False
BEL20,1991-05-30,1163.8,1991-06-05,1181.4,4,6,0.0625,0.0009404,-6.25e-05,-1.25e-05,0.0,-9.64e-05,-2.6e-05,0.0,0.000743,0.0151229,False
BEL20,1991-06-27,1159.9,1991-07-03,1152.6,4,6,0.0625,-0.0003935,-6.25e-05,-1.25e-05,0.0,-9.64e-05,-2.6e-05,0.0,-0.0005909,-0.0062937,False
BEL20,1991-07-30,1129.8,1991-08-05,1147.2,4,6,0.0625,0.0009582,-6.25e-05,-1.25e-05,0.0,-9.64e-05,-2.6e-05,0.0,0.0007608,0.0154009,False
BEL20,1991-08-29,1121.6,1991-09-04,1144.1,4,6,0.0625,0.0012448,-6.25e-05,-1.25e-05,0.0,-9.8e-05,-2.6e-05,0.0,0.0010458,0.0200606,False
BEL20,1991-09-27,1087.0,1991-10-03,1107.1,4,6,0.0625,0.0011535,-6.25e-05,-1.25e-05,0.0,-9.9e-05,-2.6e-05,0.0,0.0009535,0.0184912,False
BEL20,1991-10-30,1102.2,1991-11-06,1104.4,4,7,0.0625,0.0001259,-6.25e-05,-1.25e-05,0.0,-0.0001167,-3.04e-05,0.0,-9.61e-05,0.0019961,False
BEL20,1991-11-28,1070.8,1991-12-04,1077.6,4,6,0.0625,0.0004029,-6.25e-05,-1.25e-05,0.0,-0.0001,-2.6e-05,0.0,0.0002019,0.0063503,False
BEL20,1991-12-27,1082.9,1992-01-06,1104.5,4,10,0.0625,0.0012442,-6.25e-05,-1.25e-05,0.0,-0.0001701,-4.34e-05,0.0,0.0009556,0.0199464,False
BEL20,1992-01-30,1176.5,1992-02-05,1170.8,4,6,0.0625,-0.0003019,-6.25e-05,-1.25e-05,0.0,-0.0001031,-2.6e-05,0.0,-0.0005061,-0.0048448,False
BEL20,1992-02-27,1205.9,1992-03-04,1233.3,4,6,0.0625,0.0014126,-6.25e-05,-1.25e-05,0.0,-0.0001021,-2.6e-05,0.0,0.0012095,0.0227216,False
BEL20,1992-03-30,1187.9,1992-04-03,1188.6,4,4,0.0625,3.84e-05,-6.25e-05,-1.25e-05,0.0,-6.81e-05,-1.74e-05,0.0,-0.0001221,0.0005892,False
BEL20,1992-04-29,1206.7,1992-05-06,1198.3,4,7,0.0625,-0.0004318,-6.25e-05,-1.25e-05,0.0,-0.0001191,-3.04e-05,0.0,-0.0006563,-0.0069611,False
BEL20,1992-05-26,1227.8,1992-06-03,1231.2,4,8,0.0625,0.0001736,-6.25e-05,-1.25e-05,0.0,-0.0001361,-3.47e-05,0.0,-7.22e-05,0.0027691,False
BEL20,1992-06-29,1165.3,1992-07-03,1174.8,4,4,0.0625,0.0005094,-6.25e-05,-1.25e-05,0.0,-6.81e-05,-1.74e-05,0.0,0.0003489,0.0081524,False
BEL20,1992-07-30,1141.2,1992-08-05,1138.8,4,6,0.0625,-0.0001296,-6.25e-05,-1.25e-05,0.0,-0.0001036,-2.6e-05,0.0,-0.0003343,-0.002103,False
BEL20,1992-08-28,1062.1,1992-09-03,1066.9,4,6,0.0625,0.0002966,-6.25e-05,-1.25e-05,0.0,-0.0001057,-2.6e-05,0.0,8.98e-05,0.0045194,False
BEL20,1992-09-29,1107.2,1992-10-05,1063.2,4,6,0.0625,-0.0024967,-6.25e-05,-1.25e-05,0.0,-9.9e-05,-2.6e-05,0.0,-0.0026967,-0.0397399,False
BEL20,1992-10-29,1137.4,1992-11-05,1146.2,4,7,0.0625,0.0004903,-6.25e-05,-1.25e-05,0.0,-0.0001124,-3.04e-05,0.0,0.0002725,0.0077369,False
BEL20,1992-11-27,1125.6,1992-12-03,1127.2,4,6,0.0625,9.46e-05,-6.25e-05,-1.25e-05,0.0,-9.58e-05,-2.6e-05,0.0,-0.0001023,0.0014214,False
BEL20,1992-12-29,1128.2,1993-01-06,1132.2,4,8,0.0625,0.000226,-6.25e-05,-1.25e-05,0.0,-0.0001264,-3.47e-05,0.0,-1.01e-05,0.0035455,False
BEL20,1993-01-28,1180.9,1993-02-03,1212.9,4,6,0.0625,0.001681,-6.25e-05,-1.25e-05,0.0,-9.27e-05,-2.6e-05,0.0,0.0014872,0.027098,False
BEL20,1993-02-25,1206.4,1993-03-03,1209.5,4,6,0.0625,0.0001607,-6.25e-05,-1.25e-05,0.0,-9.69e-05,-2.6e-05,0.0,-3.72e-05,0.0025696,False
BEL20,1993-03-30,1255.3,1993-04-05,1256.0,4,6,0.0625,3.81e-05,-6.25e-05,-1.25e-05,0.0,-9.62e-05,-2.6e-05,0.0,-0.0001592,0.0005576,False
BEL20,1993-04-29,1194.0,1993-05-05,1176.9,4,6,0.0625,-0.000898,-6.25e-05,-1.25e-05,0.0,-8.85e-05,-2.6e-05,0.0,-0.0010876,-0.0143216,False
BEL20,1993-05-27,1197.9,1993-06-03,1188.0,4,7,0.0625,-0.0005154,-6.25e-05,-1.25e-05,0.0,-9.76e-05,-3.04e-05,0.0,-0.0007184,-0.0082645,False
BEL20,1993-06-29,1269.1,1993-07-05,1278.0,4,6,0.0625,0.0004443,-6.25e-05,-1.25e-05,0.0,-8.12e-05,-2.6e-05,0.0,0.000262,0.0070129,False
BEL20,1993-07-29,1300.1,1993-08-04,1331.4,4,6,0.0625,0.0015075,-6.25e-05,-1.25e-05,0.0,-0.0001181,-2.6e-05,0.0,0.0012884,0.0240751,False
BEL20,1993-08-30,1306.3,1993-09-03,1350.6,4,4,0.0625,0.0021084,-6.25e-05,-1.25e-05,0.0,-8.16e-05,-1.74e-05,0.0,0.0019344,0.0339125,False
BEL20,1993-09-29,1288.8,1993-10-05,1323.5,4,6,0.0625,0.0016731,-6.25e-05,-1.25e-05,0.0,-0.0001189,-2.6e-05,0.0,0.0014531,0.0269242,False
BEL20,1993-10-28,1375.6,1993-11-04,1392.0,4,7,0.0625,0.0007419,-6.25e-05,-1.25e-05,0.0,-0.0001355,-3.04e-05,0.0,0.000501,0.0119221,False
BEL20,1993-11-29,1387.3,1993-12-03,1423.7,4,4,0.0625,0.001626,-6.25e-05,-1.25e-05,0.0,-6.94e-05,-1.74e-05,0.0,0.0014642,0.0262379,False
BEL20,1993-12-29,1470.7,1994-01-05,1485.0,4,7,0.0625,0.0006076,-6.25e-05,-1.25e-05,0.0,-0.0001088,-3.04e-05,0.0,0.0003935,0.0097233,False
BEL20,1994-01-28,1516.8,1994-02-03,1520.4,4,6,0.0625,0.0001509,-6.25e-05,-1.25e-05,0.0,-8.83e-05,-2.6e-05,0.0,-3.84e-05,0.0023734,False
BEL20,1994-02-25,1501.8,1994-03-03,1479.5,4,6,0.0625,-0.0009134,-6.25e-05,-1.25e-05,0.0,-8.18e-05,-2.6e-05,0.0,-0.0010962,-0.0148489,False
BEL20,1994-03-30,1462.8,1994-04-07,1469.1,4,8,0.0625,0.0002687,-6.25e-05,-1.25e-05,0.0,-0.0001049,-3.47e-05,0.0,5.42e-05,0.0043068,False
BEL20,1994-04-28,1523.5,1994-05-05,1534.0,4,7,0.0625,0.0004339,-6.25e-05,-1.25e-05,0.0,-8.61e-05,-3.04e-05,0.0,0.0002424,0.006892,False
BEL20,1994-05-30,1491.4,1994-06-03,1457.6,4,4,0.0625,-0.001419,-6.25e-05,-1.25e-05,0.0,-4.67e-05,-1.74e-05,0.0,-0.0015581,-0.0226633,False
BEL20,1994-06-29,1410.8,1994-07-05,1417.0,4,6,0.0625,0.0002936,-6.25e-05,-1.25e-05,0.0,-6.72e-05,-2.6e-05,0.0,0.0001254,0.0043946,False
BEL20,1994-07-28,1451.4,1994-08-03,1479.7,4,6,0.0625,0.0012125,-6.25e-05,-1.25e-05,0.0,-6.61e-05,-2.6e-05,0.0,0.0010453,0.0194984,False
BEL20,1994-08-30,1479.0,1994-09-05,1472.6,4,6,0.0625,-0.0002692,-6.25e-05,-1.25e-05,0.0,-6.61e-05,-2.6e-05,0.0,-0.0004364,-0.0043273,False
BEL20,1994-09-29,1377.3,1994-10-05,1338.3,4,6,0.0625,-0.0017795,-6.25e-05,-1.25e-05,0.0,-6.61e-05,-2.6e-05,0.0,-0.0019467,-0.0283163,False
BEL20,1994-10-28,1371.7,1994-11-04,1383.7,4,7,0.0625,0.0005505,-6.25e-05,-1.25e-05,0.0,-7.72e-05,-3.04e-05,0.0,0.000368,0.0087483,False
BEL20,1994-11-29,1402.2,1994-12-05,1413.6,4,6,0.0625,0.0005076,-6.25e-05,-1.25e-05,0.0,-6.61e-05,-2.6e-05,0.0,0.0003404,0.0081301,False
BEL20,1994-12-28,1399.7,1995-01-05,1382.9,4,8,0.0625,-0.0007512,-6.25e-05,-1.25e-05,0.0,-8.82e-05,-3.47e-05,0.0,-0.0009491,-0.0120025,False
BEL20,1995-01-30,1358.3,1995-02-03,1363.6,4,4,0.0625,0.0002446,-6.25e-05,-1.25e-05,0.0,-4.41e-05,-1.74e-05,0.0,0.0001082,0.0039019,False
BEL20,1995-02-27,1329.6,1995-03-03,1322.6,4,4,0.0625,-0.000329,-6.25e-05,-1.25e-05,0.0,-4.41e-05,-1.74e-05,0.0,-0.0004655,-0.0052647,False
BEL20,1995-03-30,1311.3,1995-04-05,1326.7,4,6,0.0625,0.0007385,-6.25e-05,-1.25e-05,0.0,-7.66e-05,-2.6e-05,0.0,0.0005609,0.011744,False
BEL20,1995-04-27,1420.0,1995-05-04,1457.7,4,7,0.0625,0.0016436,-6.25e-05,-1.25e-05,0.0,-7.6e-05,-3.04e-05,0.0,0.0014623,0.0265493,False
BEL20,1995-05-30,1448.1,1995-06-06,1451.4,4,7,0.0625,0.000144,-6.25e-05,-1.25e-05,0.0,-7.29e-05,-3.04e-05,0.0,-3.43e-05,0.0022789,False
BEL20,1995-06-29,1434.8,1995-07-05,1439.1,4,6,0.0625,0.0001875,-6.25e-05,-1.25e-05,0.0,-5.99e-05,-2.6e-05,0.0,2.66e-05,0.0029969,False
BEL20,1995-07-28,1472.1,1995-08-03,1485.0,4,6,0.0625,0.0005497,-6.25e-05,-1.25e-05,0.0,-5.99e-05,-2.6e-05,0.0,0.0003887,0.008763,False
BEL20,1995-08-30,1469.7,1995-09-05,1467.5,4,6,0.0625,-9.31e-05,-6.25e-05,-1.25e-05,0.0,-5.78e-05,-2.6e-05,0.0,-0.000252,-0.0014969,False
BEL20,1995-09-28,1457.9,1995-10-04,1450.7,4,6,0.0625,-0.0003072,-6.25e-05,-1.25e-05,0.0,-5.57e-05,-2.6e-05,0.0,-0.000464,-0.0049387,False
BEL20,1995-10-30,1422.7,1995-11-06,1434.7,4,7,0.0625,0.0005256,-6.25e-05,-1.25e-05,0.0,-6.41e-05,-3.04e-05,0.0,0.0003562,0.0084347,False
BEL20,1995-11-29,1481.0,1995-12-05,1509.6,4,6,0.0625,0.0012029,-6.25e-05,-1.25e-05,0.0,-5.42e-05,-2.6e-05,0.0,0.0010477,0.0193113,False
BEL20,1995-12-28,1559.4,1996-01-04,1596.6,4,7,0.0625,0.0014847,-6.25e-05,-1.25e-05,0.0,-6.08e-05,-3.04e-05,0.0,0.0013186,0.0238553,False
BEL20,1996-01-30,1675.7,1996-02-05,1686.0,4,6,0.0625,0.0003974,-6.25e-05,-1.25e-05,0.0,-4.82e-05,-2.6e-05,0.0,0.0002482,0.0061467,False
BEL20,1996-02-28,1682.6,1996-03-05,1727.0,4,6,0.0625,0.0016358,-6.25e-05,-1.25e-05,0.0,-4.74e-05,-2.6e-05,0.0,0.0014873,0.0263877,False
BEL20,1996-03-28,1648.5,1996-04-03,1694.2,4,6,0.0625,0.0017327,-6.25e-05,-1.25e-05,0.0,-4.74e-05,-2.6e-05,0.0,0.0015843,0.0277221,False
BEL20,1996-04-29,1723.3,1996-05-06,1713.1,4,7,0.0625,-0.0003647,-6.25e-05,-1.25e-05,0.0,-5.53e-05,-3.04e-05,0.0,-0.0005254,-0.0059189,False
BEL20,1996-05-30,1741.0,1996-06-05,1760.9,4,6,0.0625,0.0007131,-6.25e-05,-1.25e-05,0.0,-4.64e-05,-2.6e-05,0.0,0.0005657,0.0114302,False
BEL20,1996-06-27,1730.2,1996-07-03,1765.5,4,6,0.0625,0.0012668,-6.25e-05,-1.25e-05,0.0,-4.64e-05,-2.6e-05,0.0,0.0011194,0.0204023,False
BEL20,1996-07-30,1682.0,1996-08-05,1747.6,4,6,0.0625,0.002403,-6.25e-05,-1.25e-05,0.0,-4.64e-05,-2.6e-05,0.0,0.0022556,0.0390012,False
BEL20,1996-08-29,1730.0,1996-09-04,1727.7,4,6,0.0625,-7.91e-05,-6.25e-05,-1.25e-05,0.0,-4.43e-05,-2.6e-05,0.0,-0.0002244,-0.0013295,False
BEL20,1996-09-27,1773.2,1996-10-03,1829.9,4,6,0.0625,0.0019841,-6.25e-05,-1.25e-05,0.0,-4.43e-05,-2.6e-05,0.0,0.0018388,0.0319761,False
BEL20,1996-10-30,1798.7,1996-11-06,1823.9,4,7,0.0625,0.0008726,-6.25e-05,-1.25e-05,0.0,-5.16e-05,-3.04e-05,0.0,0.0007155,0.0140102,False
BEL20,1996-11-28,1878.0,1996-12-04,1894.3,4,6,0.0625,0.0005416,-6.25e-05,-1.25e-05,0.0,-4.43e-05,-2.6e-05,0.0,0.0003963,0.0086795,False
BEL20,1996-12-27,1893.3,1997-01-06,1898.8,4,10,0.0625,0.0001904,-6.25e-05,-1.25e-05,0.0,-7.38e-05,-4.34e-05,0.0,-1.8e-06,0.002905,False
BEL20,1997-01-30,2045.9,1997-02-05,2057.5,4,6,0.0625,0.0003537,-6.25e-05,-1.25e-05,0.0,-4.43e-05,-2.6e-05,0.0,0.0002084,0.0056699,False
BEL20,1997-02-27,2146.6001,1997-03-05,2171.1001,4,6,0.0625,0.0007122,-6.25e-05,-1.25e-05,0.0,-4.43e-05,-2.6e-05,0.0,0.0005669,0.0114134,False
BEL20,1997-03-26,2124.3999,1997-04-03,2079.3,4,8,0.0625,-0.0013201,-6.25e-05,-1.25e-05,0.0,-5.9e-05,-3.47e-05,0.0,-0.0014889,-0.0212295,False
BEL20,1997-04-29,2235.0,1997-05-06,2253.8999,4,7,0.0625,0.0005274,-6.25e-05,-1.25e-05,0.0,-5.16e-05,-3.04e-05,0.0,0.0003704,0.0084563,False
BEL20,1997-05-29,2257.8,1997-06-04,2284.3999,4,6,0.0625,0.0007364,-6.25e-05,-1.25e-05,0.0,-4.43e-05,-2.6e-05,0.0,0.000591,0.0117813,False
BEL20,1997-06-27,2373.2,1997-07-03,2488.1001,4,6,0.0625,0.0029763,-6.25e-05,-1.25e-05,0.0,-4.43e-05,-2.6e-05,0.0,0.0028309,0.0484157,False
BEL20,1997-07-30,2596.3999,1997-08-05,2455.7,4,6,0.0625,-0.0034494,-6.25e-05,-1.25e-05,0.0,-4.43e-05,-2.6e-05,0.0,-0.0035947,-0.0541904,False
BEL20,1997-08-28,2315.2,1997-09-03,2439.5,4,6,0.0625,0.0033123,-6.25e-05,-1.25e-05,0.0,-4.43e-05,-2.6e-05,0.0,0.003167,0.0536887,False
BEL20,1997-09-29,2417.3999,1997-10-03,2507.1001,4,4,0.0625,0.0022909,-6.25e-05,-1.25e-05,0.0,-2.95e-05,-1.74e-05,0.0,0.0021691,0.0371061,False
BEL20,1997-10-30,2289.2,1997-11-03,2384.8999,2,4,0.0625,0.0025861,-6.25e-05,-1.25e-05,0.0,-3.16e-05,-1.74e-05,0.0,0.0024621,0.041805,False
BEL20,1997-11-04,2360.6001,1997-11-05,2369.7,1,1,0.0625,0.0002409,-6.25e-05,-1.25e-05,0.0,-7.9e-06,-4.3e-06,0.0,0.0001537,0.0038549,False
BEL20,1997-11-27,2395.1001,1997-12-03,2472.7,4,6,0.0625,0.0020141,-6.25e-05,-1.25e-05,0.0,-4.74e-05,-2.6e-05,0.0,0.0018657,0.0323994,False
BEL20,1997-12-29,2403.7,1998-01-06,2525.0,4,8,0.0625,0.0031152,-6.25e-05,-1.25e-05,0.0,-6.32e-05,-3.47e-05,0.0,0.0029423,0.0504639,False
BEL20,1998-01-29,2578.2,1998-02-04,2590.3,4,6,0.0625,0.0003,-6.25e-05,-1.25e-05,0.0,-4.74e-05,-2.6e-05,0.0,0.0001515,0.0046932,False
BEL20,1998-02-26,2746.3,1998-03-04,2732.8999,4,6,0.0625,-0.0002962,-6.25e-05,-1.25e-05,0.0,-4.74e-05,-2.6e-05,0.0,-0.0004446,-0.0048793,False
BEL20,1998-03-30,2977.0,1998-04-03,3031.8999,4,4,0.0625,0.0011459,-6.25e-05,-1.25e-05,0.0,-3.16e-05,-1.74e-05,0.0,0.0010219,0.0184414,False
BEL20,1998-04-29,3015.8501,1998-05-06,3075.6899,4,7,0.0625,0.0012575,-6.25e-05,-1.25e-05,0.0,-5.53e-05,-3.04e-05,0.0,0.0010968,0.0198418,False
BEL20,1998-05-28,3231.3701,1998-06-04,3271.24,4,7,0.0625,0.0007691,-6.25e-05,-1.25e-05,0.0,-5.53e-05,-3.04e-05,0.0,0.0006084,0.0123384,False
BEL20,1998-06-29,3391.6299,1998-07-03,3549.1899,4,4,0.0625,0.0028671,-6.25e-05,-1.25e-05,0.0,-3.16e-05,-1.74e-05,0.0,0.0027432,0.0464556,False
BEL20,1998-07-30,3564.4099,1998-08-05,3472.2,4,6,0.0625,-0.0016182,-6.25e-05,-1.25e-05,0.0,-4.74e-05,-2.6e-05,0.0,-0.0017666,-0.0258696,False
BEL20,1998-08-28,3226.54,1998-09-03,3225.6799,4,6,0.0625,5.79e-05,-6.25e-05,-1.25e-05,0.0,-4.72e-05,-2.6e-05,0.0,-9.04e-05,-0.0002666,False
BEL20,1998-09-29,3034.9099,1998-10-05,2723.9199,4,6,0.0625,-0.0066419,-6.25e-05,-1.25e-05,0.0,-4.69e-05,-2.6e-05,0.0,-0.0067898,-0.1024709,False
BEL20,1998-10-29,3142.45,1998-11-02,3231.1699,2,4,0.0625,0.0017581,-6.25e-05,-1.25e-05,0.0,-3.13e-05,-1.74e-05,0.0,0.0016345,0.0282327,False
BEL20,1998-11-03,3262.8401,1998-11-04,3307.72,1,1,0.0625,0.0008597,-6.25e-05,-1.25e-05,0.0,-7.8e-06,-4.3e-06,0.0,0.0007725,0.0137549,False
BEL20,1998-11-27,3313.1599,1998-12-03,3248.49,4,6,0.0625,-0.0012084,-6.25e-05,-1.25e-05,0.0,-4.69e-05,-2.6e-05,0.0,-0.0013563,-0.0195191,False
BEL20,1998-12-29,3531.9199,1999-01-06,3681.9199,4,8,0.0625,0.0026456,-6.25e-05,-1.25e-05,0.0,-5.73e-05,-3.47e-05,0.0,0.0024786,0.0424698,False
BEL20,1999-01-28,3405.9099,1999-02-03,3440.47,4,6,0.0625,0.0006349,-6.25e-05,-1.25e-05,0.0,-3.13e-05,-2.6e-05,0.0,0.0005026,0.0101471,False
BEL20,1999-02-25,3404.8401,1999-03-03,3294.4099,4,6,0.0625,-0.0020446,-6.25e-05,-1.25e-05,0.0,-3.13e-05,-2.6e-05,0.0,-0.0021769,-0.0324333,False
BEL20,1999-03-30,3260.8,1999-04-07,3333.9399,4,8,0.0625,0.001394,-6.25e-05,-1.25e-05,0.0,-4.17e-05,-3.47e-05,0.0,0.0012426,0.02243,False
BEL20,1999-04-29,3233.4299,1999-05-05,3232.23,4,6,0.0625,-1.92e-05,-6.25e-05,-1.25e-05,0.0,-2.6e-05,-2.6e-05,0.0,-0.0001463,-0.0003711,False
BEL20,1999-05-28,3107.6101,1999-06-03,3086.02,4,6,0.0625,-0.0004322,-6.25e-05,-1.25e-05,0.0,-2.6e-05,-2.6e-05,0.0,-0.0005592,-0.0069475,False
BEL20,1999-06-29,3153.01,1999-07-05,3179.55,4,6,0.0625,0.0005276,-6.25e-05,-1.25e-05,0.0,-2.6e-05,-2.6e-05,0.0,0.0004005,0.0084174,False
BEL20,1999-07-29,2991.0601,1999-08-04,2945.02,4,6,0.0625,-0.0009543,-6.25e-05,-1.25e-05,0.0,-2.6e-05,-2.6e-05,0.0,-0.0010814,-0.0153925,False
BEL20,1999-08-30,3237.77,1999-09-03,3178.78,4,4,0.0625,-0.0011246,-6.25e-05,-1.25e-05,0.0,-1.74e-05,-1.74e-05,0.0,-0.0012343,-0.0182193,False
BEL20,1999-09-29,3092.1899,1999-10-05,3021.3401,4,6,0.0625,-0.0014382,-6.25e-05,-1.25e-05,0.0,-2.6e-05,-2.6e-05,0.0,-0.0015652,-0.0229125,False
BEL20,1999-10-28,3014.73,1999-11-04,3199.25,4,7,0.0625,0.003746,-6.25e-05,-1.25e-05,0.0,-3.04e-05,-3.04e-05,0.0,0.0036102,0.0612062,False
BEL20,1999-11-29,3163.74,1999-12-03,3262.5,4,4,0.0625,0.0019463,-6.25e-05,-1.25e-05,0.0,-2.08e-05,-1.74e-05,0.0,0.0018331,0.0312162,False
BEL20,1999-12-29,3302.77,2000-01-05,3057.53,4,7,0.0625,-0.0047173,-6.25e-05,-1.25e-05,0.0,-3.65e-05,-3.04e-05,0.0,-0.0048591,-0.0742528,False
BEL20,2000-01-28,2884.6001,2000-02-03,2888.3999,4,6,0.0625,0.0001457,-6.25e-05,-1.25e-05,0.0,-3.13e-05,-2.6e-05,0.0,1.34e-05,0.0013173,False
BEL20,2000-02-28,2727.49,2000-03-03,2746.8401,4,4,0.0625,0.0004493,-6.25e-05,-1.25e-05,0.0,-2.26e-05,-1.74e-05,0.0,0.0003344,0.0070945,False
BEL20,2000-03-30,2778.29,2000-04-05,2885.79,4,6,0.0625,0.0024042,-6.25e-05,-1.25e-05,0.0,-3.65e-05,-2.6e-05,0.0,0.0022667,0.0386929,False
BEL20,2000-04-27,2825.21,2000-05-04,2834.1299,4,7,0.0625,0.0001996,-6.25e-05,-1.25e-05,0.0,-4.51e-05,-3.04e-05,0.0,4.91e-05,0.0031573,False
BEL20,2000-05-30,2884.46,2000-06-06,2898.45,4,7,0.0625,0.0003153,-6.25e-05,-1.25e-05,0.0,-4.56e-05,-3.04e-05,0.0,0.0001643,0.0048501,False
BEL20,2000-06-29,2903.5801,2000-07-05,2967.8601,4,6,0.0625,0.0013782,-6.25e-05,-1.25e-05,0.0,-4.43e-05,-2.6e-05,0.0,0.0012328,0.0221382,False
BEL20,2000-07-28,3060.1699,2000-08-03,3046.28,4,6,0.0625,-0.0002827,-6.25e-05,-1.25e-05,0.0,-4.43e-05,-2.6e-05,0.0,-0.000428,-0.0045389,False
BEL20,2000-08-30,3134.8,2000-09-05,3102.8701,4,6,0.0625,-0.0006385,-6.25e-05,-1.25e-05,0.0,-4.6e-05,-2.6e-05,0.0,-0.0007855,-0.0101856,False
BEL20,2000-09-28,3018.0701,2000-10-04,3089.1599,4,6,0.0625,0.0014642,-6.25e-05,-1.25e-05,0.0,-4.69e-05,-2.6e-05,0.0,0.0013163,0.0235547,False
BEL20,2000-10-30,3070.1899,2000-11-03,3181.8501,4,4,0.0625,0.0022449,-6.25e-05,-1.25e-05,0.0,-3.3e-05,-1.74e-05,0.0,0.0021196,0.0363691,False
BEL20,2000-11-29,2956.1899,2000-12-05,3043.6399,4,6,0.0625,0.0018399,-6.25e-05,-1.25e-05,0.0,-4.95e-05,-2.6e-05,0.0,0.0016893,0.029582,False
BEL20,2000-12-27,3002.47,2001-01-04,3014.8799,4,8,0.0625,0.0002602,-6.25e-05,-1.25e-05,0.0,-6.6e-05,-3.47e-05,0.0,8.45e-05,0.0041332,False
BEL20,2001-01-30,2970.75,2001-02-05,3009.3401,4,6,0.0625,0.0008089,-6.25e-05,-1.25e-05,0.0,-4.95e-05,-2.6e-05,0.0,0.0006584,0.01299,False
BEL20,2001-02-27,2981.9399,2001-03-05,2984.1699,4,6,0.0625,5.16e-05,-6.25e-05,-1.25e-05,0.0,-4.95e-05,-2.6e-05,0.0,-9.9e-05,0.0007478,False
BEL20,2001-03-29,2762.3799,2001-04-04,2823.6899,4,6,0.0625,0.0014077,-6.25e-05,-1.25e-05,0.0,-4.95e-05,-2.6e-05,0.0,0.0012572,0.0221947,False
BEL20,2001-04-27,2840.95,2001-05-04,2756.8,4,7,0.0625,-0.0018656,-6.25e-05,-1.25e-05,0.0,-5.77e-05,-3.04e-05,0.0,-0.0020287,-0.0296203,False
BEL20,2001-05-30,2813.1799,2001-06-06,2896.8799,4,7,0.0625,0.0018612,-6.25e-05,-1.25e-05,0.0,-5.47e-05,-3.04e-05,0.0,0.0017011,0.0297528,False
BEL20,2001-06-28,2860.4399,2001-07-04,2881.2,4,6,0.0625,0.0004561,-6.25e-05,-1.25e-05,0.0,-4.69e-05,-2.6e-05,0.0,0.0003081,0.0072576,False
BEL20,2001-07-30,2923.8899,2001-08-03,2924.53,4,4,0.0625,1.55e-05,-6.25e-05,-1.25e-05,0.0,-3.13e-05,-1.74e-05,0.0,-0.0001081,0.0002189,False
BEL20,2001-08-30,2890.8899,2001-09-05,2888.1299,4,6,0.0625,-5.91e-05,-6.25e-05,-1.25e-05,0.0,-4.47e-05,-2.6e-05,0.0,-0.0002048,-0.0009547,False
BEL20,2001-09-27,2551.6201,2001-10-03,2639.8501,4,6,0.0625,0.0021732,-6.25e-05,-1.25e-05,0.0,-3.91e-05,-2.6e-05,0.0,0.0020331,0.034578,False
BEL20,2001-10-30,2586.01,2001-11-05,2651.6299,4,6,0.0625,0.0015733,-6.25e-05,-1.25e-05,0.0,-3.91e-05,-2.6e-05,0.0,0.0014332,0.0253749,False
BEL20,2001-11-29,2603.79,2001-12-05,2618.3999,4,6,0.0625,0.0003614,-6.25e-05,-1.25e-05,0.0,-3.39e-05,-2.6e-05,0.0,0.0002265,0.005611,False
BEL20,2001-12-27,2755.9399,2002-01-04,2708.8301,4,8,0.0625,-0.0010595,-6.25e-05,-1.25e-05,0.0,-4.51e-05,-3.47e-05,0.0,-0.0012143,-0.0170939,False
BEL20,2002-01-30,2738.0901,2002-02-05,2747.98,4,6,0.0625,0.0002392,-6.25e-05,-1.25e-05,0.0,-3.39e-05,-2.6e-05,0.0,0.0001043,0.003612,False
BEL20,2002-02-27,2730.5,2002-03-05,2762.5,4,6,0.0625,0.0007334,-6.25e-05,-1.25e-05,0.0,-3.39e-05,-2.6e-05,0.0,0.0005985,0.0117195,False
BEL20,2002-03-27,2761.9399,2002-04-04,2805.23,4,8,0.0625,0.0009782,-6.25e-05,-1.25e-05,0.0,-4.51e-05,-3.47e-05,0.0,0.0008234,0.0156738,False
BEL20,2002-04-29,2771.6899,2002-05-06,2817.25,4,7,0.0625,0.001028,-6.25e-05,-1.25e-05,0.0,-3.95e-05,-3.04e-05,0.0,0.0008831,0.0164376,False
BEL20,2002-05-30,2733.1101,2002-06-05,2646.6899,4,6,0.0625,-0.0019932,-6.25e-05,-1.25e-05,0.0,-3.39e-05,-2.6e-05,0.0,-0.0021281,-0.0316197,False
BEL20,2002-06-27,2463.77,2002-07-03,2408.53,4,6,0.0625,-0.0013499,-6.25e-05,-1.25e-05,0.0,-3.39e-05,-2.6e-05,0.0,-0.0014848,-0.0224209,False
BEL20,2002-07-30,2251.02,2002-08-05,2047.0601,4,6,0.0625,-0.005829,-6.25e-05,-1.25e-05,0.0,-3.39e-05,-2.6e-05,0.0,-0.0059639,-0.0906078,False
BEL20,2002-08-29,2229.55,2002-09-04,2156.8401,4,6,0.0625,-0.0020338,-6.25e-05,-1.25e-05,0.0,-3.39e-05,-2.6e-05,0.0,-0.0021687,-0.0326119,False
BEL20,2002-09-27,1934.47,2002-10-03,1909.3199,4,6,0.0625,-0.0007379,-6.25e-05,-1.25e-05,0.0,-3.39e-05,-2.6e-05,0.0,-0.0008728,-0.013001,False
BEL20,2002-10-30,1956.27,2002-11-05,2040.95,4,6,0.0625,0.0026738,-6.25e-05,-1.25e-05,0.0,-3.39e-05,-2.6e-05,0.0,0.0025389,0.0432864,False
BEL20,2002-11-28,2080.8799,2002-12-04,2004.66,4,6,0.0625,-0.0023133,-6.25e-05,-1.25e-05,0.0,-3.39e-05,-2.6e-05,0.0,-0.0024482,-0.0366287,False
BEL20,2002-12-30,1986.66,2003-01-06,2043.91,4,7,0.0625,0.0018137,-6.25e-05,-1.25e-05,0.0,-3.34e-05,-3.04e-05,0.0,0.0016749,0.0288172,False
BEL20,2003-01-30,1835.65,2003-02-05,1846.4301,4,6,0.0625,0.0004022,-6.25e-05,-1.25e-05,0.0,-2.86e-05,-2.6e-05,0.0,0.0002725,0.0058726,False
BEL20,2003-02-27,1630.65,2003-03-05,1608.09,4,6,0.0625,-0.000831,-6.25e-05,-1.25e-05,0.0,-2.86e-05,-2.6e-05,0.0,-0.0009607,-0.013835,False
BEL20,2003-03-28,1681.16,2003-04-03,1750.9399,4,6,0.0625,0.0026306,-6.25e-05,-1.25e-05,0.0,-2.6e-05,-2.6e-05,0.0,0.0025035,0.041507,False
BEL20,2003-04-29,1865.9399,2003-05-06,1923.04,4,7,0.0625,0.0018996,-6.25e-05,-1.25e-05,0.0,-3.04e-05,-3.04e-05,0.0,0.0017638,0.0306013,False
BEL20,2003-05-29,1899.04,2003-06-04,1964.63,4,6,0.0625,0.0021339,-6.25e-05,-1.25e-05,0.0,-2.6e-05,-2.6e-05,0.0,0.0020068,0.0345385,False
BEL20,2003-06-27,1940.66,2003-07-03,1927.28,4,6,0.0625,-0.0004103,-6.25e-05,-1.25e-05,0.0,-2.08e-05,-2.6e-05,0.0,-0.0005322,-0.0068946,False
BEL20,2003-07-30,1999.7,2003-08-05,2031.1801,4,6,0.0625,0.0009822,-6.25e-05,-1.25e-05,0.0,-2.08e-05,-2.6e-05,0.0,0.0008603,0.0157424,False
BEL20,2003-08-28,2071.97,2003-09-03,2107.9299,4,6,0.0625,0.0010993,-6.25e-05,-1.25e-05,0.0,-2.08e-05,-2.6e-05,0.0,0.0009775,0.0173554,False
BEL20,2003-09-29,2070.8501,2003-10-03,2104.8999,4,4,0.0625,0.0010324,-6.25e-05,-1.25e-05,0.0,-1.39e-05,-1.74e-05,0.0,0.0009261,0.0164424,False
BEL20,2003-10-30,2138.01,2003-11-05,2172.1599,4,6,0.0625,0.0009948,-6.25e-05,-1.25e-05,0.0,-2.08e-05,-2.6e-05,0.0,0.000873,0.0159728,False
BEL20,2003-11-27,2173.6899,2003-12-03,2206.3,4,6,0.0625,0.0009351,-6.25e-05,-1.25e-05,0.0,-2.08e-05,-2.6e-05,0.0,0.0008132,0.0150022,False
BEL20,2003-12-30,2238.52,2004-01-06,2293.4399,4,7,0.0625,0.001521,-6.25e-05,-1.25e-05,0.0,-2.43e-05,-3.04e-05,0.0,0.0013913,0.024534,False
BEL20,2004-01-29,2381.8999,2004-02-04,2379.77,4,6,0.0625,-5.13e-05,-6.25e-05,-1.25e-05,0.0,-2.08e-05,-2.6e-05,0.0,-0.0001732,-0.0008942,False
BEL20,2004-02-26,2472.6799,2004-03-03,2481.8301,4,6,0.0625,0.0002322,-6.25e-05,-1.25e-05,0.0,-2.08e-05,-2.6e-05,0.0,0.0001103,0.0037005,False
BEL20,2004-03-30,2369.4199,2004-04-05,2448.6001,4,6,0.0625,0.0020654,-6.25e-05,-1.25e-05,0.0,-2.08e-05,-2.6e-05,0.0,0.0019436,0.0334175,False
BEL20,2004-04-29,2445.1399,2004-05-05,2458.8,4,6,0.0625,0.0003494,-6.25e-05,-1.25e-05,0.0,-2.08e-05,-2.6e-05,0.0,0.0002276,0.0055867,False
BEL20,2004-05-28,2412.3101,2004-06-03,2442.1101,4,6,0.0625,0.0007739,-6.25e-05,-1.25e-05,0.0,-2.08e-05,-2.6e-05,0.0,0.000652,0.0123533,False
BEL20,2004-06-29,2464.21,2004-07-05,2450.4399,4,6,0.0625,-0.0003491,-6.25e-05,-1.25e-05,0.0,-2.08e-05,-2.6e-05,0.0,-0.000471,-0.005588,False
BEL20,2004-07-29,2478.1101,2004-08-04,2486.3999,4,6,0.0625,0.0002133,-6.25e-05,-1.25e-05,0.0,-2.08e-05,-2.6e-05,0.0,9.14e-05,0.0033452,False
BEL20,2004-08-30,2562.5601,2004-09-03,2621.27,4,4,0.0625,0.0014232,-6.25e-05,-1.25e-05,0.0,-1.39e-05,-1.74e-05,0.0,0.001317,0.0229107,False
BEL20,2004-09-29,2690.9299,2004-10-05,2765.8301,4,6,0.0625,0.0017255,-6.25e-05,-1.25e-05,0.0,-2.08e-05,-2.6e-05,0.0,0.0016036,0.0278343,False
BEL20,2004-10-28,2785.8501,2004-11-03,2840.46,4,6,0.0625,0.0012176,-6.25e-05,-1.25e-05,0.0,-2.08e-05,-2.6e-05,0.0,0.0010957,0.0196026,False
BEL20,2004-11-29,2866.8601,2004-12-03,2895.0601,4,4,0.0625,0.0006192,-6.25e-05,-1.25e-05,0.0,-1.39e-05,-1.74e-05,0.0,0.000513,0.0098365,False
BEL20,2004-12-30,2933.72,2005-01-05,2971.79,4,6,0.0625,0.0008126,-6.25e-05,-1.25e-05,0.0,-2.08e-05,-2.6e-05,0.0,0.0006908,0.0129767,False
BEL20,2005-01-28,2985.3101,2005-02-03,3043.48,4,6,0.0625,0.0012091,-6.25e-05,-1.25e-05,0.0,-2.08e-05,-2.6e-05,0.0,0.0010872,0.0194854,False
BEL20,2005-02-25,3070.0601,2005-03-03,3090.98,4,6,0.0625,0.0004307,-6.25e-05,-1.25e-05,0.0,-2.08e-05,-2.6e-05,0.0,0.0003088,0.0068142,False
BEL20,2005-03-30,3125.01,2005-04-05,3145.25,4,6,0.0625,0.0004053,-6.25e-05,-1.25e-05,0.0,-2.08e-05,-2.6e-05,0.0,0.0002835,0.0064768,False
BEL20,2005-04-28,3024.75,2005-05-04,3066.72,4,6,0.0625,0.0008637,-6.25e-05,-1.25e-05,0.0,-2.08e-05,-2.6e-05,0.0,0.0007418,0.0138755,False
BEL20,2005-05-30,3056.2,2005-06-03,3083.54,4,4,0.0625,0.0005586,-6.25e-05,-1.25e-05,0.0,-1.39e-05,-1.74e-05,0.0,0.0004523,0.0089458,False
BEL20,2005-06-29,3112.0901,2005-07-05,3113.26,4,6,0.0625,2.46e-05,-6.25e-05,-1.25e-05,0.0,-2.08e-05,-2.6e-05,0.0,-9.73e-05,0.0003759,False
BEL20,2005-07-28,3232.77,2005-08-03,3269.74,4,6,0.0625,0.0007128,-6.25e-05,-1.25e-05,0.0,-2.08e-05,-2.6e-05,0.0,0.0005909,0.011436,False
BEL20,2005-08-30,3211.24,2005-09-05,3236.6201,4,6,0.0625,0.0004934,-6.25e-05,-1.25e-05,0.0,-2.08e-05,-2.6e-05,0.0,0.0003715,0.0079035,False
BEL20,2005-09-29,3324.5701,2005-10-05,3363.29,4,6,0.0625,0.0007269,-6.25e-05,-1.25e-05,0.0,-2.08e-05,-2.6e-05,0.0,0.000605,0.0116466,False
BEL20,2005-10-28,3224.3101,2005-11-03,3305.76,4,6,0.0625,0.0015666,-6.25e-05,-1.25e-05,0.0,-2.08e-05,-2.6e-05,0.0,0.0014447,0.0252612,False
BEL20,2005-11-29,3406.03,2005-12-05,3445.6101,4,6,0.0625,0.0007288,-6.25e-05,-1.25e-05,0.0,-2.08e-05,-2.6e-05,0.0,0.0006069,0.0116206,False
BEL20,2005-12-29,3575.1899,2006-01-04,3638.46,4,6,0.0625,0.0011046,-6.25e-05,-1.25e-05,0.0,-2.34e-05,-2.6e-05,0.0,0.0009801,0.017697,False
BEL20,2006-01-30,3756.21,2006-02-03,3766.4299,4,4,0.0625,0.0001724,-6.25e-05,-1.25e-05,0.0,-1.56e-05,-1.74e-05,0.0,6.45e-05,0.0027208,False
BEL20,2006-02-27,3901.6799,2006-03-03,3827.1699,4,4,0.0625,-0.0011897,-6.25e-05,-1.25e-05,0.0,-1.56e-05,-1.74e-05,0.0,-0.0012977,-0.0190969,False
BEL20,2006-03-30,3942.0801,2006-04-05,3929.6101,4,6,0.0625,-0.0001954,-6.25e-05,-1.25e-05,0.0,-2.6e-05,-2.6e-05,0.0,-0.0003225,-0.0031633,False
BEL20,2006-04-27,3919.8899,2006-05-04,3951.95,4,7,0.0625,0.0005116,-6.25e-05,-1.25e-05,0.0,-3.04e-05,-3.04e-05,0.0,0.0003758,0.0081788,False
BEL20,2006-05-30,3641.1201,2006-06-05,3640.3501,4,6,0.0625,-6.8e-06,-6.25e-05,-1.25e-05,0.0,-2.6e-05,-2.6e-05,0.0,-0.0001339,-0.0002115,False
BEL20,2006-06-29,3638.8101,2006-07-05,3683.3301,4,6,0.0625,0.000777,-6.25e-05,-1.25e-05,0.0,-2.86e-05,-2.6e-05,0.0,0.0006473,0.0122348,False
BEL20,2006-07-28,3797.8799,2006-08-03,3788.99,4,6,0.0625,-0.0001358,-6.25e-05,-1.25e-05,0.0,-2.86e-05,-2.6e-05,0.0,-0.0002654,-0.0023408,False
BEL20,2006-08-30,3945.4199,2006-09-05,3929.1299,4,6,0.0625,-0.0002547,-6.25e-05,-1.25e-05,0.0,-3.13e-05,-2.6e-05,0.0,-0.000387,-0.0041288,False
BEL20,2006-09-28,4063.8101,2006-10-04,4084.0801,4,6,0.0625,0.0003125,-6.25e-05,-1.25e-05,0.0,-3.13e-05,-2.6e-05,0.0,0.0001802,0.0049879,False
BEL20,2006-10-30,4138.0698,2006-11-03,4180.6802,4,4,0.0625,0.000646,-6.25e-05,-1.25e-05,0.0,-2.26e-05,-1.74e-05,0.0,0.0005311,0.0102972,False
BEL20,2006-11-29,4165.3701,2006-12-05,4174.8501,4,6,0.0625,0.0001478,-6.25e-05,-1.25e-05,0.0,-3.39e-05,-2.6e-05,0.0,1.29e-05,0.0022759,False
BEL20,2006-12-28,4367.02,2007-01-04,4421.2598,4,7,0.0625,0.0007827,-6.25e-05,-1.25e-05,0.0,-4.25e-05,-3.04e-05,0.0,0.0006348,0.0124203,False
BEL20,2007-01-30,4435.98,2007-02-05,4504.4502,4,6,0.0625,0.0009616,-6.25e-05,-1.25e-05,0.0,-3.65e-05,-2.6e-05,0.0,0.0008241,0.0154352,False
BEL20,2007-02-27,4387.3701,2007-03-05,4218.1699,4,6,0.0625,-0.0024395,-6.25e-05,-1.25e-05,0.0,-3.65e-05,-2.6e-05,0.0,-0.002577,-0.0385653,False
BEL20,2007-03-29,4493.7002,2007-04-04,4558.5,4,6,0.0625,0.0009019,-6.25e-05,-1.25e-05,0.0,-3.91e-05,-2.6e-05,0.0,0.0007618,0.0144201,False
BEL20,2007-04-27,4643.4302,2007-05-04,4719.2598,4,7,0.0625,0.0010206,-6.25e-05,-1.25e-05,0.0,-4.56e-05,-3.04e-05,0.0,0.0008697,0.0163305,False
BEL20,2007-05-30,4652.6602,2007-06-05,4676.4302,4,6,0.0625,0.0003222,-6.25e-05,-1.25e-05,0.0,-3.91e-05,-2.6e-05,0.0,0.0001821,0.0051089,False
BEL20,2007-06-28,4610.2002,2007-07-04,4657.9399,4,6,0.0625,0.000652,-6.25e-05,-1.25e-05,0.0,-4.17e-05,-2.6e-05,0.0,0.0005093,0.0103552,False
BEL20,2007-07-30,4336.0298,2007-08-03,4281.1401,4,4,0.0625,-0.0007799,-6.25e-05,-1.25e-05,0.0,-2.78e-05,-1.74e-05,0.0,-0.0009,-0.012659,False
BEL20,2007-08-30,4304.96,2007-09-05,4321.1602,4,6,0.0625,0.0002439,-6.25e-05,-1.25e-05,0.0,-4.17e-05,-2.6e-05,0.0,0.0001012,0.0037631,False
BEL20,2007-09-27,4326.3599,2007-10-03,4379.7002,4,6,0.0625,0.0007676,-6.25e-05,-1.25e-05,0.0,-4.17e-05,-2.6e-05,0.0,0.0006249,0.0123291,False
BEL20,2007-10-30,4384.0,2007-11-05,4284.21,4,6,0.0625,-0.0014178,-6.25e-05,-1.25e-05,0.0,-4.17e-05,-2.6e-05,0.0,-0.0015605,-0.0227623,False
BEL20,2007-11-29,4102.5298,2007-12-05,4143.9199,4,6,0.0625,0.0006479,-6.25e-05,-1.25e-05,0.0,-4.17e-05,-2.6e-05,0.0,0.0005052,0.0100889,False
BEL20,2007-12-28,4147.1899,2008-01-04,4094.3799,4,7,0.0625,-0.000799,-6.25e-05,-1.25e-05,0.0,-4.86e-05,-3.04e-05,0.0,-0.0009529,-0.0127339,False
BEL20,2008-01-30,3767.0601,2008-02-05,3688.8301,4,6,0.0625,-0.0012581,-6.25e-05,-1.25e-05,0.0,-4.17e-05,-2.6e-05,0.0,-0.0014008,-0.0207669,False
BEL20,2008-02-28,3762.6799,2008-03-05,3735.98,4,6,0.0625,-0.0004283,-6.25e-05,-1.25e-05,0.0,-4.17e-05,-2.6e-05,0.0,-0.000571,-0.007096,False
BEL20,2008-03-28,3700.4099,2008-04-03,3783.5801,4,6,0.0625,0.0014182,-6.25e-05,-1.25e-05,0.0,-4.17e-05,-2.6e-05,0.0,0.0012755,0.0224759,False
BEL20,2008-04-29,3908.3,2008-05-06,3890.1499,4,7,0.0625,-0.0002836,-6.25e-05,-1.25e-05,0.0,-4.86e-05,-3.04e-05,0.0,-0.0004376,-0.004644,False
BEL20,2008-05-29,3727.4299,2008-06-04,3713.01,4,6,0.0625,-0.0002316,-6.25e-05,-1.25e-05,0.0,-4.17e-05,-2.6e-05,0.0,-0.0003743,-0.0038686,False
BEL20,2008-06-27,3177.4199,2008-07-03,3087.5701,4,6,0.0625,-0.0017774,-6.25e-05,-1.25e-05,0.0,-4.17e-05,-2.6e-05,0.0,-0.0019201,-0.0282776,False
BEL20,2008-07-30,3030.25,2008-08-05,3048.46,4,6,0.0625,0.0004202,-6.25e-05,-1.25e-05,0.0,-4.43e-05,-2.6e-05,0.0,0.0002749,0.0060094,False
BEL20,2008-08-28,3091.8,2008-09-03,3165.3301,4,6,0.0625,0.0014962,-6.25e-05,-1.25e-05,0.0,-4.43e-05,-2.6e-05,0.0,0.0013509,0.0237823,False
BEL20,2008-09-29,2589.47,2008-10-03,2757.01,4,4,0.0625,0.0039617,-6.25e-05,-1.25e-05,0.0,-2.95e-05,-1.74e-05,0.0,0.0038398,0.0647005,False
BEL20,2008-10-30,2043.47,2008-11-05,2199.4299,4,6,0.0625,0.0046885,-6.25e-05,-1.25e-05,0.0,-3.91e-05,-2.6e-05,0.0,0.0045484,0.0763211,False
BEL20,2008-11-27,1866.96,2008-12-03,1848.01,4,6,0.0625,-0.0005336,-6.25e-05,-1.25e-05,0.0,-3.39e-05,-2.6e-05,0.0,-0.0006684,-0.0101502,False
BEL20,2008-12-30,1907.12,2009-01-06,1997.28,4,7,0.0625,0.0029353,-6.25e-05,-1.25e-05,0.0,-3.04e-05,-3.04e-05,0.0,0.0027996,0.0472755,False
BEL20,2009-01-29,1893.9399,2009-02-04,1906.49,4,6,0.0625,0.0004382,-6.25e-05,-1.25e-05,0.0,-2.08e-05,-2.6e-05,0.0,0.0003163,0.0066264,False
BEL20,2009-02-26,1688.15,2009-03-04,1584.1899,4,6,0.0625,-0.0038604,-6.25e-05,-1.25e-05,0.0,-2.08e-05,-2.6e-05,0.0,-0.0039823,-0.0615823,False
BEL20,2009-03-30,1700.4399,2009-04-03,1808.37,4,4,0.0625,0.0039147,-6.25e-05,-1.25e-05,0.0,-1.04e-05,-1.74e-05,0.0,0.003812,0.0634718,False
BEL20,2009-04-29,1950.98,2009-05-06,2024.9,4,7,0.0625,0.002366,-6.25e-05,-1.25e-05,0.0,-1.52e-05,-3.04e-05,0.0,0.0022454,0.0378887,False
BEL20,2009-05-28,2063.6499,2009-06-03,2066.54,4,6,0.0625,9.36e-05,-6.25e-05,-1.25e-05,0.0,-1.04e-05,-2.6e-05,0.0,-1.78e-05,0.0014005,False
BEL20,2009-06-29,2037.74,2009-07-03,2040.86,4,4,0.0625,0.0001193,-6.25e-05,-1.25e-05,0.0,-6.9e-06,-1.74e-05,0.0,2e-05,0.0015311,False
BEL20,2009-07-30,2155.0901,2009-08-05,2173.27,4,6,0.0625,0.0005281,-6.25e-05,-1.25e-05,0.0,-1.04e-05,-2.6e-05,0.0,0.0004166,0.0084358,False
BEL20,2009-08-28,2393.6599,2009-09-03,2322.8201,4,6,0.0625,-0.0018509,-6.25e-05,-1.25e-05,0.0,-1.04e-05,-2.6e-05,0.0,-0.0019624,-0.0295948,False
BEL20,2009-09-29,2490.78,2009-10-05,2446.0,4,6,0.0625,-0.0011164,-6.25e-05,-1.25e-05,0.0,-1.04e-05,-2.6e-05,0.0,-0.0012278,-0.0179783,False
BEL20,2009-10-29,2440.45,2009-11-04,2401.1699,4,6,0.0625,-0.0009761,-6.25e-05,-1.25e-05,0.0,-1.04e-05,-2.6e-05,0.0,-0.0010876,-0.0160954,False
BEL20,2009-11-27,2456.8201,2009-12-03,2525.1399,4,6,0.0625,0.0017495,-6.25e-05,-1.25e-05,0.0,-1.04e-05,-2.6e-05,0.0,0.0016381,0.0278082,False
BEL20,2009-12-30,2510.6599,2010-01-06,2596.4299,4,7,0.0625,0.0021159,-6.25e-05,-1.25e-05,0.0,-1.22e-05,-3.04e-05,0.0,0.0019984,0.0341623,False
BEL20,2010-01-28,2486.51,2010-02-03,2529.6599,4,6,0.0625,0.0010842,-6.25e-05,-1.25e-05,0.0,-1.04e-05,-2.6e-05,0.0,0.0009727,0.0173536,False
BEL20,2010-02-25,2480.6499,2010-03-03,2592.5601,4,6,0.0625,0.0027743,-6.25e-05,-1.25e-05,0.0,-1.04e-05,-2.6e-05,0.0,0.0026628,0.0451132,False
BEL20,2010-03-30,2656.1201,2010-04-07,2696.96,4,8,0.0625,0.0009596,-6.25e-05,-1.25e-05,0.0,-1.39e-05,-3.47e-05,0.0,0.000836,0.0153758,False
BEL20,2010-04-29,2561.6899,2010-05-05,2446.22,4,6,0.0625,-0.0028427,-6.25e-05,-1.25e-05,0.0,-1.04e-05,-2.6e-05,0.0,-0.0029541,-0.0450757,False
BEL20,2010-05-28,2460.54,2010-06-03,2484.27,4,6,0.0625,0.000603,-6.25e-05,-1.25e-05,0.0,-1.04e-05,-2.6e-05,0.0,0.0004916,0.0096442,False
BEL20,2010-06-29,2382.48,2010-07-05,2329.6001,4,6,0.0625,-0.0013883,-6.25e-05,-1.25e-05,0.0,-1.04e-05,-2.6e-05,0.0,-0.0014997,-0.0221953,False
BEL20,2010-07-29,2537.8999,2010-08-04,2587.8201,4,6,0.0625,0.0012386,-6.25e-05,-1.25e-05,0.0,-1.04e-05,-2.6e-05,0.0,0.0011272,0.0196699,False
BEL20,2010-08-30,2460.9299,2010-09-03,2549.96,4,4,0.0625,0.0022501,-6.25e-05,-1.25e-05,0.0,-6.9e-06,-1.74e-05,0.0,0.0021508,0.0361774,False
BEL20,2010-09-29,2602.6899,2010-10-05,2595.9299,4,6,0.0625,-0.0001528,-6.25e-05,-1.25e-05,0.0,-1.04e-05,-2.6e-05,0.0,-0.0002642,-0.0025973,False
BEL20,2010-10-28,2677.3999,2010-11-03,2663.8401,4,6,0.0625,-0.000312,-6.25e-05,-1.25e-05,0.0,-1.04e-05,-2.6e-05,0.0,-0.0004234,-0.0050645,False
BEL20,2010-11-29,2521.3301,2010-12-03,2614.99,4,4,0.0625,0.0023106,-6.25e-05,-1.25e-05,0.0,-6.9e-06,-1.74e-05,0.0,0.0022113,0.037147,False
BEL20,2010-12-29,2611.45,2011-01-05,2631.5701,4,7,0.0625,0.0004918,-6.25e-05,-1.25e-05,0.0,-1.22e-05,-3.04e-05,0.0,0.0003743,0.0077046,False
BEL20,2011-01-28,2647.0901,2011-02-03,2684.8999,4,6,0.0625,0.0008959,-6.25e-05,-1.25e-05,0.0,-1.04e-05,-2.6e-05,0.0,0.0007844,0.0142835,False
BEL20,2011-02-25,2692.4099,2011-03-03,2692.02,4,6,0.0625,-5.6e-06,-6.25e-05,-1.25e-05,0.0,-1.04e-05,-2.6e-05,0.0,-0.0001171,-0.0001448,False
BEL20,2011-03-30,2684.3501,2011-04-05,2698.21,4,6,0.0625,0.0003291,-6.25e-05,-1.25e-05,0.0,-1.04e-05,-2.6e-05,0.0,0.0002176,0.0051632,False
BEL20,2011-04-28,2766.5601,2011-05-04,2701.27,4,6,0.0625,-0.0014814,-6.25e-05,-1.25e-05,0.0,-1.3e-05,-2.6e-05,0.0,-0.0015955,-0.0235997,False
BEL20,2011-05-30,2650.24,2011-06-03,2628.71,4,4,0.0625,-0.0004918,-6.25e-05,-1.25e-05,0.0,-8.7e-06,-1.74e-05,0.0,-0.0005929,-0.0081238,False
BEL20,2011-06-29,2547.9299,2011-07-05,2571.9199,4,6,0.0625,0.0005941,-6.25e-05,-1.25e-05,0.0,-1.3e-05,-2.6e-05,0.0,0.00048,0.0094155,False
BEL20,2011-07-28,2455.96,2011-08-03,2291.1101,4,6,0.0625,-0.0043036,-6.25e-05,-1.25e-05,0.0,-1.56e-05,-2.6e-05,0.0,-0.0044202,-0.0671224,False
BEL20,2011-08-30,2212.6101,2011-09-05,2117.46,4,6,0.0625,-0.0026459,-6.25e-05,-1.25e-05,0.0,-1.56e-05,-2.6e-05,0.0,-0.0027626,-0.0430036,False
BEL20,2011-09-29,2163.1299,2011-10-05,2109.8999,4,6,0.0625,-0.0014807,-6.25e-05,-1.25e-05,0.0,-1.56e-05,-2.6e-05,0.0,-0.0015974,-0.0246079,False
BEL20,2011-10-28,2199.3501,2011-11-03,2121.8899,4,6,0.0625,-0.0021527,-6.25e-05,-1.25e-05,0.0,-1.56e-05,-2.6e-05,0.0,-0.0022693,-0.0352196,False
BEL20,2011-11-29,2007.23,2011-12-05,2117.3899,4,6,0.0625,0.0033924,-6.25e-05,-1.25e-05,0.0,-1.3e-05,-2.6e-05,0.0,0.0032784,0.0548816,False
BEL20,2011-12-29,2067.0901,2012-01-04,2121.1101,4,6,0.0625,0.0016326,-6.25e-05,-1.25e-05,0.0,-1.04e-05,-2.6e-05,0.0,0.0015212,0.0261334,False
BEL20,2012-01-30,2197.0801,2012-02-03,2304.5801,4,4,0.0625,0.003014,-6.25e-05,-1.25e-05,0.0,-6.9e-06,-1.74e-05,0.0,0.0029147,0.0489286,False
BEL20,2012-02-28,2266.1899,2012-03-05,2282.25,4,6,0.0625,0.0004443,-6.25e-05,-1.25e-05,0.0,-1.04e-05,-2.6e-05,0.0,0.0003329,0.0070868,False
BEL20,2012-03-28,2322.9199,2012-04-04,2262.45,4,7,0.0625,-0.0016104,-6.25e-05,-1.25e-05,0.0,-1.22e-05,-3.04e-05,0.0,-0.0017279,-0.0260319,False
BEL20,2012-04-27,2220.8999,2012-05-04,2166.75,4,7,0.0625,-0.001535,-6.25e-05,-1.25e-05,0.0,-1.22e-05,-3.04e-05,0.0,-0.0016525,-0.024382,False
BEL20,2012-05-30,2105.8,2012-06-05,2054.46,4,6,0.0625,-0.0015299,-6.25e-05,-1.25e-05,0.0,-1.04e-05,-2.6e-05,0.0,-0.0016414,-0.0243803,False
BEL20,2012-06-28,2146.05,2012-07-04,2263.73,4,6,0.0625,0.0033861,-6.25e-05,-1.25e-05,0.0,-1.04e-05,-2.6e-05,0.0,0.0032747,0.0548356,False
BEL20,2012-07-30,2315.9099,2012-08-03,2304.23,4,4,0.0625,-0.0002671,-6.25e-05,-1.25e-05,0.0,-5.2e-06,-1.74e-05,0.0,-0.0003647,-0.0050433,False
BEL20,2012-08-30,2327.51,2012-09-05,2346.1799,4,6,0.0625,0.0005056,-6.25e-05,-1.25e-05,0.0,-7.8e-06,-2.6e-05,0.0,0.0003968,0.0080214,False
BEL20,2012-09-27,2408.0,2012-10-03,2408.1699,4,6,0.0625,1.57e-05,-6.25e-05,-1.25e-05,0.0,-7.8e-06,-2.6e-05,0.0,-9.31e-05,7.06e-05,False
BEL20,2012-10-30,2383.3301,2012-11-05,2376.99,4,6,0.0625,-0.0001596,-6.25e-05,-1.25e-05,0.0,-7.8e-06,-2.6e-05,0.0,-0.0002685,-0.0026602,False
BEL20,2012-11-29,2451.5,2012-12-05,2439.6699,4,6,0.0625,-0.0003011,-6.25e-05,-1.25e-05,0.0,-7.8e-06,-2.6e-05,0.0,-0.0004099,-0.0048256,False
BEL20,2012-12-27,2486.75,2013-01-04,2516.3201,4,8,0.0625,0.0007531,-6.25e-05,-1.25e-05,0.0,-1.04e-05,-3.47e-05,0.0,0.000633,0.011891,False
BEL20,2013-01-30,2559.6299,2013-02-05,2518.6599,4,6,0.0625,-0.0009786,-6.25e-05,-1.25e-05,0.0,-7.8e-06,-2.6e-05,0.0,-0.0010875,-0.0160062,False
BEL20,2013-02-27,2544.23,2013-03-05,2590.6799,4,6,0.0625,0.0011476,-6.25e-05,-1.25e-05,0.0,-7.8e-06,-2.6e-05,0.0,0.0010388,0.018257,False
BEL20,2013-03-27,2578.24,2013-04-04,2579.02,4,8,0.0625,3.28e-05,-6.25e-05,-1.25e-05,0.0,-1.04e-05,-3.47e-05,0.0,-8.74e-05,0.0003025,False
BEL20,2013-04-29,2645.6499,2013-05-06,2696.5701,4,7,0.0625,0.0011984,-6.25e-05,-1.25e-05,0.0,-9.1e-06,-3.04e-05,0.0,0.0010839,0.0192468,False
BEL20,2013-05-30,2684.55,2013-06-05,2609.5601,4,6,0.0625,-0.0017582,-6.25e-05,-1.25e-05,0.0,-5.2e-06,-2.6e-05,0.0,-0.0018644,-0.0279339,False
BEL20,2013-06-27,2545.8799,2013-07-03,2512.8501,4,6,0.0625,-0.0008131,-6.25e-05,-1.25e-05,0.0,-5.2e-06,-2.6e-05,0.0,-0.0009194,-0.0129738,False
BEL20,2013-07-30,2635.96,2013-08-05,2766.54,4,6,0.0625,0.0030459,-6.25e-05,-1.25e-05,0.0,-5.2e-06,-2.6e-05,0.0,0.0029397,0.049538,False
BEL20,2013-08-29,2715.1201,2013-09-04,2698.6299,4,6,0.0625,-0.0003673,-6.25e-05,-1.25e-05,0.0,-5.2e-06,-2.6e-05,0.0,-0.0004736,-0.0060735,False
BEL20,2013-09-27,2818.1699,2013-10-03,2796.3701,4,6,0.0625,-0.0004789,-6.25e-05,-1.25e-05,0.0,-5.2e-06,-2.6e-05,0.0,-0.0005852,-0.0077354,False
BEL20,2013-10-30,2882.3501,2013-11-05,2895.74,4,6,0.0625,0.0002934,-6.25e-05,-1.25e-05,0.0,-5.2e-06,-2.6e-05,0.0,0.0001871,0.0046455,False
BEL20,2013-11-28,2866.6101,2013-12-04,2788.8201,4,6,0.0625,-0.0017068,-6.25e-05,-1.25e-05,0.0,-2.6e-06,-2.6e-05,0.0,-0.0018105,-0.0271366,False
BEL20,2013-12-30,2915.3301,2014-01-06,2892.96,4,7,0.0625,-0.0004717,-6.25e-05,-1.25e-05,0.0,-3e-06,-3.04e-05,0.0,-0.0005801,-0.0076733,False
BEL20,2014-01-30,2897.97,2014-02-05,2847.3201,4,6,0.0625,-0.0010934,-6.25e-05,-1.25e-05,0.0,-2.6e-06,-2.6e-05,0.0,-0.0011971,-0.0174777,False
BEL20,2014-02-27,3073.6101,2014-03-05,3108.0901,4,6,0.0625,0.0007297,-6.25e-05,-1.25e-05,0.0,-2.6e-06,-2.6e-05,0.0,0.000626,0.0112181,False
BEL20,2014-03-28,3121.6299,2014-04-03,3147.1299,4,6,0.0625,0.0005102,-6.25e-05,-1.25e-05,0.0,-2.6e-06,-2.6e-05,0.0,0.0004066,0.0081688,False
BEL20,2014-04-29,3116.27,2014-05-06,3089.51,4,7,0.0625,-0.0005365,-6.25e-05,-1.25e-05,0.0,-3e-06,-3.04e-05,0.0,-0.0006449,-0.0085872,False
BEL20,2014-05-29,3162.0901,2014-06-04,3142.9299,4,6,0.0625,-0.0003788,-6.25e-05,-1.25e-05,0.0,-2.6e-06,-2.6e-05,0.0,-0.0004825,-0.0060593,False
BEL20,2014-06-27,3129.8799,2014-07-03,3197.4299,4,6,0.0625,0.0013402,-6.25e-05,-1.25e-05,0.0,-1.6e-06,-2.6e-05,0.0,0.0012375,0.0215823,False
BEL20,2014-07-30,3124.8301,2014-08-05,3067.6299,4,6,0.0625,-0.0011476,-6.25e-05,-1.25e-05,0.0,-1.6e-06,-2.6e-05,0.0,-0.0012502,-0.0183051,False
BEL20,2014-08-28,3196.5601,2014-09-03,3186.76,4,6,0.0625,-0.0001911,-6.25e-05,-1.25e-05,0.0,-1.6e-06,-2.6e-05,0.0,-0.0002938,-0.0030658,False
BEL20,2014-09-29,3198.25,2014-10-03,3169.72,4,4,0.0625,-0.0005385,-6.25e-05,-1.25e-05,0.0,-3e-07,-1.74e-05,0.0,-0.0006312,-0.0089205,False
BEL20,2014-10-30,3120.71,2014-11-05,3159.8301,4,6,0.0625,0.0007941,-6.25e-05,-1.25e-05,0.0,-5e-07,-2.6e-05,0.0,0.0006925,0.0125356,False
BEL20,2014-11-27,3284.27,2014-12-03,3296.6799,4,6,0.0625,0.0002367,-6.25e-05,-1.25e-05,0.0,-5e-07,-2.6e-05,0.0,0.0001351,0.0037786,False
BEL20,2014-12-30,3276.4099,2015-01-06,3190.24,4,7,0.0625,-0.0016486,-6.25e-05,-1.25e-05,0.0,-6e-07,-3.04e-05,0.0,-0.0017546,-0.0263001,False
BEL20,2015-01-29,3548.3899,2015-02-04,3565.79,4,6,0.0625,0.0003078,-6.25e-05,-1.25e-05,0.0,-5e-07,-2.6e-05,0.0,0.0002062,0.0049037,False
BEL20,2015-02-26,3713.8401,2015-03-04,3702.1599,4,6,0.0625,-0.0001892,-6.25e-05,-1.25e-05,0.0,-5e-07,-2.6e-05,0.0,-0.0002908,-0.003145,False
BEL20,2015-03-30,3762.8999,2015-04-07,3839.1101,4,8,0.0625,0.0012683,-6.25e-05,-1.25e-05,0.0,-7e-07,-3.47e-05,0.0,0.0011579,0.0202531,False
BEL20,2015-04-29,3703.4299,2015-05-06,3589.0,4,7,0.0625,-0.0019471,-6.25e-05,-1.25e-05,0.0,-6e-07,-3.04e-05,0.0,-0.0020531,-0.0308984,False
BEL20,2015-05-28,3753.6201,2015-06-03,3721.76,4,6,0.0625,-0.0005254,-6.25e-05,-1.25e-05,0.0,-5e-07,-2.6e-05,0.0,-0.000627,-0.0084878,False
BEL20,2015-06-29,3621.0901,2015-07-03,3591.97,4,4,0.0625,-0.0004857,-6.25e-05,-1.25e-05,0.0,-3e-07,-1.74e-05,0.0,-0.0005784,-0.0080418,False
BEL20,2015-07-30,3726.8501,2015-08-05,3831.25,4,6,0.0625,0.0017345,-6.25e-05,-1.25e-05,0.0,-5e-07,-2.6e-05,0.0,0.0016329,0.0280129,False
BEL20,2015-08-28,3461.3301,2015-09-03,3454.98,4,6,0.0625,-9.3e-05,-6.25e-05,-1.25e-05,0.0,-5e-07,-2.6e-05,0.0,-0.0001946,-0.0018346,False
BEL20,2015-09-29,3296.76,2015-10-05,3438.1699,4,6,0.0625,0.0026579,-6.25e-05,-1.25e-05,0.0,-5e-07,-2.6e-05,0.0,0.0025563,0.0428936,False
BEL20,2015-10-29,3587.02,2015-11-04,3609.71,4,6,0.0625,0.0003964,-6.25e-05,-1.25e-05,0.0,-5e-07,-2.6e-05,0.0,0.0002948,0.0063256,False
BEL20,2015-11-27,3752.79,2015-12-03,3647.71,4,6,0.0625,-0.0017574,-6.25e-05,-1.25e-05,0.0,-5e-07,-2.6e-05,0.0,-0.001859,-0.0280005,False
BEL20,2015-12-29,3753.05,2016-01-06,3613.6899,4,8,0.0625,-0.0023413,-6.25e-05,-1.25e-05,0.0,-7e-07,-3.47e-05,0.0,-0.0024517,-0.0371325,False
BEL20,2016-01-28,3409.3701,2016-02-03,3375.4299,4,6,0.0625,-0.0005927,-6.25e-05,-1.25e-05,0.0,-5e-07,-2.6e-05,0.0,-0.0006943,-0.009955,False
BEL20,2016-02-26,3370.6001,2016-03-03,3416.5701,4,6,0.0625,0.0008557,-6.25e-05,-1.25e-05,0.0,-5e-07,-2.6e-05,0.0,0.0007541,0.0136385,False
BEL20,2016-03-30,3419.3799,2016-04-05,3321.6101,4,6,0.0625,-0.0017975,-6.25e-05,-1.25e-05,0.0,0.0,-2.6e-05,0.0,-0.0018985,-0.0285928,False
BEL20,2016-04-28,3476.78,2016-05-04,3333.99,4,6,0.0625,-0.0025983,-6.25e-05,-1.25e-05,0.0,0.0,-2.6e-05,0.0,-0.0026993,-0.0410696,False
BEL20,2016-05-30,3535.1399,2016-06-03,3490.55,4,4,0.0625,-0.0007906,-6.25e-05,-1.25e-05,0.0,0.0,-1.74e-05,0.0,-0.000883,-0.0126133,False
BEL20,2016-06-29,3297.76,2016-07-05,3283.98,4,6,0.0625,-0.0002441,-6.25e-05,-1.25e-05,0.0,0.0,-2.6e-05,0.0,-0.0003452,-0.0041786,False
BEL20,2016-07-28,3418.1899,2016-08-03,3401.21,4,6,0.0625,-0.0002881,-6.25e-05,-1.25e-05,0.0,0.0,-2.6e-05,0.0,-0.0003891,-0.0049675,False
BEL20,2016-08-30,3556.78,2016-09-05,3637.26,4,6,0.0625,0.0014115,-6.25e-05,-1.25e-05,0.0,0.0,-2.6e-05,0.0,0.0013105,0.0226272,False
BEL20,2016-09-29,3549.53,2016-10-05,3562.25,4,6,0.0625,0.0002253,-6.25e-05,-1.25e-05,0.0,0.0,-2.6e-05,0.0,0.0001243,0.0035836,False
BEL20,2016-10-28,3559.21,2016-11-03,3454.53,4,6,0.0625,-0.001856,-6.25e-05,-1.25e-05,0.0,0.0,-2.6e-05,0.0,-0.001957,-0.029411,False
BEL20,2016-11-29,3469.3401,2016-12-05,3462.74,4,6,0.0625,-0.0001121,-6.25e-05,-1.25e-05,0.0,0.0,-2.6e-05,0.0,-0.0002131,-0.0019024,False
BEL20,2016-12-29,3601.0901,2017-01-04,3665.6899,4,6,0.0625,0.0011145,-6.25e-05,-1.25e-05,0.0,0.0,-2.6e-05,0.0,0.0010135,0.017939,False
BEL20,2017-01-30,3564.95,2017-02-03,3606.1599,4,4,0.0625,0.0007235,-6.25e-05,-1.25e-05,0.0,0.0,-1.74e-05,0.0,0.0006312,0.0115598,False
BEL20,2017-02-27,3575.46,2017-03-03,3702.8601,4,4,0.0625,0.0022053,-6.25e-05,-1.25e-05,0.0,0.0,-1.74e-05,0.0,0.0021129,0.0356318,False
BEL20,2017-03-30,3795.27,2017-04-05,3808.75,4,6,0.0625,0.0002233,-6.25e-05,-1.25e-05,0.0,0.0,-2.6e-05,0.0,0.0001222,0.0035518,False
BEL20,2017-04-27,3882.6899,2017-05-04,4003.6599,4,7,0.0625,0.0019312,-6.25e-05,-1.25e-05,0.0,0.0,-3.04e-05,0.0,0.0018258,0.0311562,False
BEL20,2017-05-30,3890.8401,2017-06-05,3900.3501,4,6,0.0625,0.0001538,-6.25e-05,-1.25e-05,0.0,0.0,-2.6e-05,0.0,5.28e-05,0.0024442,False
BEL20,2017-06-29,3796.5701,2017-07-05,3838.97,4,6,0.0625,0.0006988,-6.25e-05,-1.25e-05,0.0,0.0,-2.6e-05,0.0,0.0005978,0.0111679,False
BEL20,2017-07-28,3944.5601,2017-08-03,3949.0,4,6,0.0625,7.22e-05,-6.25e-05,-1.25e-05,0.0,0.0,-2.6e-05,0.0,-2.89e-05,0.0011256,False
BEL20,2017-08-30,3873.5801,2017-09-05,3883.6899,4,6,0.0625,0.0001643,-6.25e-05,-1.25e-05,0.0,0.0,-2.6e-05,0.0,6.33e-05,0.00261,False
BEL20,2017-09-28,4001.3101,2017-10-04,4044.3899,4,6,0.0625,0.0006706,-6.25e-05,-1.25e-05,0.0,0.0,-2.6e-05,0.0,0.0005695,0.0107664,False
BEL20,2017-10-30,4078.6799,2017-11-03,4112.5498,4,4,0.0625,0.0005188,-6.25e-05,-1.25e-05,0.0,0.0,-1.74e-05,0.0,0.0004264,0.0083041,False
BEL20,2017-11-29,3999.4099,2017-12-05,3999.6699,4,6,0.0625,8e-06,-6.25e-05,-1.25e-05,0.0,0.0,-2.6e-05,0.0,-9.31e-05,6.5e-05,False
BEL20,2017-12-28,3991.3601,2018-01-04,4057.9199,4,7,0.0625,0.0010406,-6.25e-05,-1.25e-05,0.0,0.0,-3.04e-05,0.0,0.0009353,0.016676,False
BEL20,2018-01-30,4126.5698,2018-02-05,3997.5901,4,6,0.0625,-0.0019734,-6.25e-05,-1.25e-05,0.0,0.0,-2.6e-05,0.0,-0.0020745,-0.0312559,False
BEL20,2018-02-27,4010.1699,2018-03-05,3907.04,4,6,0.0625,-0.0016085,-6.25e-05,-1.25e-05,0.0,0.0,-2.6e-05,0.0,-0.0017095,-0.0257171,False
BEL20,2018-03-28,3852.3701,2018-04-05,3889.02,4,8,0.0625,0.0006082,-6.25e-05,-1.25e-05,0.0,0.0,-3.47e-05,0.0,0.0004985,0.0095136,False
BEL20,2018-04-27,3912.9199,2018-05-04,3894.6001,4,7,0.0625,-0.0002871,-6.25e-05,-1.25e-05,0.0,0.0,-3.04e-05,0.0,-0.0003925,-0.0046819,False
BEL20,2018-05-30,3784.6499,2018-06-05,3799.1499,4,6,0.0625,0.0002485,-6.25e-05,-1.25e-05,0.0,0.0,-2.6e-05,0.0,0.0001474,0.0038313,False
BEL20,2018-06-28,3702.24,2018-07-04,3720.1001,4,6,0.0625,0.0003034,-6.25e-05,-1.25e-05,0.0,0.0,-2.6e-05,0.0,0.0002024,0.0048241,False
BEL20,2018-07-30,3915.53,2018-08-03,3874.1101,4,4,0.0625,-0.0006616,-6.25e-05,-1.25e-05,0.0,0.0,-1.74e-05,0.0,-0.000754,-0.0105784,False
BEL20,2018-08-30,3781.6799,2018-09-05,3671.46,4,6,0.0625,-0.0018408,-6.25e-05,-1.25e-05,0.0,0.0,-2.6e-05,0.0,-0.0019418,-0.0291458,False
BEL20,2018-09-27,3741.1799,2018-10-03,3745.4399,4,6,0.0625,7.85e-05,-6.25e-05,-1.25e-05,0.0,0.0,-2.6e-05,0.0,-2.26e-05,0.0011387,False
BEL20,2018-10-30,3396.49,2018-11-05,3508.3401,4,6,0.0625,0.0020415,-6.25e-05,-1.25e-05,0.0,0.0,-2.6e-05,0.0,0.0019404,0.0329311,False
BEL20,2018-11-29,3491.99,2018-12-05,3442.5601,4,6,0.0625,-0.0008781,-6.25e-05,-1.25e-05,0.0,0.0,-2.6e-05,0.0,-0.0009791,-0.0141552,False
BEL20,2018-12-28,3209.0,2019-01-04,3317.05,4,7,0.0625,0.0021016,-6.25e-05,-1.25e-05,0.0,0.0,-3.04e-05,0.0,0.0019962,0.0336709,False
BEL20,2019-01-30,3488.3999,2019-02-05,3559.27,4,6,0.0625,0.0012646,-6.25e-05,-1.25e-05,0.0,0.0,-2.6e-05,0.0,0.0011636,0.0203159,False
BEL20,2019-02-27,3595.6101,2019-03-05,3641.1399,4,6,0.0625,0.0007904,-6.25e-05,-1.25e-05,0.0,0.0,-2.6e-05,0.0,0.0006894,0.0126626,False
BEL20,2019-03-28,3601.0701,2019-04-03,3772.7,4,6,0.0625,0.002929,-6.25e-05,-1.25e-05,0.0,0.0,-2.6e-05,0.0,0.0028279,0.0476608,False
BEL20,2019-04-29,3737.8201,2019-05-06,3681.8,4,7,0.0625,-0.0009397,-6.25e-05,-1.25e-05,0.0,0.0,-3.04e-05,0.0,-0.001045,-0.0149874,False
BEL20,2019-05-30,3455.5,2019-06-05,3454.5,4,6,0.0625,-1.19e-05,-6.25e-05,-1.25e-05,0.0,0.0,-2.6e-05,0.0,-0.0001129,-0.0002894,False
BEL20,2019-06-27,3513.47,2019-07-03,3641.23,4,6,0.0625,0.0022431,-6.25e-05,-1.25e-05,0.0,0.0,-2.6e-05,0.0,0.0021421,0.0363629,False
BEL20,2019-07-30,3673.0901,2019-08-05,3525.8899,4,6,0.0625,-0.0025027,-6.25e-05,-1.25e-05,0.0,0.0,-2.6e-05,0.0,-0.0026038,-0.0400753,False
BEL20,2019-08-29,3526.1201,2019-09-04,3588.53,4,6,0.0625,0.0011035,-6.25e-05,-1.25e-05,0.0,0.0,-2.6e-05,0.0,0.0010024,0.0176993,False
BEL20,2019-09-27,3712.0801,2019-10-03,3574.76,4,6,0.0625,-0.0023268,-6.25e-05,-1.25e-05,0.0,0.0,-2.6e-05,0.0,-0.0024279,-0.0369928,False
BEL20,2019-10-30,3767.3201,2019-11-05,3851.8701,4,6,0.0625,0.001393,-6.25e-05,-1.25e-05,0.0,0.0,-2.6e-05,0.0,0.001292,0.022443,False
BEL20,2019-11-28,3914.8601,2019-12-04,3889.4099,4,6,0.0625,-0.0003978,-6.25e-05,-1.25e-05,0.0,0.0,-2.6e-05,0.0,-0.0004989,-0.0065009,False
BEL20,2019-12-30,3967.1799,2020-01-06,3971.78,4,7,0.0625,8.17e-05,-6.25e-05,-1.25e-05,0.0,0.0,-3.04e-05,0.0,-2.36e-05,0.0011595,False
BEL20,2020-01-30,3927.8601,2020-02-05,4103.04,4,6,0.0625,0.0027608,-6.25e-05,-1.25e-05,0.0,0.0,-2.6e-05,0.0,0.0026597,0.0445993,False
BEL20,2020-02-27,3639.51,2020-03-04,3597.98,4,6,0.0625,-0.000651,-6.25e-05,-1.25e-05,0.0,0.0,-2.6e-05,0.0,-0.000752,-0.0114109,False
BEL20,2020-03-30,2826.9399,2020-04-03,2857.05,4,4,0.0625,0.0007157,-6.25e-05,-1.25e-05,0.0,0.0,-1.74e-05,0.0,0.0006233,0.0106511,False
BEL20,2020-04-29,3196.1201,2020-05-06,2998.46,4,7,0.0625,-0.0038775,-6.25e-05,-1.25e-05,0.0,0.0,-3.04e-05,0.0,-0.0039828,-0.0618438,False
BEL20,2020-05-28,3281.8999,2020-06-03,3427.24,4,6,0.0625,0.002779,-6.25e-05,-1.25e-05,0.0,0.0,-2.6e-05,0.0,0.002678,0.0442854,False
BEL20,2020-06-29,3326.3301,2020-07-03,3393.25,4,4,0.0625,0.001259,-6.25e-05,-1.25e-05,0.0,0.0,-1.74e-05,0.0,0.0011666,0.0201182,False
BEL20,2020-07-30,3340.48,2020-08-05,3330.49,4,6,0.0625,-0.000167,-6.25e-05,-1.25e-05,0.0,0.0,-2.6e-05,0.0,-0.0002681,-0.0029906,False
BEL20,2020-08-28,3378.6001,2020-09-03,3327.1899,4,6,0.0625,-0.0009432,-6.25e-05,-1.25e-05,0.0,0.0,-2.6e-05,0.0,-0.0010442,-0.0152164,False
BEL20,2020-09-29,3234.8999,2020-10-05,3293.8899,4,6,0.0625,0.001136,-6.25e-05,-1.25e-05,0.0,0.0,-2.6e-05,0.0,0.0010349,0.0182355,False
BEL20,2020-10-29,3036.5901,2020-11-04,3205.1201,4,6,0.0625,0.0034071,-6.25e-05,-1.25e-05,0.0,0.0,-2.6e-05,0.0,0.003306,0.0554998,False
BEL20,2020-11-27,3719.3601,2020-12-03,3714.79,4,6,0.0625,-6.45e-05,-6.25e-05,-1.25e-05,0.0,0.0,-2.6e-05,0.0,-0.0001656,-0.0012287,False
BEL20,2020-12-30,3663.0601,2021-01-06,3719.01,4,7,0.0625,0.0009685,-6.25e-05,-1.25e-05,0.0,0.0,-3.04e-05,0.0,0.0008631,0.0152741,False
BEL20,2021-01-28,3666.0601,2021-02-03,3787.99,4,6,0.0625,0.0020716,-6.25e-05,-1.25e-05,0.0,0.0,-2.6e-05,0.0,0.0019706,0.0332591,False
BEL20,2021-02-25,3850.3201,2021-03-03,3831.9299,4,6,0.0625,-0.0002722,-6.25e-05,-1.25e-05,0.0,0.0,-2.6e-05,0.0,-0.0003732,-0.0047763,False
BEL20,2021-03-30,3927.1499,2021-04-07,3926.5701,4,8,0.0625,-4e-06,-6.25e-05,-1.25e-05,0.0,0.0,-3.47e-05,0.0,-0.0001137,-0.0001476,False
BEL20,2021-04-29,4038.6599,2021-05-05,4014.3501,4,6,0.0625,-0.0003617,-6.25e-05,-1.25e-05,0.0,0.0,-2.6e-05,0.0,-0.0004627,-0.0060193,False
BEL20,2021-05-28,4087.0901,2021-06-03,4075.27,4,6,0.0625,-0.0001763,-6.25e-05,-1.25e-05,0.0,0.0,-2.6e-05,0.0,-0.0002774,-0.002892,False
BEL20,2021-06-29,4158.4502,2021-07-05,4173.9199,4,6,0.0625,0.000237,-6.25e-05,-1.25e-05,0.0,0.0,-2.6e-05,0.0,0.000136,0.0037201,False
BEL20,2021-07-29,4219.2402,2021-08-04,4266.96,4,6,0.0625,0.0007066,-6.25e-05,-1.25e-05,0.0,0.0,-2.6e-05,0.0,0.0006056,0.01131,False
BEL20,2021-08-30,4315.8999,2021-09-03,4303.8999,4,4,0.0625,-0.0001715,-6.25e-05,-1.25e-05,0.0,0.0,-1.74e-05,0.0,-0.0002639,-0.0027804,False
BEL20,2021-09-29,4125.8501,2021-10-05,4145.0601,4,6,0.0625,0.0002954,-6.25e-05,-1.25e-05,0.0,0.0,-2.6e-05,0.0,0.0001943,0.004656,False
BEL20,2021-10-28,4283.8101,2021-11-03,4369.23,4,6,0.0625,0.0012387,-6.25e-05,-1.25e-05,0.0,0.0,-2.6e-05,0.0,0.0011377,0.0199402,False
BEL20,2021-11-29,4139.6802,2021-12-03,4123.9902,4,4,0.0625,-0.0002308,-6.25e-05,-1.25e-05,0.0,0.0,-1.74e-05,0.0,-0.0003231,-0.0037901,False
BEL20,2021-12-30,4315.1401,2022-01-05,4344.6201,4,6,0.0625,0.0004283,-6.25e-05,-1.25e-05,0.0,0.0,-2.6e-05,0.0,0.0003273,0.0068318,False
BEL20,2022-01-28,4047.55,2022-02-03,4066.9199,4,6,0.0625,0.0003084,-6.25e-05,-1.25e-05,0.0,0.0,-2.6e-05,0.0,0.0002074,0.0047856,False
BEL20,2022-02-25,4061.1699,2022-03-03,3874.6599,4,6,0.0625,-0.0029078,-6.25e-05,-1.25e-05,0.0,0.0,-2.6e-05,0.0,-0.0030088,-0.0459252,False
BEL20,2022-03-30,4198.8901,2022-04-05,4242.7998,4,6,0.0625,0.0006579,-6.25e-05,-1.25e-05,0.0,0.0,-2.6e-05,0.0,0.0005568,0.0104574,False
BEL20,2022-04-28,4092.72,2022-05-04,4065.3401,4,6,0.0625,-0.000414,-6.25e-05,-1.25e-05,0.0,0.0,-2.6e-05,0.0,-0.000515,-0.0066899,False
BEL20,2022-05-30,3947.73,2022-06-03,3881.51,4,4,0.0625,-0.001047,-6.25e-05,-1.25e-05,0.0,0.0,-1.74e-05,0.0,-0.0011393,-0.0167742,False
BEL20,2022-06-29,3726.25,2022-07-05,3663.02,4,6,0.0625,-0.001061,-6.25e-05,-1.25e-05,0.0,0.0,-2.6e-05,0.0,-0.001162,-0.0169688,False
BEL20,2022-07-28,3759.28,2022-08-03,3786.0801,4,6,0.0625,0.0004654,-6.25e-05,-1.25e-05,0.0,-5.2e-06,-2.6e-05,0.0,0.0003592,0.007129,False
BEL20,2022-08-30,3629.3401,2022-09-05,3567.72,4,6,0.0625,-0.0010371,-6.25e-05,-1.25e-05,0.0,-5.2e-06,-2.6e-05,0.0,-0.0011434,-0.0169783,False
BEL20,2022-09-29,3324.99,2022-10-05,3446.5,4,6,0.0625,0.0022807,-6.25e-05,-1.25e-05,0.0,-1.3e-05,-2.6e-05,0.0,0.0021667,0.0365445,False
BEL20,2022-10-28,3553.6299,2022-11-03,3532.49,4,6,0.0625,-0.0003669,-6.25e-05,-1.25e-05,0.0,-1.43e-05,-2.6e-05,0.0,-0.0004823,-0.0059488,False
BEL20,2022-11-29,3659.1299,2022-12-05,3733.99,4,6,0.0625,0.0012758,-6.25e-05,-1.25e-05,0.0,-2.08e-05,-2.6e-05,0.0,0.0011539,0.0204584,False
BEL20,2022-12-29,3745.6799,2023-01-04,3820.3899,4,6,0.0625,0.0012499,-6.25e-05,-1.25e-05,0.0,-2.6e-05,-2.6e-05,0.0,0.0011228,0.0199456,False
BEL20,2023-01-30,3854.26,2023-02-03,3907.6499,4,4,0.0625,0.0008667,-6.25e-05,-1.25e-05,0.0,-1.74e-05,-1.74e-05,0.0,0.0007569,0.0138522,False
BEL20,2023-02-27,3908.45,2023-03-03,3885.05,4,4,0.0625,-0.0003713,-6.25e-05,-1.25e-05,0.0,-2.08e-05,-1.74e-05,0.0,-0.0004845,-0.005987,False
BEL20,2023-03-30,3777.4399,2023-04-05,3769.75,4,6,0.0625,-0.0001257,-6.25e-05,-1.25e-05,0.0,-3.65e-05,-2.6e-05,0.0,-0.0002632,-0.0020358,False
BEL20,2023-04-27,3779.4199,2023-05-04,3737.3899,4,7,0.0625,-0.0006914,-6.25e-05,-1.25e-05,0.0,-4.25e-05,-3.04e-05,0.0,-0.0008393,-0.0111208,False
BEL20,2023-05-30,3582.8999,2023-06-05,3634.52,4,6,0.0625,0.0009158,-6.25e-05,-1.25e-05,0.0,-3.91e-05,-2.6e-05,0.0,0.0007757,0.0144074,False
BEL20,2023-06-29,3499.46,2023-07-05,3550.3401,4,6,0.0625,0.0009079,-6.25e-05,-1.25e-05,0.0,-4.17e-05,-2.6e-05,0.0,0.0007652,0.0145394,False
BEL20,2023-07-28,3788.3899,2023-08-03,3714.79,4,6,0.0625,-0.0012224,-6.25e-05,-1.25e-05,0.0,-4.21e-05,-2.6e-05,0.0,-0.0013656,-0.0194277,False
BEL20,2023-08-30,3665.3601,2023-09-05,3652.3101,4,6,0.0625,-0.0002206,-6.25e-05,-1.25e-05,0.0,-4.43e-05,-2.6e-05,0.0,-0.0003659,-0.0035604,False
BEL20,2023-09-28,3519.78,2023-10-04,3453.9399,4,6,0.0625,-0.0011667,-6.25e-05,-1.25e-05,0.0,-4.69e-05,-2.6e-05,0.0,-0.0013146,-0.0187057,False
BEL20,2023-10-30,3305.1399,2023-11-03,3503.52,4,4,0.0625,0.0036743,-6.25e-05,-1.25e-05,0.0,-3.13e-05,-1.74e-05,0.0,0.0035507,0.0600217,False
BEL20,2023-11-29,3511.22,2023-12-05,3626.8799,4,6,0.0625,0.0020358,-6.25e-05,-1.25e-05,0.0,-4.69e-05,-2.6e-05,0.0,0.0018878,0.0329401,False
BEL20,2023-12-28,3703.95,2024-01-04,3721.8899,4,7,0.0625,0.0003078,-6.25e-05,-1.25e-05,0.0,-5.47e-05,-3.04e-05,0.0,0.0001478,0.0048435,False
BEL20,2024-01-30,3643.9299,2024-02-05,3625.6201,4,6,0.0625,-0.0003099,-6.25e-05,-1.25e-05,0.0,-4.69e-05,-2.6e-05,0.0,-0.0004578,-0.0050247,False
BEL20,2024-02-28,3700.02,2024-03-05,3663.6001,4,6,0.0625,-0.0006098,-6.25e-05,-1.25e-05,0.0,-4.69e-05,-2.6e-05,0.0,-0.0007577,-0.0098432,False
BEL20,2024-03-27,3832.99,2024-04-04,3872.45,4,8,0.0625,0.000643,-6.25e-05,-1.25e-05,0.0,-6.25e-05,-3.47e-05,0.0,0.0004708,0.0102948,False
BEL20,2024-04-29,3886.76,2024-05-06,3929.0,4,7,0.0625,0.0006771,-6.25e-05,-1.25e-05,0.0,-5.47e-05,-3.04e-05,0.0,0.0005171,0.0108677,False
BEL20,2024-05-30,3908.71,2024-06-05,3906.8501,4,6,0.0625,-2.84e-05,-6.25e-05,-1.25e-05,0.0,-4.69e-05,-2.6e-05,0.0,-0.0001764,-0.0004758,False
BEL20,2024-06-27,3919.21,2024-07-03,3939.0901,4,6,0.0625,0.0003204,-6.25e-05,-1.25e-05,0.0,-4.43e-05,-2.6e-05,0.0,0.0001751,0.0050725,False
BEL20,2024-07-30,4142.3999,2024-08-05,3888.5601,4,6,0.0625,-0.003904,-6.25e-05,-1.25e-05,0.0,-4.43e-05,-2.6e-05,0.0,-0.0040493,-0.0612784,False
BEL20,2024-08-29,4174.6602,2024-09-04,4168.7202,4,6,0.0625,-8.61e-05,-6.25e-05,-1.25e-05,0.0,-4.43e-05,-2.6e-05,0.0,-0.0002314,-0.0014229,False
BEL20,2024-09-27,4318.1802,2024-10-03,4285.3198,4,6,0.0625,-0.000474,-6.25e-05,-1.25e-05,0.0,-3.65e-05,-2.6e-05,0.0,-0.0006115,-0.0076098,False
BEL20,2024-10-30,4229.8301,2024-11-05,4267.1602,4,6,0.0625,0.0005579,-6.25e-05,-1.25e-05,0.0,-3.39e-05,-2.6e-05,0.0,0.000423,0.0088254,False
BEL20,2024-11-28,4216.9199,2024-12-04,4245.1699,4,6,0.0625,0.000418,-6.25e-05,-1.25e-05,0.0,-3.39e-05,-2.6e-05,0.0,0.0002831,0.0066992,False
BEL20,2024-12-30,4225.9902,2025-01-06,4284.4102,4,7,0.0625,0.0008644,-6.25e-05,-1.25e-05,0.0,-3.65e-05,-3.04e-05,0.0,0.0007226,0.013824,False
BEL20,2025-01-30,4328.8101,2025-02-05,4286.8599,4,6,0.0625,-0.0006038,-6.25e-05,-1.25e-05,0.0,-3.13e-05,-2.6e-05,0.0,-0.0007361,-0.0096909,False
BEL20,2025-02-27,4447.3101,2025-03-05,4460.4399,4,6,0.0625,0.0001946,-6.25e-05,-1.25e-05,0.0,-2.86e-05,-2.6e-05,0.0,6.49e-05,0.0029523,False
BEL20,2025-03-28,4406.6201,2025-04-03,4294.73,4,6,0.0625,-0.0015928,-6.25e-05,-1.25e-05,0.0,-2.6e-05,-2.6e-05,0.0,-0.0017199,-0.0253914,False
BEL20,2025-04-29,4376.5098,2025-05-06,4465.6499,4,7,0.0625,0.0012761,-6.25e-05,-1.25e-05,0.0,-2.73e-05,-3.04e-05,0.0,0.0011434,0.0203679,False
BEL20,2025-05-29,4497.4702,2025-06-04,4507.4902,4,6,0.0625,0.0001392,-6.25e-05,-1.25e-05,0.0,-2.34e-05,-2.6e-05,0.0,1.47e-05,0.0022279,False
BEL20,2025-06-27,4509.0298,2025-07-03,4486.1299,4,6,0.0625,-0.0003158,-6.25e-05,-1.25e-05,0.0,-2.08e-05,-2.6e-05,0.0,-0.0004377,-0.0050787,False
BEL20,2025-07-30,4615.1602,2025-08-05,4665.3501,4,6,0.0625,0.0006915,-6.25e-05,-1.25e-05,0.0,-2.08e-05,-2.6e-05,0.0,0.0005696,0.010875,False
BEL20,2025-08-28,4823.9702,2025-09-03,4738.0,4,6,0.0625,-0.0011152,-6.25e-05,-1.25e-05,0.0,-2.08e-05,-2.6e-05,0.0,-0.001237,-0.0178215,False
BEL20,2025-09-29,4773.1201,2025-10-03,4930.4302,4,4,0.0625,0.0020401,-6.25e-05,-1.25e-05,0.0,-1.39e-05,-1.74e-05,0.0,0.0019339,0.0329575,False
BEL20,2025-10-30,4941.73,2025-11-05,4899.21,4,6,0.0625,-0.0005372,-6.25e-05,-1.25e-05,0.0,-2.08e-05,-2.6e-05,0.0,-0.0006591,-0.0086043,False
BEL20,2025-11-27,5039.3999,2025-12-03,4995.3501,4,6,0.0625,-0.0005479,-6.25e-05,-1.25e-05,0.0,-2.08e-05,-2.6e-05,0.0,-0.0006698,-0.0087411,False
BEL20,2025-12-30,5077.71,2026-01-06,5182.8701,4,7,0.0625,0.001291,-6.25e-05,-1.25e-05,0.0,-2.43e-05,-3.04e-05,0.0,0.0011613,0.0207102,False
BEL20,2026-01-29,5373.5498,2026-02-04,5545.4302,4,6,0.0625,0.0019777,-6.25e-05,-1.25e-05,0.0,-2.08e-05,-2.6e-05,0.0,0.0018558,0.0319864,False
BEL20,2026-02-26,5439.0498,2026-03-04,5313.7798,4,6,0.0625,-0.0014312,-6.25e-05,-1.25e-05,0.0,-2.08e-05,-2.6e-05,0.0,-0.0015531,-0.0230316,False
BEL20,2026-03-30,5029.9399,2026-04-07,5207.1602,4,8,0.0625,0.0021926,-6.25e-05,-1.25e-05,0.0,-2.78e-05,-3.47e-05,0.0,0.0020551,0.0352331,False
BEL20,2026-04-29,5279.6899,2026-05-06,5555.1499,4,7,0.0625,0.0032067,-6.25e-05,-1.25e-05,0.0,-2.43e-05,-3.04e-05,0.0,0.003077,0.0521735,False
BEL20,2026-05-28,5603.0298,2026-06-03,5500.2998,4,6,0.0625,-0.0011529,-6.25e-05,-1.25e-05,0.0,-2.08e-05,-2.6e-05,0.0,-0.0012747,-0.0183347,False
BEL20,2026-06-29,5719.2798,2026-07-03,5813.6499,4,4,0.0625,0.0010337,-6.25e-05,-1.25e-05,0.0,-1.56e-05,-1.74e-05,0.0,0.0009257,0.0165003,False
BEL20,2026-07-30,5655.0,2026-08-05,5775.9502,4,6,0.0625,0.00133,-6.25e-05,-1.25e-05,0.0,-2.34e-05,-2.6e-05,0.0,0.0012055,0.0213882,False
BEL20,2026-08-28,5869.0801,2026-09-03,5879.0498,4,6,0.0625,0.0001098,-6.25e-05,-1.25e-05,0.0,-2.34e-05,-2.6e-05,0.0,-1.47e-05,0.0016987,False
AUT20,1992-11-27,761.22,1992-12-03,751.54,4,6,0.0625,-0.0007957,-6.25e-05,-1.25e-05,0.0,-8.85e-05,-2.6e-05,0.0,-0.0009852,-0.0127164,False
AUT20,1992-12-29,749.43,1993-01-07,730.96,4,9,0.0625,-0.0015125,-6.25e-05,-1.25e-05,0.0,-0.0001328,-3.91e-05,0.0,-0.0017594,-0.0246454,False
AUT20,1993-01-28,763.46,1993-02-03,797.19,4,6,0.0625,0.0027236,-6.25e-05,-1.25e-05,0.0,-8.65e-05,-2.6e-05,0.0,0.0025361,0.0441804,False
AUT20,1993-02-25,826.07,1993-03-03,860.17,4,6,0.0625,0.0025519,-6.25e-05,-1.25e-05,0.0,-8.33e-05,-2.6e-05,0.0,0.0023676,0.0412798,False
AUT20,1993-03-30,791.68,1993-04-05,769.03,4,6,0.0625,-0.001801,-6.25e-05,-1.25e-05,0.0,-8.26e-05,-2.6e-05,0.0,-0.0019846,-0.02861,False
AUT20,1993-04-29,764.1,1993-05-05,764.28,4,6,0.0625,1.55e-05,-6.25e-05,-1.25e-05,0.0,-7.76e-05,-2.6e-05,0.0,-0.0001632,0.0002356,False
AUT20,1993-05-27,797.46,1993-06-03,805.63,4,7,0.0625,0.0006411,-6.25e-05,-1.25e-05,0.0,-8.66e-05,-3.04e-05,0.0,0.000449,0.010245,False
AUT20,1993-06-29,857.39,1993-07-05,825.45,4,6,0.0625,-0.002355,-6.25e-05,-1.25e-05,0.0,-7.16e-05,-2.6e-05,0.0,-0.0025276,-0.0372526,False
AUT20,1993-07-29,969.81,1993-08-04,982.0,4,6,0.0625,0.000828,-6.25e-05,-1.25e-05,0.0,-7.03e-05,-2.6e-05,0.0,0.0006567,0.0125695,False
AUT20,1993-08-30,1007.75,1993-09-03,1018.96,4,4,0.0625,0.0006931,-6.25e-05,-1.25e-05,0.0,-4.58e-05,-1.74e-05,0.0,0.0005549,0.0111238,False
AUT20,1993-09-29,953.85,1993-10-05,998.01,4,6,0.0625,0.0028497,-6.25e-05,-1.25e-05,0.0,-6.77e-05,-2.6e-05,0.0,0.002681,0.0462966,False
AUT20,1993-10-28,1070.9,1993-11-04,1069.4399,4,7,0.0625,-6.82e-05,-6.25e-05,-1.25e-05,0.0,-7.53e-05,-3.04e-05,0.0,-0.0002489,-0.0013634,False
AUT20,1993-11-29,1042.5,1993-12-03,1081.35,4,4,0.0625,0.0022985,-6.25e-05,-1.25e-05,0.0,-4.05e-05,-1.74e-05,0.0,0.0021657,0.0372662,False
AUT20,1993-12-29,1118.28,1994-01-05,1166.53,4,7,0.0625,0.0026577,-6.25e-05,-1.25e-05,0.0,-6.81e-05,-3.04e-05,0.0,0.0024843,0.0431466,False
AUT20,1994-01-28,1201.04,1994-02-03,1209.97,4,6,0.0625,0.0004708,-6.25e-05,-1.25e-05,0.0,-5.73e-05,-2.6e-05,0.0,0.0003125,0.0074352,False
AUT20,1994-02-25,1161.01,1994-03-03,1137.6,4,6,0.0625,-0.0012579,-6.25e-05,-1.25e-05,0.0,-5.73e-05,-2.6e-05,0.0,-0.0014162,-0.0201635,False
AUT20,1994-03-30,1120.5,1994-04-07,1129.36,4,8,0.0625,0.0004974,-6.25e-05,-1.25e-05,0.0,-7.64e-05,-3.47e-05,0.0,0.0003112,0.0079072,False
AUT20,1994-04-28,1095.72,1994-05-04,1100.5,4,6,0.0625,0.0002774,-6.25e-05,-1.25e-05,0.0,-5.54e-05,-2.6e-05,0.0,0.000121,0.0043625,False
AUT20,1994-05-30,1052.0,1994-06-06,1011.38,4,7,0.0625,-0.0024487,-6.25e-05,-1.25e-05,0.0,-6.08e-05,-3.04e-05,0.0,-0.0026149,-0.0386122,False
AUT20,1994-06-29,1065.49,1994-07-05,1043.91,4,6,0.0625,-0.001269,-6.25e-05,-1.25e-05,0.0,-5.09e-05,-2.6e-05,0.0,-0.001421,-0.0202536,False
AUT20,1994-07-28,1077.87,1994-08-03,1116.72,4,6,0.0625,0.0022297,-6.25e-05,-1.25e-05,0.0,-4.9e-05,-2.6e-05,0.0,0.0020797,0.0360433,False
AUT20,1994-08-30,1138.8101,1994-09-05,1136.66,4,6,0.0625,-0.0001131,-6.25e-05,-1.25e-05,0.0,-4.9e-05,-2.6e-05,0.0,-0.0002631,-0.001888,False
AUT20,1994-09-29,1072.25,1994-10-05,1048.15,4,6,0.0625,-0.0014155,-6.25e-05,-1.25e-05,0.0,-4.9e-05,-2.6e-05,0.0,-0.0015655,-0.0224761,False
AUT20,1994-10-28,1025.13,1994-11-04,1044.3199,4,7,0.0625,0.0011666,-6.25e-05,-1.25e-05,0.0,-5.71e-05,-3.04e-05,0.0,0.0010041,0.0187195,False
AUT20,1994-11-29,1033.8,1994-12-05,1050.47,4,6,0.0625,0.0010064,-6.25e-05,-1.25e-05,0.0,-4.9e-05,-2.6e-05,0.0,0.0008564,0.0161249,False
AUT20,1994-12-28,1056.04,1995-01-04,1047.97,4,7,0.0625,-0.0004783,-6.25e-05,-1.25e-05,0.0,-5.71e-05,-3.04e-05,0.0,-0.0006408,-0.0076418,False
AUT20,1995-01-30,991.57,1995-02-03,968.3,4,4,0.0625,-0.0014771,-6.25e-05,-1.25e-05,0.0,-3.26e-05,-1.74e-05,0.0,-0.0016021,-0.0234679,False
AUT20,1995-02-27,1001.58,1995-03-03,1021.41,4,4,0.0625,0.0012369,-6.25e-05,-1.25e-05,0.0,-3.26e-05,-1.74e-05,0.0,0.0011119,0.0197987,False
AUT20,1995-03-30,934.83,1995-04-05,948.41,4,6,0.0625,0.0009063,-6.25e-05,-1.25e-05,0.0,-4.68e-05,-2.6e-05,0.0,0.0007585,0.0145267,False
AUT20,1995-04-27,959.33,1995-05-04,996.28,4,7,0.0625,0.0023819,-6.25e-05,-1.25e-05,0.0,-5.41e-05,-3.04e-05,0.0,0.0022224,0.0385165,False
AUT20,1995-05-30,1035.51,1995-06-06,1042.5,4,7,0.0625,0.0004285,-6.25e-05,-1.25e-05,0.0,-5.41e-05,-3.04e-05,0.0,0.000269,0.0067503,False
AUT20,1995-06-29,1028.45,1995-07-05,1026.34,4,6,0.0625,-0.0001277,-6.25e-05,-1.25e-05,0.0,-4.64e-05,-2.6e-05,0.0,-0.0002751,-0.0020516,False
AUT20,1995-07-28,1043.6,1995-08-03,1048.6899,4,6,0.0625,0.0003089,-6.25e-05,-1.25e-05,0.0,-4.64e-05,-2.6e-05,0.0,0.0001615,0.0048773,False
AUT20,1995-08-30,1013.44,1995-09-05,1028.49,4,6,0.0625,0.0009254,-6.25e-05,-1.25e-05,0.0,-4.46e-05,-2.6e-05,0.0,0.0007798,0.0148504,False
AUT20,1995-09-28,973.82,1995-10-04,972.77,4,6,0.0625,-6.48e-05,-6.25e-05,-1.25e-05,0.0,-4.22e-05,-2.6e-05,0.0,-0.000208,-0.0010782,False
AUT20,1995-10-30,898.46,1995-11-06,911.01,4,7,0.0625,0.0008994,-6.25e-05,-1.25e-05,0.0,-4.92e-05,-3.04e-05,0.0,0.0007448,0.0139683,False
AUT20,1995-11-29,930.46,1995-12-05,957.22,4,6,0.0625,0.0018219,-6.25e-05,-1.25e-05,0.0,-4.15e-05,-2.6e-05,0.0,0.0016793,0.0287599,False
AUT20,1995-12-27,953.89,1996-01-04,1005.27,4,8,0.0625,0.0033029,-6.25e-05,-1.25e-05,0.0,-5.21e-05,-3.47e-05,0.0,0.0031411,0.0538637,False
AUT20,1996-01-30,1074.55,1996-02-05,1075.45,4,6,0.0625,5.9e-05,-6.25e-05,-1.25e-05,0.0,-3.72e-05,-2.6e-05,0.0,-7.93e-05,0.0008375,False
AUT20,1996-02-28,1077.8199,1996-03-05,1058.76,4,6,0.0625,-0.0011067,-6.25e-05,-1.25e-05,0.0,-3.65e-05,-2.6e-05,0.0,-0.0012442,-0.0176838,False
AUT20,1996-03-28,1059.47,1996-04-03,1060.26,4,6,0.0625,5.1e-05,-6.25e-05,-1.25e-05,0.0,-3.65e-05,-2.6e-05,0.0,-8.65e-05,0.0007457,False
AUT20,1996-04-29,1117.54,1996-05-06,1100.7,4,7,0.0625,-0.000942,-6.25e-05,-1.25e-05,0.0,-4.25e-05,-3.04e-05,0.0,-0.00109,-0.0150689,False
AUT20,1996-05-30,1129.96,1996-06-05,1138.89,4,6,0.0625,0.0004946,-6.25e-05,-1.25e-05,0.0,-3.65e-05,-2.6e-05,0.0,0.0003571,0.007903,False
AUT20,1996-06-27,1092.5699,1996-07-03,1081.09,4,6,0.0625,-0.0006531,-6.25e-05,-1.25e-05,0.0,-3.65e-05,-2.6e-05,0.0,-0.0007906,-0.0105073,False
AUT20,1996-07-30,1019.4,1996-08-05,1031.48,4,6,0.0625,0.000741,-6.25e-05,-1.25e-05,0.0,-3.65e-05,-2.6e-05,0.0,0.0006035,0.0118501,False
AUT20,1996-08-29,1038.48,1996-09-04,1030.23,4,6,0.0625,-0.0004918,-6.25e-05,-1.25e-05,0.0,-3.47e-05,-2.6e-05,0.0,-0.0006275,-0.0079443,False
AUT20,1996-09-27,1048.8101,1996-10-03,1074.33,4,6,0.0625,0.0015109,-6.25e-05,-1.25e-05,0.0,-3.13e-05,-2.6e-05,0.0,0.0013786,0.0243322,False
AUT20,1996-10-30,1060.3,1996-11-06,1076.16,4,7,0.0625,0.0009304,-6.25e-05,-1.25e-05,0.0,-3.65e-05,-3.04e-05,0.0,0.0007886,0.014958,False
AUT20,1996-11-28,1108.14,1996-12-04,1132.67,4,6,0.0625,0.0013733,-6.25e-05,-1.25e-05,0.0,-3.13e-05,-2.6e-05,0.0,0.001241,0.0221362,False
AUT20,1996-12-27,1142.85,1997-01-07,1137.08,4,11,0.0625,-0.0003148,-6.25e-05,-1.25e-05,0.0,-5.73e-05,-4.77e-05,0.0,-0.0004948,-0.0050488,False
AUT20,1997-01-30,1170.16,1997-02-05,1187.01,4,6,0.0625,0.0008961,-6.25e-05,-1.25e-05,0.0,-3.13e-05,-2.6e-05,0.0,0.0007639,0.0143997,False
AUT20,1997-02-27,1235.79,1997-03-05,1247.63,4,6,0.0625,0.0006036,-6.25e-05,-1.25e-05,0.0,-3.13e-05,-2.6e-05,0.0,0.0004713,0.0095809,False
AUT20,1997-03-26,1223.48,1997-04-03,1168.89,4,8,0.0625,-0.0028272,-6.25e-05,-1.25e-05,0.0,-4.17e-05,-3.47e-05,0.0,-0.0029786,-0.0446186,False
AUT20,1997-04-29,1198.17,1997-05-06,1217.47,4,7,0.0625,0.0010034,-6.25e-05,-1.25e-05,0.0,-3.65e-05,-3.04e-05,0.0,0.0008616,0.0161078,False
AUT20,1997-05-28,1304.59,1997-06-04,1304.17,4,7,0.0625,-5e-07,-6.25e-05,-1.25e-05,0.0,-3.65e-05,-3.04e-05,0.0,-0.0001424,-0.0003219,False
AUT20,1997-06-27,1295.04,1997-07-03,1381.4,4,6,0.0625,0.0040703,-6.25e-05,-1.25e-05,0.0,-3.13e-05,-2.6e-05,0.0,0.003938,0.0666852,False
AUT20,1997-07-30,1474.01,1997-08-05,1436.48,4,6,0.0625,-0.0016011,-6.25e-05,-1.25e-05,0.0,-3.13e-05,-2.6e-05,0.0,-0.0017334,-0.0254612,False
AUT20,1997-08-28,1353.88,1997-09-03,1378.0601,4,6,0.0625,0.0011301,-6.25e-05,-1.25e-05,0.0,-3.13e-05,-2.6e-05,0.0,0.0009978,0.0178598,False
AUT20,1997-09-29,1413.83,1997-10-03,1464.9399,4,4,0.0625,0.0022309,-6.25e-05,-1.25e-05,0.0,-2.08e-05,-1.74e-05,0.0,0.0021177,0.03615,False
AUT20,1997-10-30,1268.1,1997-11-05,1317.09,4,6,0.0625,0.0024423,-6.25e-05,-1.25e-05,0.0,-3.33e-05,-2.6e-05,0.0,0.0023079,0.0386326,False
AUT20,1997-11-27,1254.5601,1997-12-03,1285.02,4,6,0.0625,0.0015241,-6.25e-05,-1.25e-05,0.0,-3.33e-05,-2.6e-05,0.0,0.0013897,0.0242794,False
AUT20,1997-12-29,1284.61,1998-01-07,1324.48,4,9,0.0625,0.0019299,-6.25e-05,-1.25e-05,0.0,-5e-05,-3.91e-05,0.0,0.0017659,0.0310367,False
AUT20,1998-01-29,1332.33,1998-02-04,1353.21,4,6,0.0625,0.0009817,-6.25e-05,-1.25e-05,0.0,-3.33e-05,-2.6e-05,0.0,0.0008473,0.0156718,False
AUT20,1998-02-26,1393.11,1998-03-04,1411.5,4,6,0.0625,0.0008285,-6.25e-05,-1.25e-05,0.0,-3.33e-05,-2.6e-05,0.0,0.0006941,0.0132007,False
AUT20,1998-03-30,1506.3199,1998-04-03,1534.03,4,4,0.0625,0.0011486,-6.25e-05,-1.25e-05,0.0,-2.22e-05,-1.74e-05,0.0,0.001034,0.0183959,False
AUT20,1998-04-29,1536.05,1998-05-06,1554.16,4,7,0.0625,0.0007413,-6.25e-05,-1.25e-05,0.0,-3.89e-05,-3.04e-05,0.0,0.000597,0.01179,False
AUT20,1998-05-28,1588.62,1998-06-04,1576.4,4,7,0.0625,-0.0004808,-6.25e-05,-1.25e-05,0.0,-3.89e-05,-3.04e-05,0.0,-0.0006251,-0.0076922,False
AUT20,1998-06-29,1497.8,1998-07-03,1535.66,4,4,0.0625,0.0015725,-6.25e-05,-1.25e-05,0.0,-2.22e-05,-1.74e-05,0.0,0.0014579,0.0252771,False
AUT20,1998-07-30,1485.64,1998-08-05,1435.33,4,6,0.0625,-0.0021335,-6.25e-05,-1.25e-05,0.0,-3.33e-05,-2.6e-05,0.0,-0.0022679,-0.0338642,False
AUT20,1998-08-28,1210.63,1998-09-03,1124.76,4,6,0.0625,-0.0044805,-6.25e-05,-1.25e-05,0.0,-3.33e-05,-2.6e-05,0.0,-0.0046149,-0.07093,False
AUT20,1998-09-29,1069.3,1998-10-05,1019.08,4,6,0.0625,-0.0028345,-6.25e-05,-1.25e-05,0.0,-3.33e-05,-2.6e-05,0.0,-0.0029689,-0.0469653,False
AUT20,1998-10-29,1102.16,1998-11-04,1178.92,4,6,0.0625,0.0042979,-6.25e-05,-1.25e-05,0.0,-3.33e-05,-2.6e-05,0.0,0.0041635,0.0696451,False
AUT20,1998-11-27,1144.95,1998-12-03,1137.5699,4,6,0.0625,-0.000338,-6.25e-05,-1.25e-05,0.0,-3.33e-05,-2.6e-05,0.0,-0.0004724,-0.0064457,False
AUT20,1998-12-29,1119.42,1999-01-07,1142.11,4,9,0.0625,0.0012593,-6.25e-05,-1.25e-05,0.0,-4.69e-05,-3.91e-05,0.0,0.0010983,0.0202694,False
AUT20,1999-01-28,1062.47,1999-02-03,1065.29,4,6,0.0625,0.000176,-6.25e-05,-1.25e-05,0.0,-3.13e-05,-2.6e-05,0.0,4.37e-05,0.0026543,False
AUT20,1999-02-25,1176.12,1999-03-03,1152.0699,4,6,0.0625,-0.0012871,-6.25e-05,-1.25e-05,0.0,-3.13e-05,-2.6e-05,0.0,-0.0014194,-0.0204486,False
AUT20,1999-03-30,1182.39,1999-04-07,1203.51,4,8,0.0625,0.0011122,-6.25e-05,-1.25e-05,0.0,-4.17e-05,-3.47e-05,0.0,0.0009608,0.0178621,False
AUT20,1999-04-29,1282.79,1999-05-05,1312.17,4,6,0.0625,0.001433,-6.25e-05,-1.25e-05,0.0,-2.6e-05,-2.6e-05,0.0,0.0013059,0.0229032,False
AUT20,1999-05-28,1172.65,1999-06-04,1201.98,4,7,0.0625,0.0015576,-6.25e-05,-1.25e-05,0.0,-3.04e-05,-3.04e-05,0.0,0.0014219,0.0250117,False
AUT20,1999-06-29,1214.22,1999-07-05,1268.5601,4,6,0.0625,0.0027546,-6.25e-05,-1.25e-05,0.0,-2.6e-05,-2.6e-05,0.0,0.0026276,0.0447531,False
AUT20,1999-07-29,1189.46,1999-08-04,1164.55,4,6,0.0625,-0.0013067,-6.25e-05,-1.25e-05,0.0,-2.6e-05,-2.6e-05,0.0,-0.0014338,-0.0209422,False
AUT20,1999-08-30,1211.12,1999-09-03,1184.87,4,4,0.0625,-0.0013588,-6.25e-05,-1.25e-05,0.0,-1.74e-05,-1.74e-05,0.0,-0.0014685,-0.0216742,False
AUT20,1999-09-29,1117.13,1999-10-05,1119.12,4,6,0.0625,0.000112,-6.25e-05,-1.25e-05,0.0,-2.6e-05,-2.6e-05,0.0,-1.51e-05,0.0017813,False
AUT20,1999-10-28,1122.89,1999-11-04,1146.05,4,7,0.0625,0.0012816,-6.25e-05,-1.25e-05,0.0,-3.04e-05,-3.04e-05,0.0,0.0011458,0.0206254,False
AUT20,1999-11-29,1141.9,1999-12-03,1164.05,4,4,0.0625,0.001212,-6.25e-05,-1.25e-05,0.0,-2.08e-05,-1.74e-05,0.0,0.0010988,0.0193975,False
AUT20,1999-12-28,1200.58,2000-01-05,1192.89,4,8,0.0625,-0.0003979,-6.25e-05,-1.25e-05,0.0,-4.17e-05,-3.47e-05,0.0,-0.0005493,-0.0064052,False
AUT20,2000-01-28,1154.89,2000-02-03,1102.16,4,6,0.0625,-0.0028826,-6.25e-05,-1.25e-05,0.0,-3.13e-05,-2.6e-05,0.0,-0.0030149,-0.045658,False
AUT20,2000-02-28,1087.8199,2000-03-03,1067.4399,4,4,0.0625,-0.0011681,-6.25e-05,-1.25e-05,0.0,-2.26e-05,-1.74e-05,0.0,-0.001283,-0.0187347,False
AUT20,2000-03-30,1115.28,2000-04-05,1106.74,4,6,0.0625,-0.0004673,-6.25e-05,-1.25e-05,0.0,-3.65e-05,-2.6e-05,0.0,-0.0006048,-0.0076573,False
AUT20,2000-04-27,1142.13,2000-05-04,1128.01,4,7,0.0625,-0.0007747,-6.25e-05,-1.25e-05,0.0,-4.51e-05,-3.04e-05,0.0,-0.0009252,-0.0123629,False
AUT20,2000-05-30,1136.96,2000-06-06,1155.96,4,7,0.0625,0.0010425,-6.25e-05,-1.25e-05,0.0,-4.56e-05,-3.04e-05,0.0,0.0008915,0.0167112,False
AUT20,2000-06-29,1126.35,2000-07-05,1117.58,4,6,0.0625,-0.0004865,-6.25e-05,-1.25e-05,0.0,-4.43e-05,-2.6e-05,0.0,-0.0006319,-0.0077862,False
AUT20,2000-07-28,1139.08,2000-08-03,1158.28,4,6,0.0625,0.0010553,-6.25e-05,-1.25e-05,0.0,-4.43e-05,-2.6e-05,0.0,0.00091,0.0168558,False
AUT20,2000-08-30,1172.0699,2000-09-05,1180.37,4,6,0.0625,0.000447,-6.25e-05,-1.25e-05,0.0,-4.6e-05,-2.6e-05,0.0,0.0003,0.0070815,False
AUT20,2000-09-28,1159.4399,2000-10-04,1168.52,4,6,0.0625,0.0004891,-6.25e-05,-1.25e-05,0.0,-4.69e-05,-2.6e-05,0.0,0.0003411,0.0078314,False
AUT20,2000-10-30,1102.92,2000-11-06,1128.86,4,7,0.0625,0.0014745,-6.25e-05,-1.25e-05,0.0,-5.77e-05,-3.04e-05,0.0,0.0013114,0.0235193,False
AUT20,2000-11-29,1099.86,2000-12-05,1081.71,4,6,0.0625,-0.0009962,-6.25e-05,-1.25e-05,0.0,-4.95e-05,-2.6e-05,0.0,-0.0011468,-0.0165021,False
AUT20,2000-12-27,1067.73,2001-01-04,1063.98,4,8,0.0625,-0.0002064,-6.25e-05,-1.25e-05,0.0,-6.6e-05,-3.47e-05,0.0,-0.0003821,-0.0035121,False
AUT20,2001-01-30,1097.8,2001-02-05,1137.85,4,6,0.0625,0.0022789,-6.25e-05,-1.25e-05,0.0,-4.95e-05,-2.6e-05,0.0,0.0021284,0.036482,False
AUT20,2001-02-27,1210.87,2001-03-05,1194.0601,4,6,0.0625,-0.0008698,-6.25e-05,-1.25e-05,0.0,-4.95e-05,-2.6e-05,0.0,-0.0010204,-0.0138825,False
AUT20,2001-03-29,1172.37,2001-04-04,1175.23,4,6,0.0625,0.0001605,-6.25e-05,-1.25e-05,0.0,-4.95e-05,-2.6e-05,0.0,1e-05,0.0024395,False
AUT20,2001-04-27,1217.52,2001-05-04,1189.87,4,7,0.0625,-0.001425,-6.25e-05,-1.25e-05,0.0,-5.77e-05,-3.04e-05,0.0,-0.0015882,-0.0227101,False
AUT20,2001-05-30,1184.0699,2001-06-06,1235.88,4,7,0.0625,0.0027,-6.25e-05,-1.25e-05,0.0,-5.47e-05,-3.04e-05,0.0,0.00254,0.0437559,False
AUT20,2001-06-28,1214.52,2001-07-04,1206.91,4,6,0.0625,-0.0003896,-6.25e-05,-1.25e-05,0.0,-4.69e-05,-2.6e-05,0.0,-0.0005375,-0.0062658,False
AUT20,2001-07-30,1238.3,2001-08-03,1215.62,4,4,0.0625,-0.0011484,-6.25e-05,-1.25e-05,0.0,-3.13e-05,-1.74e-05,0.0,-0.001272,-0.0183155,False
AUT20,2001-08-30,1200.0601,2001-09-05,1200.24,4,6,0.0625,1.02e-05,-6.25e-05,-1.25e-05,0.0,-4.47e-05,-2.6e-05,0.0,-0.0001356,0.0001499,False
AUT20,2001-09-27,1084.55,2001-10-03,1094.52,4,6,0.0625,0.0005769,-6.25e-05,-1.25e-05,0.0,-3.91e-05,-2.6e-05,0.0,0.0004368,0.0091927,False
AUT20,2001-10-30,1014.28,2001-11-06,1034.01,4,7,0.0625,0.0012194,-6.25e-05,-1.25e-05,0.0,-4.56e-05,-3.04e-05,0.0,0.0010685,0.0194522,False
AUT20,2001-11-29,1103.65,2001-12-05,1125.64,4,6,0.0625,0.0012507,-6.25e-05,-1.25e-05,0.0,-3.39e-05,-2.6e-05,0.0,0.0011158,0.0199248,False
AUT20,2001-12-27,1146.53,2002-01-04,1142.6801,4,8,0.0625,-0.0002058,-6.25e-05,-1.25e-05,0.0,-4.51e-05,-3.47e-05,0.0,-0.0003607,-0.0033579,False
AUT20,2002-01-30,1164.74,2002-02-05,1184.9301,4,6,0.0625,0.0010769,-6.25e-05,-1.25e-05,0.0,-3.39e-05,-2.6e-05,0.0,0.000942,0.0173344,False
AUT20,2002-02-27,1230.86,2002-03-05,1240.85,4,6,0.0625,0.0005264,-6.25e-05,-1.25e-05,0.0,-3.39e-05,-2.6e-05,0.0,0.0003915,0.0081163,False
AUT20,2002-03-27,1281.26,2002-04-04,1287.85,4,8,0.0625,0.0003304,-6.25e-05,-1.25e-05,0.0,-4.51e-05,-3.47e-05,0.0,0.0001756,0.0051433,False
AUT20,2002-04-29,1339.11,2002-05-06,1354.99,4,7,0.0625,0.0007411,-6.25e-05,-1.25e-05,0.0,-3.95e-05,-3.04e-05,0.0,0.0005962,0.0118586,False
AUT20,2002-05-29,1318.89,2002-06-05,1286.14,4,7,0.0625,-0.0015629,-6.25e-05,-1.25e-05,0.0,-3.95e-05,-3.04e-05,0.0,-0.0017078,-0.0248315,False
AUT20,2002-06-27,1245.5699,2002-07-03,1222.3,4,6,0.0625,-0.0011541,-6.25e-05,-1.25e-05,0.0,-3.39e-05,-2.6e-05,0.0,-0.001289,-0.0186821,False
AUT20,2002-07-30,1159.49,2002-08-05,1115.01,4,6,0.0625,-0.0024288,-6.25e-05,-1.25e-05,0.0,-3.39e-05,-2.6e-05,0.0,-0.0025637,-0.0383617,False
AUT20,2002-08-29,1114.27,2002-09-04,1124.54,4,6,0.0625,0.0005907,-6.25e-05,-1.25e-05,0.0,-3.39e-05,-2.6e-05,0.0,0.0004558,0.0092168,False
AUT20,2002-09-27,1064.9301,2002-10-03,1065.28,4,6,0.0625,4.08e-05,-6.25e-05,-1.25e-05,0.0,-3.39e-05,-2.6e-05,0.0,-9.41e-05,0.0003286,False
AUT20,2002-10-30,1062.45,2002-11-06,1094.74,4,7,0.0625,0.0018843,-6.25e-05,-1.25e-05,0.0,-3.95e-05,-3.04e-05,0.0,0.0017394,0.0303921,False
AUT20,2002-11-28,1101.0601,2002-12-04,1122.95,4,6,0.0625,0.0012489,-6.25e-05,-1.25e-05,0.0,-3.39e-05,-2.6e-05,0.0,0.001114,0.0198807,False
AUT20,2002-12-27,1142.21,2003-01-07,1154.1801,4,11,0.0625,0.0006534,-6.25e-05,-1.25e-05,0.0,-5.25e-05,-4.77e-05,0.0,0.0004782,0.0104798,False
AUT20,2003-01-30,1147.62,2003-02-05,1165.17,4,6,0.0625,0.0009517,-6.25e-05,-1.25e-05,0.0,-2.86e-05,-2.6e-05,0.0,0.000822,0.0152926,False
AUT20,2003-02-27,1153.6899,2003-03-05,1159.37,4,6,0.0625,0.0003103,-6.25e-05,-1.25e-05,0.0,-2.86e-05,-2.6e-05,0.0,0.0001806,0.0049234,False
AUT20,2003-03-28,1162.8199,2003-04-03,1183.09,4,6,0.0625,0.0010892,-6.25e-05,-1.25e-05,0.0,-2.6e-05,-2.6e-05,0.0,0.0009621,0.0174318,False
AUT20,2003-04-29,1221.33,2003-05-06,1285.9301,4,7,0.0625,0.0032506,-6.25e-05,-1.25e-05,0.0,-3.04e-05,-3.04e-05,0.0,0.0031149,0.0528932,False
AUT20,2003-05-28,1284.97,2003-06-04,1290.55,4,7,0.0625,0.0003193,-6.25e-05,-1.25e-05,0.0,-3.04e-05,-3.04e-05,0.0,0.0001836,0.0043426,False
AUT20,2003-06-27,1313.11,2003-07-03,1324.1899,4,6,0.0625,0.0005352,-6.25e-05,-1.25e-05,0.0,-2.08e-05,-2.6e-05,0.0,0.0004134,0.0084379,False
AUT20,2003-07-30,1329.64,2003-08-05,1323.35,4,6,0.0625,-0.0002945,-6.25e-05,-1.25e-05,0.0,-2.08e-05,-2.6e-05,0.0,-0.0004164,-0.0047306,False
AUT20,2003-08-28,1358.66,2003-09-03,1377.6801,4,6,0.0625,0.0008746,-6.25e-05,-1.25e-05,0.0,-2.08e-05,-2.6e-05,0.0,0.0007528,0.0139991,False
AUT20,2003-09-29,1348.98,2003-10-03,1358.16,4,4,0.0625,0.0004257,-6.25e-05,-1.25e-05,0.0,-1.39e-05,-1.74e-05,0.0,0.0003194,0.0068052,False
AUT20,2003-10-30,1418.92,2003-11-05,1434.8101,4,6,0.0625,0.0007047,-6.25e-05,-1.25e-05,0.0,-2.08e-05,-2.6e-05,0.0,0.0005828,0.0111987,False
AUT20,2003-11-27,1479.72,2003-12-03,1510.55,4,6,0.0625,0.0012946,-6.25e-05,-1.25e-05,0.0,-2.08e-05,-2.6e-05,0.0,0.0011727,0.0208351,False
AUT20,2003-12-29,1548.6899,2004-01-07,1611.38,4,9,0.0625,0.0025007,-6.25e-05,-1.25e-05,0.0,-3.13e-05,-3.91e-05,0.0,0.0023554,0.0404794,False
AUT20,2004-01-29,1726.26,2004-02-04,1750.85,4,6,0.0625,0.000892,-6.25e-05,-1.25e-05,0.0,-2.08e-05,-2.6e-05,0.0,0.0007701,0.0142446,False
AUT20,2004-02-26,1792.73,2004-03-03,1817.8,4,6,0.0625,0.0008743,-6.25e-05,-1.25e-05,0.0,-2.08e-05,-2.6e-05,0.0,0.0007525,0.0139843,False
AUT20,2004-03-30,1853.95,2004-04-05,1945.8,4,6,0.0625,0.003042,-6.25e-05,-1.25e-05,0.0,-2.08e-05,-2.6e-05,0.0,0.0029201,0.0495429,False
AUT20,2004-04-29,1941.22,2004-05-05,1950.83,4,6,0.0625,0.0003147,-6.25e-05,-1.25e-05,0.0,-2.08e-05,-2.6e-05,0.0,0.0001928,0.0049505,False
AUT20,2004-05-27,1855.65,2004-06-03,1849.75,4,7,0.0625,-0.0001782,-6.25e-05,-1.25e-05,0.0,-2.43e-05,-3.04e-05,0.0,-0.0003079,-0.0031795,False
AUT20,2004-06-29,1991.72,2004-07-05,2003.3101,4,6,0.0625,0.0003679,-6.25e-05,-1.25e-05,0.0,-2.08e-05,-2.6e-05,0.0,0.000246,0.0058191,False
AUT20,2004-07-29,2026.15,2004-08-04,2027.64,4,6,0.0625,4.78e-05,-6.25e-05,-1.25e-05,0.0,-2.08e-05,-2.6e-05,0.0,-7.4e-05,0.0007354,False
AUT20,2004-08-30,1993.53,2004-09-03,2017.6801,4,4,0.0625,0.0007542,-6.25e-05,-1.25e-05,0.0,-1.39e-05,-1.74e-05,0.0,0.0006479,0.0121142,False
AUT20,2004-09-29,2050.98,2004-10-05,2094.8701,4,6,0.0625,0.0013308,-6.25e-05,-1.25e-05,0.0,-2.08e-05,-2.6e-05,0.0,0.0012089,0.0213996,False
AUT20,2004-10-28,2114.1799,2004-11-04,2180.1201,4,7,0.0625,0.0019375,-6.25e-05,-1.25e-05,0.0,-2.43e-05,-3.04e-05,0.0,0.0018078,0.0311895,False
AUT20,2004-11-29,2297.53,2004-12-03,2346.8601,4,4,0.0625,0.0013376,-6.25e-05,-1.25e-05,0.0,-1.39e-05,-1.74e-05,0.0,0.0012313,0.0214709,False
AUT20,2004-12-29,2430.24,2005-01-05,2446.96,4,7,0.0625,0.0004351,-6.25e-05,-1.25e-05,0.0,-2.43e-05,-3.04e-05,0.0,0.0003054,0.00688,False
AUT20,2005-01-28,2492.74,2005-02-03,2527.5,4,6,0.0625,0.0008688,-6.25e-05,-1.25e-05,0.0,-2.08e-05,-2.6e-05,0.0,0.0007469,0.0139445,False
AUT20,2005-02-25,2677.6299,2005-03-03,2723.98,4,6,0.0625,0.0010808,-6.25e-05,-1.25e-05,0.0,-2.08e-05,-2.6e-05,0.0,0.0009589,0.0173101,False
AUT20,2005-03-30,2635.5701,2005-04-05,2700.1699,4,6,0.0625,0.0015224,-6.25e-05,-1.25e-05,0.0,-2.08e-05,-2.6e-05,0.0,0.0014005,0.0245108,False
AUT20,2005-04-28,2577.0801,2005-05-04,2550.8301,4,6,0.0625,-0.0006365,-6.25e-05,-1.25e-05,0.0,-2.08e-05,-2.6e-05,0.0,-0.0007584,-0.0101859,False
AUT20,2005-05-30,2785.1001,2005-06-03,2822.6899,4,4,0.0625,0.0008446,-6.25e-05,-1.25e-05,0.0,-1.39e-05,-1.74e-05,0.0,0.0007384,0.0134968,False
AUT20,2005-06-29,3028.04,2005-07-05,3099.53,4,6,0.0625,0.0014689,-6.25e-05,-1.25e-05,0.0,-2.08e-05,-2.6e-05,0.0,0.001347,0.0236093,False
AUT20,2005-07-28,3106.1499,2005-08-03,3204.1599,4,6,0.0625,0.0019523,-6.25e-05,-1.25e-05,0.0,-2.08e-05,-2.6e-05,0.0,0.0018304,0.0315535,False
AUT20,2005-08-30,3261.3101,2005-09-05,3314.7,4,6,0.0625,0.001021,-6.25e-05,-1.25e-05,0.0,-2.08e-05,-2.6e-05,0.0,0.0008991,0.0163707,False
AUT20,2005-09-29,3423.8501,2005-10-05,3439.2,4,6,0.0625,0.0002962,-6.25e-05,-1.25e-05,0.0,-2.08e-05,-2.6e-05,0.0,0.0001743,0.0044832,False
AUT20,2005-10-28,3202.3999,2005-11-04,3354.73,4,7,0.0625,0.0029351,-6.25e-05,-1.25e-05,0.0,-2.43e-05,-3.04e-05,0.0,0.0028054,0.0475675,False
AUT20,2005-11-29,3496.47,2005-12-05,3564.6799,4,6,0.0625,0.0012162,-6.25e-05,-1.25e-05,0.0,-2.08e-05,-2.6e-05,0.0,0.0010944,0.0195082,False
AUT20,2005-12-28,3652.6599,2006-01-04,3763.8899,4,7,0.0625,0.0018835,-6.25e-05,-1.25e-05,0.0,-2.73e-05,-3.04e-05,0.0,0.0017508,0.0304518,False
AUT20,2006-01-30,4002.6399,2006-02-03,3953.47,4,4,0.0625,-0.0007546,-6.25e-05,-1.25e-05,0.0,-1.56e-05,-1.74e-05,0.0,-0.0008626,-0.0122844,False
AUT20,2006-02-27,4153.29,2006-03-03,4032.9299,4,4,0.0625,-0.00182,-6.25e-05,-1.25e-05,0.0,-1.56e-05,-1.74e-05,0.0,-0.001928,-0.0289795,False
AUT20,2006-03-30,4105.5,2006-04-05,4119.3101,4,6,0.0625,0.0002125,-6.25e-05,-1.25e-05,0.0,-2.6e-05,-2.6e-05,0.0,8.54e-05,0.0033638,False
AUT20,2006-04-27,4226.7798,2006-05-04,4264.6802,4,7,0.0625,0.0005692,-6.25e-05,-1.25e-05,0.0,-3.04e-05,-3.04e-05,0.0,0.0004334,0.0089667,False
AUT20,2006-05-30,3742.3401,2006-06-06,3684.27,4,7,0.0625,-0.000887,-6.25e-05,-1.25e-05,0.0,-3.04e-05,-3.04e-05,0.0,-0.0010228,-0.015517,False
AUT20,2006-06-29,3619.6299,2006-07-05,3773.52,4,6,0.0625,0.0026495,-6.25e-05,-1.25e-05,0.0,-2.86e-05,-2.6e-05,0.0,0.0025198,0.0425154,False
AUT20,2006-07-28,3711.49,2006-08-03,3710.5601,4,6,0.0625,-1.23e-05,-6.25e-05,-1.25e-05,0.0,-2.86e-05,-2.6e-05,0.0,-0.000142,-0.0002506,False
AUT20,2006-08-30,3743.0601,2006-09-05,3774.6101,4,6,0.0625,0.0005313,-6.25e-05,-1.25e-05,0.0,-3.13e-05,-2.6e-05,0.0,0.000399,0.0084289,False
AUT20,2006-09-28,3859.1399,2006-10-04,3774.51,4,6,0.0625,-0.0013672,-6.25e-05,-1.25e-05,0.0,-3.13e-05,-2.6e-05,0.0,-0.0014995,-0.0219297,False
AUT20,2006-10-30,4082.7,2006-11-06,4144.4399,4,7,0.0625,0.0009435,-6.25e-05,-1.25e-05,0.0,-3.95e-05,-3.04e-05,0.0,0.0007986,0.0151223,False
AUT20,2006-11-29,4098.4902,2006-12-05,4217.8301,4,6,0.0625,0.0018055,-6.25e-05,-1.25e-05,0.0,-3.39e-05,-2.6e-05,0.0,0.0016706,0.029118,False
AUT20,2006-12-27,4455.6001,2007-01-04,4515.1699,4,8,0.0625,0.0008482,-6.25e-05,-1.25e-05,0.0,-4.86e-05,-3.47e-05,0.0,0.0006899,0.0133697,False
AUT20,2007-01-30,4480.3701,2007-02-05,4563.98,4,6,0.0625,0.0011613,-6.25e-05,-1.25e-05,0.0,-3.65e-05,-2.6e-05,0.0,0.0010238,0.0186614,False
AUT20,2007-02-27,4372.4502,2007-03-05,4302.25,4,6,0.0625,-0.0010012,-6.25e-05,-1.25e-05,0.0,-3.65e-05,-2.6e-05,0.0,-0.0011387,-0.0160551,False
AUT20,2007-03-29,4640.3101,2007-04-04,4695.5,4,6,0.0625,0.0007406,-6.25e-05,-1.25e-05,0.0,-3.91e-05,-2.6e-05,0.0,0.0006005,0.0118936,False
AUT20,2007-04-27,4809.5,2007-05-04,4726.8799,4,7,0.0625,-0.0010754,-6.25e-05,-1.25e-05,0.0,-4.56e-05,-3.04e-05,0.0,-0.0012263,-0.0171785,False
AUT20,2007-05-30,4823.7998,2007-06-05,4872.3101,4,6,0.0625,0.0006341,-6.25e-05,-1.25e-05,0.0,-3.91e-05,-2.6e-05,0.0,0.000494,0.0100564,False
AUT20,2007-06-28,4817.0498,2007-07-04,4932.3599,4,6,0.0625,0.0014845,-6.25e-05,-1.25e-05,0.0,-4.17e-05,-2.6e-05,0.0,0.0013417,0.0239379,False
AUT20,2007-07-30,4534.27,2007-08-03,4618.4302,4,4,0.0625,0.0011991,-6.25e-05,-1.25e-05,0.0,-2.78e-05,-1.74e-05,0.0,0.0010789,0.0185609,False
AUT20,2007-08-30,4513.48,2007-09-05,4580.4902,4,6,0.0625,0.0009526,-6.25e-05,-1.25e-05,0.0,-4.17e-05,-2.6e-05,0.0,0.0008099,0.0148467,False
AUT20,2007-09-27,4545.8901,2007-10-03,4687.0898,4,6,0.0625,0.001926,-6.25e-05,-1.25e-05,0.0,-4.17e-05,-2.6e-05,0.0,0.0017833,0.031061,False
AUT20,2007-10-30,4835.02,2007-11-06,4703.1001,4,7,0.0625,-0.0017042,-6.25e-05,-1.25e-05,0.0,-4.86e-05,-3.04e-05,0.0,-0.0018582,-0.0272843,False
AUT20,2007-11-29,4403.98,2007-12-05,4448.9902,4,6,0.0625,0.0006676,-6.25e-05,-1.25e-05,0.0,-4.17e-05,-2.6e-05,0.0,0.0005249,0.0102204,False
AUT20,2007-12-27,4522.6401,2008-01-04,4358.8501,4,8,0.0625,-0.002284,-6.25e-05,-1.25e-05,0.0,-5.56e-05,-3.47e-05,0.0,-0.0024493,-0.0362156,False
AUT20,2008-01-30,3833.5601,2008-02-05,3835.8,4,6,0.0625,6.38e-05,-6.25e-05,-1.25e-05,0.0,-4.17e-05,-2.6e-05,0.0,-7.9e-05,0.0005843,False
AUT20,2008-02-28,3897.29,2008-03-05,3772.01,4,6,0.0625,-0.0019841,-6.25e-05,-1.25e-05,0.0,-4.17e-05,-2.6e-05,0.0,-0.0021268,-0.0321454,False
AUT20,2008-03-28,3827.8601,2008-04-03,3903.1001,4,6,0.0625,0.0012603,-6.25e-05,-1.25e-05,0.0,-4.17e-05,-2.6e-05,0.0,0.0011175,0.0196559,False
AUT20,2008-04-29,4182.1099,2008-05-06,4303.7598,4,7,0.0625,0.00182,-6.25e-05,-1.25e-05,0.0,-4.86e-05,-3.04e-05,0.0,0.001666,0.0290882,False
AUT20,2008-05-29,4390.9902,2008-06-04,4310.1299,4,6,0.0625,-0.0011497,-6.25e-05,-1.25e-05,0.0,-4.17e-05,-2.6e-05,0.0,-0.0012924,-0.0184151,False
AUT20,2008-06-27,3914.5601,2008-07-03,3865.1201,4,6,0.0625,-0.0007553,-6.25e-05,-1.25e-05,0.0,-4.17e-05,-2.6e-05,0.0,-0.000898,-0.0126298,False
AUT20,2008-07-30,3641.79,2008-08-05,3595.0,4,6,0.0625,-0.0007982,-6.25e-05,-1.25e-05,0.0,-4.43e-05,-2.6e-05,0.0,-0.0009435,-0.0128481,False
AUT20,2008-08-28,3570.8101,2008-09-03,3562.45,4,6,0.0625,-0.0001365,-6.25e-05,-1.25e-05,0.0,-4.43e-05,-2.6e-05,0.0,-0.0002818,-0.0023412,False
AUT20,2008-09-29,2756.7,2008-10-03,2816.55,4,4,0.0625,0.0015323,-6.25e-05,-1.25e-05,0.0,-2.95e-05,-1.74e-05,0.0,0.0014105,0.0217108,False
AUT20,2008-10-30,1909.3,2008-11-05,2097.1101,4,6,0.0625,0.0062231,-6.25e-05,-1.25e-05,0.0,-3.91e-05,-2.6e-05,0.0,0.006083,0.0983659,False
AUT20,2008-11-27,1822.3101,2008-12-03,1709.78,4,6,0.0625,-0.003883,-6.25e-05,-1.25e-05,0.0,-3.39e-05,-2.6e-05,0.0,-0.0040179,-0.0617513,False
AUT20,2008-12-29,1751.53,2009-01-07,1899.38,4,9,0.0625,0.00515,-6.25e-05,-1.25e-05,0.0,-3.91e-05,-3.91e-05,0.0,0.0049969,0.0844119,False
AUT20,2009-01-29,1703.1899,2009-02-04,1737.99,4,6,0.0625,0.0013472,-6.25e-05,-1.25e-05,0.0,-2.08e-05,-2.6e-05,0.0,0.0012254,0.0204323,False
AUT20,2009-02-26,1482.71,2009-03-04,1502.98,4,6,0.0625,0.0009997,-6.25e-05,-1.25e-05,0.0,-2.08e-05,-2.6e-05,0.0,0.0008778,0.0136709,False
AUT20,2009-03-30,1620.54,2009-04-03,1824.54,4,4,0.0625,0.0075574,-6.25e-05,-1.25e-05,0.0,-1.04e-05,-1.74e-05,0.0,0.0074546,0.125884,False
AUT20,2009-04-29,1816.11,2009-05-06,2018.51,4,7,0.0625,0.0067192,-6.25e-05,-1.25e-05,0.0,-1.52e-05,-3.04e-05,0.0,0.0065986,0.111447,False
AUT20,2009-05-28,2028.58,2009-06-04,2122.5901,4,7,0.0625,0.0029291,-6.25e-05,-1.25e-05,0.0,-1.22e-05,-3.04e-05,0.0,0.0028116,0.0463428,False
AUT20,2009-06-29,2108.1799,2009-07-03,2067.8401,4,4,0.0625,-0.0011768,-6.25e-05,-1.25e-05,0.0,-6.9e-06,-1.74e-05,0.0,-0.0012761,-0.0191349,False
AUT20,2009-07-30,2248.1001,2009-08-05,2338.8601,4,6,0.0625,0.0024968,-6.25e-05,-1.25e-05,0.0,-1.04e-05,-2.6e-05,0.0,0.0023853,0.0403719,False
AUT20,2009-08-28,2554.8201,2009-09-03,2427.49,4,6,0.0625,-0.0031457,-6.25e-05,-1.25e-05,0.0,-1.04e-05,-2.6e-05,0.0,-0.0032572,-0.0498392,False
AUT20,2009-09-29,2607.74,2009-10-05,2501.0,4,6,0.0625,-0.0025507,-6.25e-05,-1.25e-05,0.0,-1.04e-05,-2.6e-05,0.0,-0.0026622,-0.040932,False
AUT20,2009-10-29,2516.1499,2009-11-04,2526.8799,4,6,0.0625,0.0003241,-6.25e-05,-1.25e-05,0.0,-1.04e-05,-2.6e-05,0.0,0.0002127,0.0042644,False
AUT20,2009-11-27,2527.1699,2009-12-03,2551.9099,4,6,0.0625,0.0006592,-6.25e-05,-1.25e-05,0.0,-1.04e-05,-2.6e-05,0.0,0.0005477,0.0097896,False
AUT20,2009-12-29,2502.8501,2010-01-07,2590.6201,4,9,0.0625,0.0021784,-6.25e-05,-1.25e-05,0.0,-1.56e-05,-3.91e-05,0.0,0.0020487,0.035068,False
AUT20,2010-01-28,2473.26,2010-02-03,2538.1599,4,6,0.0625,0.0016376,-6.25e-05,-1.25e-05,0.0,-1.04e-05,-2.6e-05,0.0,0.0015261,0.0262406,False
AUT20,2010-02-25,2440.5801,2010-03-03,2456.98,4,6,0.0625,0.0004223,-6.25e-05,-1.25e-05,0.0,-1.04e-05,-2.6e-05,0.0,0.0003108,0.0067197,False
AUT20,2010-03-30,2636.27,2010-04-07,2734.73,4,8,0.0625,0.0023083,-6.25e-05,-1.25e-05,0.0,-1.39e-05,-3.47e-05,0.0,0.0021847,0.0373482,False
AUT20,2010-04-29,2643.8999,2010-05-05,2478.1201,4,6,0.0625,-0.0039616,-6.25e-05,-1.25e-05,0.0,-1.04e-05,-2.6e-05,0.0,-0.0040731,-0.0627027,False
AUT20,2010-05-28,2430.27,2010-06-04,2267.3601,4,7,0.0625,-0.0042707,-6.25e-05,-1.25e-05,0.0,-1.22e-05,-3.04e-05,0.0,-0.0043882,-0.0670337,False
AUT20,2010-06-29,2313.6399,2010-07-05,2223.6299,4,6,0.0625,-0.0024559,-6.25e-05,-1.25e-05,0.0,-1.04e-05,-2.6e-05,0.0,-0.0025674,-0.0389041,False
AUT20,2010-07-29,2506.5701,2010-08-04,2557.6001,4,6,0.0625,0.0012756,-6.25e-05,-1.25e-05,0.0,-1.04e-05,-2.6e-05,0.0,0.0011641,0.0203585,False
AUT20,2010-08-30,2418.3899,2010-09-03,2475.99,4,4,0.0625,0.001492,-6.25e-05,-1.25e-05,0.0,-6.9e-06,-1.74e-05,0.0,0.0013927,0.0238175,False
AUT20,2010-09-29,2538.25,2010-10-05,2581.6599,4,6,0.0625,0.0010678,-6.25e-05,-1.25e-05,0.0,-1.04e-05,-2.6e-05,0.0,0.0009564,0.0171023,False
AUT20,2010-10-28,2699.5801,2010-11-04,2721.3101,4,7,0.0625,0.0005225,-6.25e-05,-1.25e-05,0.0,-1.22e-05,-3.04e-05,0.0,0.000405,0.0080494,False
AUT20,2010-11-29,2639.6499,2010-12-03,2755.0901,4,4,0.0625,0.0027381,-6.25e-05,-1.25e-05,0.0,-6.9e-06,-1.74e-05,0.0,0.0026388,0.0437331,False
AUT20,2010-12-29,2941.6299,2011-01-05,2879.9299,4,7,0.0625,-0.0012986,-6.25e-05,-1.25e-05,0.0,-1.22e-05,-3.04e-05,0.0,-0.0014161,-0.0209747,False
AUT20,2011-01-28,2889.1399,2011-02-03,2931.25,4,6,0.0625,0.0009168,-6.25e-05,-1.25e-05,0.0,-1.04e-05,-2.6e-05,0.0,0.0008054,0.0145753,False
AUT20,2011-02-25,2882.05,2011-03-03,2856.48,4,6,0.0625,-0.0005535,-6.25e-05,-1.25e-05,0.0,-1.04e-05,-2.6e-05,0.0,-0.000665,-0.0088722,False
AUT20,2011-03-30,2919.6599,2011-04-05,2893.1201,4,6,0.0625,-0.0005612,-6.25e-05,-1.25e-05,0.0,-1.04e-05,-2.6e-05,0.0,-0.0006726,-0.00909,False
AUT20,2011-04-28,2860.6001,2011-05-04,2835.1101,4,6,0.0625,-0.0005515,-6.25e-05,-1.25e-05,0.0,-1.3e-05,-2.6e-05,0.0,-0.0006656,-0.0089107,False
AUT20,2011-05-30,2751.4099,2011-06-06,2746.9099,4,7,0.0625,-9.47e-05,-6.25e-05,-1.25e-05,0.0,-1.52e-05,-3.04e-05,0.0,-0.0002153,-0.0016355,False
AUT20,2011-06-29,2724.8101,2011-07-05,2783.0601,4,6,0.0625,0.0013393,-6.25e-05,-1.25e-05,0.0,-1.3e-05,-2.6e-05,0.0,0.0012252,0.0213776,False
AUT20,2011-07-28,2624.1699,2011-08-03,2422.6399,4,6,0.0625,-0.004927,-6.25e-05,-1.25e-05,0.0,-1.56e-05,-2.6e-05,0.0,-0.0050437,-0.0767976,False
AUT20,2011-08-30,2206.8101,2011-09-05,2114.22,4,6,0.0625,-0.0025568,-6.25e-05,-1.25e-05,0.0,-1.56e-05,-2.6e-05,0.0,-0.0026735,-0.0419565,False
AUT20,2011-09-29,1998.0699,2011-10-05,1934.12,4,6,0.0625,-0.0018526,-6.25e-05,-1.25e-05,0.0,-1.56e-05,-2.6e-05,0.0,-0.0019693,-0.0320059,False
AUT20,2011-10-28,2065.3,2011-11-04,1984.3199,4,7,0.0625,-0.0024212,-6.25e-05,-1.25e-05,0.0,-1.82e-05,-3.04e-05,0.0,-0.0025448,-0.0392098,False
AUT20,2011-11-29,1779.14,2011-12-05,1871.86,4,6,0.0625,0.0032419,-6.25e-05,-1.25e-05,0.0,-1.3e-05,-2.6e-05,0.0,0.0031279,0.052115,False
AUT20,2011-12-28,1880.4399,2012-01-05,1891.1801,4,8,0.0625,0.0004168,-6.25e-05,-1.25e-05,0.0,-1.39e-05,-3.47e-05,0.0,0.0002932,0.0057115,False
AUT20,2012-01-30,2062.53,2012-02-03,2215.6201,4,4,0.0625,0.0045238,-6.25e-05,-1.25e-05,0.0,-6.9e-06,-1.74e-05,0.0,0.0044245,0.0742244,False
AUT20,2012-02-28,2197.72,2012-03-05,2199.26,4,6,0.0625,5.67e-05,-6.25e-05,-1.25e-05,0.0,-1.04e-05,-2.6e-05,0.0,-5.48e-05,0.0007007,False
AUT20,2012-03-29,2145.3,2012-04-04,2092.0901,4,6,0.0625,-0.0015471,-6.25e-05,-1.25e-05,0.0,-1.04e-05,-2.6e-05,0.0,-0.0016585,-0.024803,False
AUT20,2012-04-27,2116.54,2012-05-04,2079.53,4,7,0.0625,-0.0010988,-6.25e-05,-1.25e-05,0.0,-1.22e-05,-3.04e-05,0.0,-0.0012163,-0.0174861,False
AUT20,2012-05-30,1884.59,2012-06-05,1867.79,4,6,0.0625,-0.0005464,-6.25e-05,-1.25e-05,0.0,-1.04e-05,-2.6e-05,0.0,-0.0006579,-0.0089144,False
AUT20,2012-06-28,1885.1,2012-07-04,2015.03,4,6,0.0625,0.0042477,-6.25e-05,-1.25e-05,0.0,-1.04e-05,-2.6e-05,0.0,0.0041362,0.0689248,False
AUT20,2012-07-30,2019.11,2012-08-03,2007.92,4,4,0.0625,-0.0002924,-6.25e-05,-1.25e-05,0.0,-5.2e-06,-1.74e-05,0.0,-0.00039,-0.005542,False
AUT20,2012-08-30,1989.75,2012-09-05,2031.34,4,6,0.0625,0.0013005,-6.25e-05,-1.25e-05,0.0,-7.8e-06,-2.6e-05,0.0,0.0011916,0.0209021,False
AUT20,2012-09-27,2108.47,2012-10-03,2139.51,4,6,0.0625,0.0009266,-6.25e-05,-1.25e-05,0.0,-7.8e-06,-2.6e-05,0.0,0.0008177,0.0147216,False
AUT20,2012-10-30,2176.3701,2012-11-06,2231.24,4,7,0.0625,0.0015691,-6.25e-05,-1.25e-05,0.0,-9.1e-06,-3.04e-05,0.0,0.0014546,0.0252116,False
AUT20,2012-11-29,2296.22,2012-12-05,2318.1101,4,6,0.0625,0.0005959,-6.25e-05,-1.25e-05,0.0,-7.8e-06,-2.6e-05,0.0,0.000487,0.0095331,False
AUT20,2012-12-27,2416.74,2013-01-04,2483.05,4,8,0.0625,0.0017236,-6.25e-05,-1.25e-05,0.0,-1.04e-05,-3.47e-05,0.0,0.0016035,0.0274378,False
AUT20,2013-01-30,2448.3701,2013-02-05,2387.8799,4,6,0.0625,-0.0015472,-6.25e-05,-1.25e-05,0.0,-7.8e-06,-2.6e-05,0.0,-0.001656,-0.0247063,False
AUT20,2013-02-27,2434.3401,2013-03-05,2509.5901,4,6,0.0625,0.0019192,-6.25e-05,-1.25e-05,0.0,-7.8e-06,-2.6e-05,0.0,0.0018103,0.0309119,False
AUT20,2013-03-27,2357.95,2013-04-04,2355.03,4,8,0.0625,-6.96e-05,-6.25e-05,-1.25e-05,0.0,-1.04e-05,-3.47e-05,0.0,-0.0001898,-0.0012383,False
AUT20,2013-04-29,2420.0801,2013-05-06,2416.3501,4,7,0.0625,-7.29e-05,-6.25e-05,-1.25e-05,0.0,-9.1e-06,-3.04e-05,0.0,-0.0001874,-0.0015413,False
AUT20,2013-05-29,2450.6101,2013-06-05,2408.1399,4,7,0.0625,-0.0010864,-6.25e-05,-1.25e-05,0.0,-6.1e-06,-3.04e-05,0.0,-0.0011978,-0.0173305,False
AUT20,2013-06-27,2243.8301,2013-07-03,2210.21,4,6,0.0625,-0.0009248,-6.25e-05,-1.25e-05,0.0,-5.2e-06,-2.6e-05,0.0,-0.001031,-0.0149834,False
AUT20,2013-07-30,2334.8899,2013-08-05,2420.8401,4,6,0.0625,0.0022886,-6.25e-05,-1.25e-05,0.0,-5.2e-06,-2.6e-05,0.0,0.0021824,0.0368112,False
AUT20,2013-08-29,2458.3899,2013-09-04,2481.3501,4,6,0.0625,0.0005911,-6.25e-05,-1.25e-05,0.0,-5.2e-06,-2.6e-05,0.0,0.0004849,0.0093395,False
AUT20,2013-09-27,2548.72,2013-10-03,2541.5601,4,6,0.0625,-0.0001711,-6.25e-05,-1.25e-05,0.0,-5.2e-06,-2.6e-05,0.0,-0.0002774,-0.0028092,False
AUT20,2013-10-30,2611.27,2013-11-06,2665.6599,4,7,0.0625,0.0013051,-6.25e-05,-1.25e-05,0.0,-6.1e-06,-3.04e-05,0.0,0.0011937,0.0208289,False
AUT20,2013-11-28,2652.6499,2013-12-04,2540.6201,4,6,0.0625,-0.0026767,-6.25e-05,-1.25e-05,0.0,-2.6e-06,-2.6e-05,0.0,-0.0027804,-0.0422332,False
AUT20,2013-12-27,2550.4299,2014-01-07,2630.0901,4,11,0.0625,0.0019526,-6.25e-05,-1.25e-05,0.0,-4.8e-06,-4.77e-05,0.0,0.0018251,0.031234,False
AUT20,2014-01-30,2582.01,2014-02-05,2542.3,4,6,0.0625,-0.0009583,-6.25e-05,-1.25e-05,0.0,-2.6e-06,-2.6e-05,0.0,-0.001062,-0.0153795,False
AUT20,2014-02-27,2642.75,2014-03-05,2545.71,4,6,0.0625,-0.0022683,-6.25e-05,-1.25e-05,0.0,-2.6e-06,-2.6e-05,0.0,-0.002372,-0.0367193,False
AUT20,2014-03-28,2481.8401,2014-04-03,2570.71,4,6,0.0625,0.0022134,-6.25e-05,-1.25e-05,0.0,-2.6e-06,-2.6e-05,0.0,0.0021098,0.0358081,False
AUT20,2014-04-29,2526.99,2014-05-06,2480.29,4,7,0.0625,-0.0011602,-6.25e-05,-1.25e-05,0.0,-3e-06,-3.04e-05,0.0,-0.0012686,-0.0184805,False
AUT20,2014-05-28,2521.0701,2014-06-04,2513.77,4,7,0.0625,-0.0001791,-6.25e-05,-1.25e-05,0.0,-3e-06,-3.04e-05,0.0,-0.0002875,-0.0028956,False
AUT20,2014-06-27,2491.6201,2014-07-03,2536.8201,4,6,0.0625,0.0011271,-6.25e-05,-1.25e-05,0.0,-1.6e-06,-2.6e-05,0.0,0.0010245,0.0181408,False
AUT20,2014-07-30,2339.95,2014-08-05,2255.27,4,6,0.0625,-0.0022914,-6.25e-05,-1.25e-05,0.0,-1.6e-06,-2.6e-05,0.0,-0.002394,-0.0361888,False
AUT20,2014-08-28,2290.3799,2014-09-03,2324.96,4,6,0.0625,0.0009434,-6.25e-05,-1.25e-05,0.0,-1.6e-06,-2.6e-05,0.0,0.0008408,0.015098,False
AUT20,2014-09-29,2202.03,2014-10-03,2156.6299,4,4,0.0625,-0.001289,-6.25e-05,-1.25e-05,0.0,-3e-07,-1.74e-05,0.0,-0.0013818,-0.0206174,False
AUT20,2014-10-30,2192.29,2014-11-05,2196.0901,4,6,0.0625,0.000114,-6.25e-05,-1.25e-05,0.0,-5e-07,-2.6e-05,0.0,1.24e-05,0.0017334,False
AUT20,2014-11-27,2281.79,2014-12-03,2282.3401,4,6,0.0625,1.85e-05,-6.25e-05,-1.25e-05,0.0,-5e-07,-2.6e-05,0.0,-8.31e-05,0.0002411,False
AUT20,2014-12-29,2174.6599,2015-01-07,2138.3999,4,9,0.0625,-0.0010167,-6.25e-05,-1.25e-05,0.0,-8e-07,-3.91e-05,0.0,-0.0011315,-0.0166739,False
AUT20,2015-01-29,2187.1299,2015-02-04,2252.72,4,6,0.0625,0.001865,-6.25e-05,-1.25e-05,0.0,-5e-07,-2.6e-05,0.0,0.0017634,0.0299891,False
AUT20,2015-02-26,2477.5801,2015-03-04,2465.53,4,6,0.0625,-0.0003014,-6.25e-05,-1.25e-05,0.0,-5e-07,-2.6e-05,0.0,-0.0004029,-0.0048636,False
AUT20,2015-03-30,2516.1299,2015-04-07,2581.9399,4,8,0.0625,0.0016252,-6.25e-05,-1.25e-05,0.0,-7e-07,-3.47e-05,0.0,0.0015148,0.0261553,False
AUT20,2015-04-29,2586.51,2015-05-06,2571.26,4,7,0.0625,-0.0003611,-6.25e-05,-1.25e-05,0.0,-6e-07,-3.04e-05,0.0,-0.0004671,-0.005896,False
AUT20,2015-05-28,2576.4299,2015-06-03,2612.3501,4,6,0.0625,0.0008747,-6.25e-05,-1.25e-05,0.0,-5e-07,-2.6e-05,0.0,0.0007732,0.0139418,False
AUT20,2015-06-29,2427.2,2015-07-03,2433.24,4,4,0.0625,0.0001725,-6.25e-05,-1.25e-05,0.0,-3e-07,-1.74e-05,0.0,7.98e-05,0.0024885,False
AUT20,2015-07-30,2481.28,2015-08-05,2501.76,4,6,0.0625,0.0005166,-6.25e-05,-1.25e-05,0.0,-5e-07,-2.6e-05,0.0,0.000415,0.0082538,False
AUT20,2015-08-28,2335.8899,2015-09-03,2303.6699,4,6,0.0625,-0.0008423,-6.25e-05,-1.25e-05,0.0,-5e-07,-2.6e-05,0.0,-0.0009439,-0.0137934,False
AUT20,2015-09-29,2187.6799,2015-10-05,2294.23,4,6,0.0625,0.0030046,-6.25e-05,-1.25e-05,0.0,-5e-07,-2.6e-05,0.0,0.0029031,0.0487046,False
AUT20,2015-10-29,2422.9299,2015-11-04,2432.5601,4,6,0.0625,0.00025,-6.25e-05,-1.25e-05,0.0,-5e-07,-2.6e-05,0.0,0.0001484,0.0039746,False
AUT20,2015-11-27,2473.99,2015-12-03,2453.96,4,6,0.0625,-0.0004993,-6.25e-05,-1.25e-05,0.0,-5e-07,-2.6e-05,0.0,-0.0006008,-0.0080962,False
AUT20,2015-12-29,2396.27,2016-01-07,2297.6299,4,9,0.0625,-0.0025888,-6.25e-05,-1.25e-05,0.0,-8e-07,-3.91e-05,0.0,-0.0027037,-0.041164,False
AUT20,2016-01-28,2129.45,2016-02-03,2092.0901,4,6,0.0625,-0.001085,-6.25e-05,-1.25e-05,0.0,-5e-07,-2.6e-05,0.0,-0.0011865,-0.0175444,False
AUT20,2016-02-26,2145.8799,2016-03-03,2211.5901,4,6,0.0625,0.0018966,-6.25e-05,-1.25e-05,0.0,-5e-07,-2.6e-05,0.0,0.0017951,0.0306216,False
AUT20,2016-03-30,2275.0801,2016-04-05,2227.22,4,6,0.0625,-0.0013234,-6.25e-05,-1.25e-05,0.0,0.0,-2.6e-05,0.0,-0.0014244,-0.0210367,False
AUT20,2016-04-28,2343.97,2016-05-04,2240.26,4,6,0.0625,-0.0028059,-6.25e-05,-1.25e-05,0.0,0.0,-2.6e-05,0.0,-0.0029069,-0.0442454,False
AUT20,2016-05-30,2272.4399,2016-06-03,2215.77,4,4,0.0625,-0.0015662,-6.25e-05,-1.25e-05,0.0,0.0,-1.74e-05,0.0,-0.0016585,-0.0249379,False
AUT20,2016-06-29,2076.96,2016-07-05,2026.04,4,6,0.0625,-0.0015215,-6.25e-05,-1.25e-05,0.0,0.0,-2.6e-05,0.0,-0.0016225,-0.0245166,False
AUT20,2016-07-28,2228.1599,2016-08-03,2166.5801,4,6,0.0625,-0.0017412,-6.25e-05,-1.25e-05,0.0,0.0,-2.6e-05,0.0,-0.0018423,-0.0276371,False
AUT20,2016-08-30,2332.52,2016-09-05,2380.5901,4,6,0.0625,0.0012867,-6.25e-05,-1.25e-05,0.0,0.0,-2.6e-05,0.0,0.0011857,0.0206086,False
AUT20,2016-09-29,2415.1599,2016-10-05,2416.8701,4,6,0.0625,4.56e-05,-6.25e-05,-1.25e-05,0.0,0.0,-2.6e-05,0.0,-5.55e-05,0.0007081,False
AUT20,2016-10-28,2506.55,2016-11-04,2412.8501,4,7,0.0625,-0.0023404,-6.25e-05,-1.25e-05,0.0,0.0,-3.04e-05,0.0,-0.0024458,-0.037382,False
AUT20,2016-11-29,2495.8201,2016-12-05,2523.3601,4,6,0.0625,0.0006934,-6.25e-05,-1.25e-05,0.0,0.0,-2.6e-05,0.0,0.0005924,0.0110345,False
AUT20,2016-12-28,2638.48,2017-01-05,2696.3,4,8,0.0625,0.0013617,-6.25e-05,-1.25e-05,0.0,0.0,-3.47e-05,0.0,0.001252,0.0219142,False
AUT20,2017-01-30,2694.3799,2017-02-03,2730.77,4,4,0.0625,0.0008512,-6.25e-05,-1.25e-05,0.0,0.0,-1.74e-05,0.0,0.0007588,0.0135059,False
AUT20,2017-02-24,2752.99,2017-03-03,2798.79,4,7,0.0625,0.0010436,-6.25e-05,-1.25e-05,0.0,0.0,-3.04e-05,0.0,0.0009382,0.0166365,False
AUT20,2017-03-30,2848.53,2017-04-05,2885.1299,4,6,0.0625,0.0008037,-6.25e-05,-1.25e-05,0.0,0.0,-2.6e-05,0.0,0.0007027,0.0128487,False
AUT20,2017-04-27,2962.47,2017-05-04,3036.1001,4,7,0.0625,0.0015484,-6.25e-05,-1.25e-05,0.0,0.0,-3.04e-05,0.0,0.001443,0.0248543,False
AUT20,2017-05-30,3160.27,2017-06-06,3171.6001,4,7,0.0625,0.0002307,-6.25e-05,-1.25e-05,0.0,0.0,-3.04e-05,0.0,0.0001253,0.0035852,False
AUT20,2017-06-29,3088.8401,2017-07-05,3144.1201,4,6,0.0625,0.0011132,-6.25e-05,-1.25e-05,0.0,0.0,-2.6e-05,0.0,0.0010122,0.0178967,False
AUT20,2017-07-28,3239.73,2017-08-03,3250.77,4,6,0.0625,0.0002175,-6.25e-05,-1.25e-05,0.0,0.0,-2.6e-05,0.0,0.0001165,0.0034077,False
AUT20,2017-08-30,3201.4299,2017-09-05,3226.6299,4,6,0.0625,0.0004967,-6.25e-05,-1.25e-05,0.0,0.0,-2.6e-05,0.0,0.0003957,0.0078715,False
AUT20,2017-09-28,3307.47,2017-10-04,3309.5801,4,6,0.0625,4.61e-05,-6.25e-05,-1.25e-05,0.0,0.0,-2.6e-05,0.0,-5.5e-05,0.000638,False
AUT20,2017-10-30,3419.76,2017-11-06,3390.3,4,7,0.0625,-0.0005318,-6.25e-05,-1.25e-05,0.0,0.0,-3.04e-05,0.0,-0.0006372,-0.0086146,False
AUT20,2017-11-29,3330.8601,2017-12-05,3336.8201,4,6,0.0625,0.0001179,-6.25e-05,-1.25e-05,0.0,0.0,-2.6e-05,0.0,1.69e-05,0.0017893,False
AUT20,2017-12-28,3434.8799,2018-01-04,3555.04,4,7,0.0625,0.0021676,-6.25e-05,-1.25e-05,0.0,0.0,-3.04e-05,0.0,0.0020622,0.0349823,False
AUT20,2018-01-30,3597.6799,2018-02-05,3506.8501,4,6,0.0625,-0.0015896,-6.25e-05,-1.25e-05,0.0,0.0,-2.6e-05,0.0,-0.0016907,-0.0252468,False
AUT20,2018-02-27,3429.24,2018-03-05,3403.6699,4,6,0.0625,-0.0004499,-6.25e-05,-1.25e-05,0.0,0.0,-2.6e-05,0.0,-0.0005509,-0.0074565,False
AUT20,2018-03-28,3428.51,2018-04-05,3482.74,4,8,0.0625,0.001006,-6.25e-05,-1.25e-05,0.0,0.0,-3.47e-05,0.0,0.0008962,0.0158174,False
AUT20,2018-04-27,3477.3401,2018-05-04,3452.71,4,7,0.0625,-0.0004426,-6.25e-05,-1.25e-05,0.0,0.0,-3.04e-05,0.0,-0.000548,-0.007083,False
AUT20,2018-05-29,3331.6599,2018-06-05,3268.1001,4,7,0.0625,-0.0011873,-6.25e-05,-1.25e-05,0.0,0.0,-3.04e-05,0.0,-0.0012927,-0.0190775,False
AUT20,2018-06-28,3245.47,2018-07-04,3255.0901,4,6,0.0625,0.0001903,-6.25e-05,-1.25e-05,0.0,0.0,-2.6e-05,0.0,8.93e-05,0.0029642,False
AUT20,2018-07-30,3400.51,2018-08-03,3417.01,4,4,0.0625,0.0003071,-6.25e-05,-1.25e-05,0.0,0.0,-1.74e-05,0.0,0.0002147,0.0048522,False
AUT20,2018-08-30,3318.04,2018-09-05,3280.4399,4,6,0.0625,-0.0007092,-6.25e-05,-1.25e-05,0.0,0.0,-2.6e-05,0.0,-0.0008103,-0.011332,False
AUT20,2018-09-27,3374.98,2018-10-03,3395.27,4,6,0.0625,0.0003797,-6.25e-05,-1.25e-05,0.0,0.0,-2.6e-05,0.0,0.0002787,0.0060119,False
AUT20,2018-10-30,3086.8701,2018-11-06,3157.8999,4,7,0.0625,0.0014441,-6.25e-05,-1.25e-05,0.0,0.0,-3.04e-05,0.0,0.0013387,0.0230103,False
AUT20,2018-11-29,3066.98,2018-12-05,3016.1799,4,6,0.0625,-0.0010242,-6.25e-05,-1.25e-05,0.0,0.0,-2.6e-05,0.0,-0.0011252,-0.0165635,False
AUT20,2018-12-27,2681.25,2019-01-04,2858.49,4,8,0.0625,0.0040512,-6.25e-05,-1.25e-05,0.0,0.0,-3.47e-05,0.0,0.0039415,0.0661035,False
AUT20,2019-01-30,3000.3799,2019-02-05,3017.0801,4,6,0.0625,0.0003495,-6.25e-05,-1.25e-05,0.0,0.0,-2.6e-05,0.0,0.0002485,0.005566,False
AUT20,2019-02-27,3027.3501,2019-03-05,3046.0701,4,6,0.0625,0.000389,-6.25e-05,-1.25e-05,0.0,0.0,-2.6e-05,0.0,0.000288,0.0061836,False
AUT20,2019-03-28,3020.8701,2019-04-03,3131.48,4,6,0.0625,0.0022599,-6.25e-05,-1.25e-05,0.0,0.0,-2.6e-05,0.0,0.0021588,0.0366152,False
AUT20,2019-04-25,3244.47,2019-05-06,3135.0801,4,11,0.0625,-0.0021336,-6.25e-05,-1.25e-05,0.0,0.0,-4.77e-05,0.0,-0.0022563,-0.0337158,False
AUT20,2019-05-30,2920.8799,2019-06-05,2930.45,4,6,0.0625,0.0002099,-6.25e-05,-1.25e-05,0.0,0.0,-2.6e-05,0.0,0.0001089,0.0032764,False
AUT20,2019-06-27,2945.5701,2019-07-03,3010.3,4,6,0.0625,0.0013692,-6.25e-05,-1.25e-05,0.0,0.0,-2.6e-05,0.0,0.0012682,0.0219754,False
AUT20,2019-07-30,2975.8701,2019-08-05,2894.45,4,6,0.0625,-0.0017209,-6.25e-05,-1.25e-05,0.0,0.0,-2.6e-05,0.0,-0.0018219,-0.0273601,False
AUT20,2019-08-29,2887.02,2019-09-04,2908.3501,4,6,0.0625,0.0004679,-6.25e-05,-1.25e-05,0.0,0.0,-2.6e-05,0.0,0.0003668,0.0073883,False
AUT20,2019-09-27,3021.23,2019-10-03,2905.75,4,6,0.0625,-0.0024164,-6.25e-05,-1.25e-05,0.0,0.0,-2.6e-05,0.0,-0.0025175,-0.0382228,False
AUT20,2019-10-30,3171.21,2019-11-05,3246.3701,4,6,0.0625,0.0014818,-6.25e-05,-1.25e-05,0.0,0.0,-2.6e-05,0.0,0.0013808,0.0237008,False
AUT20,2019-11-28,3178.74,2019-12-04,3112.5,4,6,0.0625,-0.0013066,-6.25e-05,-1.25e-05,0.0,0.0,-2.6e-05,0.0,-0.0014076,-0.0208384,False
AUT20,2019-12-27,3212.54,2020-01-06,3202.74,4,10,0.0625,-0.0001824,-6.25e-05,-1.25e-05,0.0,0.0,-4.34e-05,0.0,-0.0003008,-0.0030506,False
AUT20,2020-01-30,3101.48,2020-02-05,3124.47,4,6,0.0625,0.0004729,-6.25e-05,-1.25e-05,0.0,0.0,-2.6e-05,0.0,0.0003718,0.0074126,False
AUT20,2020-02-27,2845.9399,2020-03-04,2798.52,4,6,0.0625,-0.0010321,-6.25e-05,-1.25e-05,0.0,0.0,-2.6e-05,0.0,-0.0011332,-0.0166623,False
AUT20,2020-03-30,1989.72,2020-04-03,1964.9399,4,4,0.0625,-0.0007452,-6.25e-05,-1.25e-05,0.0,0.0,-1.74e-05,0.0,-0.0008376,-0.012454,False
AUT20,2020-04-29,2255.28,2020-05-06,2185.3201,4,7,0.0625,-0.0019011,-6.25e-05,-1.25e-05,0.0,0.0,-3.04e-05,0.0,-0.0020065,-0.0310205,False
AUT20,2020-05-28,2269.1299,2020-06-04,2388.9099,4,7,0.0625,0.0032812,-6.25e-05,-1.25e-05,0.0,0.0,-3.04e-05,0.0,0.0031758,0.0527868,False
AUT20,2020-06-29,2247.8,2020-07-03,2272.78,4,4,0.0625,0.0006997,-6.25e-05,-1.25e-05,0.0,0.0,-1.74e-05,0.0,0.0006073,0.0111131,False
AUT20,2020-07-30,2146.8999,2020-08-05,2222.03,4,6,0.0625,0.0021753,-6.25e-05,-1.25e-05,0.0,0.0,-2.6e-05,0.0,0.0020743,0.0349947,False
AUT20,2020-08-28,2253.26,2020-09-03,2215.1699,4,6,0.0625,-0.0010573,-6.25e-05,-1.25e-05,0.0,0.0,-2.6e-05,0.0,-0.0011583,-0.0169044,False
AUT20,2020-09-29,2096.03,2020-10-05,2141.1001,4,6,0.0625,0.0013454,-6.25e-05,-1.25e-05,0.0,0.0,-2.6e-05,0.0,0.0012443,0.0215026,False
AUT20,2020-10-29,2034.1899,2020-11-04,2146.51,4,6,0.0625,0.0033945,-6.25e-05,-1.25e-05,0.0,0.0,-2.6e-05,0.0,0.0032935,0.0552161,False
AUT20,2020-11-27,2598.96,2020-12-03,2614.8101,4,6,0.0625,0.0004024,-6.25e-05,-1.25e-05,0.0,0.0,-2.6e-05,0.0,0.0003014,0.0060986,False
AUT20,2020-12-29,2778.23,2021-01-06,2873.1201,4,8,0.0625,0.002121,-6.25e-05,-1.25e-05,0.0,0.0,-3.47e-05,0.0,0.0020112,0.0341549,False
AUT20,2021-01-28,2908.54,2021-02-03,2972.8501,4,6,0.0625,0.0013789,-6.25e-05,-1.25e-05,0.0,0.0,-2.6e-05,0.0,0.0012779,0.0221108,False
AUT20,2021-02-25,3071.9199,2021-03-03,3093.79,4,6,0.0625,0.0004706,-6.25e-05,-1.25e-05,0.0,0.0,-2.6e-05,0.0,0.0003695,0.0071194,False
AUT20,2021-03-30,3172.8701,2021-04-07,3205.47,4,8,0.0625,0.000644,-6.25e-05,-1.25e-05,0.0,0.0,-3.47e-05,0.0,0.0005343,0.0102746,False
AUT20,2021-04-29,3262.74,2021-05-05,3312.47,4,6,0.0625,0.000968,-6.25e-05,-1.25e-05,0.0,0.0,-2.6e-05,0.0,0.0008669,0.0152418,False
AUT20,2021-05-28,3464.1001,2021-06-03,3523.5901,4,6,0.0625,0.0010773,-6.25e-05,-1.25e-05,0.0,0.0,-2.6e-05,0.0,0.0009763,0.0171733,False
AUT20,2021-06-29,3450.8601,2021-07-05,3487.76,4,6,0.0625,0.0006846,-6.25e-05,-1.25e-05,0.0,0.0,-2.6e-05,0.0,0.0005835,0.010693,False
AUT20,2021-07-29,3522.1599,2021-08-04,3536.8201,4,6,0.0625,0.0002678,-6.25e-05,-1.25e-05,0.0,0.0,-2.6e-05,0.0,0.0001667,0.0041623,False
AUT20,2021-08-30,3607.3999,2021-09-03,3662.0601,4,4,0.0625,0.0009431,-6.25e-05,-1.25e-05,0.0,0.0,-1.74e-05,0.0,0.0008507,0.0151522,False
AUT20,2021-09-29,3650.47,2021-10-05,3749.74,4,6,0.0625,0.0016924,-6.25e-05,-1.25e-05,0.0,0.0,-2.6e-05,0.0,0.0015913,0.0271938,False
AUT20,2021-10-28,3762.51,2021-11-03,3830.3,4,6,0.0625,0.0011344,-6.25e-05,-1.25e-05,0.0,0.0,-2.6e-05,0.0,0.0010333,0.0180172,False
AUT20,2021-11-29,3656.6001,2021-12-03,3697.77,4,4,0.0625,0.0007064,-6.25e-05,-1.25e-05,0.0,0.0,-1.74e-05,0.0,0.0006141,0.0112591,False
AUT20,2021-12-29,3880.97,2022-01-05,3968.05,4,7,0.0625,0.0014053,-6.25e-05,-1.25e-05,0.0,0.0,-3.04e-05,0.0,0.0012999,0.0224377,False
AUT20,2022-01-28,3837.53,2022-02-03,3916.8701,4,6,0.0625,0.0012904,-6.25e-05,-1.25e-05,0.0,0.0,-2.6e-05,0.0,0.0011894,0.0206748,False
AUT20,2022-02-25,3506.1399,2022-03-03,3155.3601,4,6,0.0625,-0.0063827,-6.25e-05,-1.25e-05,0.0,0.0,-2.6e-05,0.0,-0.0064837,-0.1000473,False
AUT20,2022-03-30,3353.0701,2022-04-05,3252.6299,4,6,0.0625,-0.0018863,-6.25e-05,-1.25e-05,0.0,0.0,-2.6e-05,0.0,-0.0019873,-0.0299547,False
AUT20,2022-04-28,3268.8999,2022-05-04,3256.74,4,6,0.0625,-0.0002123,-6.25e-05,-1.25e-05,0.0,0.0,-2.6e-05,0.0,-0.0003134,-0.0037199,False
AUT20,2022-05-30,3361.6299,2022-06-03,3370.21,4,4,0.0625,0.0001678,-6.25e-05,-1.25e-05,0.0,0.0,-1.74e-05,0.0,7.55e-05,0.0025524,False
AUT20,2022-06-29,2948.7,2022-07-05,2779.26,4,6,0.0625,-0.0036489,-6.25e-05,-1.25e-05,0.0,0.0,-2.6e-05,0.0,-0.00375,-0.0574626,False
AUT20,2022-07-28,2963.6399,2022-08-03,3005.4299,4,6,0.0625,0.0008919,-6.25e-05,-1.25e-05,0.0,-5.2e-06,-2.6e-05,0.0,0.0007857,0.0141009,False
AUT20,2022-08-30,2890.1599,2022-09-05,2850.6599,4,6,0.0625,-0.0007985,-6.25e-05,-1.25e-05,0.0,-5.2e-06,-2.6e-05,0.0,-0.0009047,-0.0136671,False
AUT20,2022-09-29,2647.4299,2022-10-05,2797.1101,4,6,0.0625,0.0034885,-6.25e-05,-1.25e-05,0.0,-1.3e-05,-2.6e-05,0.0,0.0033744,0.0565379,False
AUT20,2022-10-28,2932.5601,2022-11-03,2950.74,4,6,0.0625,0.0003902,-6.25e-05,-1.25e-05,0.0,-1.43e-05,-2.6e-05,0.0,0.0002748,0.0061993,False
AUT20,2022-11-29,3224.8501,2022-12-05,3211.71,4,6,0.0625,-0.0002539,-6.25e-05,-1.25e-05,0.0,-2.08e-05,-2.6e-05,0.0,-0.0003757,-0.0040747,False
AUT20,2022-12-29,3136.6201,2023-01-04,3212.45,4,6,0.0625,0.001502,-6.25e-05,-1.25e-05,0.0,-2.6e-05,-2.6e-05,0.0,0.001375,0.0241757,False
AUT20,2023-01-30,3356.71,2023-02-03,3379.45,4,4,0.0625,0.0004243,-6.25e-05,-1.25e-05,0.0,-1.74e-05,-1.74e-05,0.0,0.0003146,0.0067745,False
AUT20,2023-02-27,3496.97,2023-03-03,3539.75,4,4,0.0625,0.0007724,-6.25e-05,-1.25e-05,0.0,-2.08e-05,-1.74e-05,0.0,0.0006592,0.0122335,False
AUT20,2023-03-30,3219.1799,2023-04-05,3169.72,4,6,0.0625,-0.0009587,-6.25e-05,-1.25e-05,0.0,-3.65e-05,-2.6e-05,0.0,-0.0010962,-0.0153641,False
AUT20,2023-04-27,3255.4299,2023-05-04,3157.6299,4,7,0.0625,-0.0018888,-6.25e-05,-1.25e-05,0.0,-4.25e-05,-3.04e-05,0.0,-0.0020367,-0.0300421,False
AUT20,2023-05-30,3060.76,2023-06-05,3140.6699,4,6,0.0625,0.0016322,-6.25e-05,-1.25e-05,0.0,-3.91e-05,-2.6e-05,0.0,0.0014921,0.0261079,False
AUT20,2023-06-29,3111.1599,2023-07-05,3158.0,4,6,0.0625,0.0009512,-6.25e-05,-1.25e-05,0.0,-4.17e-05,-2.6e-05,0.0,0.0008085,0.0150555,False
AUT20,2023-07-28,3214.55,2023-08-03,3193.3201,4,6,0.0625,-0.0004033,-6.25e-05,-1.25e-05,0.0,-4.21e-05,-2.6e-05,0.0,-0.0005465,-0.0066043,False
AUT20,2023-08-30,3168.5601,2023-09-05,3193.3101,4,6,0.0625,0.0004887,-6.25e-05,-1.25e-05,0.0,-4.43e-05,-2.6e-05,0.0,0.0003433,0.0078111,False
AUT20,2023-09-28,3151.8501,2023-10-04,3080.6001,4,6,0.0625,-0.0014189,-6.25e-05,-1.25e-05,0.0,-4.69e-05,-2.6e-05,0.0,-0.0015668,-0.0226058,False
AUT20,2023-10-30,3060.24,2023-11-03,3186.3701,4,4,0.0625,0.0025476,-6.25e-05,-1.25e-05,0.0,-3.13e-05,-1.74e-05,0.0,0.002424,0.0412158,False
AUT20,2023-11-29,3279.25,2023-12-05,3312.78,4,6,0.0625,0.0006382,-6.25e-05,-1.25e-05,0.0,-4.69e-05,-2.6e-05,0.0,0.0004903,0.0102249,False
AUT20,2023-12-28,3414.0601,2024-01-04,3420.1699,4,7,0.0625,0.0001225,-6.25e-05,-1.25e-05,0.0,-5.47e-05,-3.04e-05,0.0,-3.76e-05,0.0017896,False
AUT20,2024-01-30,3455.0,2024-02-05,3420.01,4,6,0.0625,-0.0006347,-6.25e-05,-1.25e-05,0.0,-4.69e-05,-2.6e-05,0.0,-0.0007826,-0.0101273,False
AUT20,2024-02-28,3388.73,2024-03-05,3370.51,4,6,0.0625,-0.0003297,-6.25e-05,-1.25e-05,0.0,-4.69e-05,-2.6e-05,0.0,-0.0004776,-0.0053766,False
AUT20,2024-03-27,3523.4399,2024-04-04,3571.9399,4,8,0.0625,0.0008564,-6.25e-05,-1.25e-05,0.0,-6.25e-05,-3.47e-05,0.0,0.0006842,0.013765,False
AUT20,2024-04-29,3564.3799,2024-05-06,3614.6101,4,7,0.0625,0.0008782,-6.25e-05,-1.25e-05,0.0,-5.47e-05,-3.04e-05,0.0,0.0007181,0.0140923,False
AUT20,2024-05-30,3651.78,2024-06-05,3647.77,4,6,0.0625,-5.74e-05,-6.25e-05,-1.25e-05,0.0,-4.69e-05,-2.6e-05,0.0,-0.0002053,-0.0010981,False
AUT20,2024-06-27,3601.1799,2024-07-03,3680.4199,4,6,0.0625,0.0013654,-6.25e-05,-1.25e-05,0.0,-4.43e-05,-2.6e-05,0.0,0.0012201,0.0220039,False
AUT20,2024-07-30,3702.96,2024-08-05,3443.7,4,6,0.0625,-0.0044783,-6.25e-05,-1.25e-05,0.0,-4.43e-05,-2.6e-05,0.0,-0.0046236,-0.0700143,False
AUT20,2024-08-29,3706.0901,2024-09-04,3627.23,4,6,0.0625,-0.0013253,-6.25e-05,-1.25e-05,0.0,-4.43e-05,-2.6e-05,0.0,-0.0014706,-0.0212785,False
AUT20,2024-09-27,3647.8501,2024-10-03,3583.6399,4,6,0.0625,-0.0011042,-6.25e-05,-1.25e-05,0.0,-3.65e-05,-2.6e-05,0.0,-0.0012417,-0.0176022,False
AUT20,2024-10-30,3545.72,2024-11-05,3558.6499,4,6,0.0625,0.0002301,-6.25e-05,-1.25e-05,0.0,-3.39e-05,-2.6e-05,0.0,9.52e-05,0.0036466,False
AUT20,2024-11-28,3528.55,2024-12-04,3543.55,4,6,0.0625,0.0002659,-6.25e-05,-1.25e-05,0.0,-3.39e-05,-2.6e-05,0.0,0.000131,0.004251,False
AUT20,2024-12-27,3630.48,2025-01-06,3678.3601,4,10,0.0625,0.0008233,-6.25e-05,-1.25e-05,0.0,-5.21e-05,-4.34e-05,0.0,0.0006528,0.0131884,False
AUT20,2025-01-30,3852.1101,2025-02-05,3790.8201,4,6,0.0625,-0.0009908,-6.25e-05,-1.25e-05,0.0,-3.13e-05,-2.6e-05,0.0,-0.0011231,-0.0159108,False
AUT20,2025-02-27,4211.0298,2025-03-05,4240.8301,4,6,0.0625,0.0005262,-6.25e-05,-1.25e-05,0.0,-2.86e-05,-2.6e-05,0.0,0.0003965,0.0070767,False
AUT20,2025-03-28,4175.9302,2025-04-03,4001.0,4,6,0.0625,-0.0026139,-6.25e-05,-1.25e-05,0.0,-2.6e-05,-2.6e-05,0.0,-0.002741,-0.0418901,False
AUT20,2025-04-29,4096.4102,2025-05-06,4188.75,4,7,0.0625,0.0014022,-6.25e-05,-1.25e-05,0.0,-2.73e-05,-3.04e-05,0.0,0.0012695,0.0225416,False
AUT20,2025-05-29,4424.27,2025-06-04,4396.3398,4,6,0.0625,-0.0003942,-6.25e-05,-1.25e-05,0.0,-2.34e-05,-2.6e-05,0.0,-0.0005187,-0.0063129,False
AUT20,2025-06-27,4418.8799,2025-07-03,4431.8901,4,6,0.0625,0.0001875,-6.25e-05,-1.25e-05,0.0,-2.08e-05,-2.6e-05,0.0,6.57e-05,0.0029442,False
AUT20,2025-07-30,4582.8999,2025-08-05,4523.6299,4,6,0.0625,-0.0007956,-6.25e-05,-1.25e-05,0.0,-2.08e-05,-2.6e-05,0.0,-0.0009174,-0.0129329,False
AUT20,2025-08-28,4652.04,2025-09-03,4596.5698,4,6,0.0625,-0.0007417,-6.25e-05,-1.25e-05,0.0,-2.08e-05,-2.6e-05,0.0,-0.0008636,-0.0119238,False
AUT20,2025-09-29,4646.29,2025-10-03,4756.79,4,4,0.0625,0.0014784,-6.25e-05,-1.25e-05,0.0,-1.39e-05,-1.74e-05,0.0,0.0013722,0.0237824,False
AUT20,2025-10-30,4747.6699,2025-11-05,4784.3701,4,6,0.0625,0.0004908,-6.25e-05,-1.25e-05,0.0,-2.08e-05,-2.6e-05,0.0,0.0003689,0.0077301,False
AUT20,2025-11-27,4983.27,2025-12-03,5050.1699,4,6,0.0625,0.0008373,-6.25e-05,-1.25e-05,0.0,-2.08e-05,-2.6e-05,0.0,0.0007155,0.0134249,False
AUT20,2025-12-29,5247.96,2026-01-06,5415.3901,4,8,0.0625,0.0019729,-6.25e-05,-1.25e-05,0.0,-2.78e-05,-3.47e-05,0.0,0.0018354,0.0319039,False
AUT20,2026-01-29,5578.5498,2026-02-04,5748.0601,4,6,0.0625,0.00188,-6.25e-05,-1.25e-05,0.0,-2.08e-05,-2.6e-05,0.0,0.0017581,0.0303861,False
AUT20,2026-02-26,5763.6099,2026-03-04,5515.8501,4,6,0.0625,-0.0026906,-6.25e-05,-1.25e-05,0.0,-2.08e-05,-2.6e-05,0.0,-0.0028125,-0.0429869,False
AUT20,2026-03-30,5293.8799,2026-04-07,5443.3501,4,8,0.0625,0.0017629,-6.25e-05,-1.25e-05,0.0,-2.78e-05,-3.47e-05,0.0,0.0016254,0.0282345,False
AUT20,2026-04-29,5833.9399,2026-05-06,5967.7998,4,7,0.0625,0.0014518,-6.25e-05,-1.25e-05,0.0,-2.43e-05,-3.04e-05,0.0,0.0013222,0.022945,False
AUT20,2026-05-28,6042.4399,2026-06-03,6096.1699,4,6,0.0625,0.0005725,-6.25e-05,-1.25e-05,0.0,-2.08e-05,-2.6e-05,0.0,0.0004506,0.0088921,False
AUT20,2026-06-29,6351.75,2026-07-03,6565.9199,4,4,0.0625,0.0020995,-6.25e-05,-1.25e-05,0.0,-1.56e-05,-1.74e-05,0.0,0.0019915,0.0337183,False
AUT20,2026-07-30,6454.79,2026-08-05,6703.8999,4,6,0.0625,0.0023837,-6.25e-05,-1.25e-05,0.0,-2.34e-05,-2.6e-05,0.0,0.0022592,0.038593,False
AUT20,2026-08-28,6786.5801,2026-09-03,6800.7202,4,6,0.0625,0.0001318,-6.25e-05,-1.25e-05,0.0,-2.34e-05,-2.6e-05,0.0,7.3e-06,0.0020835,False
IND50,2007-09-27,5000.5498,2007-10-04,5208.6499,4,7,0.0625,0.0025757,-6.25e-05,-1.25e-05,0.0,-9.42e-05,-3.04e-05,0.0,0.0023761,0.0416154,False
IND50,2007-10-30,5868.75,2007-11-05,5847.2998,4,6,0.0625,-0.0002165,-6.25e-05,-1.25e-05,0.0,-8.07e-05,-2.6e-05,0.0,-0.0003982,-0.003655,False
IND50,2007-11-29,5634.6001,2007-12-05,5940.0,4,6,0.0625,0.0033306,-6.25e-05,-1.25e-05,0.0,-8.07e-05,-2.6e-05,0.0,0.0031489,0.0542008,False
IND50,2007-12-28,6079.7002,2008-01-03,6178.5498,4,6,0.0625,0.001012,-6.25e-05,-1.25e-05,0.0,-8.07e-05,-2.6e-05,0.0,0.0008302,0.016259,False
IND50,2008-01-30,5167.6001,2008-02-05,5483.8999,4,6,0.0625,0.0037751,-6.25e-05,-1.25e-05,0.0,-8.07e-05,-2.6e-05,0.0,0.0035934,0.0612083,False
IND50,2008-02-28,5285.1001,2008-03-05,4921.3999,4,6,0.0625,-0.0043506,-6.25e-05,-1.25e-05,0.0,-8.07e-05,-2.6e-05,0.0,-0.0045324,-0.0688161,False
IND50,2008-03-28,4942.0,2008-04-01,4739.5498,2,4,0.0625,-0.0025575,-6.25e-05,-1.25e-05,0.0,-5.38e-05,-1.74e-05,0.0,-0.0027037,-0.0409652,False
IND50,2008-04-02,4754.2002,2008-04-03,4771.6001,1,1,0.0625,0.0002287,-6.25e-05,-1.25e-05,0.0,-1.35e-05,-4.3e-06,0.0,0.0001359,0.0036599,False
IND50,2008-04-29,5195.5,2008-05-06,5144.6499,4,7,0.0625,-0.0006051,-6.25e-05,-1.25e-05,0.0,-9.42e-05,-3.04e-05,0.0,-0.0008046,-0.0097873,False
IND50,2008-05-29,4835.2998,2008-06-04,4585.6001,4,6,0.0625,-0.0032643,-6.25e-05,-1.25e-05,0.0,-8.07e-05,-2.6e-05,0.0,-0.0034461,-0.051641,False
IND50,2008-06-27,4136.6499,2008-07-01,3896.75,2,4,0.0625,-0.0036763,-6.25e-05,-1.25e-05,0.0,-5.9e-05,-1.74e-05,0.0,-0.0038277,-0.0579938,False
IND50,2008-07-02,4093.3501,2008-07-03,3925.75,1,1,0.0625,-0.002559,-6.25e-05,-1.25e-05,0.0,-1.48e-05,-4.3e-06,0.0,-0.0026531,-0.0409445,False
IND50,2008-07-30,4313.5498,2008-08-05,4502.8501,4,6,0.0625,0.0027146,-6.25e-05,-1.25e-05,0.0,-9.38e-05,-2.6e-05,0.0,0.0025198,0.043885,False
IND50,2008-08-28,4214.0,2008-09-04,4447.75,4,7,0.0625,0.0034549,-6.25e-05,-1.25e-05,0.0,-0.0001094,-3.04e-05,0.0,0.0032401,0.0554699,False
IND50,2008-09-29,3850.05,2008-09-30,3921.2,1,1,0.0625,0.001155,-6.25e-05,-1.25e-05,0.0,-1.56e-05,-4.3e-06,0.0,0.0010601,0.0184803,False
IND50,2008-10-01,3950.75,2008-10-06,3602.3501,2,5,0.0625,-0.0056301,-6.25e-05,-1.25e-05,0.0,-7.81e-05,-2.17e-05,0.0,-0.0058049,-0.0881858,False
IND50,2008-10-29,2697.05,2008-11-05,2994.95,4,7,0.0625,0.0068873,-6.25e-05,-1.25e-05,0.0,-9.55e-05,-3.04e-05,0.0,0.0066865,0.110454,False
IND50,2008-11-26,2752.25,2008-12-03,2656.45,4,7,0.0625,-0.0021896,-6.25e-05,-1.25e-05,0.0,-9.11e-05,-3.04e-05,0.0,-0.0023861,-0.0348079,False
IND50,2008-12-30,2979.5,2009-01-06,3112.8,4,7,0.0625,0.0027825,-6.25e-05,-1.25e-05,0.0,-7.73e-05,-3.04e-05,0.0,0.0025999,0.0447391,False
IND50,2009-01-29,2823.95,2009-02-04,2803.05,4,6,0.0625,-0.0004062,-6.25e-05,-1.25e-05,0.0,-5.73e-05,-2.6e-05,0.0,-0.0005645,-0.0074009,False
IND50,2009-02-26,2785.6499,2009-03-04,2645.2,4,6,0.0625,-0.0031839,-6.25e-05,-1.25e-05,0.0,-5.73e-05,-2.6e-05,0.0,-0.0033422,-0.0504191,False
IND50,2009-03-30,2978.1499,2009-04-01,3060.3501,2,2,0.0625,0.0017134,-6.25e-05,-1.25e-05,0.0,-1.74e-05,-8.7e-06,0.0,0.0016123,0.0276011,False
IND50,2009-04-02,3211.05,2009-04-06,3256.6001,1,4,0.0625,0.0008866,-6.25e-05,-1.25e-05,0.0,-3.47e-05,-1.74e-05,0.0,0.0007595,0.0141854,False
IND50,2009-04-28,3362.3501,2009-05-06,3625.05,4,8,0.0625,0.0048199,-6.25e-05,-1.25e-05,0.0,-6.6e-05,-3.47e-05,0.0,0.0046442,0.0781299,False
IND50,2009-05-28,4337.1001,2009-06-03,4530.7002,4,6,0.0625,0.0027601,-6.25e-05,-1.25e-05,0.0,-4.95e-05,-2.6e-05,0.0,0.0026096,0.0446381,False
IND50,2009-06-29,4390.9502,2009-07-01,4340.8999,2,2,0.0625,-0.0006959,-6.25e-05,-1.25e-05,0.0,-1.65e-05,-8.7e-06,0.0,-0.0007961,-0.0113985,False
IND50,2009-07-02,4348.8501,2009-07-03,4424.25,1,1,0.0625,0.0010836,-6.25e-05,-1.25e-05,0.0,-8.2e-06,-4.3e-06,0.0,0.000996,0.0173379,False
IND50,2009-07-30,4571.4502,2009-08-05,4694.1499,4,6,0.0625,0.0016714,-6.25e-05,-1.25e-05,0.0,-4.95e-05,-2.6e-05,0.0,0.0015208,0.0268404,False
IND50,2009-08-28,4732.3501,2009-09-03,4593.5498,4,6,0.0625,-0.0018509,-6.25e-05,-1.25e-05,0.0,-4.95e-05,-2.6e-05,0.0,-0.0020014,-0.0293301,False
IND50,2009-09-29,5006.8501,2009-09-30,5083.9502,1,1,0.0625,0.0009624,-6.25e-05,-1.25e-05,0.0,-8.2e-06,-4.3e-06,0.0,0.0008748,0.0153989,False
IND50,2009-10-01,5083.3999,2009-10-06,5027.3999,2,5,0.0625,-0.0006837,-6.25e-05,-1.25e-05,0.0,-4.12e-05,-2.17e-05,0.0,-0.0008217,-0.0110162,False
IND50,2009-10-29,4750.5498,2009-11-05,4765.5498,4,7,0.0625,0.0002664,-6.25e-05,-1.25e-05,0.0,-5.77e-05,-3.04e-05,0.0,0.0001033,0.0031575,False
IND50,2009-11-27,4941.75,2009-12-03,5131.7002,4,6,0.0625,0.0023776,-6.25e-05,-1.25e-05,0.0,-4.95e-05,-2.6e-05,0.0,0.0022271,0.0384378,False
IND50,2009-12-30,5169.4502,2010-01-06,5281.7998,4,7,0.0625,0.0013485,-6.25e-05,-1.25e-05,0.0,-5.77e-05,-3.04e-05,0.0,0.0011853,0.0217334,False
IND50,2010-01-28,4867.25,2010-02-03,4931.8501,4,6,0.0625,0.0008448,-6.25e-05,-1.25e-05,0.0,-4.95e-05,-2.6e-05,0.0,0.0006943,0.0132724,False
IND50,2010-02-25,4859.75,2010-03-04,5080.25,4,7,0.0625,0.0027962,-6.25e-05,-1.25e-05,0.0,-5.77e-05,-3.04e-05,0.0,0.0026331,0.0453727,False
IND50,2010-03-30,5262.4502,2010-04-06,5366.0,4,7,0.0625,0.0012267,-6.25e-05,-1.25e-05,0.0,-6.08e-05,-3.04e-05,0.0,0.0010606,0.0196771,False
IND50,2010-04-29,5254.1499,2010-05-05,5124.8999,4,6,0.0625,-0.0015456,-6.25e-05,-1.25e-05,0.0,-5.47e-05,-2.6e-05,0.0,-0.0017013,-0.0245996,False
IND50,2010-05-28,5066.5498,2010-06-03,5110.5,4,6,0.0625,0.00057,-6.25e-05,-1.25e-05,0.0,-5.47e-05,-2.6e-05,0.0,0.0004143,0.0086746,False
IND50,2010-06-29,5256.1499,2010-07-05,5235.8999,4,6,0.0625,-0.0002333,-6.25e-05,-1.25e-05,0.0,-5.6e-05,-2.6e-05,0.0,-0.0003903,-0.0038526,False
IND50,2010-07-29,5408.8999,2010-08-04,5467.8501,4,6,0.0625,0.0006846,-6.25e-05,-1.25e-05,0.0,-5.99e-05,-2.6e-05,0.0,0.0005237,0.0108987,False
IND50,2010-08-30,5415.4502,2010-09-03,5479.3999,4,4,0.0625,0.0007393,-6.25e-05,-1.25e-05,0.0,-3.99e-05,-1.74e-05,0.0,0.000607,0.0118088,False
IND50,2010-09-29,5991.2998,2010-10-05,6145.7998,4,6,0.0625,0.0016039,-6.25e-05,-1.25e-05,0.0,-6.25e-05,-2.6e-05,0.0,0.0014403,0.0257874,False
IND50,2010-10-28,5987.7002,2010-11-03,6160.5,4,6,0.0625,0.0017889,-6.25e-05,-1.25e-05,0.0,-6.29e-05,-2.6e-05,0.0,0.0016249,0.0288591,False
IND50,2010-11-29,5830.0,2010-12-03,5992.7998,4,4,0.0625,0.0017336,-6.25e-05,-1.25e-05,0.0,-4.34e-05,-1.74e-05,0.0,0.0015978,0.0279245,False
IND50,2010-12-30,6101.8501,2011-01-05,6079.7998,4,6,0.0625,-0.0002211,-6.25e-05,-1.25e-05,0.0,-6.51e-05,-2.6e-05,0.0,-0.0003873,-0.0036137,False
IND50,2011-01-28,5512.1499,2011-02-03,5526.75,4,6,0.0625,0.0001832,-6.25e-05,-1.25e-05,0.0,-6.77e-05,-2.6e-05,0.0,1.44e-05,0.0026487,False
IND50,2011-02-25,5303.5498,2011-03-04,5538.75,4,7,0.0625,0.0027516,-6.25e-05,-1.25e-05,0.0,-7.9e-05,-3.04e-05,0.0,0.0025672,0.0443477,False
IND50,2011-03-30,5787.6499,2011-04-05,5910.0498,4,6,0.0625,0.0013162,-6.25e-05,-1.25e-05,0.0,-7.03e-05,-2.6e-05,0.0,0.0011449,0.0211485,False
IND50,2011-04-28,5785.4502,2011-05-04,5537.1499,4,6,0.0625,-0.0027193,-6.25e-05,-1.25e-05,0.0,-7.12e-05,-2.6e-05,0.0,-0.0028916,-0.0429181,False
IND50,2011-05-27,5476.1001,2011-06-03,5516.75,4,7,0.0625,0.0004797,-6.25e-05,-1.25e-05,0.0,-8.81e-05,-3.04e-05,0.0,0.0002862,0.0074231,False
IND50,2011-06-29,5600.4502,2011-07-05,5632.1001,4,6,0.0625,0.0003557,-6.25e-05,-1.25e-05,0.0,-7.81e-05,-2.6e-05,0.0,0.0001765,0.0056513,False
IND50,2011-07-28,5487.75,2011-08-03,5404.7998,4,6,0.0625,-0.0009441,-6.25e-05,-1.25e-05,0.0,-8.33e-05,-2.6e-05,0.0,-0.0011284,-0.0151155,False
IND50,2011-08-29,4919.6001,2011-09-06,5064.2998,4,8,0.0625,0.0018255,-6.25e-05,-1.25e-05,0.0,-0.0001111,-3.47e-05,0.0,0.0016047,0.0294129,False
IND50,2011-09-29,5015.4502,2011-09-30,4943.25,1,1,0.0625,-0.0008997,-6.25e-05,-1.25e-05,0.0,-1.43e-05,-4.3e-06,0.0,-0.0009934,-0.0143956,False
IND50,2011-10-03,4849.5,2011-10-05,4751.2998,2,2,0.0625,-0.00127,-6.25e-05,-1.25e-05,0.0,-2.86e-05,-8.7e-06,0.0,-0.0013823,-0.0202496,False
IND50,2011-10-28,5360.7002,2011-11-03,5265.75,4,6,0.0625,-0.0011104,-6.25e-05,-1.25e-05,0.0,-8.85e-05,-2.6e-05,0.0,-0.0013,-0.0177123,False
IND50,2011-11-29,4805.1001,2011-12-05,5039.1499,4,6,0.0625,0.0030043,-6.25e-05,-1.25e-05,0.0,-8.85e-05,-2.6e-05,0.0,0.0028147,0.0487086,False
IND50,2011-12-29,4646.25,2012-01-05,4749.9502,4,7,0.0625,0.0014091,-6.25e-05,-1.25e-05,0.0,-0.0001033,-3.04e-05,0.0,0.0012004,0.0223191,False
IND50,2012-01-30,5087.2998,2012-02-03,5325.8501,4,4,0.0625,0.0028853,-6.25e-05,-1.25e-05,0.0,-5.9e-05,-1.74e-05,0.0,0.002734,0.0468913,False
IND50,2012-02-28,5375.5,2012-03-05,5280.3501,4,6,0.0625,-0.0011066,-6.25e-05,-1.25e-05,0.0,-8.85e-05,-2.6e-05,0.0,-0.0012962,-0.0177007,False
IND50,2012-03-29,5178.8501,2012-04-04,5322.8999,4,6,0.0625,0.0017341,-6.25e-05,-1.25e-05,0.0,-8.85e-05,-2.6e-05,0.0,0.0015445,0.027815,False
IND50,2012-04-27,5190.6001,2012-05-04,5086.8501,4,7,0.0625,-0.0012429,-6.25e-05,-1.25e-05,0.0,-9.72e-05,-3.04e-05,0.0,-0.0014455,-0.0199881,False
IND50,2012-05-30,4950.75,2012-06-05,4863.2998,4,6,0.0625,-0.0011037,-6.25e-05,-1.25e-05,0.0,-8.33e-05,-2.6e-05,0.0,-0.0012881,-0.017664,False
IND50,2012-06-28,5149.1499,2012-07-04,5302.5498,4,6,0.0625,0.0018546,-6.25e-05,-1.25e-05,0.0,-8.33e-05,-2.6e-05,0.0,0.0016702,0.0297913,False
IND50,2012-07-30,5199.7998,2012-08-03,5215.7002,4,4,0.0625,0.0001923,-6.25e-05,-1.25e-05,0.0,-5.56e-05,-1.74e-05,0.0,4.44e-05,0.0030579,False
IND50,2012-08-30,5315.0498,2012-09-05,5225.7002,4,6,0.0625,-0.0010529,-6.25e-05,-1.25e-05,0.0,-8.33e-05,-2.6e-05,0.0,-0.0012373,-0.0168107,False
IND50,2012-09-27,5649.5,2012-10-04,5787.6001,4,7,0.0625,0.0015156,-6.25e-05,-1.25e-05,0.0,-9.72e-05,-3.04e-05,0.0,0.001313,0.0244447,False
IND50,2012-10-30,5597.8999,2012-11-05,5704.2002,4,6,0.0625,0.0011796,-6.25e-05,-1.25e-05,0.0,-8.33e-05,-2.6e-05,0.0,0.0009952,0.0189893,False
IND50,2012-11-29,5825.0,2012-12-05,5900.5,4,6,0.0625,0.0008081,-6.25e-05,-1.25e-05,0.0,-8.33e-05,-2.6e-05,0.0,0.0006237,0.0129614,False
IND50,2012-12-28,5908.3501,2013-01-04,6016.1499,4,7,0.0625,0.0011372,-6.25e-05,-1.25e-05,0.0,-9.72e-05,-3.04e-05,0.0,0.0009346,0.0182453,False
IND50,2013-01-30,6055.75,2013-02-05,5956.8999,4,6,0.0625,-0.0010262,-6.25e-05,-1.25e-05,0.0,-8.07e-05,-2.6e-05,0.0,-0.001208,-0.0163233,False
IND50,2013-02-27,5796.8999,2013-03-05,5784.25,4,6,0.0625,-0.0001183,-6.25e-05,-1.25e-05,0.0,-8.07e-05,-2.6e-05,0.0,-0.0003,-0.0021822,False
IND50,2013-03-26,5641.6001,2013-04-01,5704.3999,2,6,0.0625,0.000694,-6.25e-05,-1.25e-05,0.0,-7.81e-05,-2.6e-05,0.0,0.0005148,0.0111316,False
IND50,2013-04-02,5748.1001,2013-04-03,5672.8999,1,1,0.0625,-0.0008177,-6.25e-05,-1.25e-05,0.0,-1.3e-05,-4.3e-06,0.0,-0.00091,-0.0130826,False
IND50,2013-04-29,5904.1001,2013-05-06,5971.0498,4,7,0.0625,0.0007129,-6.25e-05,-1.25e-05,0.0,-8.98e-05,-3.04e-05,0.0,0.0005177,0.0113395,False
IND50,2013-05-30,6124.0498,2013-06-05,5923.8501,4,6,0.0625,-0.0020589,-6.25e-05,-1.25e-05,0.0,-7.55e-05,-2.6e-05,0.0,-0.0022355,-0.0326907,False
IND50,2013-06-27,5682.3501,2013-07-01,5898.8501,2,4,0.0625,0.0023642,-6.25e-05,-1.25e-05,0.0,-5.03e-05,-1.74e-05,0.0,0.0022215,0.0381004,False
IND50,2013-07-02,5857.5498,2013-07-03,5770.8999,1,1,0.0625,-0.0009246,-6.25e-05,-1.25e-05,0.0,-1.26e-05,-4.3e-06,0.0,-0.0010165,-0.0147929,False
IND50,2013-07-30,5755.0498,2013-08-05,5685.3999,4,6,0.0625,-0.0007582,-6.25e-05,-1.25e-05,0.0,-7.55e-05,-2.6e-05,0.0,-0.0009348,-0.0121024,False
IND50,2013-08-29,5409.0498,2013-09-04,5448.1001,4,6,0.0625,0.0005181,-6.25e-05,-1.25e-05,0.0,-7.55e-05,-2.6e-05,0.0,0.0003415,0.0072194,False
IND50,2013-09-27,5833.2002,2013-10-04,5907.2998,4,7,0.0625,0.0008152,-6.25e-05,-1.25e-05,0.0,-9.11e-05,-3.04e-05,0.0,0.0006187,0.0127031,False
IND50,2013-10-30,6251.7002,2013-11-06,6215.1499,4,7,0.0625,-0.0003612,-6.25e-05,-1.25e-05,0.0,-9.42e-05,-3.04e-05,0.0,-0.0005607,-0.0058465,False
IND50,2013-11-28,6091.8501,2013-12-04,6160.9502,4,6,0.0625,0.0007139,-6.25e-05,-1.25e-05,0.0,-8.07e-05,-2.6e-05,0.0,0.0005321,0.011343,False
IND50,2013-12-30,6291.1001,2014-01-06,6191.4502,4,7,0.0625,-0.0009919,-6.25e-05,-1.25e-05,0.0,-9.42e-05,-3.04e-05,0.0,-0.0011915,-0.0158398,False
IND50,2014-01-30,6073.7002,2014-02-05,6022.3999,4,6,0.0625,-0.000523,-6.25e-05,-1.25e-05,0.0,-8.33e-05,-2.6e-05,0.0,-0.0007074,-0.0084463,False
IND50,2014-02-26,6238.7998,2014-03-05,6328.6499,4,7,0.0625,0.0009027,-6.25e-05,-1.25e-05,0.0,-9.72e-05,-3.04e-05,0.0,0.0007001,0.0144018,False
IND50,2014-03-28,6695.8999,2014-03-31,6704.2002,1,3,0.0625,7.75e-05,-6.25e-05,-1.25e-05,0.0,-4.17e-05,-1.3e-05,0.0,-5.22e-05,0.0012396,False
IND50,2014-04-02,6752.5498,2014-04-03,6736.1001,1,1,0.0625,-0.0001523,-6.25e-05,-1.25e-05,0.0,-1.39e-05,-4.3e-06,0.0,-0.0002455,-0.0024361,False
IND50,2014-04-29,6715.25,2014-05-06,6715.2998,4,7,0.0625,9e-07,-6.25e-05,-1.25e-05,0.0,-9.72e-05,-3.04e-05,0.0,-0.0002017,7.4e-06,False
IND50,2014-05-29,7235.6499,2014-06-04,7402.25,4,6,0.0625,0.0014349,-6.25e-05,-1.25e-05,0.0,-8.33e-05,-2.6e-05,0.0,0.0012505,0.0230249,False
IND50,2014-06-27,7508.7998,2014-07-03,7714.7998,4,6,0.0625,0.001702,-6.25e-05,-1.25e-05,0.0,-8.33e-05,-2.6e-05,0.0,0.0015177,0.0274345,False
IND50,2014-07-30,7791.3999,2014-08-05,7746.5498,4,6,0.0625,-0.0003452,-6.25e-05,-1.25e-05,0.0,-8.33e-05,-2.6e-05,0.0,-0.0005296,-0.0057564,False
IND50,2014-08-27,7936.0498,2014-09-03,8114.6001,4,7,0.0625,0.0013953,-6.25e-05,-1.25e-05,0.0,-9.72e-05,-3.04e-05,0.0,0.0011927,0.0224986,False
IND50,2014-09-29,7958.8999,2014-10-08,7842.7002,4,9,0.0625,-0.0009146,-6.25e-05,-1.25e-05,0.0,-0.000125,-3.91e-05,0.0,-0.0011537,-0.0146,False
IND50,2014-10-30,8169.2002,2014-11-07,8337.0,4,8,0.0625,0.0012817,-6.25e-05,-1.25e-05,0.0,-0.0001111,-3.47e-05,0.0,0.0010609,0.0205405,False
IND50,2014-11-27,8494.2002,2014-12-03,8537.6504,4,6,0.0625,0.0003236,-6.25e-05,-1.25e-05,0.0,-8.33e-05,-2.6e-05,0.0,0.0001393,0.0051153,False
IND50,2014-12-30,8248.25,2015-01-06,8127.3501,4,7,0.0625,-0.0008878,-6.25e-05,-1.25e-05,0.0,-9.72e-05,-3.04e-05,0.0,-0.0010904,-0.0146576,False
IND50,2015-01-29,8952.3496,2015-02-04,8723.7002,4,6,0.0625,-0.0016078,-6.25e-05,-1.25e-05,0.0,-8.07e-05,-2.6e-05,0.0,-0.0017895,-0.0255407,False
IND50,2015-02-26,8683.8496,2015-03-04,8922.6504,4,6,0.0625,0.0017138,-6.25e-05,-1.25e-05,0.0,-8.07e-05,-2.6e-05,0.0,0.001532,0.0274994,False
IND50,2015-03-30,8492.2998,2015-04-01,8586.25,2,2,0.0625,0.0006915,-6.25e-05,-1.25e-05,0.0,-2.6e-05,-8.7e-06,0.0,0.0005818,0.011063,False
IND50,2015-04-06,8659.9004,2015-04-07,8660.2998,1,1,0.0625,2.9e-06,-6.25e-05,-1.25e-05,0.0,-1.3e-05,-4.3e-06,0.0,-8.95e-05,4.61e-05,False
IND50,2015-04-29,8239.75,2015-05-04,8331.9502,2,5,0.0625,0.0007075,-6.25e-05,-1.25e-05,0.0,-6.51e-05,-2.17e-05,0.0,0.0005457,0.0111897,False
IND50,2015-05-05,8324.7998,2015-05-06,8097.0,1,1,0.0625,-0.0017102,-6.25e-05,-1.25e-05,0.0,-1.3e-05,-4.3e-06,0.0,-0.0018026,-0.027364,False
IND50,2015-05-28,8319.0,2015-06-03,8135.1001,4,6,0.0625,-0.0013692,-6.25e-05,-1.25e-05,0.0,-7.77e-05,-2.6e-05,0.0,-0.0015479,-0.022106,False
IND50,2015-06-29,8318.4004,2015-07-03,8484.9004,4,4,0.0625,0.0012437,-6.25e-05,-1.25e-05,0.0,-5.03e-05,-1.74e-05,0.0,0.001101,0.0200159,False
IND50,2015-07-30,8421.7998,2015-08-05,8567.9502,4,6,0.0625,0.0010822,-6.25e-05,-1.25e-05,0.0,-7.55e-05,-2.6e-05,0.0,0.0009056,0.0173538,False
IND50,2015-08-28,8001.9502,2015-09-03,7823.0,4,6,0.0625,-0.0013876,-6.25e-05,-1.25e-05,0.0,-7.55e-05,-2.6e-05,0.0,-0.0015642,-0.0223633,False
IND50,2015-09-29,7843.2998,2015-10-06,8152.8999,4,7,0.0625,0.0024396,-6.25e-05,-1.25e-05,0.0,-8.2e-05,-3.04e-05,0.0,0.0022522,0.0394732,False
IND50,2015-10-29,8111.75,2015-11-02,8050.7998,2,4,0.0625,-0.0004703,-6.25e-05,-1.25e-05,0.0,-4.69e-05,-1.74e-05,0.0,-0.0006095,-0.0075138,False
IND50,2015-11-03,8060.7002,2015-11-04,8040.2002,1,1,0.0625,-0.000159,-6.25e-05,-1.25e-05,0.0,-1.17e-05,-4.3e-06,0.0,-0.00025,-0.0025432,False
IND50,2015-11-27,7942.7002,2015-12-03,7864.1499,4,6,0.0625,-0.0006184,-6.25e-05,-1.25e-05,0.0,-7.03e-05,-2.6e-05,0.0,-0.0007898,-0.0098896,False
IND50,2015-12-30,7896.25,2016-01-06,7741.0,4,7,0.0625,-0.0012268,-6.25e-05,-1.25e-05,0.0,-8.2e-05,-3.04e-05,0.0,-0.0014142,-0.0196612,False
IND50,2016-01-28,7424.6499,2016-02-03,7361.7998,4,6,0.0625,-0.0005099,-6.25e-05,-1.25e-05,0.0,-7.03e-05,-2.6e-05,0.0,-0.0006813,-0.0084651,False
IND50,2016-02-26,7029.75,2016-03-03,7475.6001,4,6,0.0625,0.0038983,-6.25e-05,-1.25e-05,0.0,-7.03e-05,-2.6e-05,0.0,0.003727,0.0634233,False
IND50,2016-03-30,7735.2002,2016-04-01,7713.0498,2,2,0.0625,-0.0001789,-6.25e-05,-1.25e-05,0.0,-2.34e-05,-8.7e-06,0.0,-0.000286,-0.0028636,False
IND50,2016-04-04,7758.7998,2016-04-05,7603.2002,1,1,0.0625,-0.0012534,-6.25e-05,-1.25e-05,0.0,-1.17e-05,-4.3e-06,0.0,-0.0013445,-0.0200546,False
IND50,2016-04-28,7847.25,2016-05-04,7706.5498,4,6,0.0625,-0.0011272,-6.25e-05,-1.25e-05,0.0,-6.77e-05,-2.6e-05,0.0,-0.0012959,-0.0179299,False
IND50,2016-05-30,8178.5,2016-06-03,8220.7998,4,4,0.0625,0.0003235,-6.25e-05,-1.25e-05,0.0,-4.51e-05,-1.74e-05,0.0,0.000186,0.0051721,False
IND50,2016-06-29,8204.0,2016-07-04,8370.7002,3,5,0.0625,0.001262,-6.25e-05,-1.25e-05,0.0,-5.64e-05,-2.17e-05,0.0,0.0011089,0.0203194,False
IND50,2016-07-28,8666.2998,2016-08-01,8636.5498,2,4,0.0625,-0.0002146,-6.25e-05,-1.25e-05,0.0,-4.51e-05,-1.74e-05,0.0,-0.0003521,-0.0034328,False
IND50,2016-08-02,8622.9004,2016-08-03,8544.8496,1,1,0.0625,-0.0005657,-6.25e-05,-1.25e-05,0.0,-1.13e-05,-4.3e-06,0.0,-0.0006563,-0.0090516,False
IND50,2016-08-30,8744.3496,2016-09-06,8943.0,4,7,0.0625,0.0014123,-6.25e-05,-1.25e-05,0.0,-7.9e-05,-3.04e-05,0.0,0.0012279,0.0227176,False
IND50,2016-09-29,8591.25,2016-10-05,8743.9502,4,6,0.0625,0.0011087,-6.25e-05,-1.25e-05,0.0,-6.73e-05,-2.6e-05,0.0,0.0009403,0.0177739,False
IND50,2016-10-27,8615.25,2016-11-03,8484.9502,4,7,0.0625,-0.0009465,-6.25e-05,-1.25e-05,0.0,-7.6e-05,-3.04e-05,0.0,-0.0011279,-0.0151243,False
IND50,2016-11-29,8142.1499,2016-12-05,8128.75,4,6,0.0625,-9.32e-05,-6.25e-05,-1.25e-05,0.0,-6.51e-05,-2.6e-05,0.0,-0.0002593,-0.0016457,False
IND50,2016-12-29,8103.6001,2017-01-04,8190.5,4,6,0.0625,0.0006699,-6.25e-05,-1.25e-05,0.0,-6.51e-05,-2.6e-05,0.0,0.0005038,0.0107236,False
IND50,2017-01-30,8632.75,2017-02-03,8740.9502,4,4,0.0625,0.0007909,-6.25e-05,-1.25e-05,0.0,-4.34e-05,-1.74e-05,0.0,0.0006552,0.0125337,False
IND50,2017-02-27,8896.7002,2017-03-03,8897.5498,4,4,0.0625,8.6e-06,-6.25e-05,-1.25e-05,0.0,-4.34e-05,-1.74e-05,0.0,-0.0001271,9.55e-05,False
IND50,2017-03-30,9173.75,2017-04-06,9261.9502,4,7,0.0625,0.0005998,-6.25e-05,-1.25e-05,0.0,-7.6e-05,-3.04e-05,0.0,0.0004185,0.0096144,False
IND50,2017-04-27,9342.1504,2017-05-04,9359.9004,4,7,0.0625,0.00012,-6.25e-05,-1.25e-05,0.0,-7.6e-05,-3.04e-05,0.0,-6.13e-05,0.0019,False
IND50,2017-05-30,9624.5498,2017-06-05,9675.0996,4,6,0.0625,0.000328,-6.25e-05,-1.25e-05,0.0,-6.51e-05,-2.6e-05,0.0,0.0001619,0.0052522,False
IND50,2017-06-29,9504.0996,2017-07-05,9637.5996,4,6,0.0625,0.0008751,-6.25e-05,-1.25e-05,0.0,-6.51e-05,-2.6e-05,0.0,0.000709,0.0140466,False
IND50,2017-07-28,10014.5,2017-08-03,10013.6504,4,6,0.0625,-1.9e-06,-6.25e-05,-1.25e-05,0.0,-6.47e-05,-2.6e-05,0.0,-0.0001676,-8.48e-05,False
IND50,2017-08-30,9884.4004,2017-09-05,9952.2002,4,6,0.0625,0.0004303,-6.25e-05,-1.25e-05,0.0,-6.25e-05,-2.6e-05,0.0,0.0002668,0.0068593,False
IND50,2017-09-28,9768.9502,2017-10-05,9888.7002,4,7,0.0625,0.0007644,-6.25e-05,-1.25e-05,0.0,-7.29e-05,-3.04e-05,0.0,0.0005861,0.0122582,False
IND50,2017-10-30,10363.6504,2017-11-03,10452.5,4,4,0.0625,0.0005373,-6.25e-05,-1.25e-05,0.0,-4.17e-05,-1.74e-05,0.0,0.0004033,0.0085732,False
IND50,2017-11-29,10361.2998,2017-12-01,10121.7998,2,2,0.0625,-0.001453,-6.25e-05,-1.25e-05,0.0,-2.08e-05,-8.7e-06,0.0,-0.0015575,-0.0231149,False
IND50,2017-12-04,10127.75,2017-12-05,10118.25,1,1,0.0625,-5.86e-05,-6.25e-05,-1.25e-05,0.0,-1.04e-05,-4.3e-06,0.0,-0.0001484,-0.000938,False
IND50,2017-12-28,10477.9004,2018-01-04,10504.7998,4,7,0.0625,0.0001643,-6.25e-05,-1.25e-05,0.0,-7.29e-05,-3.04e-05,0.0,-1.4e-05,0.0025673,False
IND50,2018-01-30,11049.6504,2018-02-05,10666.5498,4,6,0.0625,-0.0021856,-6.25e-05,-1.25e-05,0.0,-6.25e-05,-2.6e-05,0.0,-0.0023492,-0.0346708,False
IND50,2018-02-27,10554.2998,2018-03-06,10249.25,4,7,0.0625,-0.0018253,-6.25e-05,-1.25e-05,0.0,-7.29e-05,-3.04e-05,0.0,-0.0020036,-0.0289029,False
IND50,2018-03-27,10184.1504,2018-04-04,10128.4004,4,8,0.0625,-0.0003342,-6.25e-05,-1.25e-05,0.0,-8.33e-05,-3.47e-05,0.0,-0.0005273,-0.0054742,False
IND50,2018-04-27,10692.2998,2018-04-30,10739.3496,1,3,0.0625,0.000275,-6.25e-05,-1.25e-05,0.0,-3.13e-05,-1.3e-05,0.0,0.0001558,0.0044003,False
IND50,2018-05-02,10718.0498,2018-05-04,10618.25,2,2,0.0625,-0.0005832,-6.25e-05,-1.25e-05,0.0,-2.08e-05,-8.7e-06,0.0,-0.0006878,-0.0093114,False
IND50,2018-05-30,10614.3496,2018-06-05,10593.1504,4,6,0.0625,-0.0001188,-6.25e-05,-1.25e-05,0.0,-6.25e-05,-2.6e-05,0.0,-0.0002824,-0.0019972,False
IND50,2018-06-28,10589.0996,2018-07-04,10769.9004,4,6,0.0625,0.0010652,-6.25e-05,-1.25e-05,0.0,-6.51e-05,-2.6e-05,0.0,0.000899,0.0170742,False
IND50,2018-07-30,11319.5498,2018-08-03,11360.7998,4,4,0.0625,0.0002335,-6.25e-05,-1.25e-05,0.0,-4.43e-05,-1.74e-05,0.0,9.69e-05,0.0036441,False
IND50,2018-08-30,11676.7998,2018-09-05,11476.9502,4,6,0.0625,-0.0010754,-6.25e-05,-1.25e-05,0.0,-6.77e-05,-2.6e-05,0.0,-0.0012441,-0.0171151,False
IND50,2018-09-27,10977.5498,2018-10-04,10599.25,4,7,0.0625,-0.0021657,-6.25e-05,-1.25e-05,0.0,-7.9e-05,-3.04e-05,0.0,-0.0023501,-0.0344612,False
IND50,2018-10-30,10198.4004,2018-11-05,10524.0,4,6,0.0625,0.0019835,-6.25e-05,-1.25e-05,0.0,-6.77e-05,-2.6e-05,0.0,0.0018148,0.0319265,False
IND50,2018-11-29,10858.7002,2018-12-05,10782.9004,4,6,0.0625,-0.0004357,-6.25e-05,-1.25e-05,0.0,-6.77e-05,-2.6e-05,0.0,-0.0006044,-0.0069806,False
IND50,2018-12-28,10859.9004,2019-01-04,10727.3496,4,7,0.0625,-0.0007615,-6.25e-05,-1.25e-05,0.0,-7.9e-05,-3.04e-05,0.0,-0.0009459,-0.0122055,False
IND50,2019-01-30,10651.7998,2019-02-05,10934.3496,4,6,0.0625,0.0016463,-6.25e-05,-1.25e-05,0.0,-6.77e-05,-2.6e-05,0.0,0.0014775,0.026526,False
IND50,2019-02-27,10806.6504,2019-03-06,11053.0,4,7,0.0625,0.0014153,-6.25e-05,-1.25e-05,0.0,-7.6e-05,-3.04e-05,0.0,0.001234,0.0227961,False
IND50,2019-03-27,11445.0498,2019-04-03,11643.9502,4,7,0.0625,0.0010844,-6.25e-05,-1.25e-05,0.0,-7.6e-05,-3.04e-05,0.0,0.000903,0.0173787,False
IND50,2019-04-26,11754.6504,2019-05-06,11598.25,4,10,0.0625,-0.000834,-6.25e-05,-1.25e-05,0.0,-0.0001042,-4.34e-05,0.0,-0.0010566,-0.0133054,False
IND50,2019-05-30,11945.9004,2019-06-06,11843.75,4,7,0.0625,-0.0005228,-6.25e-05,-1.25e-05,0.0,-7.29e-05,-3.04e-05,0.0,-0.0007011,-0.0085511,False
IND50,2019-06-27,11841.5498,2019-07-03,11916.75,4,6,0.0625,0.000398,-6.25e-05,-1.25e-05,0.0,-5.99e-05,-2.6e-05,0.0,0.0002371,0.0063505,False
IND50,2019-07-30,11085.4004,2019-08-05,10862.5996,4,6,0.0625,-0.001259,-6.25e-05,-1.25e-05,0.0,-5.99e-05,-2.6e-05,0.0,-0.00142,-0.0200986,False
IND50,2019-08-29,10948.2998,2019-09-05,10847.9004,4,7,0.0625,-0.0005605,-6.25e-05,-1.25e-05,0.0,-6.56e-05,-3.04e-05,0.0,-0.0007315,-0.0091703,False
IND50,2019-09-27,11512.4004,2019-10-04,11174.75,4,7,0.0625,-0.0018517,-6.25e-05,-1.25e-05,0.0,-6.56e-05,-3.04e-05,0.0,-0.0020227,-0.0293293,False
IND50,2019-10-30,11844.0996,2019-11-05,11917.2002,4,6,0.0625,0.0003855,-6.25e-05,-1.25e-05,0.0,-5.36e-05,-2.6e-05,0.0,0.0002309,0.0061719,False
IND50,2019-11-28,12151.1504,2019-12-04,12043.2002,4,6,0.0625,-0.0005546,-6.25e-05,-1.25e-05,0.0,-5.36e-05,-2.6e-05,0.0,-0.0007093,-0.0088839,False
IND50,2019-12-30,12255.8496,2020-01-03,12226.6504,4,4,0.0625,-0.0001447,-6.25e-05,-1.25e-05,0.0,-3.58e-05,-1.74e-05,0.0,-0.0002728,-0.0023825,False
IND50,2020-01-30,12035.7998,2020-02-05,12089.1504,4,6,0.0625,0.0003111,-6.25e-05,-1.25e-05,0.0,-5.36e-05,-2.6e-05,0.0,0.0001564,0.0044327,False
IND50,2020-02-27,11633.2998,2020-03-04,11251.0,4,6,0.0625,-0.0020352,-6.25e-05,-1.25e-05,0.0,-5.36e-05,-2.6e-05,0.0,-0.0021899,-0.0328625,False
IND50,2020-03-30,8281.0996,2020-04-01,8253.7998,2,2,0.0625,-0.0001104,-6.25e-05,-1.25e-05,0.0,-1.53e-05,-8.7e-06,0.0,-0.0002094,-0.0032966,False
IND50,2020-04-03,8083.7998,2020-04-07,8792.2002,1,4,0.0625,0.005477,-6.25e-05,-1.25e-05,0.0,-3.06e-05,-1.74e-05,0.0,0.0053541,0.0876321,False
IND50,2020-04-29,9553.3496,2020-05-06,9270.9004,4,7,0.0625,-0.0017326,-6.25e-05,-1.25e-05,0.0,-5.35e-05,-3.04e-05,0.0,-0.0018914,-0.0295655,False
IND50,2020-05-28,9490.0996,2020-06-03,10061.5498,4,6,0.0625,0.0036872,-6.25e-05,-1.25e-05,0.0,-4.17e-05,-2.6e-05,0.0,0.0035445,0.0602154,False
IND50,2020-06-29,10312.4004,2020-07-03,10607.3496,4,4,0.0625,0.0017724,-6.25e-05,-1.25e-05,0.0,-2.78e-05,-1.74e-05,0.0,0.0016523,0.0286014,False
IND50,2020-07-30,11102.1504,2020-08-05,11101.6504,4,6,0.0625,1.67e-05,-6.25e-05,-1.25e-05,0.0,-4.17e-05,-2.6e-05,0.0,-0.000126,-4.5e-05,False
IND50,2020-08-28,11647.5996,2020-09-03,11527.4502,4,6,0.0625,-0.0006296,-6.25e-05,-1.25e-05,0.0,-4.17e-05,-2.6e-05,0.0,-0.0007723,-0.0103154,False
IND50,2020-09-29,11222.4004,2020-10-06,11662.4004,4,7,0.0625,0.0024185,-6.25e-05,-1.25e-05,0.0,-4.86e-05,-3.04e-05,0.0,0.0022645,0.0392073,False
IND50,2020-10-29,11670.7998,2020-10-30,11642.4004,1,1,0.0625,-0.0001521,-6.25e-05,-1.25e-05,0.0,-6.9e-06,-4.3e-06,0.0,-0.0002384,-0.0024334,False
IND50,2020-11-02,11669.1504,2020-11-04,11908.5,2,2,0.0625,0.0012757,-6.25e-05,-1.25e-05,0.0,-1.39e-05,-8.7e-06,0.0,0.0011782,0.0205113,False
IND50,2020-11-26,12987.0,2020-12-03,13133.9004,4,7,0.0625,0.0007067,-6.25e-05,-1.25e-05,0.0,-4.86e-05,-3.04e-05,0.0,0.0005528,0.0113113,False
IND50,2020-12-30,13981.9502,2021-01-05,14199.5,4,6,0.0625,0.0009679,-6.25e-05,-1.25e-05,0.0,-4.17e-05,-2.6e-05,0.0,0.0008252,0.0155593,False
IND50,2021-01-28,13817.5498,2021-02-03,14789.9502,4,6,0.0625,0.0043474,-6.25e-05,-1.25e-05,0.0,-4.17e-05,-2.6e-05,0.0,0.0042047,0.0703743,False
IND50,2021-02-25,15097.3496,2021-03-03,15245.5996,4,6,0.0625,0.0006823,-6.25e-05,-1.25e-05,0.0,-4.17e-05,-2.6e-05,0.0,0.0005396,0.0098196,False
IND50,2021-03-30,14845.0996,2021-04-01,14867.3496,2,2,0.0625,0.0001015,-6.25e-05,-1.25e-05,0.0,-1.39e-05,-8.7e-06,0.0,3.9e-06,0.0014988,False
IND50,2021-04-05,14637.7998,2021-04-06,14683.5,1,1,0.0625,0.0001951,-6.25e-05,-1.25e-05,0.0,-6.9e-06,-4.3e-06,0.0,0.0001088,0.0031221,False
IND50,2021-04-29,14894.9004,2021-05-05,14617.8496,4,6,0.0625,-0.0011586,-6.25e-05,-1.25e-05,0.0,-4.17e-05,-2.6e-05,0.0,-0.0013013,-0.0186004,False
IND50,2021-05-28,15435.6504,2021-06-03,15690.3496,4,6,0.0625,0.0010274,-6.25e-05,-1.25e-05,0.0,-4.17e-05,-2.6e-05,0.0,0.0008847,0.0165007,False
IND50,2021-06-29,15748.4502,2021-07-05,15834.3496,4,6,0.0625,0.0003421,-6.25e-05,-1.25e-05,0.0,-4.17e-05,-2.6e-05,0.0,0.0001994,0.0054545,False
IND50,2021-07-29,15778.4502,2021-08-04,16258.7998,4,6,0.0625,0.0018856,-6.25e-05,-1.25e-05,0.0,-4.17e-05,-2.6e-05,0.0,0.0017429,0.0304434,False
IND50,2021-08-30,16931.0508,2021-09-03,17323.5996,4,4,0.0625,0.0014407,-6.25e-05,-1.25e-05,0.0,-2.78e-05,-1.74e-05,0.0,0.0013206,0.0231851,False
IND50,2021-09-29,17711.3008,2021-09-30,17618.1504,1,1,0.0625,-0.0003287,-6.25e-05,-1.25e-05,0.0,-6.9e-06,-4.3e-06,0.0,-0.000415,-0.0052594,False
IND50,2021-10-01,17532.0508,2021-10-05,17822.3008,2,4,0.0625,0.0010305,-6.25e-05,-1.25e-05,0.0,-2.78e-05,-1.74e-05,0.0,0.0009104,0.0165554,False
IND50,2021-10-28,17857.25,2021-11-03,17829.1992,4,6,0.0625,-8.77e-05,-6.25e-05,-1.25e-05,0.0,-4.17e-05,-2.6e-05,0.0,-0.0002305,-0.0015708,False
IND50,2021-11-29,17053.9492,2021-12-03,17196.6992,4,4,0.0625,0.0005353,-6.25e-05,-1.25e-05,0.0,-2.78e-05,-1.74e-05,0.0,0.0004152,0.0083705,False
IND50,2021-12-30,17203.9492,2022-01-05,17925.25,4,6,0.0625,0.0025815,-6.25e-05,-1.25e-05,0.0,-4.17e-05,-2.6e-05,0.0,0.0024388,0.0419265,False
IND50,2022-01-28,17101.9492,2022-02-03,17560.1992,4,6,0.0625,0.0016734,-6.25e-05,-1.25e-05,0.0,-4.17e-05,-2.6e-05,0.0,0.0015307,0.0267952,False
IND50,2022-02-25,16658.4004,2022-03-04,16245.3496,4,7,0.0625,-0.0015545,-6.25e-05,-1.25e-05,0.0,-4.86e-05,-3.04e-05,0.0,-0.0017085,-0.0247953,False
IND50,2022-03-30,17498.25,2022-04-01,17670.4492,2,2,0.0625,0.0006165,-6.25e-05,-1.25e-05,0.0,-1.39e-05,-8.7e-06,0.0,0.0005189,0.0098409,False
IND50,2022-04-04,18053.4004,2022-04-05,17957.4004,1,1,0.0625,-0.0003323,-6.25e-05,-1.25e-05,0.0,-6.9e-06,-4.3e-06,0.0,-0.0004186,-0.0053176,False
IND50,2022-04-28,17245.0508,2022-05-05,16682.6504,4,7,0.0625,-0.0020533,-6.25e-05,-1.25e-05,0.0,-4.93e-05,-3.04e-05,0.0,-0.002208,-0.0326123,False
IND50,2022-05-30,16661.4004,2022-06-03,16584.3008,4,4,0.0625,-0.0002873,-6.25e-05,-1.25e-05,0.0,-3.06e-05,-1.74e-05,0.0,-0.0004102,-0.0046274,False
IND50,2022-06-29,15799.0996,2022-07-05,15810.8496,4,6,0.0625,4.76e-05,-6.25e-05,-1.25e-05,0.0,-5.1e-05,-2.6e-05,0.0,-0.0001045,0.0007437,False
IND50,2022-07-28,16929.5996,2022-08-03,17388.1504,4,6,0.0625,0.0016797,-6.25e-05,-1.25e-05,0.0,-5.1e-05,-2.6e-05,0.0,0.0015276,0.0270857,False
IND50,2022-08-29,17312.9004,2022-09-05,17665.8008,4,7,0.0625,0.0012879,-6.25e-05,-1.25e-05,0.0,-6.56e-05,-3.04e-05,0.0,0.0011169,0.0203837,False
IND50,2022-09-29,16818.0996,2022-10-06,17331.8008,4,7,0.0625,0.0019099,-6.25e-05,-1.25e-05,0.0,-7.08e-05,-3.04e-05,0.0,0.0017337,0.0305445,False
IND50,2022-10-28,17786.8008,2022-11-03,18052.6992,4,6,0.0625,0.0009345,-6.25e-05,-1.25e-05,0.0,-6.15e-05,-2.6e-05,0.0,0.000772,0.0149492,False
IND50,2022-11-29,18618.0508,2022-12-05,18701.0508,4,6,0.0625,0.0002812,-6.25e-05,-1.25e-05,0.0,-6.15e-05,-2.6e-05,0.0,0.0001187,0.004458,False
IND50,2022-12-29,18191.0,2023-01-04,18042.9492,4,6,0.0625,-0.0005057,-6.25e-05,-1.25e-05,0.0,-6.51e-05,-2.6e-05,0.0,-0.0006719,-0.0081387,False
IND50,2023-01-30,17648.9492,2023-02-03,17854.0508,4,4,0.0625,0.0007283,-6.25e-05,-1.25e-05,0.0,-4.34e-05,-1.74e-05,0.0,0.0005925,0.0116212,False
IND50,2023-02-27,17392.6992,2023-03-03,17594.3496,4,4,0.0625,0.0007329,-6.25e-05,-1.25e-05,0.0,-4.51e-05,-1.74e-05,0.0,0.0005954,0.011594,False
IND50,2023-03-29,17080.6992,2023-04-06,17599.1504,4,8,0.0625,0.00188,-6.25e-05,-1.25e-05,0.0,-9.03e-05,-3.47e-05,0.0,0.00168,0.030353,False
IND50,2023-04-27,17915.0508,2023-05-04,18255.8008,4,7,0.0625,0.0011834,-6.25e-05,-1.25e-05,0.0,-7.9e-05,-3.04e-05,0.0,0.000999,0.0190203,False
IND50,2023-05-30,18633.8496,2023-06-05,18593.8496,4,6,0.0625,-0.0001327,-6.25e-05,-1.25e-05,0.0,-6.77e-05,-2.6e-05,0.0,-0.0003014,-0.0021466,False
IND50,2023-06-28,18972.0996,2023-07-05,19398.5,4,7,0.0625,0.0013951,-6.25e-05,-1.25e-05,0.0,-7.9e-05,-3.04e-05,0.0,0.0012107,0.0224751,False
IND50,2023-07-28,19646.0508,2023-08-03,19381.6504,4,6,0.0625,-0.0008407,-6.25e-05,-1.25e-05,0.0,-6.77e-05,-2.6e-05,0.0,-0.0010094,-0.0134582,False
IND50,2023-08-30,19347.4492,2023-09-05,19574.9004,4,6,0.0625,0.0007349,-6.25e-05,-1.25e-05,0.0,-6.77e-05,-2.6e-05,0.0,0.0005661,0.0117561,False
IND50,2023-09-28,19523.5508,2023-09-29,19638.3008,1,1,0.0625,0.0003673,-6.25e-05,-1.25e-05,0.0,-1.13e-05,-4.3e-06,0.0,0.0002767,0.0058775,False
IND50,2023-10-03,19528.75,2023-10-05,19545.75,2,2,0.0625,5.61e-05,-6.25e-05,-1.25e-05,0.0,-2.26e-05,-8.7e-06,0.0,-5.02e-05,0.0008705,False
IND50,2023-10-30,19140.9004,2023-11-03,19230.5996,4,4,0.0625,0.0002958,-6.25e-05,-1.25e-05,0.0,-4.51e-05,-1.74e-05,0.0,0.0001583,0.0046863,False
IND50,2023-11-29,20096.5996,2023-12-05,20855.0996,4,6,0.0625,0.0023322,-6.25e-05,-1.25e-05,0.0,-6.77e-05,-2.6e-05,0.0,0.0021635,0.0377427,False
IND50,2023-12-28,21778.6992,2024-01-03,21517.3496,4,6,0.0625,-0.0007525,-6.25e-05,-1.25e-05,0.0,-6.77e-05,-2.6e-05,0.0,-0.0009213,-0.0120002,False
IND50,2024-01-30,21522.0996,2024-02-05,21771.6992,4,6,0.0625,0.0007256,-6.25e-05,-1.25e-05,0.0,-6.77e-05,-2.6e-05,0.0,0.0005568,0.0115974,False
IND50,2024-02-28,21951.1504,2024-03-05,22356.3008,4,6,0.0625,0.0011516,-6.25e-05,-1.25e-05,0.0,-6.77e-05,-2.6e-05,0.0,0.0009829,0.0184569,False
IND50,2024-03-27,22123.6504,2024-04-03,22434.6504,4,7,0.0625,0.0008763,-6.25e-05,-1.25e-05,0.0,-7.9e-05,-3.04e-05,0.0,0.0006919,0.0140574,False
IND50,2024-04-29,22643.4004,2024-05-06,22442.6992,4,7,0.0625,-0.0005543,-6.25e-05,-1.25e-05,0.0,-7.9e-05,-3.04e-05,0.0,-0.0007387,-0.0088636,False
IND50,2024-05-30,22488.6504,2024-06-05,22620.3496,4,6,0.0625,0.0005464,-6.25e-05,-1.25e-05,0.0,-6.77e-05,-2.6e-05,0.0,0.0003777,0.0058563,False
IND50,2024-06-27,24044.5,2024-07-03,24286.5,4,6,0.0625,0.0006283,-6.25e-05,-1.25e-05,0.0,-6.77e-05,-2.6e-05,0.0,0.0004596,0.0100647,False
IND50,2024-07-30,24857.3008,2024-08-05,24055.5996,4,6,0.0625,-0.0020212,-6.25e-05,-1.25e-05,0.0,-6.77e-05,-2.6e-05,0.0,-0.0021899,-0.0322521,False
IND50,2024-08-29,25151.9492,2024-09-04,25198.6992,4,6,0.0625,0.0001168,-6.25e-05,-1.25e-05,0.0,-6.77e-05,-2.6e-05,0.0,-5.19e-05,0.0018587,False
IND50,2024-09-27,26178.9492,2024-10-04,25014.5996,4,7,0.0625,-0.0028203,-6.25e-05,-1.25e-05,0.0,-7.9e-05,-3.04e-05,0.0,-0.0030047,-0.0444766,False
IND50,2024-10-30,24340.8496,2024-11-01,24304.3496,2,2,0.0625,-9.23e-05,-6.25e-05,-1.25e-05,0.0,-2.26e-05,-8.7e-06,0.0,-0.0001985,-0.0014995,False
IND50,2024-11-04,23995.3496,2024-11-05,24213.3008,1,1,0.0625,0.0005677,-6.25e-05,-1.25e-05,0.0,-1.13e-05,-4.3e-06,0.0,0.0004771,0.0090831,False
IND50,2024-11-28,23914.1504,2024-12-04,24467.4492,4,6,0.0625,0.001435,-6.25e-05,-1.25e-05,0.0,-6.77e-05,-2.6e-05,0.0,0.0012662,0.0231369,False
IND50,2024-12-30,23644.9004,2025-01-03,24004.75,4,4,0.0625,0.0009572,-6.25e-05,-1.25e-05,0.0,-4.51e-05,-1.74e-05,0.0,0.0008197,0.0152189,False
IND50,2025-01-30,23249.5,2025-02-04,23739.25,4,5,0.0625,0.0013157,-6.25e-05,-1.25e-05,0.0,-5.64e-05,-2.17e-05,0.0,0.0011626,0.021065,False
IND50,2025-02-27,22545.0508,2025-03-05,22337.3008,4,6,0.0625,-0.0005634,-6.25e-05,-1.25e-05,0.0,-6.51e-05,-2.6e-05,0.0,-0.0007295,-0.0092149,False
IND50,2025-03-27,23591.9492,2025-04-01,23165.6992,2,5,0.0625,-0.0011321,-6.25e-05,-1.25e-05,0.0,-5.43e-05,-2.17e-05,0.0,-0.0012831,-0.0180676,False
IND50,2025-04-02,23332.3496,2025-04-03,23250.0996,1,1,0.0625,-0.0002203,-6.25e-05,-1.25e-05,0.0,-1.09e-05,-4.3e-06,0.0,-0.0003105,-0.0035251,False
IND50,2025-04-29,24335.9492,2025-05-06,24379.5996,4,7,0.0625,0.000113,-6.25e-05,-1.25e-05,0.0,-7.29e-05,-3.04e-05,0.0,-6.53e-05,0.0017937,False
IND50,2025-05-29,24833.5996,2025-06-04,24620.1992,4,6,0.0625,-0.0005371,-6.25e-05,-1.25e-05,0.0,-6.25e-05,-2.6e-05,0.0,-0.0007007,-0.0085932,False
IND50,2025-06-27,25637.8008,2025-07-03,25405.3008,4,6,0.0625,-0.0005682,-6.25e-05,-1.25e-05,0.0,-5.73e-05,-2.6e-05,0.0,-0.0007265,-0.0090686,False
IND50,2025-07-30,24855.0508,2025-08-05,24649.5508,4,6,0.0625,-0.0005149,-6.25e-05,-1.25e-05,0.0,-5.73e-05,-2.6e-05,0.0,-0.0006732,-0.0082679,False
IND50,2025-08-28,24500.9004,2025-09-03,24715.0508,4,6,0.0625,0.0005473,-6.25e-05,-1.25e-05,0.0,-5.73e-05,-2.6e-05,0.0,0.000389,0.0087405,False
IND50,2025-09-29,24634.9004,2025-10-06,25077.6504,4,7,0.0625,0.0011178,-6.25e-05,-1.25e-05,0.0,-6.68e-05,-3.04e-05,0.0,0.0009456,0.0179725,False
IND50,2025-10-30,25877.8496,2025-11-06,25509.6992,4,7,0.0625,-0.0008927,-6.25e-05,-1.25e-05,0.0,-6.68e-05,-3.04e-05,0.0,-0.0010649,-0.0142265,False
IND50,2025-11-27,26215.5508,2025-12-03,25986.0,4,6,0.0625,-0.0005486,-6.25e-05,-1.25e-05,0.0,-5.73e-05,-2.6e-05,0.0,-0.0007069,-0.0087563,False
IND50,2025-12-30,25938.8496,2026-01-05,26250.3008,4,6,0.0625,0.0007495,-6.25e-05,-1.25e-05,0.0,-5.47e-05,-2.6e-05,0.0,0.0005937,0.0120071,False
IND50,2026-01-29,25418.9004,2026-02-04,25776.0,4,6,0.0625,0.0008951,-6.25e-05,-1.25e-05,0.0,-5.47e-05,-2.6e-05,0.0,0.0007394,0.0140486,False
IND50,2026-02-26,25496.5508,2026-03-05,24765.9004,4,7,0.0625,-0.0017957,-6.25e-05,-1.25e-05,0.0,-6.38e-05,-3.04e-05,0.0,-0.0019648,-0.0286568,False
IND50,2026-03-27,22819.5996,2026-04-06,22968.25,4,10,0.0625,0.0004318,-6.25e-05,-1.25e-05,0.0,-9.11e-05,-4.34e-05,0.0,0.0002223,0.0065142,False
IND50,2026-04-29,24177.6504,2026-05-06,24330.9492,4,7,0.0625,0.0004027,-6.25e-05,-1.25e-05,0.0,-6.38e-05,-3.04e-05,0.0,0.0002336,0.0063405,False
IND50,2026-05-27,23907.1504,2026-06-03,23405.5996,4,7,0.0625,-0.0013155,-6.25e-05,-1.25e-05,0.0,-6.38e-05,-3.04e-05,0.0,-0.0014847,-0.0209791,False
IND50,2026-06-29,23946.25,2026-07-03,24270.8496,4,4,0.0625,0.000845,-6.25e-05,-1.25e-05,0.0,-3.65e-05,-1.74e-05,0.0,0.0007162,0.0135553,False
IND50,2026-07-30,24317.1504,2026-07-31,24383.5996,1,1,0.0625,0.0001708,-6.25e-05,-1.25e-05,0.0,-9.1e-06,-4.3e-06,0.0,8.23e-05,0.0027326,False
KOR200,1999-05-28,732.24,1999-06-03,778.21,4,6,0.0625,0.0038491,-6.25e-05,-1.25e-05,0.0,-4.95e-05,-2.6e-05,0.0,0.0036986,0.06278,False
KOR200,1999-06-29,897.45,1999-07-05,962.84,4,6,0.0625,0.0044941,-6.25e-05,-1.25e-05,0.0,-4.95e-05,-2.6e-05,0.0,0.0043436,0.072862,False
KOR200,1999-07-29,998.71,1999-08-04,975.45,4,6,0.0625,-0.0014364,-6.25e-05,-1.25e-05,0.0,-4.95e-05,-2.6e-05,0.0,-0.0015869,-0.0232901,False
KOR200,1999-08-30,942.57,1999-09-03,910.62,4,4,0.0625,-0.0021096,-6.25e-05,-1.25e-05,0.0,-3.3e-05,-1.74e-05,0.0,-0.0022349,-0.0338967,False
KOR200,1999-09-29,868.88,1999-10-05,791.55,4,6,0.0625,-0.0057257,-6.25e-05,-1.25e-05,0.0,-4.95e-05,-2.6e-05,0.0,-0.0058762,-0.0889997,False
KOR200,1999-10-28,820.95,1999-11-03,887.15,4,6,0.0625,0.0049426,-6.25e-05,-1.25e-05,0.0,-4.95e-05,-2.6e-05,0.0,0.0047921,0.0806383,False
KOR200,1999-11-29,964.26,1999-12-03,966.59,4,4,0.0625,0.0002168,-6.25e-05,-1.25e-05,0.0,-3.3e-05,-1.74e-05,0.0,9.15e-05,0.0024164,False
KOR200,1999-12-27,1005.73,2000-01-06,960.79,4,10,0.0625,-0.0026383,-6.25e-05,-1.25e-05,0.0,-8.25e-05,-4.34e-05,0.0,-0.0028391,-0.044684,False
KOR200,2000-01-28,941.67,2000-02-03,950.22,4,6,0.0625,0.0005826,-6.25e-05,-1.25e-05,0.0,-4.95e-05,-2.6e-05,0.0,0.0004321,0.0090796,False
KOR200,2000-02-28,819.01,2000-03-06,909.33,4,7,0.0625,0.0067404,-6.25e-05,-1.25e-05,0.0,-6.08e-05,-3.04e-05,0.0,0.0065743,0.1102795,False
KOR200,2000-03-30,889.95,2000-04-06,804.35,4,7,0.0625,-0.0062352,-6.25e-05,-1.25e-05,0.0,-6.08e-05,-3.04e-05,0.0,-0.0064014,-0.0961852,False
KOR200,2000-04-27,692.07,2000-05-04,751.29,4,7,0.0625,0.0052447,-6.25e-05,-1.25e-05,0.0,-6.08e-05,-3.04e-05,0.0,0.0050786,0.0855693,False
KOR200,2000-05-30,691.26,2000-06-05,794.21,4,6,0.0625,0.00887,-6.25e-05,-1.25e-05,0.0,-5.21e-05,-2.6e-05,0.0,0.0087169,0.148931,False
KOR200,2000-06-29,818.9,2000-07-05,830.4,4,6,0.0625,0.0009,-6.25e-05,-1.25e-05,0.0,-5.21e-05,-2.6e-05,0.0,0.0007468,0.0140432,False
KOR200,2000-07-28,692.65,2000-08-03,722.08,4,6,0.0625,0.002642,-6.25e-05,-1.25e-05,0.0,-5.21e-05,-2.6e-05,0.0,0.0024888,0.042489,False
KOR200,2000-08-30,718.93,2000-09-05,679.24,4,6,0.0625,-0.0034832,-6.25e-05,-1.25e-05,0.0,-5.21e-05,-2.6e-05,0.0,-0.0036364,-0.055207,False
KOR200,2000-09-28,605.85,2000-10-05,606.79,4,7,0.0625,0.0001642,-6.25e-05,-1.25e-05,0.0,-6.08e-05,-3.04e-05,0.0,-1.9e-06,0.0015515,False
KOR200,2000-10-30,504.73,2000-11-03,560.41,4,4,0.0625,0.0066942,-6.25e-05,-1.25e-05,0.0,-3.65e-05,-1.74e-05,0.0,0.0065654,0.1103163,False
KOR200,2000-11-29,516.44,2000-12-05,516.96,4,6,0.0625,0.00012,-6.25e-05,-1.25e-05,0.0,-5.47e-05,-2.6e-05,0.0,-3.57e-05,0.0010069,False
KOR200,2000-12-22,500.6,2001-01-04,558.02,4,13,0.0625,0.0069678,-6.25e-05,-1.25e-05,0.0,-0.0001185,-5.64e-05,0.0,0.0067179,0.1147024,False
KOR200,2001-01-30,591.34,2001-02-05,579.16,4,6,0.0625,-0.0011607,-6.25e-05,-1.25e-05,0.0,-5.47e-05,-2.6e-05,0.0,-0.0013165,-0.0205974,False
KOR200,2001-02-27,577.57,2001-03-06,568.15,4,7,0.0625,-0.0009902,-6.25e-05,-1.25e-05,0.0,-6.08e-05,-3.04e-05,0.0,-0.0011564,-0.0163097,False
KOR200,2001-03-29,523.8,2001-04-04,493.69,4,6,0.0625,-0.0036642,-6.25e-05,-1.25e-05,0.0,-5.21e-05,-2.6e-05,0.0,-0.0038173,-0.0574837,False
KOR200,2001-04-27,556.63,2001-05-04,585.6,4,7,0.0625,0.0032172,-6.25e-05,-1.25e-05,0.0,-6.08e-05,-3.04e-05,0.0,0.0030511,0.0520453,False
KOR200,2001-05-30,628.42,2001-06-05,597.66,4,6,0.0625,-0.003097,-6.25e-05,-1.25e-05,0.0,-5.21e-05,-2.6e-05,0.0,-0.0032502,-0.0489482,False
KOR200,2001-06-28,583.27,2001-07-04,597.25,4,6,0.0625,0.0014946,-6.25e-05,-1.25e-05,0.0,-5.21e-05,-2.6e-05,0.0,0.0013415,0.0239683,False
KOR200,2001-07-30,533.53,2001-08-03,568.69,4,4,0.0625,0.0040449,-6.25e-05,-1.25e-05,0.0,-3.3e-05,-1.74e-05,0.0,0.0039195,0.0659006,False
KOR200,2001-08-30,564.36,2001-09-05,551.91,4,6,0.0625,-0.0013211,-6.25e-05,-1.25e-05,0.0,-4.69e-05,-2.6e-05,0.0,-0.001469,-0.0220604,False
KOR200,2001-09-27,472.38,2001-10-08,496.13,4,11,0.0625,0.0031357,-6.25e-05,-1.25e-05,0.0,-7.64e-05,-4.77e-05,0.0,0.0029365,0.0502773,False
KOR200,2001-10-30,533.87,2001-11-05,561.62,4,6,0.0625,0.0031898,-6.25e-05,-1.25e-05,0.0,-4.17e-05,-2.6e-05,0.0,0.0030471,0.0519789,False
KOR200,2001-11-29,628.86,2001-12-05,688.31,4,6,0.0625,0.0057717,-6.25e-05,-1.25e-05,0.0,-4.17e-05,-2.6e-05,0.0,0.005629,0.0945362,False
KOR200,2001-12-27,668.55,2002-01-04,747.72,4,8,0.0625,0.0071233,-6.25e-05,-1.25e-05,0.0,-5.56e-05,-3.47e-05,0.0,0.006958,0.1184204,False
KOR200,2002-01-30,749.45,2002-02-05,739.91,4,6,0.0625,-0.0007848,-6.25e-05,-1.25e-05,0.0,-4.17e-05,-2.6e-05,0.0,-0.0009275,-0.0127294,False
KOR200,2002-02-27,822.11,2002-03-06,843.06,4,7,0.0625,0.001585,-6.25e-05,-1.25e-05,0.0,-4.86e-05,-3.04e-05,0.0,0.001431,0.0254832,False
KOR200,2002-03-28,892.67,2002-04-03,918.59,4,6,0.0625,0.001846,-6.25e-05,-1.25e-05,0.0,-4.17e-05,-2.6e-05,0.0,0.0017033,0.0290365,False
KOR200,2002-04-29,838.51,2002-05-06,826.87,4,7,0.0625,-0.0008204,-6.25e-05,-1.25e-05,0.0,-4.86e-05,-3.04e-05,0.0,-0.0009744,-0.0138818,False
KOR200,2002-05-30,815.61,2002-06-05,809.59,4,6,0.0625,-0.0004412,-6.25e-05,-1.25e-05,0.0,-4.43e-05,-2.6e-05,0.0,-0.0005866,-0.0073809,False
KOR200,2002-06-27,710.43,2002-07-04,768.74,4,7,0.0625,0.0050092,-6.25e-05,-1.25e-05,0.0,-5.16e-05,-3.04e-05,0.0,0.0048522,0.082077,False
KOR200,2002-07-30,724.08,2002-08-05,675.76,4,6,0.0625,-0.0042642,-6.25e-05,-1.25e-05,0.0,-4.43e-05,-2.6e-05,0.0,-0.0044096,-0.066733,False
KOR200,2002-08-29,724.94,2002-09-04,723.05,4,6,0.0625,-0.0001166,-6.25e-05,-1.25e-05,0.0,-4.43e-05,-2.6e-05,0.0,-0.0002619,-0.0026071,False
KOR200,2002-09-27,663.72,2002-10-04,650.92,4,7,0.0625,-0.0011913,-6.25e-05,-1.25e-05,0.0,-5.16e-05,-3.04e-05,0.0,-0.0013483,-0.0192852,False
KOR200,2002-10-30,658.03,2002-11-05,664.9,4,6,0.0625,0.0007082,-6.25e-05,-1.25e-05,0.0,-4.43e-05,-2.6e-05,0.0,0.0005628,0.0104402,False
KOR200,2002-11-28,714.54,2002-12-04,714.5,4,6,0.0625,3.56e-05,-6.25e-05,-1.25e-05,0.0,-4.43e-05,-2.6e-05,0.0,-0.0001097,-5.59e-05,False
KOR200,2002-12-27,656.92,2003-01-06,666.71,4,10,0.0625,0.0010465,-6.25e-05,-1.25e-05,0.0,-7.38e-05,-4.34e-05,0.0,0.0008543,0.0149029,False
KOR200,2003-01-29,583.35,2003-02-05,600.68,4,7,0.0625,0.0018445,-6.25e-05,-1.25e-05,0.0,-5.16e-05,-3.04e-05,0.0,0.0016875,0.0297078,False
KOR200,2003-02-27,582.46,2003-03-05,560.26,4,6,0.0625,-0.0023623,-6.25e-05,-1.25e-05,0.0,-4.43e-05,-2.6e-05,0.0,-0.0025076,-0.0381142,False
KOR200,2003-03-28,556.33,2003-04-03,545.24,4,6,0.0625,-0.0012109,-6.25e-05,-1.25e-05,0.0,-4.43e-05,-2.6e-05,0.0,-0.0013562,-0.0199343,False
KOR200,2003-04-29,597.36,2003-05-07,618.08,4,8,0.0625,0.0021518,-6.25e-05,-1.25e-05,0.0,-5.9e-05,-3.47e-05,0.0,0.0019831,0.034686,False
KOR200,2003-05-29,632.43,2003-06-04,640.27,4,6,0.0625,0.0007993,-6.25e-05,-1.25e-05,0.0,-4.17e-05,-2.6e-05,0.0,0.0006566,0.0123967,False
KOR200,2003-06-27,677.28,2003-07-03,686.83,4,6,0.0625,0.0008888,-6.25e-05,-1.25e-05,0.0,-4.17e-05,-2.6e-05,0.0,0.0007461,0.0141005,False
KOR200,2003-07-30,714.15,2003-08-05,721.84,4,6,0.0625,0.0006861,-6.25e-05,-1.25e-05,0.0,-3.91e-05,-2.6e-05,0.0,0.000546,0.010768,False
KOR200,2003-08-28,752.81,2003-09-03,766.32,4,6,0.0625,0.0011156,-6.25e-05,-1.25e-05,0.0,-3.91e-05,-2.6e-05,0.0,0.0009755,0.0179461,False
KOR200,2003-09-29,696.06,2003-10-06,723.13,4,7,0.0625,0.0023989,-6.25e-05,-1.25e-05,0.0,-4.56e-05,-3.04e-05,0.0,0.0022479,0.0388903,False
KOR200,2003-10-30,785.94,2003-11-05,805.51,4,6,0.0625,0.0015477,-6.25e-05,-1.25e-05,0.0,-3.91e-05,-2.6e-05,0.0,0.0014076,0.0249001,False
KOR200,2003-11-27,781.68,2003-12-03,808.34,4,6,0.0625,0.0021129,-6.25e-05,-1.25e-05,0.0,-3.91e-05,-2.6e-05,0.0,0.0019728,0.0341061,False
KOR200,2003-12-29,792.44,2004-01-06,823.43,4,8,0.0625,0.0024196,-6.25e-05,-1.25e-05,0.0,-5.21e-05,-3.47e-05,0.0,0.0022578,0.039107,False
KOR200,2004-01-29,853.47,2004-02-04,835.5,4,6,0.0625,-0.0013166,-6.25e-05,-1.25e-05,0.0,-3.91e-05,-2.6e-05,0.0,-0.0014567,-0.0210552,False
KOR200,2004-02-26,864.86,2004-03-04,907.43,4,7,0.0625,0.0030328,-6.25e-05,-1.25e-05,0.0,-4.56e-05,-3.04e-05,0.0,0.0028818,0.0492218,False
KOR200,2004-03-30,873.46,2004-04-06,906.19,4,7,0.0625,0.0023213,-6.25e-05,-1.25e-05,0.0,-4.56e-05,-3.04e-05,0.0,0.0021704,0.0374716,False
KOR200,2004-04-29,875.41,2004-05-06,837.68,4,7,0.0625,-0.0027087,-6.25e-05,-1.25e-05,0.0,-4.56e-05,-3.04e-05,0.0,-0.0028597,-0.0430998,False
KOR200,2004-05-28,816.51,2004-06-03,770.06,4,6,0.0625,-0.0035815,-6.25e-05,-1.25e-05,0.0,-3.91e-05,-2.6e-05,0.0,-0.0037216,-0.0568885,False
KOR200,2004-06-29,778.72,2004-07-05,756.72,4,6,0.0625,-0.0017585,-6.25e-05,-1.25e-05,0.0,-3.91e-05,-2.6e-05,0.0,-0.0018986,-0.0282515,False
KOR200,2004-07-29,730.61,2004-08-04,729.41,4,6,0.0625,-8.36e-05,-6.25e-05,-1.25e-05,0.0,-3.91e-05,-2.6e-05,0.0,-0.0002237,-0.0016425,False
KOR200,2004-08-30,805.19,2004-09-03,820.69,4,4,0.0625,0.0012033,-6.25e-05,-1.25e-05,0.0,-2.43e-05,-1.74e-05,0.0,0.0010867,0.0192501,False
KOR200,2004-09-24,832.1,2004-10-05,884.84,4,11,0.0625,0.0038988,-6.25e-05,-1.25e-05,0.0,-6.68e-05,-4.77e-05,0.0,0.0037092,0.0633819,False
KOR200,2004-10-28,833.54,2004-11-03,861.05,4,6,0.0625,0.0020438,-6.25e-05,-1.25e-05,0.0,-3.65e-05,-2.6e-05,0.0,0.0019063,0.0330038,False
KOR200,2004-11-29,865.4,2004-12-03,882.55,4,4,0.0625,0.0012354,-6.25e-05,-1.25e-05,0.0,-2.26e-05,-1.74e-05,0.0,0.0011205,0.0198174,False
KOR200,2004-12-29,884.27,2005-01-05,885.19,4,7,0.0625,7.25e-05,-6.25e-05,-1.25e-05,0.0,-3.95e-05,-3.04e-05,0.0,-7.24e-05,0.0010404,False
KOR200,2005-01-28,921.59,2005-02-03,928.79,4,6,0.0625,0.000496,-6.25e-05,-1.25e-05,0.0,-3.39e-05,-2.6e-05,0.0,0.0003611,0.0078125,False
KOR200,2005-02-25,996.95,2005-03-04,1012.96,4,7,0.0625,0.0010031,-6.25e-05,-1.25e-05,0.0,-3.95e-05,-3.04e-05,0.0,0.0008583,0.016059,False
KOR200,2005-03-30,955.45,2005-04-06,988.0,4,7,0.0625,0.002107,-6.25e-05,-1.25e-05,0.0,-3.95e-05,-3.04e-05,0.0,0.0019622,0.0340677,False
KOR200,2005-04-28,917.73,2005-05-04,929.35,4,6,0.0625,0.0007995,-6.25e-05,-1.25e-05,0.0,-3.39e-05,-2.6e-05,0.0,0.0006646,0.0126617,False
KOR200,2005-05-30,969.04,2005-06-03,976.09,4,4,0.0625,0.0004541,-6.25e-05,-1.25e-05,0.0,-2.26e-05,-1.74e-05,0.0,0.0003391,0.0072753,False
KOR200,2005-06-29,999.08,2005-07-05,1018.81,4,6,0.0625,0.0012284,-6.25e-05,-1.25e-05,0.0,-3.39e-05,-2.6e-05,0.0,0.0010935,0.0197481,False
KOR200,2005-07-28,1104.72,2005-08-03,1117.11,4,6,0.0625,0.000699,-6.25e-05,-1.25e-05,0.0,-3.39e-05,-2.6e-05,0.0,0.0005641,0.0112155,False
KOR200,2005-08-30,1072.61,2005-09-05,1114.5,4,6,0.0625,0.0024138,-6.25e-05,-1.25e-05,0.0,-3.39e-05,-2.6e-05,0.0,0.0022789,0.0390543,False
KOR200,2005-09-29,1231.22,2005-10-06,1202.49,4,7,0.0625,-0.0014458,-6.25e-05,-1.25e-05,0.0,-3.95e-05,-3.04e-05,0.0,-0.0015907,-0.0233346,False
KOR200,2005-10-28,1140.72,2005-11-03,1217.97,4,6,0.0625,0.0041345,-6.25e-05,-1.25e-05,0.0,-3.65e-05,-2.6e-05,0.0,0.003997,0.0677204,False
KOR200,2005-11-29,1279.38,2005-12-05,1315.15,4,6,0.0625,0.0017317,-6.25e-05,-1.25e-05,0.0,-3.65e-05,-2.6e-05,0.0,0.0015942,0.0279589,False
KOR200,2005-12-28,1368.16,2006-01-04,1402.11,4,7,0.0625,0.001537,-6.25e-05,-1.25e-05,0.0,-4.56e-05,-3.04e-05,0.0,0.001386,0.0248143,False
KOR200,2006-01-27,1384.5601,2006-02-03,1333.5,4,7,0.0625,-0.0023072,-6.25e-05,-1.25e-05,0.0,-4.56e-05,-3.04e-05,0.0,-0.0024581,-0.0368782,False
KOR200,2006-02-27,1374.88,2006-03-06,1344.76,4,7,0.0625,-0.001354,-6.25e-05,-1.25e-05,0.0,-4.86e-05,-3.04e-05,0.0,-0.001508,-0.0219074,False
KOR200,2006-03-30,1338.14,2006-04-05,1388.77,4,6,0.0625,0.0023366,-6.25e-05,-1.25e-05,0.0,-4.17e-05,-2.6e-05,0.0,0.0021939,0.0378361,False
KOR200,2006-04-27,1452.53,2006-05-04,1441.02,4,7,0.0625,-0.000477,-6.25e-05,-1.25e-05,0.0,-4.86e-05,-3.04e-05,0.0,-0.000631,-0.0079241,False
KOR200,2006-05-29,1329.22,2006-06-05,1301.62,4,7,0.0625,-0.0012951,-6.25e-05,-1.25e-05,0.0,-4.86e-05,-3.04e-05,0.0,-0.0014491,-0.020764,False
KOR200,2006-06-29,1263.02,2006-07-05,1279.85,4,6,0.0625,0.0008493,-6.25e-05,-1.25e-05,0.0,-4.43e-05,-2.6e-05,0.0,0.000704,0.0133252,False
KOR200,2006-07-28,1297.0699,2006-08-03,1292.05,4,6,0.0625,-0.000239,-6.25e-05,-1.25e-05,0.0,-4.43e-05,-2.6e-05,0.0,-0.0003843,-0.0038702,False
KOR200,2006-08-30,1341.35,2006-09-05,1361.24,4,6,0.0625,0.0009226,-6.25e-05,-1.25e-05,0.0,-4.69e-05,-2.6e-05,0.0,0.0007747,0.0148284,False
KOR200,2006-09-28,1371.4301,2006-10-09,1319.4,4,11,0.0625,-0.0023905,-6.25e-05,-1.25e-05,0.0,-8.59e-05,-4.77e-05,0.0,-0.0025991,-0.0379385,False
KOR200,2006-10-30,1356.11,2006-11-03,1383.88,4,4,0.0625,0.0012712,-6.25e-05,-1.25e-05,0.0,-3.13e-05,-1.74e-05,0.0,0.0011476,0.0204777,False
KOR200,2006-11-29,1422.55,2006-12-05,1420.59,4,6,0.0625,-8.32e-05,-6.25e-05,-1.25e-05,0.0,-4.69e-05,-2.6e-05,0.0,-0.0002311,-0.0013779,False
KOR200,2006-12-27,1425.1,2007-01-04,1397.29,4,8,0.0625,-0.0012177,-6.25e-05,-1.25e-05,0.0,-6.25e-05,-3.47e-05,0.0,-0.00139,-0.0195144,False
KOR200,2007-01-30,1370.72,2007-02-05,1417.95,4,6,0.0625,0.0021428,-6.25e-05,-1.25e-05,0.0,-4.69e-05,-2.6e-05,0.0,0.0019948,0.0344563,False
KOR200,2007-02-27,1454.6,2007-03-07,1410.95,4,8,0.0625,-0.0018438,-6.25e-05,-1.25e-05,0.0,-6.25e-05,-3.47e-05,0.0,-0.002016,-0.0300083,False
KOR200,2007-03-29,1450.95,2007-04-04,1483.41,4,6,0.0625,0.0013894,-6.25e-05,-1.25e-05,0.0,-4.69e-05,-2.6e-05,0.0,0.0012415,0.0223716,False
KOR200,2007-04-27,1542.52,2007-05-04,1567.74,4,7,0.0625,0.0010166,-6.25e-05,-1.25e-05,0.0,-5.47e-05,-3.04e-05,0.0,0.0008565,0.0163498,False
KOR200,2007-05-30,1662.72,2007-06-05,1742.1899,4,6,0.0625,0.0029418,-6.25e-05,-1.25e-05,0.0,-4.69e-05,-2.6e-05,0.0,0.0027939,0.0477952,False
KOR200,2007-06-28,1751.75,2007-07-04,1838.41,4,6,0.0625,0.0030481,-6.25e-05,-1.25e-05,0.0,-4.69e-05,-2.6e-05,0.0,0.0029002,0.0494705,False
KOR200,2007-07-30,1906.71,2007-08-03,1876.8,4,4,0.0625,-0.0009263,-6.25e-05,-1.25e-05,0.0,-3.3e-05,-1.74e-05,0.0,-0.0010517,-0.0156867,False
KOR200,2007-08-30,1841.7,2007-09-05,1865.59,4,6,0.0625,0.0008164,-6.25e-05,-1.25e-05,0.0,-5.21e-05,-2.6e-05,0.0,0.0006633,0.0129717,False
KOR200,2007-09-27,1945.28,2007-10-04,2003.6,4,7,0.0625,0.0018703,-6.25e-05,-1.25e-05,0.0,-6.08e-05,-3.04e-05,0.0,0.0017042,0.0299802,False
KOR200,2007-10-30,2052.3701,2007-11-05,2015.76,4,6,0.0625,-0.0011094,-6.25e-05,-1.25e-05,0.0,-5.21e-05,-2.6e-05,0.0,-0.0012625,-0.017838,False
KOR200,2007-11-29,1877.5601,2007-12-05,1938.2,4,6,0.0625,0.0019994,-6.25e-05,-1.25e-05,0.0,-5.21e-05,-2.6e-05,0.0,0.0018463,0.0322972,False
KOR200,2007-12-27,1908.62,2008-01-04,1863.9,4,8,0.0625,-0.0014627,-6.25e-05,-1.25e-05,0.0,-6.94e-05,-3.47e-05,0.0,-0.0016419,-0.0234305,False
KOR200,2008-01-30,1589.0601,2008-02-05,1696.5699,4,6,0.0625,0.004144,-6.25e-05,-1.25e-05,0.0,-5.21e-05,-2.6e-05,0.0,0.0039909,0.0676563,False
KOR200,2008-02-28,1736.17,2008-03-05,1677.1,4,6,0.0625,-0.0021397,-6.25e-05,-1.25e-05,0.0,-5.21e-05,-2.6e-05,0.0,-0.0022928,-0.0340232,False
KOR200,2008-03-28,1701.83,2008-04-03,1763.63,4,6,0.0625,0.0022511,-6.25e-05,-1.25e-05,0.0,-5.21e-05,-2.6e-05,0.0,0.002098,0.0363139,False
KOR200,2008-04-29,1811.51,2008-05-07,1854.01,4,8,0.0625,0.0014574,-6.25e-05,-1.25e-05,0.0,-6.94e-05,-3.47e-05,0.0,0.0012782,0.0234611,False
KOR200,2008-05-29,1841.22,2008-06-04,1833.8101,4,6,0.0625,-0.0002415,-6.25e-05,-1.25e-05,0.0,-5.21e-05,-2.6e-05,0.0,-0.0003946,-0.0040245,False
KOR200,2008-06-27,1684.45,2008-07-03,1606.54,4,6,0.0625,-0.0029335,-6.25e-05,-1.25e-05,0.0,-5.21e-05,-2.6e-05,0.0,-0.0030866,-0.0462524,False
KOR200,2008-07-30,1577.7,2008-08-05,1535.54,4,6,0.0625,-0.0016711,-6.25e-05,-1.25e-05,0.0,-5.21e-05,-2.6e-05,0.0,-0.0018242,-0.0267224,False
KOR200,2008-08-28,1474.15,2008-09-03,1426.89,4,6,0.0625,-0.0019767,-6.25e-05,-1.25e-05,0.0,-5.47e-05,-2.6e-05,0.0,-0.0021324,-0.0320592,False
KOR200,2008-09-29,1456.36,2008-10-06,1358.75,4,7,0.0625,-0.0042686,-6.25e-05,-1.25e-05,0.0,-6.38e-05,-3.04e-05,0.0,-0.0044377,-0.0670233,False
KOR200,2008-10-30,1084.72,2008-11-05,1181.5,4,6,0.0625,0.0054014,-6.25e-05,-1.25e-05,0.0,-4.43e-05,-2.6e-05,0.0,0.0052561,0.0892212,False
KOR200,2008-11-27,1063.48,2008-12-03,1022.67,4,6,0.0625,-0.0023972,-6.25e-05,-1.25e-05,0.0,-4.17e-05,-2.6e-05,0.0,-0.0025399,-0.038374,False
KOR200,2008-12-29,1117.59,2009-01-06,1194.28,4,8,0.0625,0.0041912,-6.25e-05,-1.25e-05,0.0,-4.17e-05,-3.47e-05,0.0,0.0040398,0.0686209,False
KOR200,2009-01-29,1166.5601,2009-02-04,1195.37,4,6,0.0625,0.0015603,-6.25e-05,-1.25e-05,0.0,-2.6e-05,-2.6e-05,0.0,0.0014332,0.0246965,False
KOR200,2009-02-26,1054.79,2009-03-04,1059.26,4,6,0.0625,0.0003562,-6.25e-05,-1.25e-05,0.0,-2.08e-05,-2.6e-05,0.0,0.0002343,0.0042378,False
KOR200,2009-03-30,1197.46,2009-04-03,1283.75,4,4,0.0625,0.0044052,-6.25e-05,-1.25e-05,0.0,-1.39e-05,-1.74e-05,0.0,0.0042989,0.0720609,False
KOR200,2009-04-29,1338.42,2009-05-07,1401.08,4,8,0.0625,0.0028907,-6.25e-05,-1.25e-05,0.0,-2.78e-05,-3.47e-05,0.0,0.0027532,0.0468163,False
KOR200,2009-05-28,1392.17,2009-06-03,1414.89,4,6,0.0625,0.001018,-6.25e-05,-1.25e-05,0.0,-2.08e-05,-2.6e-05,0.0,0.0008961,0.0163198,False
KOR200,2009-06-29,1388.45,2009-07-03,1420.04,4,4,0.0625,0.0014147,-6.25e-05,-1.25e-05,0.0,-1.39e-05,-1.74e-05,0.0,0.0013085,0.0227521,False
KOR200,2009-07-30,1534.74,2009-08-05,1559.47,4,6,0.0625,0.0010071,-6.25e-05,-1.25e-05,0.0,-2.08e-05,-2.6e-05,0.0,0.0008853,0.0161135,False
KOR200,2009-08-28,1607.9399,2009-09-03,1613.53,4,6,0.0625,0.0002331,-6.25e-05,-1.25e-05,0.0,-2.08e-05,-2.6e-05,0.0,0.0001112,0.0034766,False
KOR200,2009-09-29,1690.05,2009-10-06,1598.4399,4,7,0.0625,-0.0034532,-6.25e-05,-1.25e-05,0.0,-2.43e-05,-3.04e-05,0.0,-0.0035829,-0.0542056,False
KOR200,2009-10-29,1585.85,2009-11-04,1579.9301,4,6,0.0625,-0.0002149,-6.25e-05,-1.25e-05,0.0,-2.08e-05,-2.6e-05,0.0,-0.0003367,-0.003733,False
KOR200,2009-11-27,1524.5,2009-12-03,1615.0,4,6,0.0625,0.0036324,-6.25e-05,-1.25e-05,0.0,-2.08e-05,-2.6e-05,0.0,0.0035105,0.0593637,False
KOR200,2009-12-29,1672.48,2010-01-06,1705.3199,4,8,0.0625,0.0012211,-6.25e-05,-1.25e-05,0.0,-2.78e-05,-3.47e-05,0.0,0.0010836,0.0196355,False
KOR200,2010-01-28,1642.4301,2010-02-03,1615.02,4,6,0.0625,-0.0010269,-6.25e-05,-1.25e-05,0.0,-2.08e-05,-2.6e-05,0.0,-0.0011488,-0.0166887,False
KOR200,2010-02-25,1587.51,2010-03-04,1618.2,4,7,0.0625,0.0012033,-6.25e-05,-1.25e-05,0.0,-2.43e-05,-3.04e-05,0.0,0.0010737,0.0193321,False
KOR200,2010-03-30,1700.1899,2010-04-05,1724.99,4,6,0.0625,0.0009134,-6.25e-05,-1.25e-05,0.0,-2.08e-05,-2.6e-05,0.0,0.0007915,0.0145866,False
KOR200,2010-04-29,1728.42,2010-05-06,1684.71,4,7,0.0625,-0.0015823,-6.25e-05,-1.25e-05,0.0,-2.43e-05,-3.04e-05,0.0,-0.001712,-0.025289,False
KOR200,2010-05-28,1622.78,2010-06-04,1664.13,4,7,0.0625,0.0015895,-6.25e-05,-1.25e-05,0.0,-2.43e-05,-3.04e-05,0.0,0.0014598,0.0254809,False
KOR200,2010-06-29,1707.76,2010-07-05,1675.37,4,6,0.0625,-0.0011918,-6.25e-05,-1.25e-05,0.0,-2.08e-05,-2.6e-05,0.0,-0.0013137,-0.0189664,False
KOR200,2010-07-29,1770.88,2010-08-04,1789.26,4,6,0.0625,0.0006526,-6.25e-05,-1.25e-05,0.0,-2.34e-05,-2.6e-05,0.0,0.0005282,0.010379,False
KOR200,2010-08-30,1760.13,2010-09-03,1780.02,4,4,0.0625,0.0007117,-6.25e-05,-1.25e-05,0.0,-1.56e-05,-1.74e-05,0.0,0.0006037,0.0113003,False
KOR200,2010-09-29,1866.45,2010-10-05,1878.9399,4,6,0.0625,0.0004174,-6.25e-05,-1.25e-05,0.0,-2.34e-05,-2.6e-05,0.0,0.0002929,0.0066918,False
KOR200,2010-10-28,1907.87,2010-11-03,1935.97,4,6,0.0625,0.0009308,-6.25e-05,-1.25e-05,0.0,-2.34e-05,-2.6e-05,0.0,0.0008063,0.0147285,False
KOR200,2010-11-29,1895.54,2010-12-03,1957.26,4,4,0.0625,0.0020126,-6.25e-05,-1.25e-05,0.0,-1.74e-05,-1.74e-05,0.0,0.0019029,0.0325606,False
KOR200,2010-12-29,2043.49,2011-01-05,2082.55,4,7,0.0625,0.0011882,-6.25e-05,-1.25e-05,0.0,-3.04e-05,-3.04e-05,0.0,0.0010524,0.0191144,False
KOR200,2011-01-28,2107.8701,2011-02-08,2069.7,4,11,0.0625,-0.00113,-6.25e-05,-1.25e-05,0.0,-5.25e-05,-4.77e-05,0.0,-0.0013053,-0.0181084,False
KOR200,2011-02-25,1963.4301,2011-03-04,2004.6801,4,7,0.0625,0.0013294,-6.25e-05,-1.25e-05,0.0,-3.34e-05,-3.04e-05,0.0,0.0011906,0.0210092,False
KOR200,2011-03-30,2091.3799,2011-04-05,2130.4299,4,6,0.0625,0.001161,-6.25e-05,-1.25e-05,0.0,-3.13e-05,-2.6e-05,0.0,0.0010287,0.0186719,False
KOR200,2011-04-28,2208.3501,2011-05-04,2180.6399,4,6,0.0625,-0.0007713,-6.25e-05,-1.25e-05,0.0,-3.13e-05,-2.6e-05,0.0,-0.0009036,-0.0125479,False
KOR200,2011-05-30,2093.79,2011-06-03,2113.47,4,4,0.0625,0.0006064,-6.25e-05,-1.25e-05,0.0,-2.08e-05,-1.74e-05,0.0,0.0004932,0.0093992,False
KOR200,2011-06-29,2094.4199,2011-07-05,2161.75,4,6,0.0625,0.0019867,-6.25e-05,-1.25e-05,0.0,-3.39e-05,-2.6e-05,0.0,0.0018518,0.0321474,False
KOR200,2011-07-28,2155.8501,2011-08-03,2066.26,4,6,0.0625,-0.0026001,-6.25e-05,-1.25e-05,0.0,-3.39e-05,-2.6e-05,0.0,-0.0027349,-0.0415567,False
KOR200,2011-08-30,1843.8199,2011-09-05,1785.83,4,6,0.0625,-0.0019219,-6.25e-05,-1.25e-05,0.0,-3.39e-05,-2.6e-05,0.0,-0.0020568,-0.031451,False
KOR200,2011-09-29,1769.29,2011-10-07,1759.77,4,8,0.0625,-0.0001799,-6.25e-05,-1.25e-05,0.0,-4.51e-05,-3.47e-05,0.0,-0.0003348,-0.0053807,False
KOR200,2011-10-28,1929.48,2011-11-03,1869.96,4,6,0.0625,-0.0019468,-6.25e-05,-1.25e-05,0.0,-3.39e-05,-2.6e-05,0.0,-0.0020816,-0.0308477,False
KOR200,2011-11-29,1856.52,2011-12-05,1922.9,4,6,0.0625,0.0022389,-6.25e-05,-1.25e-05,0.0,-3.39e-05,-2.6e-05,0.0,0.002104,0.0357551,False
KOR200,2011-12-28,1825.12,2012-01-04,1866.22,4,7,0.0625,0.0014147,-6.25e-05,-1.25e-05,0.0,-3.95e-05,-3.04e-05,0.0,0.0012698,0.0225191,False
KOR200,2012-01-30,1940.55,2012-02-03,1972.34,4,4,0.0625,0.0010238,-6.25e-05,-1.25e-05,0.0,-2.26e-05,-1.74e-05,0.0,0.0009089,0.0163819,False
KOR200,2012-02-28,2003.6899,2012-03-06,2000.36,4,7,0.0625,-9.38e-05,-6.25e-05,-1.25e-05,0.0,-3.95e-05,-3.04e-05,0.0,-0.0002387,-0.0016619,False
KOR200,2012-03-29,2014.41,2012-04-04,2018.61,4,6,0.0625,0.000142,-6.25e-05,-1.25e-05,0.0,-3.39e-05,-2.6e-05,0.0,7.1e-06,0.002085,False
KOR200,2012-04-27,1975.35,2012-05-04,1989.15,4,7,0.0625,0.0004382,-6.25e-05,-1.25e-05,0.0,-3.95e-05,-3.04e-05,0.0,0.0002933,0.0069861,False
KOR200,2012-05-30,1844.86,2012-06-05,1801.85,4,6,0.0625,-0.0014452,-6.25e-05,-1.25e-05,0.0,-3.39e-05,-2.6e-05,0.0,-0.0015801,-0.0233134,False
KOR200,2012-06-28,1819.1801,2012-07-04,1874.45,4,6,0.0625,0.0018847,-6.25e-05,-1.25e-05,0.0,-3.39e-05,-2.6e-05,0.0,0.0017498,0.0303818,False
KOR200,2012-07-30,1843.79,2012-08-03,1848.6801,4,4,0.0625,0.0001837,-6.25e-05,-1.25e-05,0.0,-2.08e-05,-1.74e-05,0.0,7.05e-05,0.0026522,False
KOR200,2012-08-30,1906.38,2012-09-05,1874.03,4,6,0.0625,-0.0010594,-6.25e-05,-1.25e-05,0.0,-3.13e-05,-2.6e-05,0.0,-0.0011917,-0.0169693,False
KOR200,2012-09-27,1988.7,2012-10-05,1995.17,4,8,0.0625,0.0002036,-6.25e-05,-1.25e-05,0.0,-4.17e-05,-3.47e-05,0.0,5.22e-05,0.0032534,False
KOR200,2012-10-30,1899.58,2012-11-05,1908.22,4,6,0.0625,0.000291,-6.25e-05,-1.25e-05,0.0,-2.86e-05,-2.6e-05,0.0,0.0001614,0.0045484,False
KOR200,2012-11-29,1934.85,2012-12-05,1947.04,4,6,0.0625,0.0003943,-6.25e-05,-1.25e-05,0.0,-2.86e-05,-2.6e-05,0.0,0.0002647,0.0063003,False
KOR200,2012-12-27,1987.35,2013-01-04,2011.9399,4,8,0.0625,0.0007798,-6.25e-05,-1.25e-05,0.0,-3.82e-05,-3.47e-05,0.0,0.0006319,0.0123732,False
KOR200,2013-01-30,1964.4301,2013-02-05,1938.1801,4,6,0.0625,-0.0008386,-6.25e-05,-1.25e-05,0.0,-2.86e-05,-2.6e-05,0.0,-0.0009683,-0.0133627,False
KOR200,2013-02-27,2004.04,2013-03-06,2020.74,4,7,0.0625,0.0005241,-6.25e-05,-1.25e-05,0.0,-3.34e-05,-3.04e-05,0.0,0.0003853,0.0083331,False
KOR200,2013-03-28,1993.52,2013-04-03,1983.22,4,6,0.0625,-0.0003213,-6.25e-05,-1.25e-05,0.0,-2.86e-05,-2.6e-05,0.0,-0.000451,-0.0051668,False
KOR200,2013-04-29,1940.7,2013-05-06,1961.48,4,7,0.0625,0.0006712,-6.25e-05,-1.25e-05,0.0,-3.34e-05,-3.04e-05,0.0,0.0005324,0.0107075,False
KOR200,2013-05-30,2000.1,2013-06-05,1959.1899,4,6,0.0625,-0.0012833,-6.25e-05,-1.25e-05,0.0,-2.6e-05,-2.6e-05,0.0,-0.0014103,-0.020454,False
KOR200,2013-06-27,1834.7,2013-07-03,1824.66,4,6,0.0625,-0.0003264,-6.25e-05,-1.25e-05,0.0,-2.6e-05,-2.6e-05,0.0,-0.0004535,-0.0054722,False
KOR200,2013-07-30,1917.05,2013-08-05,1916.22,4,6,0.0625,-2.61e-05,-6.25e-05,-1.25e-05,0.0,-2.6e-05,-2.6e-05,0.0,-0.0001532,-0.000433,False
KOR200,2013-08-29,1907.54,2013-09-04,1933.03,4,6,0.0625,0.0008334,-6.25e-05,-1.25e-05,0.0,-2.6e-05,-2.6e-05,0.0,0.0007063,0.0133628,False
KOR200,2013-09-27,2011.8,2013-10-04,1996.98,4,7,0.0625,-0.0004603,-6.25e-05,-1.25e-05,0.0,-3.04e-05,-3.04e-05,0.0,-0.0005961,-0.0073666,False
KOR200,2013-10-30,2059.5801,2013-11-05,2013.9301,4,6,0.0625,-0.0013913,-6.25e-05,-1.25e-05,0.0,-2.6e-05,-2.6e-05,0.0,-0.0015183,-0.0221647,False
KOR200,2013-11-28,2045.77,2013-12-04,1986.8,4,6,0.0625,-0.0018191,-6.25e-05,-1.25e-05,0.0,-2.6e-05,-2.6e-05,0.0,-0.0019462,-0.0288253,False
KOR200,2013-12-27,2002.28,2014-01-06,1953.28,4,10,0.0625,-0.0015286,-6.25e-05,-1.25e-05,0.0,-4.34e-05,-4.34e-05,0.0,-0.0016904,-0.0244721,False
KOR200,2014-01-28,1916.9301,2014-02-05,1891.3199,4,8,0.0625,-0.0008224,-6.25e-05,-1.25e-05,0.0,-3.47e-05,-3.47e-05,0.0,-0.0009668,-0.01336,False
KOR200,2014-02-27,1978.4301,2014-03-05,1971.24,4,6,0.0625,-0.0002224,-6.25e-05,-1.25e-05,0.0,-2.6e-05,-2.6e-05,0.0,-0.0003494,-0.0036342,False
KOR200,2014-03-28,1981.0,2014-04-03,1993.7,4,6,0.0625,0.0004002,-6.25e-05,-1.25e-05,0.0,-2.6e-05,-2.6e-05,0.0,0.0002731,0.0064109,False
KOR200,2014-04-29,1964.77,2014-05-08,1950.6,4,9,0.0625,-0.0004482,-6.25e-05,-1.25e-05,0.0,-3.91e-05,-3.91e-05,0.0,-0.0006013,-0.0072121,False
KOR200,2014-05-29,2012.26,2014-06-05,1995.48,4,7,0.0625,-0.000519,-6.25e-05,-1.25e-05,0.0,-3.04e-05,-3.04e-05,0.0,-0.0006548,-0.0083389,False
KOR200,2014-06-27,1988.51,2014-07-03,2010.97,4,6,0.0625,0.0007057,-6.25e-05,-1.25e-05,0.0,-2.6e-05,-2.6e-05,0.0,0.0005787,0.0112949,False
KOR200,2014-07-30,2082.6101,2014-08-05,2066.26,4,6,0.0625,-0.0004904,-6.25e-05,-1.25e-05,0.0,-2.6e-05,-2.6e-05,0.0,-0.0006175,-0.0078508,False
KOR200,2014-08-28,2075.76,2014-09-03,2051.2,4,6,0.0625,-0.0007416,-6.25e-05,-1.25e-05,0.0,-2.34e-05,-2.6e-05,0.0,-0.000866,-0.0118318,False
KOR200,2014-09-29,2026.6,2014-10-06,1968.39,4,7,0.0625,-0.0018125,-6.25e-05,-1.25e-05,0.0,-2.73e-05,-3.04e-05,0.0,-0.0019452,-0.028723,False
KOR200,2014-10-30,1958.9301,2014-11-05,1931.4301,4,6,0.0625,-0.0008796,-6.25e-05,-1.25e-05,0.0,-2.08e-05,-2.6e-05,0.0,-0.0010014,-0.0140383,False
KOR200,2014-11-27,1982.09,2014-12-03,1969.91,4,6,0.0625,-0.0003832,-6.25e-05,-1.25e-05,0.0,-2.08e-05,-2.6e-05,0.0,-0.000505,-0.006145,False
KOR200,2014-12-29,1927.86,2015-01-06,1882.45,4,8,0.0625,-0.001477,-6.25e-05,-1.25e-05,0.0,-2.78e-05,-3.47e-05,0.0,-0.0016145,-0.0235546,False
KOR200,2015-01-29,1951.02,2015-02-04,1962.79,4,6,0.0625,0.000377,-6.25e-05,-1.25e-05,0.0,-2.08e-05,-2.6e-05,0.0,0.0002551,0.0060328,False
KOR200,2015-02-26,1993.08,2015-03-04,1998.29,4,6,0.0625,0.0001648,-6.25e-05,-1.25e-05,0.0,-2.08e-05,-2.6e-05,0.0,4.29e-05,0.0026141,False
KOR200,2015-03-30,2030.04,2015-04-03,2045.42,4,4,0.0625,0.0004759,-6.25e-05,-1.25e-05,0.0,-1.22e-05,-1.74e-05,0.0,0.0003713,0.0075762,False
KOR200,2015-04-29,2142.6299,2015-05-07,2091.0,4,8,0.0625,-0.0015161,-6.25e-05,-1.25e-05,0.0,-2.43e-05,-3.47e-05,0.0,-0.0016501,-0.0240965,False
KOR200,2015-05-28,2110.8899,2015-06-03,2063.1599,4,6,0.0625,-0.0014225,-6.25e-05,-1.25e-05,0.0,-1.82e-05,-2.6e-05,0.0,-0.0015418,-0.0226113,False
KOR200,2015-06-29,2060.49,2015-07-03,2104.4099,4,4,0.0625,0.0013243,-6.25e-05,-1.25e-05,0.0,-1.04e-05,-1.74e-05,0.0,0.0012215,0.0213153,False
KOR200,2015-07-30,2019.03,2015-08-05,2029.76,4,6,0.0625,0.0003388,-6.25e-05,-1.25e-05,0.0,-1.56e-05,-2.6e-05,0.0,0.0002221,0.0053144,False
KOR200,2015-08-28,1937.67,2015-09-03,1915.53,4,6,0.0625,-0.0007119,-6.25e-05,-1.25e-05,0.0,-1.56e-05,-2.6e-05,0.0,-0.0008286,-0.0114261,False
KOR200,2015-09-25,1942.85,2015-10-05,1978.25,4,10,0.0625,0.0011353,-6.25e-05,-1.25e-05,0.0,-2.6e-05,-4.34e-05,0.0,0.0009909,0.0182207,False
KOR200,2015-10-29,2034.16,2015-11-04,2052.77,4,6,0.0625,0.0005711,-6.25e-05,-1.25e-05,0.0,-1.56e-05,-2.6e-05,0.0,0.0004544,0.0091487,False
KOR200,2015-11-27,2028.99,2015-12-03,1994.0699,4,6,0.0625,-0.0010631,-6.25e-05,-1.25e-05,0.0,-1.56e-05,-2.6e-05,0.0,-0.0011798,-0.0172106,False
KOR200,2015-12-29,1966.3101,2016-01-06,1925.4301,4,8,0.0625,-0.0012966,-6.25e-05,-1.25e-05,0.0,-2.08e-05,-3.47e-05,0.0,-0.0014271,-0.0207902,False
KOR200,2016-01-28,1906.9399,2016-02-03,1890.67,4,6,0.0625,-0.0005289,-6.25e-05,-1.25e-05,0.0,-1.56e-05,-2.6e-05,0.0,-0.0006456,-0.0085319,False
KOR200,2016-02-26,1920.16,2016-03-04,1955.63,4,7,0.0625,0.0011531,-6.25e-05,-1.25e-05,0.0,-1.82e-05,-3.04e-05,0.0,0.0010294,0.0184724,False
KOR200,2016-03-30,2002.14,2016-04-05,1962.74,4,6,0.0625,-0.0012356,-6.25e-05,-1.25e-05,0.0,-1.56e-05,-2.6e-05,0.0,-0.0013523,-0.019679,False
KOR200,2016-04-28,2000.9301,2016-05-04,1976.71,4,6,0.0625,-0.0007575,-6.25e-05,-1.25e-05,0.0,-1.56e-05,-2.6e-05,0.0,-0.0008741,-0.0121044,False
KOR200,2016-05-30,1967.13,2016-06-03,1985.84,4,4,0.0625,0.0005938,-6.25e-05,-1.25e-05,0.0,-1.04e-05,-1.74e-05,0.0,0.000491,0.0095113,False
KOR200,2016-06-29,1956.36,2016-07-05,1989.85,4,6,0.0625,0.0010655,-6.25e-05,-1.25e-05,0.0,-1.3e-05,-2.6e-05,0.0,0.0009514,0.0171185,False
KOR200,2016-07-28,2021.1,2016-08-03,1994.79,4,6,0.0625,-0.000812,-6.25e-05,-1.25e-05,0.0,-1.3e-05,-2.6e-05,0.0,-0.0009261,-0.0130176,False
KOR200,2016-08-30,2039.74,2016-09-05,2060.0801,4,6,0.0625,0.0006242,-6.25e-05,-1.25e-05,0.0,-1.3e-05,-2.6e-05,0.0,0.0005101,0.0099719,False
KOR200,2016-09-29,2068.72,2016-10-06,2065.3,4,7,0.0625,-9.67e-05,-6.25e-05,-1.25e-05,0.0,-1.52e-05,-3.04e-05,0.0,-0.0002173,-0.0016532,False
KOR200,2016-10-28,2019.42,2016-11-03,1983.8,4,6,0.0625,-0.0011048,-6.25e-05,-1.25e-05,0.0,-1.3e-05,-2.6e-05,0.0,-0.0012188,-0.0176387,False
KOR200,2016-11-29,1978.39,2016-12-05,1963.36,4,6,0.0625,-0.0004746,-6.25e-05,-1.25e-05,0.0,-1.3e-05,-2.6e-05,0.0,-0.0005887,-0.0075971,False
KOR200,2016-12-28,2024.49,2017-01-04,2045.64,4,7,0.0625,0.000652,-6.25e-05,-1.25e-05,0.0,-1.52e-05,-3.04e-05,0.0,0.0005314,0.0104471,False
KOR200,2017-01-26,2083.5901,2017-02-03,2073.1599,4,8,0.0625,-0.0003099,-6.25e-05,-1.25e-05,0.0,-1.74e-05,-3.47e-05,0.0,-0.000437,-0.0050059,False
KOR200,2017-02-27,2085.52,2017-03-06,2081.3601,4,7,0.0625,-0.0001195,-6.25e-05,-1.25e-05,0.0,-1.52e-05,-3.04e-05,0.0,-0.0002401,-0.0019947,False
KOR200,2017-03-30,2164.6399,2017-04-05,2160.8501,4,6,0.0625,-0.0001088,-6.25e-05,-1.25e-05,0.0,-1.3e-05,-2.6e-05,0.0,-0.0002228,-0.0017508,False
KOR200,2017-04-27,2209.46,2017-05-08,2292.76,4,11,0.0625,0.0023336,-6.25e-05,-1.25e-05,0.0,-2.39e-05,-4.77e-05,0.0,0.002187,0.0377015,False
KOR200,2017-05-30,2343.6799,2017-06-05,2368.6201,4,6,0.0625,0.0006659,-6.25e-05,-1.25e-05,0.0,-1.3e-05,-2.6e-05,0.0,0.0005518,0.0106415,False
KOR200,2017-06-29,2395.6599,2017-07-05,2388.3501,4,6,0.0625,-0.0001895,-6.25e-05,-1.25e-05,0.0,-1.3e-05,-2.6e-05,0.0,-0.0003035,-0.0030513,False
KOR200,2017-07-28,2400.99,2017-08-03,2386.8501,4,6,0.0625,-0.0003579,-6.25e-05,-1.25e-05,0.0,-1.3e-05,-2.6e-05,0.0,-0.000472,-0.0058892,False
KOR200,2017-08-30,2372.29,2017-09-05,2326.6201,4,6,0.0625,-0.0012098,-6.25e-05,-1.25e-05,0.0,-1.3e-05,-2.6e-05,0.0,-0.0013239,-0.0192514,False
KOR200,2017-09-28,2373.1399,2017-10-12,2474.76,4,14,0.0625,0.002636,-6.25e-05,-1.25e-05,0.0,-3.04e-05,-6.08e-05,0.0,0.0024698,0.042821,False
KOR200,2017-10-30,2501.9299,2017-11-03,2557.97,4,4,0.0625,0.0013932,-6.25e-05,-1.25e-05,0.0,-8.7e-06,-1.74e-05,0.0,0.0012922,0.0223987,False
KOR200,2017-11-29,2512.8999,2017-12-05,2510.1201,4,6,0.0625,-5.87e-05,-6.25e-05,-1.25e-05,0.0,-1.52e-05,-2.6e-05,0.0,-0.0001749,-0.0011062,False
KOR200,2017-12-27,2436.6699,2018-01-04,2466.46,4,8,0.0625,0.0007674,-6.25e-05,-1.25e-05,0.0,-2.08e-05,-3.47e-05,0.0,0.0006369,0.0122257,False
KOR200,2018-01-30,2567.74,2018-02-05,2491.75,4,6,0.0625,-0.001863,-6.25e-05,-1.25e-05,0.0,-1.56e-05,-2.6e-05,0.0,-0.0019797,-0.0295941,False
KOR200,2018-02-27,2456.1399,2018-03-06,2411.4099,4,7,0.0625,-0.0011297,-6.25e-05,-1.25e-05,0.0,-1.82e-05,-3.04e-05,0.0,-0.0012534,-0.0182115,False
KOR200,2018-03-29,2436.3701,2018-04-04,2408.0601,4,6,0.0625,-0.0007237,-6.25e-05,-1.25e-05,0.0,-1.56e-05,-2.6e-05,0.0,-0.0008404,-0.0116198,False
KOR200,2018-04-27,2492.3999,2018-05-04,2461.3799,4,7,0.0625,-0.0007745,-6.25e-05,-1.25e-05,0.0,-1.82e-05,-3.04e-05,0.0,-0.0008982,-0.0124458,False
KOR200,2018-05-30,2409.03,2018-06-05,2453.76,4,6,0.0625,0.0011528,-6.25e-05,-1.25e-05,0.0,-1.56e-05,-2.6e-05,0.0,0.0010362,0.0185676,False
KOR200,2018-06-28,2314.24,2018-07-04,2265.46,4,6,0.0625,-0.0013128,-6.25e-05,-1.25e-05,0.0,-1.56e-05,-2.6e-05,0.0,-0.0014295,-0.0210782,False
KOR200,2018-07-30,2293.51,2018-08-03,2287.6799,4,4,0.0625,-0.0001483,-6.25e-05,-1.25e-05,0.0,-1.04e-05,-1.74e-05,0.0,-0.0002511,-0.002542,False
KOR200,2018-08-30,2307.3501,2018-09-05,2291.77,4,6,0.0625,-0.0004168,-6.25e-05,-1.25e-05,0.0,-1.56e-05,-2.6e-05,0.0,-0.0005334,-0.0067524,False
KOR200,2018-09-27,2355.4299,2018-10-04,2274.49,4,7,0.0625,-0.0021723,-6.25e-05,-1.25e-05,0.0,-1.82e-05,-3.04e-05,0.0,-0.0022959,-0.0343631,False
KOR200,2018-10-30,2014.6899,2018-11-05,2076.9199,4,6,0.0625,0.001944,-6.25e-05,-1.25e-05,0.0,-1.56e-05,-2.6e-05,0.0,0.0018273,0.0308881,False
KOR200,2018-11-29,2114.1001,2018-12-05,2101.3101,4,6,0.0625,-0.0003652,-6.25e-05,-1.25e-05,0.0,-1.78e-05,-2.6e-05,0.0,-0.000484,-0.0060499,False
KOR200,2018-12-27,2028.4399,2019-01-04,2010.25,4,8,0.0625,-0.0005503,-6.25e-05,-1.25e-05,0.0,-2.43e-05,-3.47e-05,0.0,-0.0006843,-0.0089675,False
KOR200,2019-01-30,2206.2,2019-02-08,2177.05,4,9,0.0625,-0.0008268,-6.25e-05,-1.25e-05,0.0,-2.73e-05,-3.91e-05,0.0,-0.0009682,-0.0132127,False
KOR200,2019-02-27,2234.79,2019-03-06,2175.6001,4,7,0.0625,-0.0016668,-6.25e-05,-1.25e-05,0.0,-2.13e-05,-3.04e-05,0.0,-0.0017934,-0.0264857,False
KOR200,2019-03-28,2128.1001,2019-04-03,2203.27,4,6,0.0625,0.0021808,-6.25e-05,-1.25e-05,0.0,-1.82e-05,-2.6e-05,0.0,0.0020615,0.0353225,False
KOR200,2019-04-29,2216.4299,2019-05-07,2176.99,4,8,0.0625,-0.0011164,-6.25e-05,-1.25e-05,0.0,-2.43e-05,-3.47e-05,0.0,-0.0012504,-0.0177944,False
KOR200,2019-05-30,2038.8,2019-06-05,2069.1101,4,6,0.0625,0.0009275,-6.25e-05,-1.25e-05,0.0,-1.82e-05,-2.6e-05,0.0,0.0008082,0.0148666,False
KOR200,2019-06-27,2134.3201,2019-07-03,2096.02,4,6,0.0625,-0.0011265,-6.25e-05,-1.25e-05,0.0,-1.82e-05,-2.6e-05,0.0,-0.0012458,-0.0179448,False
KOR200,2019-07-30,2038.6801,2019-08-05,1946.98,4,6,0.0625,-0.0028509,-6.25e-05,-1.25e-05,0.0,-1.56e-05,-2.6e-05,0.0,-0.0029675,-0.0449801,False
KOR200,2019-08-29,1933.41,2019-09-04,1988.53,4,6,0.0625,0.001771,-6.25e-05,-1.25e-05,0.0,-1.56e-05,-2.6e-05,0.0,0.0016543,0.0285092,False
KOR200,2019-09-27,2049.9299,2019-10-04,2020.6899,4,7,0.0625,-0.0008829,-6.25e-05,-1.25e-05,0.0,-1.82e-05,-3.04e-05,0.0,-0.0010066,-0.0142639,False
KOR200,2019-10-30,2080.27,2019-11-05,2142.6399,4,6,0.0625,0.0018558,-6.25e-05,-1.25e-05,0.0,-1.3e-05,-2.6e-05,0.0,0.0017417,0.0299816,False
KOR200,2019-11-28,2118.6001,2019-12-04,2068.8899,4,6,0.0625,-0.0014751,-6.25e-05,-1.25e-05,0.0,-1.3e-05,-2.6e-05,0.0,-0.0015892,-0.0234637,False
KOR200,2019-12-27,2204.21,2020-01-06,2155.0701,4,10,0.0625,-0.0014025,-6.25e-05,-1.25e-05,0.0,-2.17e-05,-4.34e-05,0.0,-0.0015426,-0.0222937,False
KOR200,2020-01-30,2148.0,2020-02-05,2165.6299,4,6,0.0625,0.0005275,-6.25e-05,-1.25e-05,0.0,-1.3e-05,-2.6e-05,0.0,0.0004134,0.0082076,False
KOR200,2020-02-27,2054.8899,2020-03-04,2059.3301,4,6,0.0625,0.0001882,-6.25e-05,-1.25e-05,0.0,-1.3e-05,-2.6e-05,0.0,7.41e-05,0.0021608,False
KOR200,2020-03-30,1717.12,2020-04-03,1725.4399,4,4,0.0625,0.0003835,-6.25e-05,-1.25e-05,0.0,-5.2e-06,-1.74e-05,0.0,0.0002859,0.0048453,False
KOR200,2020-04-28,1934.09,2020-05-07,1928.61,4,9,0.0625,-0.0001434,-6.25e-05,-1.25e-05,0.0,-1.17e-05,-3.91e-05,0.0,-0.0002692,-0.0028334,False
KOR200,2020-05-28,2028.54,2020-06-03,2147.0,4,6,0.0625,0.0035854,-6.25e-05,-1.25e-05,0.0,-5.2e-06,-2.6e-05,0.0,0.0034791,0.0583967,False
KOR200,2020-06-29,2093.48,2020-07-03,2152.4099,4,4,0.0625,0.0017443,-6.25e-05,-1.25e-05,0.0,-3.5e-06,-1.74e-05,0.0,0.0016485,0.0281493,False
KOR200,2020-07-30,2267.01,2020-08-05,2311.8601,4,6,0.0625,0.0012375,-6.25e-05,-1.25e-05,0.0,-5.2e-06,-2.6e-05,0.0,0.0011313,0.0197838,False
KOR200,2020-08-28,2353.8,2020-09-03,2395.8999,4,6,0.0625,0.0011222,-6.25e-05,-1.25e-05,0.0,-5.2e-06,-2.6e-05,0.0,0.001016,0.0178859,False
KOR200,2020-09-28,2308.0801,2020-10-07,2386.9399,4,9,0.0625,0.00211,-6.25e-05,-1.25e-05,0.0,-7.8e-06,-3.91e-05,0.0,0.0019882,0.0341669,False
KOR200,2020-10-29,2326.6699,2020-11-04,2357.3201,4,6,0.0625,0.0008573,-6.25e-05,-1.25e-05,0.0,-5.2e-06,-2.6e-05,0.0,0.0007511,0.0131734,False
KOR200,2020-11-27,2633.45,2020-12-03,2696.22,4,6,0.0625,0.0014983,-6.25e-05,-1.25e-05,0.0,-5.2e-06,-2.6e-05,0.0,0.0013921,0.0238357,False
KOR200,2020-12-29,2820.51,2021-01-06,2968.21,4,8,0.0625,0.0032291,-6.25e-05,-1.25e-05,0.0,-6.9e-06,-3.47e-05,0.0,0.0031124,0.0523664,False
KOR200,2021-01-28,3069.05,2021-02-03,3129.6799,4,6,0.0625,0.0012831,-6.25e-05,-1.25e-05,0.0,-5.2e-06,-2.6e-05,0.0,0.0011768,0.0197553,False
KOR200,2021-02-25,3099.6899,2021-03-04,3043.49,4,7,0.0625,-0.0011051,-6.25e-05,-1.25e-05,0.0,-6.1e-06,-3.04e-05,0.0,-0.0012165,-0.0181308,False
KOR200,2021-03-30,3070.0,2021-04-05,3120.8301,4,6,0.0625,0.0010311,-6.25e-05,-1.25e-05,0.0,-5.2e-06,-2.6e-05,0.0,0.0009249,0.016557,False
KOR200,2021-04-29,3174.0701,2021-05-06,3160.4299,4,7,0.0625,-0.0002638,-6.25e-05,-1.25e-05,0.0,-6.1e-06,-3.04e-05,0.0,-0.0003753,-0.0042974,False
KOR200,2021-05-28,3188.73,2021-06-03,3247.4299,4,6,0.0625,0.0011434,-6.25e-05,-1.25e-05,0.0,-5.2e-06,-2.6e-05,0.0,0.0010371,0.0184086,False
KOR200,2021-06-29,3286.6799,2021-07-05,3293.21,4,6,0.0625,0.0001253,-6.25e-05,-1.25e-05,0.0,-5.2e-06,-2.6e-05,0.0,1.91e-05,0.0019868,False
KOR200,2021-07-29,3242.6499,2021-08-04,3280.3799,4,6,0.0625,0.0007353,-6.25e-05,-1.25e-05,0.0,-5.2e-06,-2.6e-05,0.0,0.0006291,0.0116355,False
KOR200,2021-08-30,3144.1899,2021-09-03,3201.0601,4,4,0.0625,0.001135,-6.25e-05,-1.25e-05,0.0,-5.2e-06,-1.74e-05,0.0,0.0010374,0.0180874,False
KOR200,2021-09-29,3060.27,2021-10-06,2908.3101,4,7,0.0625,-0.0031529,-6.25e-05,-1.25e-05,0.0,-9.1e-06,-3.04e-05,0.0,-0.0032674,-0.0496557,False
KOR200,2021-10-28,3009.55,2021-11-03,2975.71,4,6,0.0625,-0.0006921,-6.25e-05,-1.25e-05,0.0,-7.8e-06,-2.6e-05,0.0,-0.000801,-0.0112442,False
KOR200,2021-11-29,2909.3201,2021-12-03,2968.3301,4,4,0.0625,0.0012972,-6.25e-05,-1.25e-05,0.0,-6.9e-06,-1.74e-05,0.0,0.0011979,0.0202831,False
KOR200,2021-12-29,2993.29,2022-01-06,2920.53,4,8,0.0625,-0.0015283,-6.25e-05,-1.25e-05,0.0,-1.39e-05,-3.47e-05,0.0,-0.0016519,-0.0243077,False
KOR200,2022-01-27,2614.49,2022-02-07,2745.0601,4,11,0.0625,0.003073,-6.25e-05,-1.25e-05,0.0,-2.39e-05,-4.77e-05,0.0,0.0029264,0.0499409,False
KOR200,2022-02-25,2676.76,2022-03-04,2713.4299,4,7,0.0625,0.0008654,-6.25e-05,-1.25e-05,0.0,-1.52e-05,-3.04e-05,0.0,0.0007448,0.0136994,False
KOR200,2022-03-30,2746.74,2022-04-05,2759.2,4,6,0.0625,0.000286,-6.25e-05,-1.25e-05,0.0,-1.3e-05,-2.6e-05,0.0,0.000172,0.0045363,False
KOR200,2022-04-28,2667.49,2022-05-04,2677.5701,4,6,0.0625,0.0002395,-6.25e-05,-1.25e-05,0.0,-1.56e-05,-2.6e-05,0.0,0.0001229,0.0037789,False
KOR200,2022-05-30,2669.6599,2022-06-07,2626.3401,4,8,0.0625,-0.0010089,-6.25e-05,-1.25e-05,0.0,-2.43e-05,-3.47e-05,0.0,-0.0011429,-0.0162267,False
KOR200,2022-06-29,2377.99,2022-07-05,2341.78,4,6,0.0625,-0.000933,-6.25e-05,-1.25e-05,0.0,-1.82e-05,-2.6e-05,0.0,-0.0010523,-0.0152271,False
KOR200,2022-07-28,2435.27,2022-08-03,2461.45,4,6,0.0625,0.000673,-6.25e-05,-1.25e-05,0.0,-2.34e-05,-2.6e-05,0.0,0.0005485,0.0107503,False
KOR200,2022-08-30,2450.9299,2022-09-05,2403.6799,4,6,0.0625,-0.0011974,-6.25e-05,-1.25e-05,0.0,-2.6e-05,-2.6e-05,0.0,-0.0013245,-0.0192784,False
KOR200,2022-09-29,2170.9299,2022-10-06,2237.8601,4,7,0.0625,0.001922,-6.25e-05,-1.25e-05,0.0,-3.04e-05,-3.04e-05,0.0,0.0017863,0.0308302,False
KOR200,2022-10-28,2268.3999,2022-11-03,2329.1699,4,6,0.0625,0.0016667,-6.25e-05,-1.25e-05,0.0,-3.13e-05,-2.6e-05,0.0,0.0015344,0.0267898,False
KOR200,2022-11-29,2433.3899,2022-12-05,2419.3201,4,6,0.0625,-0.0003423,-6.25e-05,-1.25e-05,0.0,-3.39e-05,-2.6e-05,0.0,-0.0004772,-0.005782,False
KOR200,2022-12-28,2280.45,2023-01-04,2255.98,4,7,0.0625,-0.0006527,-6.25e-05,-1.25e-05,0.0,-3.95e-05,-3.04e-05,0.0,-0.0007976,-0.0107303,False
KOR200,2023-01-30,2450.47,2023-02-03,2480.3999,4,4,0.0625,0.0007679,-6.25e-05,-1.25e-05,0.0,-2.43e-05,-1.74e-05,0.0,0.0006512,0.012214,False
KOR200,2023-02-27,2402.6399,2023-03-06,2462.6201,4,7,0.0625,0.0015479,-6.25e-05,-1.25e-05,0.0,-4.25e-05,-3.04e-05,0.0,0.0013999,0.0249643,False
KOR200,2023-03-30,2453.1599,2023-04-05,2495.21,4,6,0.0625,0.0010667,-6.25e-05,-1.25e-05,0.0,-3.65e-05,-2.6e-05,0.0,0.0009292,0.0171412,False
KOR200,2023-04-27,2495.8101,2023-05-04,2500.9399,4,7,0.0625,0.0001337,-6.25e-05,-1.25e-05,0.0,-4.25e-05,-3.04e-05,0.0,-1.42e-05,0.0020554,False
KOR200,2023-05-30,2585.52,2023-06-05,2615.4099,4,6,0.0625,0.0007248,-6.25e-05,-1.25e-05,0.0,-3.65e-05,-2.6e-05,0.0,0.0005873,0.0115605,False
KOR200,2023-06-29,2550.02,2023-07-05,2579.0,4,6,0.0625,0.0007155,-6.25e-05,-1.25e-05,0.0,-3.65e-05,-2.6e-05,0.0,0.000578,0.0113646,False
KOR200,2023-07-28,2608.3201,2023-08-03,2605.3899,4,6,0.0625,-5.03e-05,-6.25e-05,-1.25e-05,0.0,-3.65e-05,-2.6e-05,0.0,-0.0001878,-0.0011234,False
KOR200,2023-08-30,2561.22,2023-09-05,2582.1799,4,6,0.0625,0.0005119,-6.25e-05,-1.25e-05,0.0,-3.65e-05,-2.6e-05,0.0,0.0003744,0.0081836,False
KOR200,2023-09-26,2462.97,2023-10-06,2408.73,4,10,0.0625,-0.0013732,-6.25e-05,-1.25e-05,0.0,-6.08e-05,-4.34e-05,0.0,-0.0015523,-0.0220222,False
KOR200,2023-10-30,2310.55,2023-11-03,2368.3401,4,4,0.0625,0.0015672,-6.25e-05,-1.25e-05,0.0,-2.43e-05,-1.74e-05,0.0,0.0014506,0.0250114,False
KOR200,2023-11-29,2519.8101,2023-12-05,2494.28,4,6,0.0625,-0.0006282,-6.25e-05,-1.25e-05,0.0,-3.65e-05,-2.6e-05,0.0,-0.0007657,-0.0101317,False
KOR200,2023-12-27,2613.5,2024-01-04,2587.02,4,8,0.0625,-0.0006083,-6.25e-05,-1.25e-05,0.0,-4.86e-05,-3.47e-05,0.0,-0.0007667,-0.010132,False
KOR200,2024-01-30,2498.8101,2024-02-05,2591.3101,4,6,0.0625,0.0023098,-6.25e-05,-1.25e-05,0.0,-3.65e-05,-2.6e-05,0.0,0.0021723,0.0370176,False
KOR200,2024-02-28,2652.29,2024-03-06,2641.49,4,7,0.0625,-0.0002471,-6.25e-05,-1.25e-05,0.0,-4.25e-05,-3.04e-05,0.0,-0.000395,-0.004072,False
KOR200,2024-03-28,2745.8201,2024-04-03,2706.97,4,6,0.0625,-0.0008816,-6.25e-05,-1.25e-05,0.0,-3.65e-05,-2.6e-05,0.0,-0.0010191,-0.0141488,False
KOR200,2024-04-29,2687.4399,2024-05-07,2734.3601,4,8,0.0625,0.0010967,-6.25e-05,-1.25e-05,0.0,-4.86e-05,-3.47e-05,0.0,0.0009384,0.0174591,False
KOR200,2024-05-30,2635.4399,2024-06-05,2689.5,4,6,0.0625,0.0012836,-6.25e-05,-1.25e-05,0.0,-3.65e-05,-2.6e-05,0.0,0.0011461,0.0205127,False
KOR200,2024-06-27,2784.0601,2024-07-03,2794.01,4,6,0.0625,0.0002268,-6.25e-05,-1.25e-05,0.0,-3.65e-05,-2.6e-05,0.0,8.93e-05,0.0035739,False
KOR200,2024-07-30,2738.1899,2024-08-05,2441.55,4,6,0.0625,-0.0068639,-6.25e-05,-1.25e-05,0.0,-3.65e-05,-2.6e-05,0.0,-0.0070014,-0.1083343,False
KOR200,2024-08-29,2662.28,2024-09-04,2580.8,4,6,0.0625,-0.0019091,-6.25e-05,-1.25e-05,0.0,-3.65e-05,-2.6e-05,0.0,-0.0020466,-0.0306053,False
KOR200,2024-09-27,2649.78,2024-10-07,2610.3799,4,10,0.0625,-0.0009092,-6.25e-05,-1.25e-05,0.0,-6.08e-05,-4.34e-05,0.0,-0.0010883,-0.0148692,False
KOR200,2024-10-30,2593.79,2024-11-05,2576.8799,4,6,0.0625,-0.0003902,-6.25e-05,-1.25e-05,0.0,-3.39e-05,-2.6e-05,0.0,-0.0005251,-0.0065195,False
KOR200,2024-11-28,2504.6699,2024-12-04,2464.0,4,6,0.0625,-0.0009939,-6.25e-05,-1.25e-05,0.0,-3.13e-05,-2.6e-05,0.0,-0.0011262,-0.0162376,False
KOR200,2024-12-27,2404.77,2025-01-06,2488.6399,4,10,0.0625,0.002164,-6.25e-05,-1.25e-05,0.0,-5.21e-05,-4.34e-05,0.0,0.0019935,0.0348765,False
KOR200,2025-01-24,2536.8,2025-02-05,2509.27,4,12,0.0625,-0.0006522,-6.25e-05,-1.25e-05,0.0,-6.25e-05,-5.21e-05,0.0,-0.0008417,-0.0108523,False
KOR200,2025-02-27,2621.75,2025-03-06,2576.1599,4,7,0.0625,-0.0010538,-6.25e-05,-1.25e-05,0.0,-3.34e-05,-3.04e-05,0.0,-0.0011926,-0.0173892,False
KOR200,2025-03-28,2557.98,2025-04-03,2486.7,4,6,0.0625,-0.0017264,-6.25e-05,-1.25e-05,0.0,-2.86e-05,-2.6e-05,0.0,-0.0018561,-0.0278657,False
KOR200,2025-04-29,2565.4199,2025-05-08,2579.48,4,9,0.0625,0.0003431,-6.25e-05,-1.25e-05,0.0,-4.3e-05,-3.91e-05,0.0,0.0001861,0.0054806,False
KOR200,2025-05-29,2720.6399,2025-06-05,2812.05,4,7,0.0625,0.0020963,-6.25e-05,-1.25e-05,0.0,-3.04e-05,-3.04e-05,0.0,0.0019605,0.0335988,False
KOR200,2025-06-27,3055.9399,2025-07-03,3116.27,4,6,0.0625,0.00123,-6.25e-05,-1.25e-05,0.0,-2.6e-05,-2.6e-05,0.0,0.0011029,0.0197419,False
KOR200,2025-07-30,3254.47,2025-08-05,3198.0,4,6,0.0625,-0.0010349,-6.25e-05,-1.25e-05,0.0,-2.6e-05,-2.6e-05,0.0,-0.001162,-0.0173515,False
KOR200,2025-08-28,3196.3201,2025-09-03,3184.4199,4,6,0.0625,-0.0002239,-6.25e-05,-1.25e-05,0.0,-2.6e-05,-2.6e-05,0.0,-0.0003509,-0.0037231,False
KOR200,2025-09-29,3431.21,2025-10-10,3610.6001,4,11,0.0625,0.0032194,-6.25e-05,-1.25e-05,0.0,-4.77e-05,-4.77e-05,0.0,0.0030489,0.0522819,False
KOR200,2025-10-30,4086.8899,2025-11-05,4004.4199,4,6,0.0625,-0.0012058,-6.25e-05,-1.25e-05,0.0,-2.6e-05,-2.6e-05,0.0,-0.0013329,-0.0201792,False
KOR200,2025-11-27,3986.9099,2025-12-03,4036.3,4,6,0.0625,0.0007913,-6.25e-05,-1.25e-05,0.0,-2.6e-05,-2.6e-05,0.0,0.0006642,0.0123881,False
KOR200,2025-12-29,4220.5601,2026-01-06,4525.48,4,8,0.0625,0.0044188,-6.25e-05,-1.25e-05,0.0,-3.47e-05,-3.47e-05,0.0,0.0042743,0.0722463,False
KOR200,2026-01-29,5221.25,2026-02-04,5371.1001,4,6,0.0625,0.0020054,-6.25e-05,-1.25e-05,0.0,-2.6e-05,-2.6e-05,0.0,0.0018783,0.0287,False
KOR200,2026-02-26,6307.27,2026-03-05,5583.8999,4,7,0.0625,-0.0066712,-6.25e-05,-1.25e-05,0.0,-3.04e-05,-3.04e-05,0.0,-0.006807,-0.1146883,False
KOR200,2026-03-30,5277.2998,2026-04-03,5377.2998,4,4,0.0625,0.0015295,-6.25e-05,-1.25e-05,0.0,-1.74e-05,-1.74e-05,0.0,0.0014198,0.0189491,False
KOR200,2026-04-29,6690.8999,2026-05-07,7490.0498,4,8,0.0625,0.0072681,-6.25e-05,-1.25e-05,0.0,-3.47e-05,-3.47e-05,0.0,0.0071236,0.1194383,False
KOR200,2026-05-28,8185.29,2026-06-04,8639.4102,4,7,0.0625,0.0034655,-6.25e-05,-1.25e-05,0.0,-3.04e-05,-3.04e-05,0.0,0.0033297,0.05548,False
KOR200,2026-06-29,8394.6504,2026-07-03,8088.3398,4,4,0.0625,-0.0020018,-6.25e-05,-1.25e-05,0.0,-1.74e-05,-1.74e-05,0.0,-0.0021115,-0.0364888,False
KOR200,2026-07-30,5593.5601,2026-08-05,6598.2598,4,6,0.0625,0.0113576,-6.25e-05,-1.25e-05,0.0,-2.86e-05,-2.6e-05,0.0,0.0112279,0.1796172,False
KOR200,2026-08-28,6788.8799,2026-09-03,6579.48,4,6,0.0625,-0.0019059,-6.25e-05,-1.25e-05,0.0,-3.13e-05,-2.6e-05,0.0,-0.0020382,-0.0308445,False
NZL50,2003-01-30,1962.8199,2003-02-05,1949.5699,4,6,0.0625,-0.0004145,-6.25e-05,-1.25e-05,0.0,-5.99e-05,-2.6e-05,0.0,-0.0005755,-0.0067505,False
NZL50,2003-02-27,1875.45,2003-03-05,1910.33,4,6,0.0625,0.0011549,-6.25e-05,-1.25e-05,0.0,-5.99e-05,-2.6e-05,0.0,0.000994,0.0185982,False
NZL50,2003-03-28,1919.23,2003-04-03,1931.61,4,6,0.0625,0.0004042,-6.25e-05,-1.25e-05,0.0,-5.99e-05,-2.6e-05,0.0,0.0002433,0.0064505,False
NZL50,2003-04-29,1993.04,2003-05-05,1960.42,4,6,0.0625,-0.0010111,-6.25e-05,-1.25e-05,0.0,-5.73e-05,-2.6e-05,0.0,-0.0011695,-0.016367,False
NZL50,2003-05-29,2084.76,2003-06-05,2101.77,4,7,0.0625,0.0005107,-6.25e-05,-1.25e-05,0.0,-6.68e-05,-3.04e-05,0.0,0.0003385,0.0081592,False
NZL50,2003-06-27,2172.47,2003-07-03,2192.3401,4,6,0.0625,0.0005847,-6.25e-05,-1.25e-05,0.0,-5.47e-05,-2.6e-05,0.0,0.000429,0.0091463,False
NZL50,2003-07-30,2146.98,2003-08-05,2176.8799,4,6,0.0625,0.0008673,-6.25e-05,-1.25e-05,0.0,-5.21e-05,-2.6e-05,0.0,0.0007142,0.0139265,False
NZL50,2003-08-28,2188.3201,2003-09-03,2216.76,4,6,0.0625,0.0008125,-6.25e-05,-1.25e-05,0.0,-5.21e-05,-2.6e-05,0.0,0.0006594,0.0129962,False
NZL50,2003-09-29,2270.5901,2003-10-03,2293.1699,4,4,0.0625,0.000621,-6.25e-05,-1.25e-05,0.0,-3.47e-05,-1.74e-05,0.0,0.0004939,0.0099445,False
NZL50,2003-10-30,2312.29,2003-11-05,2321.6001,4,6,0.0625,0.0002525,-6.25e-05,-1.25e-05,0.0,-5.21e-05,-2.6e-05,0.0,9.93e-05,0.0040263,False
NZL50,2003-11-27,2339.3401,2003-12-03,2362.0,4,6,0.0625,0.0006061,-6.25e-05,-1.25e-05,0.0,-5.21e-05,-2.6e-05,0.0,0.000453,0.0096865,False
NZL50,2003-12-30,2441.9399,2004-01-07,2475.2,4,8,0.0625,0.000848,-6.25e-05,-1.25e-05,0.0,-6.94e-05,-3.47e-05,0.0,0.0006688,0.0136203,False
NZL50,2004-01-29,2485.8799,2004-02-04,2432.55,4,6,0.0625,-0.0013515,-6.25e-05,-1.25e-05,0.0,-5.47e-05,-2.6e-05,0.0,-0.0015072,-0.0214531,False
NZL50,2004-02-26,2436.53,2004-03-03,2463.1399,4,6,0.0625,0.0006802,-6.25e-05,-1.25e-05,0.0,-5.47e-05,-2.6e-05,0.0,0.0005245,0.0109212,False
NZL50,2004-03-30,2590.8899,2004-04-05,2593.4399,4,6,0.0625,6.16e-05,-6.25e-05,-1.25e-05,0.0,-5.47e-05,-2.6e-05,0.0,-9.41e-05,0.0009842,False
NZL50,2004-04-29,2640.25,2004-05-05,2617.3899,4,6,0.0625,-0.000541,-6.25e-05,-1.25e-05,0.0,-5.73e-05,-2.6e-05,0.0,-0.0006994,-0.0086583,False
NZL50,2004-05-27,2587.6001,2004-06-03,2613.5901,4,7,0.0625,0.0006261,-6.25e-05,-1.25e-05,0.0,-6.68e-05,-3.04e-05,0.0,0.0004539,0.0100441,False
NZL50,2004-06-29,2669.6399,2004-07-05,2692.6399,4,6,0.0625,0.0005393,-6.25e-05,-1.25e-05,0.0,-5.99e-05,-2.6e-05,0.0,0.0003783,0.0086154,False
NZL50,2004-07-29,2774.6101,2004-08-04,2785.29,4,6,0.0625,0.0002417,-6.25e-05,-1.25e-05,0.0,-6.25e-05,-2.6e-05,0.0,7.82e-05,0.0038492,False
NZL50,2004-08-30,2747.3401,2004-09-07,2730.6899,4,8,0.0625,-0.0003784,-6.25e-05,-1.25e-05,0.0,-8.33e-05,-3.47e-05,0.0,-0.0005714,-0.0060605,False
NZL50,2004-09-29,2828.53,2004-10-05,2860.8201,4,6,0.0625,0.0007111,-6.25e-05,-1.25e-05,0.0,-6.51e-05,-2.6e-05,0.0,0.000545,0.0114158,False
NZL50,2004-10-28,2807.1499,2004-11-03,2867.5801,4,6,0.0625,0.0013354,-6.25e-05,-1.25e-05,0.0,-6.77e-05,-2.6e-05,0.0,0.0011666,0.0215272,False
NZL50,2004-11-29,2988.3,2004-12-03,3009.47,4,4,0.0625,0.0004422,-6.25e-05,-1.25e-05,0.0,-4.51e-05,-1.74e-05,0.0,0.0003047,0.0070843,False
NZL50,2004-12-30,3046.9099,2005-01-07,3086.8999,4,8,0.0625,0.000818,-6.25e-05,-1.25e-05,0.0,-9.03e-05,-3.47e-05,0.0,0.000618,0.0131248,False
NZL50,2005-01-28,3085.45,2005-02-03,3097.3201,4,6,0.0625,0.0002414,-6.25e-05,-1.25e-05,0.0,-6.77e-05,-2.6e-05,0.0,7.26e-05,0.0038471,False
NZL50,2005-02-25,3160.98,2005-03-04,3200.0901,4,7,0.0625,0.0007759,-6.25e-05,-1.25e-05,0.0,-7.9e-05,-3.04e-05,0.0,0.0005915,0.0123728,False
NZL50,2005-03-30,3039.4299,2005-04-05,3048.6299,4,6,0.0625,0.0001891,-6.25e-05,-1.25e-05,0.0,-7.03e-05,-2.6e-05,0.0,1.77e-05,0.0030269,False
NZL50,2005-04-28,2968.3301,2005-05-04,2991.8601,4,6,0.0625,0.0004954,-6.25e-05,-1.25e-05,0.0,-7.03e-05,-2.6e-05,0.0,0.000324,0.007927,False
NZL50,2005-05-30,3042.77,2005-06-03,3060.98,4,4,0.0625,0.0003857,-6.25e-05,-1.25e-05,0.0,-4.69e-05,-1.74e-05,0.0,0.0002465,0.0059847,False
NZL50,2005-06-29,3212.8,2005-07-06,3276.75,4,7,0.0625,0.0012389,-6.25e-05,-1.25e-05,0.0,-8.2e-05,-3.04e-05,0.0,0.0010515,0.0199047,False
NZL50,2005-07-28,3356.9199,2005-08-03,3349.0601,4,6,0.0625,-0.0001452,-6.25e-05,-1.25e-05,0.0,-7.03e-05,-2.6e-05,0.0,-0.0003165,-0.0023414,False
NZL50,2005-08-30,3351.6201,2005-09-05,3373.72,4,6,0.0625,0.0004119,-6.25e-05,-1.25e-05,0.0,-7.03e-05,-2.6e-05,0.0,0.0002405,0.0065938,False
NZL50,2005-09-29,3444.73,2005-10-05,3446.4199,4,6,0.0625,3.24e-05,-6.25e-05,-1.25e-05,0.0,-7.03e-05,-2.6e-05,0.0,-0.0001389,0.0004906,False
NZL50,2005-10-28,3270.75,2005-11-03,3323.4399,4,6,0.0625,0.0010048,-6.25e-05,-1.25e-05,0.0,-7.29e-05,-2.6e-05,0.0,0.0008309,0.0161094,False
NZL50,2005-11-29,3302.4299,2005-12-05,3266.9399,4,6,0.0625,-0.00067,-6.25e-05,-1.25e-05,0.0,-7.29e-05,-2.6e-05,0.0,-0.000844,-0.0107466,False
NZL50,2005-12-29,3357.4299,2006-01-06,3364.97,4,8,0.0625,0.0001411,-6.25e-05,-1.25e-05,0.0,-0.0001007,-3.47e-05,0.0,-6.94e-05,0.0022458,False
NZL50,2006-01-30,3341.6799,2006-02-03,3378.6299,4,4,0.0625,0.0006954,-6.25e-05,-1.25e-05,0.0,-5.03e-05,-1.74e-05,0.0,0.0005527,0.0110573,False
NZL50,2006-02-27,3369.0701,2006-03-03,3407.55,4,4,0.0625,0.0007138,-6.25e-05,-1.25e-05,0.0,-5.03e-05,-1.74e-05,0.0,0.0005711,0.0114215,False
NZL50,2006-03-30,3695.1201,2006-04-05,3762.95,4,6,0.0625,0.0011409,-6.25e-05,-1.25e-05,0.0,-7.55e-05,-2.6e-05,0.0,0.0009644,0.0183566,False
NZL50,2006-04-27,3777.8999,2006-05-03,3766.6599,4,6,0.0625,-0.0001844,-6.25e-05,-1.25e-05,0.0,-7.55e-05,-2.6e-05,0.0,-0.000361,-0.0029752,False
NZL50,2006-05-30,3617.03,2006-06-06,3600.5801,4,7,0.0625,-0.0002789,-6.25e-05,-1.25e-05,0.0,-8.81e-05,-3.04e-05,0.0,-0.0004724,-0.0045479,False
NZL50,2006-06-29,3581.8501,2006-07-05,3604.74,4,6,0.0625,0.0003987,-6.25e-05,-1.25e-05,0.0,-7.55e-05,-2.6e-05,0.0,0.0002221,0.0063905,False
NZL50,2006-07-28,3553.45,2006-08-03,3583.01,4,6,0.0625,0.000521,-6.25e-05,-1.25e-05,0.0,-7.55e-05,-2.6e-05,0.0,0.0003445,0.0083187,False
NZL50,2006-08-30,3497.8401,2006-09-05,3551.8799,4,6,0.0625,0.0009604,-6.25e-05,-1.25e-05,0.0,-7.55e-05,-2.6e-05,0.0,0.0007838,0.0154495,False
NZL50,2006-09-28,3574.23,2006-10-04,3593.3899,4,6,0.0625,0.0003354,-6.25e-05,-1.25e-05,0.0,-7.55e-05,-2.6e-05,0.0,0.0001588,0.0053606,False
NZL50,2006-10-30,3754.8301,2006-11-03,3778.4099,4,4,0.0625,0.0003975,-6.25e-05,-1.25e-05,0.0,-5.03e-05,-1.74e-05,0.0,0.0002548,0.0062799,False
NZL50,2006-11-29,3841.1899,2006-12-05,3849.0601,4,6,0.0625,0.0001304,-6.25e-05,-1.25e-05,0.0,-7.55e-05,-2.6e-05,0.0,-4.62e-05,0.0020489,False
NZL50,2006-12-28,4047.29,2007-01-05,4035.26,4,8,0.0625,-0.000185,-6.25e-05,-1.25e-05,0.0,-0.0001007,-3.47e-05,0.0,-0.0003954,-0.0029724,False
NZL50,2007-01-30,4128.0298,2007-02-05,4148.5801,4,6,0.0625,0.0003117,-6.25e-05,-1.25e-05,0.0,-7.55e-05,-2.6e-05,0.0,0.0001351,0.0049782,False
NZL50,2007-02-27,4099.4302,2007-03-05,4035.3301,4,6,0.0625,-0.0009652,-6.25e-05,-1.25e-05,0.0,-7.55e-05,-2.6e-05,0.0,-0.0011418,-0.0156363,False
NZL50,2007-03-29,4112.5601,2007-04-04,4187.98,4,6,0.0625,0.0011404,-6.25e-05,-1.25e-05,0.0,-7.81e-05,-2.6e-05,0.0,0.0009613,0.0183389,False
NZL50,2007-04-27,4181.4502,2007-05-03,4202.6699,4,6,0.0625,0.0003172,-6.25e-05,-1.25e-05,0.0,-8.07e-05,-2.6e-05,0.0,0.0001354,0.0050747,False
NZL50,2007-05-30,4279.6201,2007-06-06,4294.21,4,7,0.0625,0.0002146,-6.25e-05,-1.25e-05,0.0,-9.42e-05,-3.04e-05,0.0,1.5e-05,0.0034091,False
NZL50,2007-06-28,4189.6602,2007-07-04,4240.2598,4,6,0.0625,0.000754,-6.25e-05,-1.25e-05,0.0,-8.33e-05,-2.6e-05,0.0,0.0005697,0.0120773,False
NZL50,2007-07-30,4228.8301,2007-08-03,4122.4102,4,4,0.0625,-0.001586,-6.25e-05,-1.25e-05,0.0,-5.73e-05,-1.74e-05,0.0,-0.0017356,-0.0251653,False
NZL50,2007-08-30,4107.6001,2007-09-05,4155.0,4,6,0.0625,0.0007186,-6.25e-05,-1.25e-05,0.0,-8.59e-05,-2.6e-05,0.0,0.0005316,0.0115396,False
NZL50,2007-09-27,4275.8101,2007-10-03,4327.8701,4,6,0.0625,0.0007612,-6.25e-05,-1.25e-05,0.0,-8.59e-05,-2.6e-05,0.0,0.0005742,0.0121755,False
NZL50,2007-10-30,4219.77,2007-11-05,4141.2002,4,6,0.0625,-0.001169,-6.25e-05,-1.25e-05,0.0,-8.59e-05,-2.6e-05,0.0,-0.001356,-0.0186195,False
NZL50,2007-11-29,4066.54,2007-12-05,4034.55,4,6,0.0625,-0.0004928,-6.25e-05,-1.25e-05,0.0,-8.59e-05,-2.6e-05,0.0,-0.0006798,-0.0078666,False
NZL50,2007-12-28,4036.0,2008-01-07,3953.5801,4,10,0.0625,-0.0012819,-6.25e-05,-1.25e-05,0.0,-0.0001432,-4.34e-05,0.0,-0.0015436,-0.0204212,False
NZL50,2008-01-30,3697.01,2008-02-05,3690.01,4,6,0.0625,-0.0001125,-6.25e-05,-1.25e-05,0.0,-8.59e-05,-2.6e-05,0.0,-0.0002995,-0.0018934,False
NZL50,2008-02-28,3579.5701,2008-03-05,3619.47,4,6,0.0625,0.0006958,-6.25e-05,-1.25e-05,0.0,-8.59e-05,-2.6e-05,0.0,0.0005088,0.0111466,False
NZL50,2008-03-28,3447.5,2008-04-03,3629.98,4,6,0.0625,0.0032472,-6.25e-05,-1.25e-05,0.0,-8.59e-05,-2.6e-05,0.0,0.0030602,0.0529311,False
NZL50,2008-04-29,3605.5701,2008-05-05,3680.52,4,6,0.0625,0.00129,-6.25e-05,-1.25e-05,0.0,-8.59e-05,-2.6e-05,0.0,0.001103,0.0207873,False
NZL50,2008-05-29,3563.1101,2008-06-05,3555.97,4,7,0.0625,-9.84e-05,-6.25e-05,-1.25e-05,0.0,-0.0001003,-3.04e-05,0.0,-0.000304,-0.0020039,False
NZL50,2008-06-27,3226.9099,2008-07-03,3094.4199,4,6,0.0625,-0.0026005,-6.25e-05,-1.25e-05,0.0,-8.59e-05,-2.6e-05,0.0,-0.0027874,-0.0410579,False
NZL50,2008-07-30,3287.76,2008-08-05,3295.6799,4,6,0.0625,0.0001625,-6.25e-05,-1.25e-05,0.0,-8.33e-05,-2.6e-05,0.0,-2.18e-05,0.0024089,False
NZL50,2008-08-28,3324.8,2008-09-03,3373.45,4,6,0.0625,0.0009106,-6.25e-05,-1.25e-05,0.0,-8.33e-05,-2.6e-05,0.0,0.0007262,0.0146324,False
NZL50,2008-09-29,3188.54,2008-10-03,3151.54,4,4,0.0625,-0.0006425,-6.25e-05,-1.25e-05,0.0,-5.21e-05,-1.74e-05,0.0,-0.0007869,-0.0116041,False
NZL50,2008-10-30,2762.8201,2008-11-05,2886.1101,4,6,0.0625,0.0027545,-6.25e-05,-1.25e-05,0.0,-6.77e-05,-2.6e-05,0.0,0.0025857,0.0446247,False
NZL50,2008-11-27,2668.74,2008-12-03,2706.79,4,6,0.0625,0.0009139,-6.25e-05,-1.25e-05,0.0,-6.77e-05,-2.6e-05,0.0,0.0007452,0.0142577,False
NZL50,2008-12-30,2678.22,2009-01-07,2764.24,4,8,0.0625,0.0019931,-6.25e-05,-1.25e-05,0.0,-6.94e-05,-3.47e-05,0.0,0.0018139,0.0321184,False
NZL50,2009-01-29,2770.1201,2009-02-04,2768.6201,4,6,0.0625,-3.29e-05,-6.25e-05,-1.25e-05,0.0,-3.65e-05,-2.6e-05,0.0,-0.0001704,-0.0005415,False
NZL50,2009-02-26,2497.4299,2009-03-04,2469.3401,4,6,0.0625,-0.0006608,-6.25e-05,-1.25e-05,0.0,-3.65e-05,-2.6e-05,0.0,-0.0007983,-0.0112475,False
NZL50,2009-03-30,2641.99,2009-04-03,2614.48,4,4,0.0625,-0.0006349,-6.25e-05,-1.25e-05,0.0,-2.08e-05,-1.74e-05,0.0,-0.0007481,-0.0104126,False
NZL50,2009-04-29,2699.71,2009-05-05,2819.05,4,6,0.0625,0.0027326,-6.25e-05,-1.25e-05,0.0,-2.69e-05,-2.6e-05,0.0,0.0026046,0.0442048,False
NZL50,2009-05-28,2721.98,2009-06-04,2815.71,4,7,0.0625,0.0021377,-6.25e-05,-1.25e-05,0.0,-3.04e-05,-3.04e-05,0.0,0.0020019,0.0344345,False
NZL50,2009-06-29,2775.1201,2009-07-03,2761.5,4,4,0.0625,-0.0003039,-6.25e-05,-1.25e-05,0.0,-1.74e-05,-1.74e-05,0.0,-0.0004137,-0.0049079,False
NZL50,2009-07-30,2994.0,2009-08-05,3084.0701,4,6,0.0625,0.0018646,-6.25e-05,-1.25e-05,0.0,-2.6e-05,-2.6e-05,0.0,0.0017375,0.0300835,False
NZL50,2009-08-28,3109.3401,2009-09-03,3091.5701,4,6,0.0625,-0.0003559,-6.25e-05,-1.25e-05,0.0,-2.6e-05,-2.6e-05,0.0,-0.000483,-0.005715,False
NZL50,2009-09-29,3155.3899,2009-10-05,3138.72,4,6,0.0625,-0.0003252,-6.25e-05,-1.25e-05,0.0,-2.6e-05,-2.6e-05,0.0,-0.0004523,-0.005283,False
NZL50,2009-10-29,3195.6201,2009-11-04,3166.71,4,6,0.0625,-0.0005616,-6.25e-05,-1.25e-05,0.0,-2.6e-05,-2.6e-05,0.0,-0.0006887,-0.0090468,False
NZL50,2009-11-27,3094.4399,2009-12-03,3153.9299,4,6,0.0625,0.0011948,-6.25e-05,-1.25e-05,0.0,-2.6e-05,-2.6e-05,0.0,0.0010677,0.0192248,False
NZL50,2009-12-30,3220.9099,2010-01-07,3284.8101,4,8,0.0625,0.0012329,-6.25e-05,-1.25e-05,0.0,-3.47e-05,-3.47e-05,0.0,0.0010885,0.0198392,False
NZL50,2010-01-28,3183.6001,2010-02-03,3135.1101,4,6,0.0625,-0.0009571,-6.25e-05,-1.25e-05,0.0,-2.6e-05,-2.6e-05,0.0,-0.0010841,-0.0152312,False
NZL50,2010-02-25,3151.6899,2010-03-03,3198.52,4,6,0.0625,0.000924,-6.25e-05,-1.25e-05,0.0,-2.6e-05,-2.6e-05,0.0,0.0007969,0.0148587,False
NZL50,2010-03-30,3249.6499,2010-04-07,3325.0801,4,8,0.0625,0.0014392,-6.25e-05,-1.25e-05,0.0,-3.47e-05,-3.47e-05,0.0,0.0012947,0.0232118,False
NZL50,2010-04-29,3282.27,2010-05-05,3248.8201,4,6,0.0625,-0.0006321,-6.25e-05,-1.25e-05,0.0,-2.6e-05,-2.6e-05,0.0,-0.0007592,-0.0101911,False
NZL50,2010-05-28,3047.75,2010-06-03,3024.1001,4,6,0.0625,-0.0004817,-6.25e-05,-1.25e-05,0.0,-2.6e-05,-2.6e-05,0.0,-0.0006088,-0.0077598,False
NZL50,2010-06-29,2991.0701,2010-07-05,2947.3401,4,6,0.0625,-0.0009136,-6.25e-05,-1.25e-05,0.0,-2.86e-05,-2.6e-05,0.0,-0.0010433,-0.0146202,False
NZL50,2010-07-29,3033.02,2010-08-04,3038.1299,4,6,0.0625,0.0001062,-6.25e-05,-1.25e-05,0.0,-3.13e-05,-2.6e-05,0.0,-2.61e-05,0.0016847,False
NZL50,2010-08-30,3036.8101,2010-09-03,3107.4299,4,4,0.0625,0.0014446,-6.25e-05,-1.25e-05,0.0,-2.08e-05,-1.74e-05,0.0,0.0013314,0.0232546,False
NZL50,2010-09-29,3226.8799,2010-10-05,3218.3201,4,6,0.0625,-0.000154,-6.25e-05,-1.25e-05,0.0,-3.13e-05,-2.6e-05,0.0,-0.0002862,-0.0026527,False
NZL50,2010-10-28,3290.0,2010-11-03,3333.0701,4,6,0.0625,0.0008156,-6.25e-05,-1.25e-05,0.0,-3.13e-05,-2.6e-05,0.0,0.0006833,0.0130912,False
NZL50,2010-11-29,3270.3799,2010-12-03,3283.3,4,4,0.0625,0.0002478,-6.25e-05,-1.25e-05,0.0,-2.08e-05,-1.74e-05,0.0,0.0001346,0.0039507,False
NZL50,2010-12-30,3334.27,2011-01-06,3326.71,4,7,0.0625,-0.0001393,-6.25e-05,-1.25e-05,0.0,-3.65e-05,-3.04e-05,0.0,-0.0002812,-0.0022674,False
NZL50,2011-01-28,3352.6399,2011-02-03,3349.8899,4,6,0.0625,-5.04e-05,-6.25e-05,-1.25e-05,0.0,-3.13e-05,-2.6e-05,0.0,-0.0001827,-0.0008202,False
NZL50,2011-02-25,3363.9099,2011-03-03,3397.3101,4,6,0.0625,0.0006188,-6.25e-05,-1.25e-05,0.0,-3.13e-05,-2.6e-05,0.0,0.0004865,0.009929,False
NZL50,2011-03-30,3433.1599,2011-04-05,3469.3799,4,6,0.0625,0.0006568,-6.25e-05,-1.25e-05,0.0,-2.6e-05,-2.6e-05,0.0,0.0005298,0.01055,False
NZL50,2011-04-28,3503.76,2011-05-04,3495.1899,4,6,0.0625,-0.0001513,-6.25e-05,-1.25e-05,0.0,-2.6e-05,-2.6e-05,0.0,-0.0002783,-0.002446,False
NZL50,2011-05-30,3542.99,2011-06-03,3514.76,4,4,0.0625,-0.0004979,-6.25e-05,-1.25e-05,0.0,-1.74e-05,-1.74e-05,0.0,-0.0006077,-0.0079678,False
NZL50,2011-06-29,3414.9199,2011-07-05,3473.5901,4,6,0.0625,0.0010696,-6.25e-05,-1.25e-05,0.0,-2.6e-05,-2.6e-05,0.0,0.0009425,0.0171805,False
NZL50,2011-07-28,3396.79,2011-08-03,3369.8201,4,6,0.0625,-0.0004945,-6.25e-05,-1.25e-05,0.0,-2.6e-05,-2.6e-05,0.0,-0.0006216,-0.0079398,False
NZL50,2011-08-30,3317.73,2011-09-05,3293.1299,4,6,0.0625,-0.0004621,-6.25e-05,-1.25e-05,0.0,-2.6e-05,-2.6e-05,0.0,-0.0005892,-0.0074147,False
NZL50,2011-09-29,3300.1699,2011-10-05,3328.1201,4,6,0.0625,0.0005348,-6.25e-05,-1.25e-05,0.0,-2.6e-05,-2.6e-05,0.0,0.0004077,0.0084693,False
NZL50,2011-10-28,3325.6001,2011-11-03,3311.51,4,6,0.0625,-0.0002636,-6.25e-05,-1.25e-05,0.0,-2.6e-05,-2.6e-05,0.0,-0.0003907,-0.0042369,False
NZL50,2011-11-29,3239.47,2011-12-05,3301.22,4,6,0.0625,0.0011842,-6.25e-05,-1.25e-05,0.0,-2.6e-05,-2.6e-05,0.0,0.0010571,0.0190618,False
NZL50,2011-12-29,3246.25,2012-01-06,3253.4299,4,8,0.0625,0.0001438,-6.25e-05,-1.25e-05,0.0,-3.47e-05,-3.47e-05,0.0,-7e-07,0.0022118,False
NZL50,2012-01-30,3307.22,2012-02-03,3312.23,4,4,0.0625,9.55e-05,-6.25e-05,-1.25e-05,0.0,-1.74e-05,-1.74e-05,0.0,-1.42e-05,0.0015149,False
NZL50,2012-02-28,3309.8,2012-03-05,3387.8401,4,6,0.0625,0.0014632,-6.25e-05,-1.25e-05,0.0,-2.6e-05,-2.6e-05,0.0,0.0013362,0.0235785,False
NZL50,2012-03-29,3495.4399,2012-04-04,3480.4199,4,6,0.0625,-0.0002668,-6.25e-05,-1.25e-05,0.0,-2.6e-05,-2.6e-05,0.0,-0.0003939,-0.004297,False
NZL50,2012-04-27,3531.6599,2012-05-03,3576.7,4,6,0.0625,0.0008016,-6.25e-05,-1.25e-05,0.0,-2.6e-05,-2.6e-05,0.0,0.0006745,0.0127532,False
NZL50,2012-05-30,3481.3401,2012-06-06,3464.51,4,7,0.0625,-0.0002917,-6.25e-05,-1.25e-05,0.0,-3.04e-05,-3.04e-05,0.0,-0.0004275,-0.0048344,False
NZL50,2012-06-28,3401.3401,2012-07-04,3483.1201,4,6,0.0625,0.0014932,-6.25e-05,-1.25e-05,0.0,-2.6e-05,-2.6e-05,0.0,0.0013661,0.0240435,False
NZL50,2012-07-30,3518.8899,2012-08-03,3548.0,4,4,0.0625,0.0005206,-6.25e-05,-1.25e-05,0.0,-1.74e-05,-1.74e-05,0.0,0.0004108,0.0082725,False
NZL50,2012-08-30,3629.5601,2012-09-05,3669.6499,4,6,0.0625,0.00069,-6.25e-05,-1.25e-05,0.0,-2.6e-05,-2.6e-05,0.0,0.0005629,0.0110454,False
NZL50,2012-09-27,3809.03,2012-10-04,3881.99,4,7,0.0625,0.0011909,-6.25e-05,-1.25e-05,0.0,-3.04e-05,-3.04e-05,0.0,0.0010551,0.0191545,False
NZL50,2012-10-29,3951.3,2012-11-05,3908.27,4,7,0.0625,-0.0006822,-6.25e-05,-1.25e-05,0.0,-3.04e-05,-3.04e-05,0.0,-0.000818,-0.0108901,False
NZL50,2012-11-23,4008.3401,2012-12-21,4054.74,4,28,0.0625,0.0007415,-6.25e-05,-1.25e-05,0.0,-0.0001215,-0.0001215,0.0,0.0004234,0.0115758,False
NZL50,2012-12-28,4080.8999,2013-03-05,4269.1602,12,67,0.0625,0.0028619,-6.25e-05,-1.25e-05,0.0,-0.0002908,-0.0002908,0.0,0.0022053,0.046132,False
NZL50,2013-03-27,4412.0601,2013-04-10,4420.0601,4,14,0.0625,0.0001165,-6.25e-05,-1.25e-05,0.0,-6.08e-05,-6.08e-05,0.0,-8.01e-05,0.0018132,False
NZL50,2013-04-29,4580.96,2013-05-03,4544.3198,4,4,0.0625,-0.0004975,-6.25e-05,-1.25e-05,0.0,-1.74e-05,-1.74e-05,0.0,-0.0006072,-0.0079984,False
NZL50,2013-05-30,4470.5098,2013-06-07,4439.8599,4,8,0.0625,-0.0004218,-6.25e-05,-1.25e-05,0.0,-3.47e-05,-3.47e-05,0.0,-0.0005663,-0.006856,False
NZL50,2013-06-27,4416.96,2013-07-03,4450.7598,4,6,0.0625,0.0004807,-6.25e-05,-1.25e-05,0.0,-2.6e-05,-2.6e-05,0.0,0.0003537,0.0076523,False
NZL50,2013-07-30,4550.5801,2013-08-05,4589.48,4,6,0.0625,0.0005345,-6.25e-05,-1.25e-05,0.0,-2.6e-05,-2.6e-05,0.0,0.0004074,0.0085483,False
NZL50,2013-08-29,4520.5,2013-09-04,4610.3101,4,6,0.0625,0.001235,-6.25e-05,-1.25e-05,0.0,-2.6e-05,-2.6e-05,0.0,0.0011079,0.0198673,False
NZL50,2013-09-26,4765.4702,2013-10-03,4770.2202,4,7,0.0625,6.56e-05,-6.25e-05,-1.25e-05,0.0,-3.04e-05,-3.04e-05,0.0,-7.02e-05,0.0009968,False
NZL50,2013-10-30,4868.0801,2013-11-05,4938.7002,4,6,0.0625,0.0009035,-6.25e-05,-1.25e-05,0.0,-2.6e-05,-2.6e-05,0.0,0.0007764,0.0145068,False
NZL50,2013-11-28,4809.46,2013-12-04,4734.1602,4,6,0.0625,-0.0009825,-6.25e-05,-1.25e-05,0.0,-2.6e-05,-2.6e-05,0.0,-0.0011096,-0.0156566,False
NZL50,2013-12-30,4768.98,2014-01-07,4759.6299,4,8,0.0625,-0.0001198,-6.25e-05,-1.25e-05,0.0,-3.47e-05,-3.47e-05,0.0,-0.0002642,-0.0019606,False
NZL50,2014-01-30,4849.8398,2014-02-05,4807.9399,4,6,0.0625,-0.0005377,-6.25e-05,-1.25e-05,0.0,-2.6e-05,-2.6e-05,0.0,-0.0006648,-0.0086394,False
NZL50,2014-02-27,4964.3398,2014-03-05,5073.0898,4,6,0.0625,0.0013583,-6.25e-05,-1.25e-05,0.0,-2.6e-05,-2.6e-05,0.0,0.0012313,0.0219062,False
NZL50,2014-03-28,5142.8999,2014-04-03,5122.3701,4,6,0.0625,-0.0002495,-6.25e-05,-1.25e-05,0.0,-2.86e-05,-2.6e-05,0.0,-0.0003792,-0.0039919,False
NZL50,2014-04-29,5148.29,2014-05-05,5200.25,4,6,0.0625,0.0006384,-6.25e-05,-1.25e-05,0.0,-3.13e-05,-2.6e-05,0.0,0.0005061,0.0100927,False
NZL50,2014-05-29,5183.1602,2014-06-05,5159.4902,4,7,0.0625,-0.0002858,-6.25e-05,-1.25e-05,0.0,-3.65e-05,-3.04e-05,0.0,-0.0004276,-0.0045667,False
NZL50,2014-06-27,5144.25,2014-07-03,5167.3901,4,6,0.0625,0.0002809,-6.25e-05,-1.25e-05,0.0,-3.39e-05,-2.6e-05,0.0,0.000146,0.0044983,False
NZL50,2014-07-30,5158.5498,2014-08-05,5104.1602,4,6,0.0625,-0.0006577,-6.25e-05,-1.25e-05,0.0,-3.65e-05,-2.6e-05,0.0,-0.0007952,-0.0105436,False
NZL50,2014-08-28,5237.5098,2014-09-03,5224.3999,4,6,0.0625,-0.0001563,-6.25e-05,-1.25e-05,0.0,-3.65e-05,-2.6e-05,0.0,-0.0002938,-0.0025031,False
NZL50,2014-09-29,5259.5098,2014-10-03,5236.9902,4,4,0.0625,-0.0002667,-6.25e-05,-1.25e-05,0.0,-2.43e-05,-1.74e-05,0.0,-0.0003833,-0.0042817,False
NZL50,2014-10-30,5370.1802,2014-11-05,5402.1499,4,6,0.0625,0.0003728,-6.25e-05,-1.25e-05,0.0,-3.65e-05,-2.6e-05,0.0,0.0002353,0.0059532,False
NZL50,2014-11-27,5455.3799,2014-12-03,5503.0698,4,6,0.0625,0.0005506,-6.25e-05,-1.25e-05,0.0,-3.65e-05,-2.6e-05,0.0,0.0004131,0.0087418,False
NZL50,2014-12-30,5577.2002,2015-01-07,5558.0601,4,8,0.0625,-0.0002119,-6.25e-05,-1.25e-05,0.0,-4.86e-05,-3.47e-05,0.0,-0.0003702,-0.0034319,False
NZL50,2015-01-29,5759.8101,2015-02-04,5785.3198,4,6,0.0625,0.0002772,-6.25e-05,-1.25e-05,0.0,-3.65e-05,-2.6e-05,0.0,0.0001397,0.0044289,False
NZL50,2015-02-26,5861.6802,2015-03-04,5874.0801,4,6,0.0625,0.0001329,-6.25e-05,-1.25e-05,0.0,-3.65e-05,-2.6e-05,0.0,-4.6e-06,0.0021154,False
NZL50,2015-03-30,5821.29,2015-04-07,5855.4399,4,8,0.0625,0.0003663,-6.25e-05,-1.25e-05,0.0,-4.86e-05,-3.47e-05,0.0,0.0002079,0.0058664,False
NZL50,2015-04-29,5740.8198,2015-05-05,5787.79,4,6,0.0625,0.000513,-6.25e-05,-1.25e-05,0.0,-3.65e-05,-2.6e-05,0.0,0.0003755,0.0081818,False
NZL50,2015-05-28,5777.6401,2015-06-04,5865.4399,4,7,0.0625,0.0009472,-6.25e-05,-1.25e-05,0.0,-4.25e-05,-3.04e-05,0.0,0.0007993,0.0151965,False
NZL50,2015-06-29,5705.8101,2015-07-03,5840.8999,4,4,0.0625,0.0014693,-6.25e-05,-1.25e-05,0.0,-2.26e-05,-1.74e-05,0.0,0.0013543,0.0236758,False
NZL50,2015-07-30,5891.8501,2015-08-05,5938.5098,4,6,0.0625,0.0004955,-6.25e-05,-1.25e-05,0.0,-3.13e-05,-2.6e-05,0.0,0.0003632,0.0079194,False
NZL50,2015-08-28,5670.48,2015-09-03,5569.6802,4,6,0.0625,-0.0011163,-6.25e-05,-1.25e-05,0.0,-3.13e-05,-2.6e-05,0.0,-0.0012485,-0.0177762,False
NZL50,2015-09-29,5612.4199,2015-10-05,5630.54,4,6,0.0625,0.0002033,-6.25e-05,-1.25e-05,0.0,-2.86e-05,-2.6e-05,0.0,7.36e-05,0.0032286,False
NZL50,2015-10-29,6002.9702,2015-11-04,6071.21,4,6,0.0625,0.0007101,-6.25e-05,-1.25e-05,0.0,-2.86e-05,-2.6e-05,0.0,0.0005804,0.0113677,False
NZL50,2015-11-27,6101.02,2015-12-03,6125.6699,4,6,0.0625,0.0002544,-6.25e-05,-1.25e-05,0.0,-2.86e-05,-2.6e-05,0.0,0.0001248,0.0040403,False
NZL50,2015-12-30,6319.3901,2016-01-07,6213.3901,4,8,0.0625,-0.0010534,-6.25e-05,-1.25e-05,0.0,-3.47e-05,-3.47e-05,0.0,-0.0011979,-0.0167738,False
NZL50,2016-01-28,6149.7002,2016-02-03,6133.3799,4,6,0.0625,-0.0001639,-6.25e-05,-1.25e-05,0.0,-2.6e-05,-2.6e-05,0.0,-0.000291,-0.0026538,False
NZL50,2016-02-26,6224.98,2016-03-03,6380.8599,4,6,0.0625,0.0015522,-6.25e-05,-1.25e-05,0.0,-2.6e-05,-2.6e-05,0.0,0.0014251,0.025041,False
NZL50,2016-03-30,6714.1602,2016-04-05,6715.8101,4,6,0.0625,1.91e-05,-6.25e-05,-1.25e-05,0.0,-2.34e-05,-2.6e-05,0.0,-0.0001053,0.0002457,False
NZL50,2016-04-28,6789.98,2016-05-04,6824.5,4,6,0.0625,0.0003201,-6.25e-05,-1.25e-05,0.0,-2.34e-05,-2.6e-05,0.0,0.0001956,0.005084,False
NZL50,2016-05-30,7019.6401,2016-06-03,7024.3799,4,4,0.0625,4.31e-05,-6.25e-05,-1.25e-05,0.0,-1.56e-05,-1.74e-05,0.0,-6.48e-05,0.0006752,False
NZL50,2016-06-29,6804.2002,2016-07-05,6970.9902,4,6,0.0625,0.0015207,-6.25e-05,-1.25e-05,0.0,-2.34e-05,-2.6e-05,0.0,0.0013962,0.0245128,False
NZL50,2016-07-28,7306.3501,2016-08-03,7277.3999,4,6,0.0625,-0.0002451,-6.25e-05,-1.25e-05,0.0,-2.34e-05,-2.6e-05,0.0,-0.0003696,-0.0039623,False
NZL50,2016-08-30,7387.9502,2016-09-05,7491.8398,4,6,0.0625,0.0008756,-6.25e-05,-1.25e-05,0.0,-2.08e-05,-2.6e-05,0.0,0.0007537,0.014062,False
NZL50,2016-09-29,7343.4502,2016-10-05,7271.1602,4,6,0.0625,-0.000614,-6.25e-05,-1.25e-05,0.0,-2.08e-05,-2.6e-05,0.0,-0.0007358,-0.0098442,False
NZL50,2016-10-28,6928.6401,2016-11-03,6778.9399,4,6,0.0625,-0.0013563,-6.25e-05,-1.25e-05,0.0,-2.08e-05,-2.6e-05,0.0,-0.0014782,-0.021606,False
NZL50,2016-11-29,6901.75,2016-12-05,6854.71,4,6,0.0625,-0.0004244,-6.25e-05,-1.25e-05,0.0,-1.82e-05,-2.6e-05,0.0,-0.0005437,-0.0068157,False
NZL50,2016-12-29,6892.2798,2017-01-06,6970.6602,4,8,0.0625,0.0007125,-6.25e-05,-1.25e-05,0.0,-2.43e-05,-3.47e-05,0.0,0.0005785,0.0113722,False
NZL50,2017-01-30,7085.5601,2017-02-03,7094.3799,4,4,0.0625,7.96e-05,-6.25e-05,-1.25e-05,0.0,-1.22e-05,-1.74e-05,0.0,-2.49e-05,0.0012448,False
NZL50,2017-02-27,7079.1802,2017-03-03,7160.8701,4,4,0.0625,0.0007227,-6.25e-05,-1.25e-05,0.0,-1.22e-05,-1.74e-05,0.0,0.0006182,0.0115395,False
NZL50,2017-03-30,7169.1099,2017-04-05,7265.0498,4,6,0.0625,0.0008323,-6.25e-05,-1.25e-05,0.0,-1.82e-05,-2.6e-05,0.0,0.000713,0.0133824,False
NZL50,2017-04-27,7354.6099,2017-05-03,7405.8398,4,6,0.0625,0.0004353,-6.25e-05,-1.25e-05,0.0,-1.82e-05,-2.6e-05,0.0,0.000316,0.0069657,False
NZL50,2017-05-30,7411.9502,2017-06-06,7494.9702,4,7,0.0625,0.0006981,-6.25e-05,-1.25e-05,0.0,-2.13e-05,-3.04e-05,0.0,0.0005715,0.0112008,False
NZL50,2017-06-29,7685.4502,2017-07-05,7595.6699,4,6,0.0625,-0.0007303,-6.25e-05,-1.25e-05,0.0,-1.82e-05,-2.6e-05,0.0,-0.0008496,-0.0116818,False
NZL50,2017-07-28,7639.5098,2017-08-03,7753.75,4,6,0.0625,0.0009301,-6.25e-05,-1.25e-05,0.0,-1.82e-05,-2.6e-05,0.0,0.0008109,0.0149539,False
NZL50,2017-08-30,7775.21,2017-09-05,7777.3999,4,6,0.0625,1.91e-05,-6.25e-05,-1.25e-05,0.0,-1.82e-05,-2.6e-05,0.0,-0.0001002,0.0002817,False
NZL50,2017-09-28,7913.6201,2017-10-04,7949.6899,4,6,0.0625,0.0002845,-6.25e-05,-1.25e-05,0.0,-1.82e-05,-2.6e-05,0.0,0.0001652,0.0045579,False
NZL50,2017-10-30,8143.98,2017-11-03,8065.1201,4,4,0.0625,-0.0006035,-6.25e-05,-1.25e-05,0.0,-1.22e-05,-1.74e-05,0.0,-0.000708,-0.0096832,False
NZL50,2017-11-29,8141.96,2017-12-05,8176.21,4,6,0.0625,0.0002634,-6.25e-05,-1.25e-05,0.0,-1.82e-05,-2.6e-05,0.0,0.0001441,0.0042066,False
NZL50,2017-12-28,8408.5303,2018-01-05,8455.5498,4,8,0.0625,0.0003491,-6.25e-05,-1.25e-05,0.0,-2.43e-05,-3.47e-05,0.0,0.0002151,0.0055919,False
NZL50,2018-01-30,8298.5801,2018-02-05,8241.8301,4,6,0.0625,-0.0004043,-6.25e-05,-1.25e-05,0.0,-1.82e-05,-2.6e-05,0.0,-0.0005235,-0.0068385,False
NZL50,2018-02-27,8360.3799,2018-03-05,8279.8301,4,6,0.0625,-0.0006032,-6.25e-05,-1.25e-05,0.0,-1.82e-05,-2.6e-05,0.0,-0.0007225,-0.0096347,False
NZL50,2018-03-28,8388.0801,2018-04-05,8363.9902,4,8,0.0625,-0.000175,-6.25e-05,-1.25e-05,0.0,-2.43e-05,-3.47e-05,0.0,-0.000309,-0.0028719,False
NZL50,2018-04-27,8370.3701,2018-05-03,8546.8799,4,6,0.0625,0.0013093,-6.25e-05,-1.25e-05,0.0,-1.82e-05,-2.6e-05,0.0,0.0011901,0.0210875,False
NZL50,2018-05-30,8647.8604,2018-06-06,8813.4502,4,7,0.0625,0.0011931,-6.25e-05,-1.25e-05,0.0,-2.13e-05,-3.04e-05,0.0,0.0010664,0.0191481,False
NZL50,2018-06-28,8998.79,2018-07-04,9025.6396,4,6,0.0625,0.0001925,-6.25e-05,-1.25e-05,0.0,-1.82e-05,-2.6e-05,0.0,7.32e-05,0.0029837,False
NZL50,2018-07-30,8921.3799,2018-08-03,8864.5195,4,4,0.0625,-0.000398,-6.25e-05,-1.25e-05,0.0,-1.22e-05,-1.74e-05,0.0,-0.0005025,-0.0063735,False
NZL50,2018-08-30,9339.8799,2018-09-05,9228.0,4,6,0.0625,-0.0007499,-6.25e-05,-1.25e-05,0.0,-1.82e-05,-2.6e-05,0.0,-0.0008691,-0.0119787,False
NZL50,2018-09-27,9286.4004,2018-10-03,9293.9502,4,6,0.0625,5.29e-05,-6.25e-05,-1.25e-05,0.0,-1.82e-05,-2.6e-05,0.0,-6.64e-05,0.000813,False
NZL50,2018-10-30,8648.3799,2018-11-05,8778.7803,4,6,0.0625,0.0009445,-6.25e-05,-1.25e-05,0.0,-1.82e-05,-2.6e-05,0.0,0.0008253,0.015078,False
NZL50,2018-11-29,8794.8799,2018-12-05,8781.5303,4,6,0.0625,-9.06e-05,-6.25e-05,-1.25e-05,0.0,-1.82e-05,-2.6e-05,0.0,-0.0002099,-0.0015179,False
NZL50,2018-12-28,8783.4902,2019-01-07,8806.04,4,10,0.0625,0.0001647,-6.25e-05,-1.25e-05,0.0,-3.04e-05,-4.34e-05,0.0,1.59e-05,0.0025673,False
NZL50,2019-01-30,8925.5195,2019-02-05,9073.7197,4,6,0.0625,0.0010343,-6.25e-05,-1.25e-05,0.0,-1.82e-05,-2.6e-05,0.0,0.000915,0.0166041,False
NZL50,2019-02-27,9281.4697,2019-03-05,9399.6904,4,6,0.0625,0.0007934,-6.25e-05,-1.25e-05,0.0,-1.82e-05,-2.6e-05,0.0,0.0006741,0.0127373,False
NZL50,2019-03-28,9766.1904,2019-04-03,9939.2598,4,6,0.0625,0.0011035,-6.25e-05,-1.25e-05,0.0,-1.82e-05,-2.6e-05,0.0,0.0009843,0.0177213,False
NZL50,2019-04-29,10012.7695,2019-05-03,10058.0801,4,4,0.0625,0.0002875,-6.25e-05,-1.25e-05,0.0,-1.22e-05,-1.74e-05,0.0,0.000183,0.0045253,False
NZL50,2019-05-30,10071.9805,2019-06-06,9987.0,4,7,0.0625,-0.0005201,-6.25e-05,-1.25e-05,0.0,-1.82e-05,-3.04e-05,0.0,-0.0006437,-0.0084373,False
NZL50,2019-06-27,10431.2197,2019-07-03,10544.4297,4,6,0.0625,0.0006778,-6.25e-05,-1.25e-05,0.0,-1.56e-05,-2.6e-05,0.0,0.0005611,0.010853,False
NZL50,2019-07-30,10878.9502,2019-08-05,10766.0303,4,6,0.0625,-0.0006494,-6.25e-05,-1.25e-05,0.0,-1.56e-05,-2.6e-05,0.0,-0.0007661,-0.0103797,False
NZL50,2019-08-29,10580.0703,2019-09-04,11008.1299,4,6,0.0625,0.0024951,-6.25e-05,-1.25e-05,0.0,-1.04e-05,-2.6e-05,0.0,0.0023836,0.040459,False
NZL50,2019-09-27,10836.5,2019-10-03,10821.21,4,6,0.0625,-7.98e-05,-6.25e-05,-1.25e-05,0.0,-1.04e-05,-2.6e-05,0.0,-0.0001913,-0.001411,False
NZL50,2019-10-30,10789.54,2019-11-05,10841.54,4,6,0.0625,0.0003015,-6.25e-05,-1.25e-05,0.0,-1.04e-05,-2.6e-05,0.0,0.0001901,0.0048195,False
NZL50,2019-11-28,11207.29,2019-12-04,11209.8701,4,6,0.0625,1.88e-05,-6.25e-05,-1.25e-05,0.0,-1.04e-05,-2.6e-05,0.0,-9.26e-05,0.0002302,False
NZL50,2019-12-30,11556.4502,2020-01-07,11629.8604,4,8,0.0625,0.0003994,-6.25e-05,-1.25e-05,0.0,-1.39e-05,-3.47e-05,0.0,0.0002758,0.0063523,False
NZL50,2020-01-30,11665.6504,2020-02-05,11604.0801,4,6,0.0625,-0.0003213,-6.25e-05,-1.25e-05,0.0,-1.04e-05,-2.6e-05,0.0,-0.0004328,-0.0052779,False
NZL50,2020-02-27,11437.1699,2020-03-04,11417.7803,4,6,0.0625,-7.64e-05,-6.25e-05,-1.25e-05,0.0,-1.04e-05,-2.6e-05,0.0,-0.0001879,-0.0016953,False
NZL50,2020-03-30,9661.1904,2020-04-03,9935.1797,4,4,0.0625,0.0017616,-6.25e-05,-1.25e-05,0.0,-1.7e-06,-1.74e-05,0.0,0.0016675,0.0283598,False
NZL50,2020-04-29,10666.1904,2020-05-05,10490.7305,4,6,0.0625,-0.0010295,-6.25e-05,-1.25e-05,0.0,-2.6e-06,-2.6e-05,0.0,-0.0011331,-0.0164501,False
NZL50,2020-05-28,10856.6904,2020-06-04,11222.7998,4,7,0.0625,0.0020836,-6.25e-05,-1.25e-05,0.0,-3e-06,-3.04e-05,0.0,0.0019752,0.033722,False
NZL50,2020-06-29,11252.54,2020-07-03,11558.7002,4,4,0.0625,0.0016961,-6.25e-05,-1.25e-05,0.0,-1.7e-06,-1.74e-05,0.0,0.001602,0.0272081,False
NZL50,2020-07-30,11692.0195,2020-08-05,11757.7197,4,6,0.0625,0.000354,-6.25e-05,-1.25e-05,0.0,-2.6e-06,-2.6e-05,0.0,0.0002503,0.0056192,False
NZL50,2020-08-28,12093.5195,2020-09-03,12055.0498,4,6,0.0625,-0.0001815,-6.25e-05,-1.25e-05,0.0,-2.6e-06,-2.6e-05,0.0,-0.0002852,-0.003181,False
NZL50,2020-09-29,11742.0898,2020-10-05,11898.2598,4,6,0.0625,0.000828,-6.25e-05,-1.25e-05,0.0,-2.6e-06,-2.6e-05,0.0,0.0007244,0.0133,False
NZL50,2020-10-29,12201.7998,2020-11-04,12199.9297,4,6,0.0625,-4.9e-06,-6.25e-05,-1.25e-05,0.0,-2.6e-06,-2.6e-05,0.0,-0.0001085,-0.0001533,False
NZL50,2020-11-27,12639.8301,2020-12-03,12648.9102,4,6,0.0625,4.96e-05,-6.25e-05,-1.25e-05,0.0,-2.6e-06,-2.6e-05,0.0,-5.4e-05,0.0007184,False
NZL50,2020-12-30,13217.1396,2021-01-07,13485.6699,4,8,0.0625,0.0012778,-6.25e-05,-1.25e-05,0.0,-3.5e-06,-3.47e-05,0.0,0.0011646,0.0203168,False
NZL50,2021-01-28,13238.7197,2021-02-03,13091.21,4,6,0.0625,-0.000697,-6.25e-05,-1.25e-05,0.0,-2.6e-06,-2.6e-05,0.0,-0.0008006,-0.0111423,False
NZL50,2021-02-25,12140.6602,2021-03-03,12359.2598,4,6,0.0625,0.0011185,-6.25e-05,-1.25e-05,0.0,-2.6e-06,-2.6e-05,0.0,0.0010149,0.0180056,False
NZL50,2021-03-30,12446.7598,2021-04-07,12487.5898,4,8,0.0625,0.0002114,-6.25e-05,-1.25e-05,0.0,-3.5e-06,-3.47e-05,0.0,9.82e-05,0.0032804,False
NZL50,2021-04-29,12715.2002,2021-05-05,12848.3096,4,6,0.0625,0.0006559,-6.25e-05,-1.25e-05,0.0,-2.6e-06,-2.6e-05,0.0,0.0005522,0.0104685,False
NZL50,2021-05-28,12182.25,2021-06-03,12429.9805,4,6,0.0625,0.0012664,-6.25e-05,-1.25e-05,0.0,-2.6e-06,-2.6e-05,0.0,0.0011628,0.0203354,False
NZL50,2021-06-29,12639.8203,2021-07-05,12812.3203,4,6,0.0625,0.0008495,-6.25e-05,-1.25e-05,0.0,-2.6e-06,-2.6e-05,0.0,0.0007458,0.0136473,False
NZL50,2021-07-29,12728.8496,2021-08-04,12797.29,4,6,0.0625,0.0003428,-6.25e-05,-1.25e-05,0.0,-2.6e-06,-2.6e-05,0.0,0.0002391,0.0053768,False
NZL50,2021-08-30,13180.5801,2021-09-03,13288.8701,4,4,0.0625,0.000512,-6.25e-05,-1.25e-05,0.0,-1.7e-06,-1.74e-05,0.0,0.0004179,0.0082159,False
NZL50,2021-09-29,13119.79,2021-10-05,13199.9902,4,6,0.0625,0.0003892,-6.25e-05,-1.25e-05,0.0,-2.6e-06,-2.6e-05,0.0,0.0002856,0.0061129,False
NZL50,2021-10-28,12970.9902,2021-11-03,12993.8301,4,6,0.0625,0.0001142,-6.25e-05,-1.25e-05,0.0,-5.2e-06,-2.6e-05,0.0,7.9e-06,0.0017608,False
NZL50,2021-11-29,12627.9004,2021-12-03,12676.5,4,4,0.0625,0.0002427,-6.25e-05,-1.25e-05,0.0,-5.2e-06,-1.74e-05,0.0,0.0001452,0.0038486,False
NZL50,2021-12-30,13043.7998,2022-01-07,12970.6504,4,8,0.0625,-0.0003438,-6.25e-05,-1.25e-05,0.0,-1.04e-05,-3.47e-05,0.0,-0.000464,-0.005608,False
NZL50,2022-01-28,11852.1504,2022-02-03,12335.3203,4,6,0.0625,0.0025132,-6.25e-05,-1.25e-05,0.0,-7.8e-06,-2.6e-05,0.0,0.0024044,0.0407664,False
NZL50,2022-02-25,11923.3799,2022-03-03,12205.6201,4,6,0.0625,0.0014716,-6.25e-05,-1.25e-05,0.0,-1.04e-05,-2.6e-05,0.0,0.0013601,0.0236712,False
NZL50,2022-03-30,12098.7998,2022-04-05,12121.3896,4,6,0.0625,0.000118,-6.25e-05,-1.25e-05,0.0,-1.04e-05,-2.6e-05,0.0,6.5e-06,0.0018671,False
NZL50,2022-04-28,11875.96,2022-05-04,11675.21,4,6,0.0625,-0.0010606,-6.25e-05,-1.25e-05,0.0,-1.56e-05,-2.6e-05,0.0,-0.0011773,-0.0169039,False
NZL50,2022-05-30,11145.5,2022-06-03,11417.3398,4,4,0.0625,0.001515,-6.25e-05,-1.25e-05,0.0,-1.39e-05,-1.74e-05,0.0,0.0014087,0.0243901,False
NZL50,2022-06-29,10958.8096,2022-07-05,10965.1699,4,6,0.0625,4.79e-05,-6.25e-05,-1.25e-05,0.0,-2.08e-05,-2.6e-05,0.0,-7.39e-05,0.0005804,False
NZL50,2022-07-28,11328.1904,2022-08-03,11705.0303,4,6,0.0625,0.002059,-6.25e-05,-1.25e-05,0.0,-2.6e-05,-2.6e-05,0.0,0.0019319,0.0332657,False
NZL50,2022-08-30,11648.6504,2022-09-05,11619.04,4,6,0.0625,-0.0001584,-6.25e-05,-1.25e-05,0.0,-3.13e-05,-2.6e-05,0.0,-0.0002907,-0.002542,False
NZL50,2022-09-29,11200.04,2022-10-05,11180.0098,4,6,0.0625,-9.8e-05,-6.25e-05,-1.25e-05,0.0,-3.13e-05,-2.6e-05,0.0,-0.0002303,-0.0017884,False
NZL50,2022-10-28,11129.5303,2022-11-03,11184.2998,4,6,0.0625,0.0003205,-6.25e-05,-1.25e-05,0.0,-3.65e-05,-2.6e-05,0.0,0.000183,0.0049211,False
NZL50,2022-11-29,11411.3896,2022-12-05,11613.1201,4,6,0.0625,0.0011026,-6.25e-05,-1.25e-05,0.0,-4.43e-05,-2.6e-05,0.0,0.0009573,0.017678,False
NZL50,2022-12-29,11591.9297,2023-01-06,11625.9697,4,8,0.0625,0.0001936,-6.25e-05,-1.25e-05,0.0,-5.9e-05,-3.47e-05,0.0,2.48e-05,0.0029365,False
NZL50,2023-01-30,12004.2803,2023-02-03,12197.1504,4,4,0.0625,0.0009986,-6.25e-05,-1.25e-05,0.0,-2.95e-05,-1.74e-05,0.0,0.0008767,0.0160668,False
NZL50,2023-02-27,11813.5596,2023-03-03,11868.79,4,4,0.0625,0.0002924,-6.25e-05,-1.25e-05,0.0,-3.3e-05,-1.74e-05,0.0,0.0001671,0.0046752,False
NZL50,2023-03-30,11933.1699,2023-04-05,11866.8301,4,6,0.0625,-0.0003464,-6.25e-05,-1.25e-05,0.0,-4.95e-05,-2.6e-05,0.0,-0.0004969,-0.0055593,False
NZL50,2023-04-27,11918.2197,2023-05-03,11907.9902,4,6,0.0625,-4.74e-05,-6.25e-05,-1.25e-05,0.0,-5.47e-05,-2.6e-05,0.0,-0.0002032,-0.0008583,False
NZL50,2023-05-30,11878.71,2023-06-06,11864.1201,4,7,0.0625,-7.31e-05,-6.25e-05,-1.25e-05,0.0,-6.68e-05,-3.04e-05,0.0,-0.0002454,-0.0012282,False
NZL50,2023-06-29,11808.1201,2023-07-05,12002.46,4,6,0.0625,0.0010239,-6.25e-05,-1.25e-05,0.0,-5.73e-05,-2.6e-05,0.0,0.0008655,0.0164582,False
NZL50,2023-07-28,11946.7402,2023-08-03,11936.6201,4,6,0.0625,-4.89e-05,-6.25e-05,-1.25e-05,0.0,-5.73e-05,-2.6e-05,0.0,-0.0002072,-0.0008471,False
NZL50,2023-08-30,11521.1201,2023-09-05,11437.25,4,6,0.0625,-0.0004548,-6.25e-05,-1.25e-05,0.0,-5.73e-05,-2.6e-05,0.0,-0.0006131,-0.0072797,False
NZL50,2023-09-28,11178.0303,2023-10-04,11235.0498,4,6,0.0625,0.0003234,-6.25e-05,-1.25e-05,0.0,-5.73e-05,-2.6e-05,0.0,0.000165,0.005101,False
NZL50,2023-10-30,10741.5703,2023-11-03,11118.9199,4,4,0.0625,0.0021716,-6.25e-05,-1.25e-05,0.0,-3.82e-05,-1.74e-05,0.0,0.002041,0.0351298,False
NZL50,2023-11-29,11198.1602,2023-12-05,11343.8496,4,6,0.0625,0.0008132,-6.25e-05,-1.25e-05,0.0,-5.73e-05,-2.6e-05,0.0,0.0006549,0.0130101,False
NZL50,2023-12-28,11761.2598,2024-01-05,11748.4805,4,8,0.0625,-6.5e-05,-6.25e-05,-1.25e-05,0.0,-7.64e-05,-3.47e-05,0.0,-0.0002511,-0.0010866,False
NZL50,2024-01-30,11844.5,2024-02-05,11928.7002,4,6,0.0625,0.0004448,-6.25e-05,-1.25e-05,0.0,-5.73e-05,-2.6e-05,0.0,0.0002865,0.0071088,False
NZL50,2024-02-28,11698.0498,2024-03-05,11685.21,4,6,0.0625,-6.77e-05,-6.25e-05,-1.25e-05,0.0,-5.73e-05,-2.6e-05,0.0,-0.000226,-0.0010976,False
NZL50,2024-03-27,12010.6602,2024-04-04,12035.2598,4,8,0.0625,0.0001305,-6.25e-05,-1.25e-05,0.0,-7.64e-05,-3.47e-05,0.0,-5.56e-05,0.0020481,False
NZL50,2024-04-29,11916.2402,2024-05-03,11938.0801,4,4,0.0625,0.0001175,-6.25e-05,-1.25e-05,0.0,-3.82e-05,-1.74e-05,0.0,-1.3e-05,0.0018328,False
NZL50,2024-05-30,11630.9404,2024-06-06,11973.0098,4,7,0.0625,0.0018275,-6.25e-05,-1.25e-05,0.0,-6.68e-05,-3.04e-05,0.0,0.0016553,0.0294103,False
NZL50,2024-06-26,11835.0195,2024-07-03,11790.9199,4,7,0.0625,-0.000229,-6.25e-05,-1.25e-05,0.0,-6.68e-05,-3.04e-05,0.0,-0.0004012,-0.0037262,False
NZL50,2024-07-30,12391.0498,2024-08-05,12264.4902,4,6,0.0625,-0.0006327,-6.25e-05,-1.25e-05,0.0,-5.73e-05,-2.6e-05,0.0,-0.0007911,-0.0102138,False
NZL50,2024-08-29,12353.6104,2024-09-04,12553.3496,4,6,0.0625,0.0010067,-6.25e-05,-1.25e-05,0.0,-5.47e-05,-2.6e-05,0.0,0.000851,0.0161685,False
NZL50,2024-09-27,12457.4102,2024-10-03,12572.6602,4,6,0.0625,0.0005791,-6.25e-05,-1.25e-05,0.0,-5.47e-05,-2.6e-05,0.0,0.0004234,0.0092515,False
NZL50,2024-10-30,12694.8398,2024-11-05,12606.3398,4,6,0.0625,-0.0004349,-6.25e-05,-1.25e-05,0.0,-4.95e-05,-2.6e-05,0.0,-0.0005854,-0.0069713,False
NZL50,2024-11-28,13033.7695,2024-12-04,12914.5801,4,6,0.0625,-0.0005711,-6.25e-05,-1.25e-05,0.0,-4.43e-05,-2.6e-05,0.0,-0.0007164,-0.0091447,False
NZL50,2024-12-30,13202.3496,2025-01-07,13013.5195,4,8,0.0625,-0.0008982,-6.25e-05,-1.25e-05,0.0,-5.9e-05,-3.47e-05,0.0,-0.001067,-0.0143028,False
NZL50,2025-01-30,12918.5703,2025-02-05,12844.5898,4,6,0.0625,-0.0003524,-6.25e-05,-1.25e-05,0.0,-4.43e-05,-2.6e-05,0.0,-0.0004977,-0.0057267,False
NZL50,2025-02-27,12553.0,2025-03-05,12385.3496,4,6,0.0625,-0.0008297,-6.25e-05,-1.25e-05,0.0,-3.91e-05,-2.6e-05,0.0,-0.0009698,-0.0133554,False
NZL50,2025-03-28,12287.46,2025-04-03,12338.5703,4,6,0.0625,0.0002608,-6.25e-05,-1.25e-05,0.0,-3.91e-05,-2.6e-05,0.0,0.0001207,0.0041596,False
NZL50,2025-04-29,12025.4502,2025-05-05,12421.25,4,6,0.0625,0.0020509,-6.25e-05,-1.25e-05,0.0,-3.65e-05,-2.6e-05,0.0,0.0019134,0.0329135,False
NZL50,2025-05-29,12281.3096,2025-06-05,12577.1504,4,7,0.0625,0.0015004,-6.25e-05,-1.25e-05,0.0,-3.95e-05,-3.04e-05,0.0,0.0013555,0.0240887,False
NZL50,2025-06-27,12583.5898,2025-07-03,12704.4805,4,6,0.0625,0.0006031,-6.25e-05,-1.25e-05,0.0,-3.39e-05,-2.6e-05,0.0,0.0004682,0.009607,False
NZL50,2025-07-30,12855.9697,2025-08-05,12877.04,4,6,0.0625,0.0001118,-6.25e-05,-1.25e-05,0.0,-3.39e-05,-2.6e-05,0.0,-2.31e-05,0.001639,False
NZL50,2025-08-28,12903.0801,2025-09-03,13074.8096,4,6,0.0625,0.0008306,-6.25e-05,-1.25e-05,0.0,-3.13e-05,-2.6e-05,0.0,0.0006983,0.0133092,False
NZL50,2025-09-29,13132.5596,2025-10-03,13514.0898,4,4,0.0625,0.0017987,-6.25e-05,-1.25e-05,0.0,-2.08e-05,-1.74e-05,0.0,0.0016855,0.0290522,False
NZL50,2025-10-30,13459.29,2025-11-05,13625.1396,4,6,0.0625,0.0007674,-6.25e-05,-1.25e-05,0.0,-2.6e-05,-2.6e-05,0.0,0.0006403,0.0123223,False
NZL50,2025-11-27,13434.5,2025-12-03,13553.6602,4,6,0.0625,0.0005535,-6.25e-05,-1.25e-05,0.0,-2.34e-05,-2.6e-05,0.0,0.000429,0.0088697,False
NZL50,2025-12-30,13548.9697,2026-01-07,13668.96,4,8,0.0625,0.0005526,-6.25e-05,-1.25e-05,0.0,-3.13e-05,-3.47e-05,0.0,0.0004116,0.008856,False
NZL50,2026-01-29,13339.7695,2026-02-04,13425.0,4,6,0.0625,0.0004055,-6.25e-05,-1.25e-05,0.0,-2.34e-05,-2.6e-05,0.0,0.0002811,0.0063892,False
NZL50,2026-02-26,13646.7803,2026-03-04,13579.8301,4,6,0.0625,-0.0003019,-6.25e-05,-1.25e-05,0.0,-2.34e-05,-2.6e-05,0.0,-0.0004263,-0.0049059,False
NZL50,2026-03-30,12748.9199,2026-04-07,13069.6602,4,8,0.0625,0.0015657,-6.25e-05,-1.25e-05,0.0,-3.13e-05,-3.47e-05,0.0,0.0014248,0.0251582,False
NZL50,2026-04-29,12770.2998,2026-05-05,13035.7002,4,6,0.0625,0.0012925,-6.25e-05,-1.25e-05,0.0,-2.34e-05,-2.6e-05,0.0,0.001168,0.0207826,False
NZL50,2026-05-28,13206.1104,2026-06-04,13101.6104,4,7,0.0625,-0.0004947,-6.25e-05,-1.25e-05,0.0,-2.73e-05,-3.04e-05,0.0,-0.0006274,-0.007913,False
NZL50,2026-06-29,13545.5596,2026-07-03,13618.4199,4,4,0.0625,0.0003366,-6.25e-05,-1.25e-05,0.0,-1.56e-05,-1.74e-05,0.0,0.0002287,0.0053789,False
NZL50,2026-07-30,13762.7803,2026-08-05,13997.1797,4,6,0.0625,0.0010612,-6.25e-05,-1.25e-05,0.0,-2.6e-05,-2.6e-05,0.0,0.0009342,0.0170314,False
NZL50,2026-08-28,13768.1797,2026-09-03,13846.1797,4,6,0.0625,0.000364,-6.25e-05,-1.25e-05,0.0,-2.6e-05,-2.6e-05,0.0,0.0002369,0.0056652,False
MEX35,1999-03-30,4882.0,1999-04-07,5123.1299,4,8,0.0625,0.0030563,-6.25e-05,-1.25e-05,0.0,-0.0003173,-3.47e-05,0.0,0.0026293,0.0493916,False
MEX35,1999-04-29,5517.3101,1999-05-06,5802.4702,4,7,0.0625,0.0032467,-6.25e-05,-1.25e-05,0.0,-0.0002454,-3.04e-05,0.0,0.0028959,0.0516846,False
MEX35,1999-05-28,5423.5698,1999-06-03,5363.6201,4,6,0.0625,-0.000687,-6.25e-05,-1.25e-05,0.0,-0.0002303,-2.6e-05,0.0,-0.0010183,-0.0110536,False
MEX35,1999-06-29,5645.0698,1999-07-05,5955.5298,4,6,0.0625,0.0033844,-6.25e-05,-1.25e-05,0.0,-0.0002198,-2.6e-05,0.0,0.0030636,0.0549967,False
MEX35,1999-07-29,5267.6802,1999-08-04,5142.9102,4,6,0.0625,-0.0014635,-6.25e-05,-1.25e-05,0.0,-0.0002319,-2.6e-05,0.0,-0.0017964,-0.023686,False
MEX35,1999-08-30,5174.7998,1999-09-06,5051.0,4,7,0.0625,-0.0014979,-6.25e-05,-1.25e-05,0.0,-0.0002468,-3.04e-05,0.0,-0.0018501,-0.0239236,False
MEX35,1999-09-29,5079.75,1999-10-05,4989.6602,4,6,0.0625,-0.0011039,-6.25e-05,-1.25e-05,0.0,-0.0002017,-2.6e-05,0.0,-0.0014067,-0.0177351,False
MEX35,1999-10-28,5328.52,1999-11-04,5817.04,4,7,0.0625,0.0055988,-6.25e-05,-1.25e-05,0.0,-0.0002215,-3.04e-05,0.0,0.0052719,0.0916802,False
MEX35,1999-11-29,6303.1001,1999-12-03,6470.4102,4,4,0.0625,0.0016935,-6.25e-05,-1.25e-05,0.0,-0.000131,-1.74e-05,0.0,0.0014702,0.0265441,False
MEX35,1999-12-29,7121.79,2000-01-05,6764.3101,4,7,0.0625,-0.0031064,-6.25e-05,-1.25e-05,0.0,-0.000217,-3.04e-05,0.0,-0.0034288,-0.0501952,False
MEX35,2000-01-28,6648.48,2000-02-03,7043.1001,4,6,0.0625,0.0036738,-6.25e-05,-1.25e-05,0.0,-0.0002001,-2.6e-05,0.0,0.0033726,0.0593549,False
MEX35,2000-02-28,7336.6499,2000-03-03,8131.27,4,4,0.0625,0.0065497,-6.25e-05,-1.25e-05,0.0,-0.0001168,-1.74e-05,0.0,0.0063406,0.1083083,False
MEX35,2000-03-30,7604.4902,2000-04-05,7272.8398,4,6,0.0625,-0.0027491,-6.25e-05,-1.25e-05,0.0,-0.0001444,-2.6e-05,0.0,-0.0029946,-0.0436124,False
MEX35,2000-04-27,6844.7798,2000-05-04,6504.4199,4,7,0.0625,-0.0031246,-6.25e-05,-1.25e-05,0.0,-0.0001743,-3.04e-05,0.0,-0.0034043,-0.0497255,False
MEX35,2000-05-30,5998.48,2000-06-05,6554.8901,4,6,0.0625,0.0057471,-6.25e-05,-1.25e-05,0.0,-0.0001635,-2.6e-05,0.0,0.0054826,0.0927585,False
MEX35,2000-06-29,6834.0801,2000-07-05,7372.5898,4,6,0.0625,0.0048858,-6.25e-05,-1.25e-05,0.0,-0.0001809,-2.6e-05,0.0,0.0046039,0.0787977,False
MEX35,2000-07-28,6344.0298,2000-08-03,6509.1699,4,6,0.0625,0.0016301,-6.25e-05,-1.25e-05,0.0,-0.000152,-2.6e-05,0.0,0.0013771,0.0260308,False
MEX35,2000-08-30,6572.9102,2000-09-05,6824.9702,4,6,0.0625,0.0023639,-6.25e-05,-1.25e-05,0.0,-0.0001625,-2.6e-05,0.0,0.0021004,0.0383483,False
MEX35,2000-09-28,6475.46,2000-10-04,6345.5298,4,6,0.0625,-0.0012348,-6.25e-05,-1.25e-05,0.0,-0.0001648,-2.6e-05,0.0,-0.0015007,-0.020065,False
MEX35,2000-10-30,6282.5801,2000-11-06,6359.9102,4,7,0.0625,0.0007819,-6.25e-05,-1.25e-05,0.0,-0.0002081,-3.04e-05,0.0,0.0004684,0.0123086,False
MEX35,2000-11-29,5907.2402,2000-12-06,5787.3501,4,7,0.0625,-0.0011399,-6.25e-05,-1.25e-05,0.0,-0.0002152,-3.04e-05,0.0,-0.0014605,-0.0202955,False
MEX35,2000-12-28,5591.9902,2001-01-04,6048.3398,4,7,0.0625,0.0050365,-6.25e-05,-1.25e-05,0.0,-0.0002243,-3.04e-05,0.0,0.0047068,0.0816077,False
MEX35,2001-01-30,6518.5801,2001-02-06,6447.1001,4,7,0.0625,-0.0006829,-6.25e-05,-1.25e-05,0.0,-0.0002162,-3.04e-05,0.0,-0.0010045,-0.0109656,False
MEX35,2001-02-27,6065.1499,2001-03-05,6110.1401,4,6,0.0625,0.0004676,-6.25e-05,-1.25e-05,0.0,-0.0001778,-2.6e-05,0.0,0.0001888,0.0074178,False
MEX35,2001-03-29,5648.6201,2001-04-04,5573.7202,4,6,0.0625,-0.0008132,-6.25e-05,-1.25e-05,0.0,-0.0001698,-2.6e-05,0.0,-0.0010841,-0.0132599,False
MEX35,2001-04-27,6008.0298,2001-05-04,6129.5098,4,7,0.0625,0.0012651,-6.25e-05,-1.25e-05,0.0,-0.0001817,-3.04e-05,0.0,0.0009781,0.0202196,False
MEX35,2001-05-30,6586.9302,2001-06-05,6672.3501,4,6,0.0625,0.000807,-6.25e-05,-1.25e-05,0.0,-0.0001198,-2.6e-05,0.0,0.0005862,0.0129681,False
MEX35,2001-06-28,6607.2002,2001-07-04,6868.8901,4,6,0.0625,0.0024438,-6.25e-05,-1.25e-05,0.0,-0.0001062,-2.6e-05,0.0,0.0022366,0.0396068,False
MEX35,2001-07-30,6538.2798,2001-08-03,6702.9302,4,4,0.0625,0.0015776,-6.25e-05,-1.25e-05,0.0,-6.42e-05,-1.74e-05,0.0,0.0014211,0.0251825,False
MEX35,2001-08-30,6310.1699,2001-09-05,6088.4502,4,6,0.0625,-0.002222,-6.25e-05,-1.25e-05,0.0,-9.28e-05,-2.6e-05,0.0,-0.0024159,-0.0351369,False
MEX35,2001-09-27,5306.0801,2001-10-03,5407.54,4,6,0.0625,0.0011974,-6.25e-05,-1.25e-05,0.0,-0.000108,-2.6e-05,0.0,0.0009884,0.0191215,False
MEX35,2001-10-30,5529.1802,2001-11-05,5681.0698,4,6,0.0625,0.0017021,-6.25e-05,-1.25e-05,0.0,-8.48e-05,-2.6e-05,0.0,0.0015163,0.0274706,False
MEX35,2001-11-29,5841.3398,2001-12-05,6099.2798,4,6,0.0625,0.0027299,-6.25e-05,-1.25e-05,0.0,-7.37e-05,-2.6e-05,0.0,0.0025552,0.0441577,False
MEX35,2001-12-28,6467.0898,2002-01-04,6612.0801,4,7,0.0625,0.0014217,-6.25e-05,-1.25e-05,0.0,-8.98e-05,-3.04e-05,0.0,0.0012264,0.0224197,False
MEX35,2002-01-30,6750.7998,2002-02-06,6786.7402,4,7,0.0625,0.0003584,-6.25e-05,-1.25e-05,0.0,-9.89e-05,-3.04e-05,0.0,0.0001542,0.0053239,False
MEX35,2002-02-27,6795.8999,2002-03-05,7053.54,4,6,0.0625,0.0023579,-6.25e-05,-1.25e-05,0.0,-7.76e-05,-2.6e-05,0.0,0.0021793,0.0379111,False
MEX35,2002-03-26,7351.1899,2002-04-03,7191.9399,4,8,0.0625,-0.0013578,-6.25e-05,-1.25e-05,0.0,-9.62e-05,-3.47e-05,0.0,-0.0015637,-0.0216632,False
MEX35,2002-04-29,7434.1899,2002-05-06,7542.48,4,7,0.0625,0.000906,-6.25e-05,-1.25e-05,0.0,-7.07e-05,-3.04e-05,0.0,0.0007299,0.0145665,False
MEX35,2002-05-30,7061.3999,2002-06-05,6974.9199,4,6,0.0625,-0.0007675,-6.25e-05,-1.25e-05,0.0,-7.5e-05,-2.6e-05,0.0,-0.0009436,-0.0122469,False
MEX35,2002-06-27,6400.8901,2002-07-03,6326.4902,4,6,0.0625,-0.0007179,-6.25e-05,-1.25e-05,0.0,-8.41e-05,-2.6e-05,0.0,-0.0009031,-0.0116234,False
MEX35,2002-07-30,6014.6802,2002-08-05,5534.4702,4,6,0.0625,-0.0051137,-6.25e-05,-1.25e-05,0.0,-6.64e-05,-2.6e-05,0.0,-0.0052812,-0.0798397,False
MEX35,2002-08-29,6181.6699,2002-09-04,6114.3501,4,6,0.0625,-0.0006767,-6.25e-05,-1.25e-05,0.0,-6.9e-05,-2.6e-05,0.0,-0.0008468,-0.0108902,False
MEX35,2002-09-27,5801.1201,2002-10-03,5898.3799,4,6,0.0625,0.001094,-6.25e-05,-1.25e-05,0.0,-8.42e-05,-2.6e-05,0.0,0.0009088,0.0167657,False
MEX35,2002-10-30,5963.8301,2002-11-05,6040.1699,4,6,0.0625,0.0008006,-6.25e-05,-1.25e-05,0.0,-8.08e-05,-2.6e-05,0.0,0.0006188,0.0128005,False
MEX35,2002-11-28,6158.4902,2002-12-04,6187.6699,4,6,0.0625,0.0003,-6.25e-05,-1.25e-05,0.0,-7.28e-05,-2.6e-05,0.0,0.0001262,0.0047381,False
MEX35,2002-12-30,6124.5098,2003-01-06,6333.46,4,7,0.0625,0.0021104,-6.25e-05,-1.25e-05,0.0,-9.66e-05,-3.04e-05,0.0,0.0019084,0.034117,False
MEX35,2003-01-30,5870.5098,2003-02-06,5894.27,4,7,0.0625,0.0002723,-6.25e-05,-1.25e-05,0.0,-0.0001091,-3.04e-05,0.0,5.79e-05,0.0040474,False
MEX35,2003-02-27,5900.02,2003-03-05,5914.4102,4,6,0.0625,0.0001531,-6.25e-05,-1.25e-05,0.0,-9.68e-05,-2.6e-05,0.0,-4.48e-05,0.002439,False
MEX35,2003-03-28,5947.48,2003-04-03,6034.7402,4,6,0.0625,0.0009235,-6.25e-05,-1.25e-05,0.0,-9.13e-05,-2.6e-05,0.0,0.0007312,0.0146718,False
MEX35,2003-04-29,6499.6899,2003-05-06,6614.6802,4,7,0.0625,0.0011012,-6.25e-05,-1.25e-05,0.0,-7.07e-05,-3.04e-05,0.0,0.0009251,0.0176916,False
MEX35,2003-05-29,6647.71,2003-06-04,6889.7598,4,6,0.0625,0.0022531,-6.25e-05,-1.25e-05,0.0,-4.94e-05,-2.6e-05,0.0,0.0021027,0.036411,False
MEX35,2003-06-27,7083.4502,2003-07-03,7127.4199,4,6,0.0625,0.000392,-6.25e-05,-1.25e-05,0.0,-4.67e-05,-2.6e-05,0.0,0.0002443,0.0062074,False
MEX35,2003-07-30,7260.2002,2003-08-05,7273.4502,4,6,0.0625,0.0001232,-6.25e-05,-1.25e-05,0.0,-4.25e-05,-2.6e-05,0.0,-2.03e-05,0.001825,False
MEX35,2003-08-28,7563.4902,2003-09-03,7719.1201,4,6,0.0625,0.0012763,-6.25e-05,-1.25e-05,0.0,-4.72e-05,-2.6e-05,0.0,0.001128,0.0205765,False
MEX35,2003-09-29,7836.3599,2003-10-03,7838.77,4,4,0.0625,4.11e-05,-6.25e-05,-1.25e-05,0.0,-3e-05,-1.74e-05,0.0,-8.13e-05,0.0003076,False
MEX35,2003-10-30,8022.9399,2003-11-05,8232.0596,4,6,0.0625,0.001624,-6.25e-05,-1.25e-05,0.0,-4.88e-05,-2.6e-05,0.0,0.0014741,0.0260652,False
MEX35,2003-11-27,8455.9805,2003-12-03,8553.7402,4,6,0.0625,0.0007274,-6.25e-05,-1.25e-05,0.0,-6.49e-05,-2.6e-05,0.0,0.0005615,0.011561,False
MEX35,2003-12-30,8771.4297,2004-01-06,9038.46,4,7,0.0625,0.0018968,-6.25e-05,-1.25e-05,0.0,-7.39e-05,-3.04e-05,0.0,0.0017176,0.0304432,False
MEX35,2004-01-29,9444.2305,2004-02-04,9674.1797,4,6,0.0625,0.0015201,-6.25e-05,-1.25e-05,0.0,-5.31e-05,-2.6e-05,0.0,0.0013659,0.0243481,False
MEX35,2004-02-26,10003.5703,2004-03-03,10053.1797,4,6,0.0625,0.0003193,-6.25e-05,-1.25e-05,0.0,-6.95e-05,-2.6e-05,0.0,0.0001488,0.0049592,False
MEX35,2004-03-30,10468.75,2004-04-05,10749.2305,4,6,0.0625,0.0016588,-6.25e-05,-1.25e-05,0.0,-6.39e-05,-2.6e-05,0.0,0.0014939,0.0267922,False
MEX35,2004-04-29,9980.5098,2004-05-05,10114.4902,4,6,0.0625,0.0008723,-6.25e-05,-1.25e-05,0.0,-6.5e-05,-2.6e-05,0.0,0.0007063,0.0134242,False
MEX35,2004-05-28,10028.4199,2004-06-03,9907.5898,4,6,0.0625,-0.0007547,-6.25e-05,-1.25e-05,0.0,-6.62e-05,-2.6e-05,0.0,-0.0009219,-0.0120488,False
MEX35,2004-06-29,10137.4199,2004-07-05,10222.4502,4,6,0.0625,0.0005287,-6.25e-05,-1.25e-05,0.0,-6.82e-05,-2.6e-05,0.0,0.0003594,0.0083878,False
MEX35,2004-07-29,10060.29,2004-08-04,10075.7998,4,6,0.0625,0.0001037,-6.25e-05,-1.25e-05,0.0,-7.04e-05,-2.6e-05,0.0,-6.78e-05,0.0015417,False
MEX35,2004-08-30,10199.54,2004-09-03,10335.0098,4,4,0.0625,0.0008319,-6.25e-05,-1.25e-05,0.0,-4.98e-05,-1.74e-05,0.0,0.0006898,0.0132819,False
MEX35,2004-09-29,10980.3203,2004-10-05,11117.3398,4,6,0.0625,0.0007827,-6.25e-05,-1.25e-05,0.0,-7.93e-05,-2.6e-05,0.0,0.0006024,0.0124786,False
MEX35,2004-10-28,11442.4502,2004-11-03,11765.7695,4,6,0.0625,0.0017514,-6.25e-05,-1.25e-05,0.0,-8.14e-05,-2.6e-05,0.0,0.001569,0.0282561,False
MEX35,2004-11-29,12196.3896,2004-12-03,12109.4697,4,4,0.0625,-0.0004386,-6.25e-05,-1.25e-05,0.0,-5.74e-05,-1.74e-05,0.0,-0.0005883,-0.0071267,False
MEX35,2004-12-30,12968.7402,2005-01-05,12591.3301,4,6,0.0625,-0.0018254,-6.25e-05,-1.25e-05,0.0,-9.11e-05,-2.6e-05,0.0,-0.0020175,-0.0291015,False
MEX35,2005-01-28,13040.5303,2005-02-03,13440.8301,4,6,0.0625,0.0019027,-6.25e-05,-1.25e-05,0.0,-9.21e-05,-2.6e-05,0.0,0.0017096,0.0306966,False
MEX35,2005-02-25,13870.2002,2005-03-03,13782.9502,4,6,0.0625,-0.0003931,-6.25e-05,-1.25e-05,0.0,-9.63e-05,-2.6e-05,0.0,-0.0005904,-0.0062905,False
MEX35,2005-03-30,12653.4199,2005-04-05,12300.7002,4,6,0.0625,-0.0017466,-6.25e-05,-1.25e-05,0.0,-9.9e-05,-2.6e-05,0.0,-0.0019466,-0.0278754,False
MEX35,2005-04-28,12255.9102,2005-05-04,12643.04,4,6,0.0625,0.001964,-6.25e-05,-1.25e-05,0.0,-9.97e-05,-2.6e-05,0.0,0.0017633,0.0315872,False
MEX35,2005-05-30,13161.7803,2005-06-03,13204.3896,4,4,0.0625,0.0002198,-6.25e-05,-1.25e-05,0.0,-6.77e-05,-1.74e-05,0.0,5.97e-05,0.0032374,False
MEX35,2005-06-29,13550.1396,2005-07-05,13648.4697,4,6,0.0625,0.0004564,-6.25e-05,-1.25e-05,0.0,-0.0001016,-2.6e-05,0.0,0.0002538,0.0072568,False
MEX35,2005-07-28,14256.8398,2005-08-03,14615.96,4,6,0.0625,0.0015647,-6.25e-05,-1.25e-05,0.0,-0.0001016,-2.6e-05,0.0,0.0013621,0.0251893,False
MEX35,2005-08-30,14008.2002,2005-09-05,14857.3096,4,6,0.0625,0.0037088,-6.25e-05,-1.25e-05,0.0,-9.9e-05,-2.6e-05,0.0,0.0035088,0.0606152,False
MEX35,2005-09-29,15841.8398,2005-10-05,15720.3496,4,6,0.0625,-0.0004637,-6.25e-05,-1.25e-05,0.0,-9.65e-05,-2.6e-05,0.0,-0.0006612,-0.0076689,False
MEX35,2005-10-28,15579.6797,2005-11-03,15798.04,4,6,0.0625,0.0008786,-6.25e-05,-1.25e-05,0.0,-9.38e-05,-2.6e-05,0.0,0.0006838,0.0140157,False
MEX35,2005-11-29,16694.9492,2005-12-05,17271.0605,4,6,0.0625,0.002134,-6.25e-05,-1.25e-05,0.0,-9.12e-05,-2.6e-05,0.0,0.0019418,0.0345081,False
MEX35,2005-12-29,17832.8008,2006-01-04,18669.2305,4,6,0.0625,0.0029005,-6.25e-05,-1.25e-05,0.0,-8.61e-05,-2.6e-05,0.0,0.0027133,0.046904,False
MEX35,2006-01-30,18849.2402,2006-02-03,18862.1797,4,4,0.0625,5.31e-05,-6.25e-05,-1.25e-05,0.0,-5.39e-05,-1.74e-05,0.0,-9.32e-05,0.0006865,False
MEX35,2006-02-27,18854.6699,2006-03-03,19189.25,4,4,0.0625,0.0011131,-6.25e-05,-1.25e-05,0.0,-5.22e-05,-1.74e-05,0.0,0.0009685,0.0177452,False
MEX35,2006-03-30,19214.0,2006-04-05,19930.6309,4,6,0.0625,0.0023034,-6.25e-05,-1.25e-05,0.0,-7.57e-05,-2.6e-05,0.0,0.0021267,0.0372973,False
MEX35,2006-04-27,20390.6191,2006-05-04,21293.6602,4,7,0.0625,0.0027286,-6.25e-05,-1.25e-05,0.0,-8.55e-05,-3.04e-05,0.0,0.0025377,0.0442871,False
MEX35,2006-05-30,18841.3398,2006-06-05,18954.9199,4,6,0.0625,0.0004215,-6.25e-05,-1.25e-05,0.0,-7.31e-05,-2.6e-05,0.0,0.0002474,0.0060282,False
MEX35,2006-06-29,18908.3301,2006-07-05,19514.6191,4,6,0.0625,0.0021036,-6.25e-05,-1.25e-05,0.0,-7.31e-05,-2.6e-05,0.0,0.0019295,0.0320647,False
MEX35,2006-07-28,20252.3301,2006-08-03,20261.8105,4,6,0.0625,3.56e-05,-6.25e-05,-1.25e-05,0.0,-7.31e-05,-2.6e-05,0.0,-0.0001385,0.0004681,False
MEX35,2006-08-30,21331.0898,2006-09-05,21256.1094,4,6,0.0625,-0.0002094,-6.25e-05,-1.25e-05,0.0,-7.31e-05,-2.6e-05,0.0,-0.0003836,-0.0035151,False
MEX35,2006-09-28,21854.4805,2006-10-04,22105.9707,4,6,0.0625,0.000737,-6.25e-05,-1.25e-05,0.0,-7.32e-05,-2.6e-05,0.0,0.0005627,0.0115075,False
MEX35,2006-10-30,22370.0898,2006-11-06,23733.0703,4,7,0.0625,0.0037437,-6.25e-05,-1.25e-05,0.0,-8.52e-05,-3.04e-05,0.0,0.0035531,0.0609287,False
MEX35,2006-11-29,24776.0898,2006-12-06,25615.8496,4,7,0.0625,0.0020953,-6.25e-05,-1.25e-05,0.0,-8.55e-05,-3.04e-05,0.0,0.0019044,0.033894,False
MEX35,2006-12-28,26295.2109,2007-01-04,26566.2793,4,7,0.0625,0.0006443,-6.25e-05,-1.25e-05,0.0,-8.54e-05,-3.04e-05,0.0,0.0004536,0.0103087,False
MEX35,2007-01-30,27135.3691,2007-02-07,28123.7598,4,8,0.0625,0.0022487,-6.25e-05,-1.25e-05,0.0,-9.75e-05,-3.47e-05,0.0,0.0020415,0.0364244,False
MEX35,2007-02-27,26418.8203,2007-03-05,25788.3691,4,6,0.0625,-0.0014897,-6.25e-05,-1.25e-05,0.0,-7.32e-05,-2.6e-05,0.0,-0.001664,-0.0238637,False
MEX35,2007-03-29,28704.2402,2007-04-04,29370.9395,4,6,0.0625,0.001443,-6.25e-05,-1.25e-05,0.0,-7.32e-05,-2.6e-05,0.0,0.0012687,0.0232265,False
MEX35,2007-04-27,29372.9297,2007-05-04,30013.8496,4,7,0.0625,0.001368,-6.25e-05,-1.25e-05,0.0,-8.82e-05,-3.04e-05,0.0,0.0011744,0.0218201,False
MEX35,2007-05-30,31380.0,2007-06-05,32271.3809,4,6,0.0625,0.0017616,-6.25e-05,-1.25e-05,0.0,-7.57e-05,-2.6e-05,0.0,0.0015849,0.028406,False
MEX35,2007-06-28,31079.2402,2007-07-04,32201.6309,4,6,0.0625,0.0022352,-6.25e-05,-1.25e-05,0.0,-7.58e-05,-2.6e-05,0.0,0.0020583,0.0361138,False
MEX35,2007-07-30,30900.6797,2007-08-03,29671.7695,4,4,0.0625,-0.0024998,-6.25e-05,-1.25e-05,0.0,-5.05e-05,-1.74e-05,0.0,-0.0026426,-0.0397697,False
MEX35,2007-08-30,29744.0703,2007-09-05,30809.5508,4,6,0.0625,0.0022203,-6.25e-05,-1.25e-05,0.0,-7.58e-05,-2.6e-05,0.0,0.0020435,0.0358216,False
MEX35,2007-09-27,30528.0,2007-10-03,31178.8398,4,6,0.0625,0.0013447,-6.25e-05,-1.25e-05,0.0,-7.57e-05,-2.6e-05,0.0,0.001168,0.0213194,False
MEX35,2007-10-30,31783.6191,2007-11-06,30430.5,4,7,0.0625,-0.0026856,-6.25e-05,-1.25e-05,0.0,-9.09e-05,-3.04e-05,0.0,-0.0028818,-0.0425728,False
MEX35,2007-11-29,29399.9199,2007-12-05,30761.6406,4,6,0.0625,0.002856,-6.25e-05,-1.25e-05,0.0,-7.82e-05,-2.6e-05,0.0,0.0026768,0.0463172,False
MEX35,2007-12-28,29700.1895,2008-01-04,28317.9199,4,7,0.0625,-0.0029399,-6.25e-05,-1.25e-05,0.0,-9.16e-05,-3.04e-05,0.0,-0.0031369,-0.0465408,False
MEX35,2008-01-30,28296.8008,2008-02-06,27929.2891,4,7,0.0625,-0.0007244,-6.25e-05,-1.25e-05,0.0,-9.11e-05,-3.04e-05,0.0,-0.0009209,-0.0129877,False
MEX35,2008-02-28,30130.4707,2008-03-05,29277.3496,4,6,0.0625,-0.001727,-6.25e-05,-1.25e-05,0.0,-7.81e-05,-2.6e-05,0.0,-0.0019062,-0.0283142,False
MEX35,2008-03-28,30089.9004,2008-04-03,31689.6094,4,6,0.0625,0.0032897,-6.25e-05,-1.25e-05,0.0,-7.81e-05,-2.6e-05,0.0,0.0031105,0.0531643,False
MEX35,2008-04-29,30270.6406,2008-05-06,31223.4199,4,7,0.0625,0.0019471,-6.25e-05,-1.25e-05,0.0,-9.11e-05,-3.04e-05,0.0,0.0017506,0.0314754,False
MEX35,2008-05-29,31837.2695,2008-06-04,31448.1094,4,6,0.0625,-0.0007638,-6.25e-05,-1.25e-05,0.0,-7.81e-05,-2.6e-05,0.0,-0.000943,-0.0122234,False
MEX35,2008-06-27,29295.0,2008-07-03,28465.5508,4,6,0.0625,-0.0017811,-6.25e-05,-1.25e-05,0.0,-8.07e-05,-2.6e-05,0.0,-0.0019629,-0.0283137,False
MEX35,2008-07-30,27474.0391,2008-08-05,26990.1895,4,6,0.0625,-0.0010774,-6.25e-05,-1.25e-05,0.0,-8.33e-05,-2.6e-05,0.0,-0.0012618,-0.0176112,False
MEX35,2008-08-28,26444.1191,2008-09-03,26467.7891,4,6,0.0625,5.83e-05,-6.25e-05,-1.25e-05,0.0,-8.59e-05,-2.6e-05,0.0,-0.0001286,0.0008951,False
MEX35,2008-09-29,23955.6699,2008-10-03,22989.5,4,4,0.0625,-0.0024035,-6.25e-05,-1.25e-05,0.0,-5.73e-05,-1.74e-05,0.0,-0.0025531,-0.0403316,False
MEX35,2008-10-30,20207.0195,2008-11-05,20446.7695,4,6,0.0625,0.000887,-6.25e-05,-1.25e-05,0.0,-8.59e-05,-2.6e-05,0.0,0.0007,0.0118647,False
MEX35,2008-11-27,20201.8203,2008-12-03,20147.0098,4,6,0.0625,-6.93e-05,-6.25e-05,-1.25e-05,0.0,-8.59e-05,-2.6e-05,0.0,-0.0002563,-0.0027131,False
MEX35,2008-12-30,22420.0098,2009-01-06,23005.4102,4,7,0.0625,0.0016604,-6.25e-05,-1.25e-05,0.0,-0.0001003,-3.04e-05,0.0,0.0014547,0.0261106,False
MEX35,2009-01-29,19537.0508,2009-02-05,19736.9609,4,7,0.0625,0.0006377,-6.25e-05,-1.25e-05,0.0,-9.42e-05,-3.04e-05,0.0,0.0004382,0.0102324,False
MEX35,2009-02-26,18047.1602,2009-03-04,17824.9609,4,6,0.0625,-0.0006381,-6.25e-05,-1.25e-05,0.0,-7.81e-05,-2.6e-05,0.0,-0.0008172,-0.0123121,False
MEX35,2009-03-30,19530.1504,2009-04-03,20933.7793,4,4,0.0625,0.0043898,-6.25e-05,-1.25e-05,0.0,-4.69e-05,-1.74e-05,0.0,0.0042505,0.0718698,False
MEX35,2009-04-29,22079.3398,2009-05-06,23906.1309,4,7,0.0625,0.0050716,-6.25e-05,-1.25e-05,0.0,-7.29e-05,-3.04e-05,0.0,0.0048933,0.0827376,False
MEX35,2009-05-28,24659.2402,2009-06-03,24651.3203,4,6,0.0625,3.09e-05,-6.25e-05,-1.25e-05,0.0,-5.47e-05,-2.6e-05,0.0,-0.0001248,-0.0003212,False
MEX35,2009-06-29,24473.5293,2009-07-03,24045.3906,4,4,0.0625,-0.0010894,-6.25e-05,-1.25e-05,0.0,-3.3e-05,-1.74e-05,0.0,-0.0012148,-0.0174939,False
MEX35,2009-07-30,26810.2695,2009-08-05,28082.6309,4,6,0.0625,0.002921,-6.25e-05,-1.25e-05,0.0,-4.69e-05,-2.6e-05,0.0,0.0027731,0.047458,False
MEX35,2009-08-28,28599.9199,2009-09-03,28150.0898,4,6,0.0625,-0.0009733,-6.25e-05,-1.25e-05,0.0,-4.69e-05,-2.6e-05,0.0,-0.0011212,-0.0157284,False
MEX35,2009-09-29,29432.0098,2009-10-05,29214.4004,4,6,0.0625,-0.0004359,-6.25e-05,-1.25e-05,0.0,-4.69e-05,-2.6e-05,0.0,-0.0005838,-0.0073936,False
MEX35,2009-10-29,29247.8301,2009-11-05,29735.3398,4,7,0.0625,0.0010631,-6.25e-05,-1.25e-05,0.0,-5.47e-05,-3.04e-05,0.0,0.000903,0.0166682,False
MEX35,2009-11-27,30775.4492,2009-12-03,31967.4297,4,6,0.0625,0.0024009,-6.25e-05,-1.25e-05,0.0,-4.69e-05,-2.6e-05,0.0,0.002253,0.0387315,False
MEX35,2009-12-30,32448.7402,2010-01-06,32830.1602,4,7,0.0625,0.0007461,-6.25e-05,-1.25e-05,0.0,-5.47e-05,-3.04e-05,0.0,0.000586,0.0117545,False
MEX35,2010-01-28,30811.3496,2010-02-04,30603.7109,4,7,0.0625,-0.0003883,-6.25e-05,-1.25e-05,0.0,-5.47e-05,-3.04e-05,0.0,-0.0005484,-0.006739,False
MEX35,2010-02-25,31649.0996,2010-03-03,32353.5391,4,6,0.0625,0.0013817,-6.25e-05,-1.25e-05,0.0,-4.69e-05,-2.6e-05,0.0,0.0012338,0.0222578,False
MEX35,2010-03-30,33399.4609,2010-04-07,33632.3516,4,8,0.0625,0.0004403,-6.25e-05,-1.25e-05,0.0,-6.25e-05,-3.47e-05,0.0,0.0002681,0.0069729,False
MEX35,2010-04-29,32861.0,2010-05-06,31398.9707,4,7,0.0625,-0.0028226,-6.25e-05,-1.25e-05,0.0,-5.47e-05,-3.04e-05,0.0,-0.0029827,-0.0444913,False
MEX35,2010-05-28,31547.5508,2010-06-03,31331.8594,4,6,0.0625,-0.0004008,-6.25e-05,-1.25e-05,0.0,-4.69e-05,-2.6e-05,0.0,-0.0005487,-0.006837,False
MEX35,2010-06-29,31473.1992,2010-07-05,31391.4492,4,6,0.0625,-0.0001583,-6.25e-05,-1.25e-05,0.0,-4.69e-05,-2.6e-05,0.0,-0.0003062,-0.0025974,False
MEX35,2010-07-29,32463.7207,2010-08-04,32900.4805,4,6,0.0625,0.0008442,-6.25e-05,-1.25e-05,0.0,-4.69e-05,-2.6e-05,0.0,0.0006963,0.0134538,False
MEX35,2010-08-30,31382.6699,2010-09-03,32592.8691,4,4,0.0625,0.0023821,-6.25e-05,-1.25e-05,0.0,-3.13e-05,-1.74e-05,0.0,0.0022585,0.0385627,False
MEX35,2010-09-29,33186.7617,2010-10-05,34257.3984,4,6,0.0625,0.0019941,-6.25e-05,-1.25e-05,0.0,-4.69e-05,-2.6e-05,0.0,0.0018462,0.032261,False
MEX35,2010-10-28,35376.7188,2010-11-04,36198.6016,4,7,0.0625,0.0014403,-6.25e-05,-1.25e-05,0.0,-5.47e-05,-3.04e-05,0.0,0.0012802,0.0232323,False
MEX35,2010-11-29,36890.6094,2010-12-03,37385.9102,4,4,0.0625,0.0008389,-6.25e-05,-1.25e-05,0.0,-3.13e-05,-1.74e-05,0.0,0.0007152,0.0134262,False
MEX35,2010-12-29,38230.1992,2011-01-05,38696.2383,4,7,0.0625,0.0007607,-6.25e-05,-1.25e-05,0.0,-5.47e-05,-3.04e-05,0.0,0.0006006,0.0121903,False
MEX35,2011-01-28,36839.7188,2011-02-03,37739.0781,4,6,0.0625,0.0015204,-6.25e-05,-1.25e-05,0.0,-4.69e-05,-2.6e-05,0.0,0.0013725,0.0244128,False
MEX35,2011-02-25,36880.1992,2011-03-03,37132.9805,4,6,0.0625,0.0004307,-6.25e-05,-1.25e-05,0.0,-4.69e-05,-2.6e-05,0.0,0.0002828,0.0068541,False
MEX35,2011-03-30,37210.2695,2011-04-05,37832.9609,4,6,0.0625,0.0010414,-6.25e-05,-1.25e-05,0.0,-4.69e-05,-2.6e-05,0.0,0.0008935,0.0167344,False
MEX35,2011-04-28,36722.6406,2011-05-04,35531.2188,4,6,0.0625,-0.0020418,-6.25e-05,-1.25e-05,0.0,-4.69e-05,-2.6e-05,0.0,-0.0021897,-0.0324438,False
MEX35,2011-05-30,35639.3789,2011-06-03,35123.8906,4,4,0.0625,-0.0009032,-6.25e-05,-1.25e-05,0.0,-3.13e-05,-1.74e-05,0.0,-0.0010268,-0.014464,False
MEX35,2011-06-29,36579.5898,2011-07-05,36640.9297,4,6,0.0625,0.0001071,-6.25e-05,-1.25e-05,0.0,-4.69e-05,-2.6e-05,0.0,-4.08e-05,0.0016769,False
MEX35,2011-07-28,35917.8008,2011-08-03,34484.3711,4,6,0.0625,-0.0025198,-6.25e-05,-1.25e-05,0.0,-4.69e-05,-2.6e-05,0.0,-0.0026677,-0.0399086,False
MEX35,2011-08-30,35148.9102,2011-09-05,33880.0195,4,6,0.0625,-0.0022425,-6.25e-05,-1.25e-05,0.0,-4.69e-05,-2.6e-05,0.0,-0.0023905,-0.0361004,False
MEX35,2011-09-29,33686.1602,2011-10-05,33000.2891,4,6,0.0625,-0.0012801,-6.25e-05,-1.25e-05,0.0,-4.69e-05,-2.6e-05,0.0,-0.001428,-0.0203606,False
MEX35,2011-10-28,36708.6406,2011-11-04,36689.3789,4,7,0.0625,-4.4e-06,-6.25e-05,-1.25e-05,0.0,-5.47e-05,-3.04e-05,0.0,-0.0001645,-0.0005247,False
MEX35,2011-11-29,35708.7109,2011-12-05,37103.1719,4,6,0.0625,0.0024296,-6.25e-05,-1.25e-05,0.0,-4.69e-05,-2.6e-05,0.0,0.0022816,0.039051,False
MEX35,2011-12-29,37185.7305,2012-01-05,37017.9492,4,7,0.0625,-0.0002772,-6.25e-05,-1.25e-05,0.0,-5.47e-05,-3.04e-05,0.0,-0.0004372,-0.004512,False
MEX35,2012-01-30,37241.6094,2012-02-03,38092.8086,4,4,0.0625,0.0014182,-6.25e-05,-1.25e-05,0.0,-3.13e-05,-1.74e-05,0.0,0.0012946,0.0228561,False
MEX35,2012-02-28,38021.4219,2012-03-05,38155.2695,4,6,0.0625,0.0002241,-6.25e-05,-1.25e-05,0.0,-4.69e-05,-2.6e-05,0.0,7.61e-05,0.0035203,False
MEX35,2012-03-29,39125.3516,2012-04-04,39398.8789,4,6,0.0625,0.0004471,-6.25e-05,-1.25e-05,0.0,-4.69e-05,-2.6e-05,0.0,0.0002991,0.0069911,False
MEX35,2012-04-27,39324.1406,2012-05-04,39408.6094,4,7,0.0625,0.0001355,-6.25e-05,-1.25e-05,0.0,-5.47e-05,-3.04e-05,0.0,-2.46e-05,0.002148,False
MEX35,2012-05-30,38070.6719,2012-06-05,37089.3594,4,6,0.0625,-0.0016204,-6.25e-05,-1.25e-05,0.0,-4.69e-05,-2.6e-05,0.0,-0.0017683,-0.0257761,False
MEX35,2012-06-28,39637.6602,2012-07-05,40040.6914,4,7,0.0625,0.0006416,-6.25e-05,-1.25e-05,0.0,-5.47e-05,-3.04e-05,0.0,0.0004815,0.0101679,False
MEX35,2012-07-30,41333.1094,2012-08-03,40998.3984,4,4,0.0625,-0.0004996,-6.25e-05,-1.25e-05,0.0,-3.13e-05,-1.74e-05,0.0,-0.0006232,-0.0080979,False
MEX35,2012-08-30,39925.6914,2012-09-05,39573.9219,4,6,0.0625,-0.0005439,-6.25e-05,-1.25e-05,0.0,-4.69e-05,-2.6e-05,0.0,-0.0006918,-0.0088106,False
MEX35,2012-09-27,40729.6992,2012-10-03,41004.8398,4,6,0.0625,0.0004237,-6.25e-05,-1.25e-05,0.0,-4.69e-05,-2.6e-05,0.0,0.0002757,0.0067553,False
MEX35,2012-10-30,41599.0,2012-11-07,41010.9805,4,8,0.0625,-0.0008804,-6.25e-05,-1.25e-05,0.0,-6.25e-05,-3.47e-05,0.0,-0.0010526,-0.0141354,False
MEX35,2012-11-29,42090.6914,2012-12-05,42416.2891,4,6,0.0625,0.0004872,-6.25e-05,-1.25e-05,0.0,-4.69e-05,-2.6e-05,0.0,0.0003392,0.0077356,False
MEX35,2012-12-28,43721.9297,2013-01-04,44562.3281,4,7,0.0625,0.0011964,-6.25e-05,-1.25e-05,0.0,-5.47e-05,-3.04e-05,0.0,0.0010363,0.0192214,False
MEX35,2013-01-30,45753.1797,2013-02-06,45570.7109,4,7,0.0625,-0.0002424,-6.25e-05,-1.25e-05,0.0,-5.47e-05,-3.04e-05,0.0,-0.0004025,-0.0039881,False
MEX35,2013-02-27,43772.8906,2013-03-05,44017.1211,4,6,0.0625,0.0003506,-6.25e-05,-1.25e-05,0.0,-4.69e-05,-2.6e-05,0.0,0.0002026,0.0055795,False
MEX35,2013-03-26,43664.7305,2013-04-03,43717.5703,4,8,0.0625,8.18e-05,-6.25e-05,-1.25e-05,0.0,-5.56e-05,-3.47e-05,0.0,-8.35e-05,0.0012101,False
MEX35,2013-04-29,41910.5312,2013-05-06,42197.9883,4,7,0.0625,0.0004374,-6.25e-05,-1.25e-05,0.0,-4.86e-05,-3.04e-05,0.0,0.0002834,0.0068588,False
MEX35,2013-05-30,40984.5,2013-06-05,40226.3281,4,6,0.0625,-0.0011484,-6.25e-05,-1.25e-05,0.0,-4.17e-05,-2.6e-05,0.0,-0.0012911,-0.018499,False
MEX35,2013-06-27,39650.75,2013-07-03,40828.8516,4,6,0.0625,0.0018564,-6.25e-05,-1.25e-05,0.0,-4.17e-05,-2.6e-05,0.0,0.0017137,0.029712,False
MEX35,2013-07-30,40236.5508,2013-08-05,41918.4102,4,6,0.0625,0.0025866,-6.25e-05,-1.25e-05,0.0,-4.17e-05,-2.6e-05,0.0,0.0024439,0.0417993,False
MEX35,2013-08-29,39162.4883,2013-09-04,39773.5312,4,6,0.0625,0.0009857,-6.25e-05,-1.25e-05,0.0,-4.17e-05,-2.6e-05,0.0,0.000843,0.0156028,False
MEX35,2013-09-27,40903.6484,2013-10-03,40841.1289,4,6,0.0625,-5.68e-05,-6.25e-05,-1.25e-05,0.0,-3.91e-05,-2.6e-05,0.0,-0.0001969,-0.0015285,False
MEX35,2013-10-30,41050.0898,2013-11-05,40304.4492,4,6,0.0625,-0.0011361,-6.25e-05,-1.25e-05,0.0,-3.65e-05,-2.6e-05,0.0,-0.0012736,-0.0181642,False
MEX35,2013-11-28,42160.4219,2013-12-04,42003.6484,4,6,0.0625,-0.0002271,-6.25e-05,-1.25e-05,0.0,-3.65e-05,-2.6e-05,0.0,-0.0003646,-0.0037185,False
MEX35,2013-12-27,42753.2188,2014-01-06,41525.9492,4,10,0.0625,-0.001804,-6.25e-05,-1.25e-05,0.0,-6.08e-05,-4.34e-05,0.0,-0.0019832,-0.0287059,False
MEX35,2014-01-30,41008.3008,2014-02-06,40288.7812,4,7,0.0625,-0.00109,-6.25e-05,-1.25e-05,0.0,-4.25e-05,-3.04e-05,0.0,-0.0012379,-0.0175457,False
MEX35,2014-02-27,38912.9297,2014-03-05,39021.0703,4,6,0.0625,0.0001815,-6.25e-05,-1.25e-05,0.0,-3.65e-05,-2.6e-05,0.0,4.4e-05,0.002779,False
MEX35,2014-03-28,40048.1992,2014-04-03,40563.0586,4,6,0.0625,0.0008073,-6.25e-05,-1.25e-05,0.0,-3.65e-05,-2.6e-05,0.0,0.0006698,0.012856,False
MEX35,2014-04-29,40702.6719,2014-05-06,41470.8203,4,7,0.0625,0.0011732,-6.25e-05,-1.25e-05,0.0,-4.25e-05,-3.04e-05,0.0,0.0010253,0.0188722,False
MEX35,2014-05-29,42009.9219,2014-06-04,41953.3008,4,6,0.0625,-6.97e-05,-6.25e-05,-1.25e-05,0.0,-3.65e-05,-2.6e-05,0.0,-0.0002072,-0.0013478,False
MEX35,2014-06-27,42493.8594,2014-07-03,43660.6992,4,6,0.0625,0.0016996,-6.25e-05,-1.25e-05,0.0,-3.13e-05,-2.6e-05,0.0,0.0015673,0.027459,False
MEX35,2014-07-30,44311.0586,2014-08-05,44481.6797,4,6,0.0625,0.0002507,-6.25e-05,-1.25e-05,0.0,-3.13e-05,-2.6e-05,0.0,0.0001184,0.0038505,False
MEX35,2014-08-28,45501.2812,2014-09-03,46049.3281,4,6,0.0625,0.0007521,-6.25e-05,-1.25e-05,0.0,-3.13e-05,-2.6e-05,0.0,0.0006198,0.0120446,False
MEX35,2014-09-29,44898.1914,2014-10-03,44678.1406,4,4,0.0625,-0.0002979,-6.25e-05,-1.25e-05,0.0,-2.08e-05,-1.74e-05,0.0,-0.0004111,-0.0049011,False
MEX35,2014-10-30,44599.2695,2014-11-05,45071.9805,4,6,0.0625,0.0006641,-6.25e-05,-1.25e-05,0.0,-3.13e-05,-2.6e-05,0.0,0.0005318,0.0105991,False
MEX35,2014-11-27,44689.2109,2014-12-03,43112.2891,4,6,0.0625,-0.0022284,-6.25e-05,-1.25e-05,0.0,-3.13e-05,-2.6e-05,0.0,-0.0023607,-0.0352864,False
MEX35,2014-12-30,43018.75,2015-01-06,41329.4102,4,7,0.0625,-0.002466,-6.25e-05,-1.25e-05,0.0,-3.65e-05,-3.04e-05,0.0,-0.0026079,-0.0392698,False
MEX35,2015-01-29,41862.3281,2015-02-05,42453.6406,4,7,0.0625,0.000909,-6.25e-05,-1.25e-05,0.0,-3.65e-05,-3.04e-05,0.0,0.0007671,0.0141252,False
MEX35,2015-02-26,44416.4883,2015-03-04,43296.5508,4,6,0.0625,-0.001591,-6.25e-05,-1.25e-05,0.0,-3.13e-05,-2.6e-05,0.0,-0.0017232,-0.0252145,False
MEX35,2015-03-30,43922.8281,2015-04-07,44987.8711,4,8,0.0625,0.0015087,-6.25e-05,-1.25e-05,0.0,-4.17e-05,-3.47e-05,0.0,0.0013573,0.0242481,False
MEX35,2015-04-29,44942.2305,2015-05-06,44853.2617,4,7,0.0625,-0.0001139,-6.25e-05,-1.25e-05,0.0,-3.65e-05,-3.04e-05,0.0,-0.0002558,-0.0019796,False
MEX35,2015-05-28,44807.3086,2015-06-03,44732.7188,4,6,0.0625,-0.0001028,-6.25e-05,-1.25e-05,0.0,-3.13e-05,-2.6e-05,0.0,-0.0002351,-0.0016647,False
MEX35,2015-06-29,44710.3516,2015-07-03,45065.4688,4,4,0.0625,0.0004977,-6.25e-05,-1.25e-05,0.0,-2.08e-05,-1.74e-05,0.0,0.0003845,0.0079426,False
MEX35,2015-07-30,44373.3086,2015-08-05,44937.6094,4,6,0.0625,0.0007945,-6.25e-05,-1.25e-05,0.0,-3.13e-05,-2.6e-05,0.0,0.0006622,0.0127171,False
MEX35,2015-08-28,43290.8594,2015-09-03,43283.4688,4,6,0.0625,5e-06,-6.25e-05,-1.25e-05,0.0,-3.13e-05,-2.6e-05,0.0,-0.0001273,-0.0001707,False
MEX35,2015-09-29,42121.5117,2015-10-05,43566.3203,4,6,0.0625,0.0021242,-6.25e-05,-1.25e-05,0.0,-3.13e-05,-2.6e-05,0.0,0.0019919,0.034301,False
MEX35,2015-10-29,44634.8086,2015-11-05,45195.6484,4,7,0.0625,0.0007913,-6.25e-05,-1.25e-05,0.0,-3.65e-05,-3.04e-05,0.0,0.0006495,0.0125651,False
MEX35,2015-11-27,44247.9805,2015-12-03,43027.3008,4,6,0.0625,-0.0017243,-6.25e-05,-1.25e-05,0.0,-3.13e-05,-2.6e-05,0.0,-0.0018565,-0.0275872,False
MEX35,2015-12-30,43012.3711,2016-01-06,41691.1914,4,7,0.0625,-0.0019348,-6.25e-05,-1.25e-05,0.0,-3.95e-05,-3.04e-05,0.0,-0.0020797,-0.0307163,False
MEX35,2016-01-28,42393.0195,2016-02-04,43751.9297,4,7,0.0625,0.0020074,-6.25e-05,-1.25e-05,0.0,-3.95e-05,-3.04e-05,0.0,0.0018626,0.032055,False
MEX35,2016-02-26,43473.3711,2016-03-03,44742.2188,4,6,0.0625,0.0018059,-6.25e-05,-1.25e-05,0.0,-3.91e-05,-2.6e-05,0.0,0.0016658,0.0291868,False
MEX35,2016-03-30,46191.5117,2016-04-05,45186.0117,4,6,0.0625,-0.0013678,-6.25e-05,-1.25e-05,0.0,-3.91e-05,-2.6e-05,0.0,-0.0015079,-0.0217681,False
MEX35,2016-04-28,45528.9297,2016-05-04,45349.0,4,6,0.0625,-0.000245,-6.25e-05,-1.25e-05,0.0,-3.91e-05,-2.6e-05,0.0,-0.0003851,-0.003952,False
MEX35,2016-05-30,46017.2109,2016-06-03,45928.2305,4,4,0.0625,-0.0001135,-6.25e-05,-1.25e-05,0.0,-2.6e-05,-1.74e-05,0.0,-0.0002319,-0.0019336,False
MEX35,2016-06-29,45466.3711,2016-07-05,45819.6016,4,6,0.0625,0.0004905,-6.25e-05,-1.25e-05,0.0,-4.34e-05,-2.6e-05,0.0,0.000346,0.007769,False
MEX35,2016-07-28,46833.8711,2016-08-03,46844.5312,4,6,0.0625,1.7e-05,-6.25e-05,-1.25e-05,0.0,-4.43e-05,-2.6e-05,0.0,-0.0001283,0.0002276,False
MEX35,2016-08-30,47650.5703,2016-09-05,47842.2305,4,6,0.0625,0.0002518,-6.25e-05,-1.25e-05,0.0,-4.43e-05,-2.6e-05,0.0,0.0001065,0.0040222,False
MEX35,2016-09-29,47672.0703,2016-10-05,48141.4219,4,6,0.0625,0.0006186,-6.25e-05,-1.25e-05,0.0,-4.95e-05,-2.6e-05,0.0,0.0004681,0.0098454,False
MEX35,2016-10-28,48007.1992,2016-11-04,46694.8086,4,7,0.0625,-0.0017201,-6.25e-05,-1.25e-05,0.0,-5.77e-05,-3.04e-05,0.0,-0.0018832,-0.0273374,False
MEX35,2016-11-29,45372.1914,2016-12-05,44937.3008,4,6,0.0625,-0.0005951,-6.25e-05,-1.25e-05,0.0,-5.47e-05,-2.6e-05,0.0,-0.0007508,-0.009585,False
MEX35,2016-12-29,45909.3086,2017-01-04,46587.7383,4,6,0.0625,0.0009238,-6.25e-05,-1.25e-05,0.0,-5.99e-05,-2.6e-05,0.0,0.0007629,0.0147776,False
MEX35,2017-01-30,47091.8203,2017-02-03,47225.1016,4,4,0.0625,0.0001771,-6.25e-05,-1.25e-05,0.0,-3.99e-05,-1.74e-05,0.0,4.48e-05,0.0028302,False
MEX35,2017-02-27,47349.1992,2017-03-03,47414.5703,4,4,0.0625,9.56e-05,-6.25e-05,-1.25e-05,0.0,-4.34e-05,-1.74e-05,0.0,-4.02e-05,0.0013806,False
MEX35,2017-03-30,48863.3008,2017-04-05,49207.6094,4,6,0.0625,0.000445,-6.25e-05,-1.25e-05,0.0,-6.77e-05,-2.6e-05,0.0,0.0002763,0.0070464,False
MEX35,2017-04-27,49440.9609,2017-05-04,48998.1094,4,7,0.0625,-0.0005574,-6.25e-05,-1.25e-05,0.0,-7.9e-05,-3.04e-05,0.0,-0.0007417,-0.0089572,False
MEX35,2017-05-30,49277.9492,2017-06-05,49592.4883,4,6,0.0625,0.0004036,-6.25e-05,-1.25e-05,0.0,-7.03e-05,-2.6e-05,0.0,0.0002323,0.006383,False
MEX35,2017-06-29,49198.1211,2017-07-05,50300.8086,4,6,0.0625,0.0013926,-6.25e-05,-1.25e-05,0.0,-7.29e-05,-2.6e-05,0.0,0.0012186,0.0224132,False
MEX35,2017-07-28,51213.6016,2017-08-03,51293.0703,4,6,0.0625,9.79e-05,-6.25e-05,-1.25e-05,0.0,-7.29e-05,-2.6e-05,0.0,-7.61e-05,0.0015517,False
MEX35,2017-08-30,51193.5195,2017-09-05,50301.3906,4,6,0.0625,-0.0010944,-6.25e-05,-1.25e-05,0.0,-7.29e-05,-2.6e-05,0.0,-0.0012684,-0.0174266,False
MEX35,2017-09-28,50137.0,2017-10-04,50565.2891,4,6,0.0625,0.0005327,-6.25e-05,-1.25e-05,0.0,-7.29e-05,-2.6e-05,0.0,0.0003587,0.0085424,False
MEX35,2017-10-30,48855.2695,2017-11-06,48967.0117,4,7,0.0625,0.0001476,-6.25e-05,-1.25e-05,0.0,-8.51e-05,-3.04e-05,0.0,-4.28e-05,0.0022872,False
MEX35,2017-11-29,47622.9297,2017-12-05,47462.7891,4,6,0.0625,-0.0002048,-6.25e-05,-1.25e-05,0.0,-7.29e-05,-2.6e-05,0.0,-0.0003787,-0.0033627,False
MEX35,2017-12-28,48861.9414,2018-01-04,49744.6211,4,7,0.0625,0.0011288,-6.25e-05,-1.25e-05,0.0,-8.81e-05,-3.04e-05,0.0,0.0009353,0.0180648,False
MEX35,2018-01-30,50382.8594,2018-02-06,49304.9414,4,7,0.0625,-0.0013361,-6.25e-05,-1.25e-05,0.0,-8.81e-05,-3.04e-05,0.0,-0.0015295,-0.0213945,False
MEX35,2018-02-27,47970.1914,2018-03-05,47720.9102,4,6,0.0625,-0.0003209,-6.25e-05,-1.25e-05,0.0,-7.81e-05,-2.6e-05,0.0,-0.0005001,-0.0051966,False
MEX35,2018-03-27,46793.5781,2018-04-04,47457.4609,4,8,0.0625,0.0009075,-6.25e-05,-1.25e-05,0.0,-0.0001042,-3.47e-05,0.0,0.0006936,0.0141875,False
MEX35,2018-04-27,48284.6094,2018-05-04,46992.1719,4,7,0.0625,-0.0016844,-6.25e-05,-1.25e-05,0.0,-9.11e-05,-3.04e-05,0.0,-0.0018809,-0.0267671,False
MEX35,2018-05-30,44715.8789,2018-06-05,45130.6992,4,6,0.0625,0.0005801,-6.25e-05,-1.25e-05,0.0,-7.81e-05,-2.6e-05,0.0,0.0004009,0.0092768,False
MEX35,2018-06-28,47031.2695,2018-07-04,47318.5195,4,6,0.0625,0.0004037,-6.25e-05,-1.25e-05,0.0,-8.07e-05,-2.6e-05,0.0,0.0002219,0.0061076,False
MEX35,2018-07-30,49705.2812,2018-08-03,49302.5703,4,4,0.0625,-0.0005049,-6.25e-05,-1.25e-05,0.0,-5.38e-05,-1.74e-05,0.0,-0.0006511,-0.008102,False
MEX35,2018-08-30,49653.1406,2018-09-05,48595.3711,4,6,0.0625,-0.0013399,-6.25e-05,-1.25e-05,0.0,-8.07e-05,-2.6e-05,0.0,-0.0015216,-0.0213032,False
MEX35,2018-09-27,49646.9102,2018-10-03,49005.3516,4,6,0.0625,-0.0008067,-6.25e-05,-1.25e-05,0.0,-8.07e-05,-2.6e-05,0.0,-0.0009885,-0.0129224,False
MEX35,2018-10-30,43538.1211,2018-11-06,46328.3516,4,7,0.0625,0.0039521,-6.25e-05,-1.25e-05,0.0,-9.42e-05,-3.04e-05,0.0,0.0037525,0.0640871,False
MEX35,2018-11-29,41913.4492,2018-12-05,41895.2695,4,6,0.0625,-2.35e-05,-6.25e-05,-1.25e-05,0.0,-8.33e-05,-2.6e-05,0.0,-0.0002079,-0.0004337,False
MEX35,2018-12-28,41459.1484,2019-01-04,42455.1289,4,7,0.0625,0.0014953,-6.25e-05,-1.25e-05,0.0,-0.0001003,-3.04e-05,0.0,0.0012896,0.0240232,False
MEX35,2019-01-30,43631.3594,2019-02-06,43855.7891,4,7,0.0625,0.0003333,-6.25e-05,-1.25e-05,0.0,-0.0001003,-3.04e-05,0.0,0.0001276,0.0051438,False
MEX35,2019-02-27,43311.1797,2019-03-05,42128.9102,4,6,0.0625,-0.0017229,-6.25e-05,-1.25e-05,0.0,-8.59e-05,-2.6e-05,0.0,-0.0019099,-0.0272971,False
MEX35,2019-03-28,42942.2305,2019-04-03,43339.75,4,6,0.0625,0.0005824,-6.25e-05,-1.25e-05,0.0,-8.59e-05,-2.6e-05,0.0,0.0003954,0.0092571,False
MEX35,2019-04-29,44956.7305,2019-05-06,44116.6992,4,7,0.0625,-0.0011752,-6.25e-05,-1.25e-05,0.0,-0.0001003,-3.04e-05,0.0,-0.0013808,-0.0186853,False
MEX35,2019-05-30,43345.8203,2019-06-05,43420.3789,4,6,0.0625,0.0001164,-6.25e-05,-1.25e-05,0.0,-8.59e-05,-2.6e-05,0.0,-7.06e-05,0.0017201,False
MEX35,2019-06-27,43316.5586,2019-07-03,43483.2305,4,6,0.0625,0.0002417,-6.25e-05,-1.25e-05,0.0,-8.59e-05,-2.6e-05,0.0,5.48e-05,0.0038478,False
MEX35,2019-07-30,41159.2695,2019-08-05,39496.3594,4,6,0.0625,-0.0025637,-6.25e-05,-1.25e-05,0.0,-8.59e-05,-2.6e-05,0.0,-0.0027507,-0.0404018,False
MEX35,2019-08-29,41831.3008,2019-09-04,42324.4688,4,6,0.0625,0.000754,-6.25e-05,-1.25e-05,0.0,-8.33e-05,-2.6e-05,0.0,0.0005696,0.0117894,False
MEX35,2019-09-27,42857.5781,2019-10-03,42443.3086,4,6,0.0625,-0.000597,-6.25e-05,-1.25e-05,0.0,-8.07e-05,-2.6e-05,0.0,-0.0007788,-0.0096662,False
MEX35,2019-10-30,43741.6211,2019-11-05,43611.8398,4,6,0.0625,-0.0001786,-6.25e-05,-1.25e-05,0.0,-8.07e-05,-2.6e-05,0.0,-0.0003604,-0.002967,False
MEX35,2019-11-28,43100.1211,2019-12-04,42191.9219,4,6,0.0625,-0.0013272,-6.25e-05,-1.25e-05,0.0,-7.81e-05,-2.6e-05,0.0,-0.0015063,-0.0210718,False
MEX35,2019-12-30,43657.4805,2020-01-06,44495.3008,4,7,0.0625,0.0012022,-6.25e-05,-1.25e-05,0.0,-8.81e-05,-3.04e-05,0.0,0.0010087,0.0191908,False
MEX35,2020-01-30,44862.7617,2020-02-06,44493.1484,4,7,0.0625,-0.0004918,-6.25e-05,-1.25e-05,0.0,-8.81e-05,-3.04e-05,0.0,-0.0006853,-0.0082388,False
MEX35,2020-02-27,41607.4219,2020-03-04,43404.7617,4,6,0.0625,0.0026739,-6.25e-05,-1.25e-05,0.0,-7.29e-05,-2.6e-05,0.0,0.0025,0.0431976,False
MEX35,2020-03-30,34199.9688,2020-04-03,33075.4102,4,4,0.0625,-0.0020588,-6.25e-05,-1.25e-05,0.0,-4.51e-05,-1.74e-05,0.0,-0.0021963,-0.0328819,False
MEX35,2020-04-29,36870.0898,2020-05-06,36986.1992,4,7,0.0625,0.000205,-6.25e-05,-1.25e-05,0.0,-7.29e-05,-3.04e-05,0.0,2.67e-05,0.0031491,False
MEX35,2020-05-28,36508.1406,2020-06-03,38290.7695,4,6,0.0625,0.0030208,-6.25e-05,-1.25e-05,0.0,-5.73e-05,-2.6e-05,0.0,0.0028625,0.0488283,False
MEX35,2020-06-29,37769.1914,2020-07-03,37950.0,4,4,0.0625,0.0003005,-6.25e-05,-1.25e-05,0.0,-3.47e-05,-1.74e-05,0.0,0.0001734,0.0047872,False
MEX35,2020-07-30,37136.7812,2020-08-05,37901.9609,4,6,0.0625,0.0012856,-6.25e-05,-1.25e-05,0.0,-5.21e-05,-2.6e-05,0.0,0.0011325,0.0206044,False
MEX35,2020-08-28,37794.25,2020-09-03,36429.6602,4,6,0.0625,-0.0022554,-6.25e-05,-1.25e-05,0.0,-4.69e-05,-2.6e-05,0.0,-0.0024033,-0.0361058,False
MEX35,2020-09-29,37134.9219,2020-10-05,36740.3281,4,6,0.0625,-0.0006494,-6.25e-05,-1.25e-05,0.0,-4.43e-05,-2.6e-05,0.0,-0.0007947,-0.0106259,False
MEX35,2020-10-29,36801.3711,2020-11-05,38399.0703,4,7,0.0625,0.0026808,-6.25e-05,-1.25e-05,0.0,-5.16e-05,-3.04e-05,0.0,0.0025237,0.0434141,False
MEX35,2020-11-27,41674.3008,2020-12-03,43934.2109,4,6,0.0625,0.003334,-6.25e-05,-1.25e-05,0.0,-4.43e-05,-2.6e-05,0.0,0.0031886,0.0542279,False
MEX35,2020-12-30,44693.9609,2021-01-06,45587.1602,4,7,0.0625,0.0012571,-6.25e-05,-1.25e-05,0.0,-5.16e-05,-3.04e-05,0.0,0.0011001,0.0199848,False
MEX35,2021-01-28,44280.7305,2021-02-04,44167.5781,4,7,0.0625,-0.0001193,-6.25e-05,-1.25e-05,0.0,-5.16e-05,-3.04e-05,0.0,-0.0002763,-0.0025553,False
MEX35,2021-02-25,44310.2695,2021-03-03,46377.4688,4,6,0.0625,0.0028712,-6.25e-05,-1.25e-05,0.0,-4.17e-05,-2.6e-05,0.0,0.0027285,0.0466528,False
MEX35,2021-03-30,47905.0,2021-04-07,47897.8398,4,8,0.0625,1.14e-05,-6.25e-05,-1.25e-05,0.0,-5.56e-05,-3.47e-05,0.0,-0.0001538,-0.0001495,False
MEX35,2021-04-29,48897.7891,2021-05-05,48399.8008,4,6,0.0625,-0.0006257,-6.25e-05,-1.25e-05,0.0,-4.17e-05,-2.6e-05,0.0,-0.0007684,-0.0101843,False
MEX35,2021-05-28,50040.7383,2021-06-03,50628.7695,4,6,0.0625,0.0007395,-6.25e-05,-1.25e-05,0.0,-4.17e-05,-2.6e-05,0.0,0.0005968,0.0117511,False
MEX35,2021-06-29,50337.3594,2021-07-05,50552.8008,4,6,0.0625,0.0002687,-6.25e-05,-1.25e-05,0.0,-4.43e-05,-2.6e-05,0.0,0.0001234,0.00428,False
MEX35,2021-07-29,51634.6016,2021-08-04,51195.4297,4,6,0.0625,-0.0005177,-6.25e-05,-1.25e-05,0.0,-4.43e-05,-2.6e-05,0.0,-0.000663,-0.0085054,False
MEX35,2021-08-30,52602.0703,2021-09-03,51835.0898,4,4,0.0625,-0.0008983,-6.25e-05,-1.25e-05,0.0,-3.13e-05,-1.74e-05,0.0,-0.0010219,-0.0145808,False
MEX35,2021-09-29,51084.6094,2021-10-05,51056.9414,4,6,0.0625,-3.06e-05,-6.25e-05,-1.25e-05,0.0,-4.86e-05,-2.6e-05,0.0,-0.0001803,-0.0005416,False
MEX35,2021-10-28,51248.8398,2021-11-04,51873.4609,4,7,0.0625,0.0007592,-6.25e-05,-1.25e-05,0.0,-5.77e-05,-3.04e-05,0.0,0.0005961,0.012188,False
MEX35,2021-11-29,49796.3008,2021-12-03,50597.2891,4,4,0.0625,0.0010104,-6.25e-05,-1.25e-05,0.0,-3.47e-05,-1.74e-05,0.0,0.0008833,0.0160853,False
MEX35,2021-12-30,53175.25,2022-01-05,53024.1484,4,6,0.0625,-0.0001765,-6.25e-05,-1.25e-05,0.0,-5.73e-05,-2.6e-05,0.0,-0.0003348,-0.0028416,False
MEX35,2022-01-28,50661.8594,2022-02-03,51145.1094,4,6,0.0625,0.0006108,-6.25e-05,-1.25e-05,0.0,-5.73e-05,-2.6e-05,0.0,0.0004525,0.0095387,False
MEX35,2022-02-25,52555.6016,2022-03-03,53528.0117,4,6,0.0625,0.0011552,-6.25e-05,-1.25e-05,0.0,-6.25e-05,-2.6e-05,0.0,0.0009916,0.0185025,False
MEX35,2022-03-30,55814.9883,2022-04-05,55547.2891,4,6,0.0625,-0.0002886,-6.25e-05,-1.25e-05,0.0,-6.77e-05,-2.6e-05,0.0,-0.0004573,-0.0047962,False
MEX35,2022-04-28,52614.1719,2022-05-04,51432.6289,4,6,0.0625,-0.0013911,-6.25e-05,-1.25e-05,0.0,-6.77e-05,-2.6e-05,0.0,-0.0015598,-0.0224567,False
MEX35,2022-05-30,52162.0781,2022-06-03,50689.0508,4,4,0.0625,-0.0017834,-6.25e-05,-1.25e-05,0.0,-4.86e-05,-1.74e-05,0.0,-0.0019243,-0.0282394,False
MEX35,2022-06-29,48061.6094,2022-07-05,47503.2188,4,6,0.0625,-0.0007207,-6.25e-05,-1.25e-05,0.0,-8.07e-05,-2.6e-05,0.0,-0.0009025,-0.0116182,False
MEX35,2022-07-28,48112.2695,2022-08-03,46989.6094,4,6,0.0625,-0.0014644,-6.25e-05,-1.25e-05,0.0,-8.07e-05,-2.6e-05,0.0,-0.0016462,-0.0233342,False
MEX35,2022-08-30,45922.0508,2022-09-05,46026.0781,4,6,0.0625,0.000164,-6.25e-05,-1.25e-05,0.0,-8.85e-05,-2.6e-05,0.0,-2.56e-05,0.0022653,False
MEX35,2022-09-29,45102.5508,2022-10-05,45845.8281,4,6,0.0625,0.0010414,-6.25e-05,-1.25e-05,0.0,-9.51e-05,-2.6e-05,0.0,0.0008453,0.0164797,False
MEX35,2022-10-28,49086.3008,2022-11-04,51173.75,4,7,0.0625,0.0026392,-6.25e-05,-1.25e-05,0.0,-0.0001124,-3.04e-05,0.0,0.0024214,0.0425261,False
MEX35,2022-11-29,50174.0586,2022-12-05,50799.4609,4,6,0.0625,0.0008055,-6.25e-05,-1.25e-05,0.0,-0.0001042,-2.6e-05,0.0,0.0006003,0.0124647,False
MEX35,2022-12-29,49517.8594,2023-01-04,50161.2695,4,6,0.0625,0.0008408,-6.25e-05,-1.25e-05,0.0,-0.0001094,-2.6e-05,0.0,0.0006303,0.0129935,False
MEX35,2023-01-30,54521.4297,2023-02-03,54049.0508,4,4,0.0625,-0.0005277,-6.25e-05,-1.25e-05,0.0,-7.29e-05,-1.74e-05,0.0,-0.0006929,-0.0086641,False
MEX35,2023-02-27,53013.6211,2023-03-03,54182.2695,4,4,0.0625,0.0013774,-6.25e-05,-1.25e-05,0.0,-7.64e-05,-1.74e-05,0.0,0.0012086,0.0220443,False
MEX35,2023-03-30,54198.9414,2023-04-05,53498.3906,4,6,0.0625,-0.0008064,-6.25e-05,-1.25e-05,0.0,-0.0001168,-2.6e-05,0.0,-0.0010242,-0.0129255,False
MEX35,2023-04-27,54442.1719,2023-05-04,54667.2109,4,7,0.0625,0.000264,-6.25e-05,-1.25e-05,0.0,-0.0001367,-3.04e-05,0.0,2.19e-05,0.0041335,False
MEX35,2023-05-30,53341.8516,2023-06-05,53536.0508,4,6,0.0625,0.0002351,-6.25e-05,-1.25e-05,0.0,-0.0001172,-2.6e-05,0.0,1.69e-05,0.0036407,False
MEX35,2023-06-29,53585.2188,2023-07-05,54039.6602,4,6,0.0625,0.0005385,-6.25e-05,-1.25e-05,0.0,-0.0001172,-2.6e-05,0.0,0.0003203,0.0084807,False
MEX35,2023-07-28,54945.2695,2023-08-03,53445.0898,4,6,0.0625,-0.0017166,-6.25e-05,-1.25e-05,0.0,-0.0001172,-2.6e-05,0.0,-0.0019348,-0.0273032,False
MEX35,2023-08-30,54390.7383,2023-09-05,52932.5,4,6,0.0625,-0.0016779,-6.25e-05,-1.25e-05,0.0,-0.0001172,-2.6e-05,0.0,-0.0018962,-0.0268104,False
MEX35,2023-09-28,51554.9492,2023-10-04,50732.6914,4,6,0.0625,-0.0009863,-6.25e-05,-1.25e-05,0.0,-0.0001172,-2.6e-05,0.0,-0.0012046,-0.0159492,False
MEX35,2023-10-30,49277.3594,2023-11-06,51633.6289,4,7,0.0625,0.0029553,-6.25e-05,-1.25e-05,0.0,-0.0001367,-3.04e-05,0.0,0.0027132,0.0478165,False
MEX35,2023-11-29,52792.8086,2023-12-05,54120.9102,4,6,0.0625,0.0015711,-6.25e-05,-1.25e-05,0.0,-0.0001172,-2.6e-05,0.0,0.0013529,0.0251569,False
MEX35,2023-12-28,57464.4219,2024-01-04,55406.9609,4,7,0.0625,-0.0022608,-6.25e-05,-1.25e-05,0.0,-0.0001367,-3.04e-05,0.0,-0.0025029,-0.0358041,False
MEX35,2024-01-30,57537.1406,2024-02-06,58645.4219,4,7,0.0625,0.0011977,-6.25e-05,-1.25e-05,0.0,-0.0001367,-3.04e-05,0.0,0.0009556,0.019262,False
MEX35,2024-02-28,55350.6094,2024-03-05,55476.25,4,6,0.0625,0.000142,-6.25e-05,-1.25e-05,0.0,-0.0001172,-2.6e-05,0.0,-7.63e-05,0.0022699,False
MEX35,2024-03-26,57209.6992,2024-04-03,57503.3906,4,8,0.0625,0.0003211,-6.25e-05,-1.25e-05,0.0,-0.0001528,-3.47e-05,0.0,5.86e-05,0.0051336,False
MEX35,2024-04-29,57827.8594,2024-05-06,57282.9492,4,7,0.0625,-0.000578,-6.25e-05,-1.25e-05,0.0,-0.0001337,-3.04e-05,0.0,-0.0008171,-0.009423,False
MEX35,2024-05-30,55352.5586,2024-06-05,54410.5117,4,6,0.0625,-0.0009095,-6.25e-05,-1.25e-05,0.0,-0.0001146,-2.6e-05,0.0,-0.0011252,-0.017019,False
MEX35,2024-06-27,52310.9609,2024-07-03,52796.2617,4,6,0.0625,0.0005977,-6.25e-05,-1.25e-05,0.0,-0.0001146,-2.6e-05,0.0,0.0003821,0.0092772,False
MEX35,2024-07-30,52325.4219,2024-08-05,51776.4805,4,6,0.0625,-0.0006431,-6.25e-05,-1.25e-05,0.0,-0.0001146,-2.6e-05,0.0,-0.0008587,-0.0104909,False
MEX35,2024-08-29,53138.9609,2024-09-04,51811.3711,4,6,0.0625,-0.0015688,-6.25e-05,-1.25e-05,0.0,-0.000112,-2.6e-05,0.0,-0.0017818,-0.0249834,False
MEX35,2024-09-27,52778.1719,2024-10-04,52609.8711,4,7,0.0625,-0.0001844,-6.25e-05,-1.25e-05,0.0,-0.0001276,-3.04e-05,0.0,-0.0004174,-0.0031888,False
MEX35,2024-10-30,50877.2383,2024-11-05,50831.5117,4,6,0.0625,-5.48e-05,-6.25e-05,-1.25e-05,0.0,-0.0001094,-2.6e-05,0.0,-0.0002652,-0.0008988,False
MEX35,2024-11-28,49941.2695,2024-12-04,51249.8008,4,6,0.0625,0.0016255,-6.25e-05,-1.25e-05,0.0,-0.0001068,-2.6e-05,0.0,0.0014177,0.0262014,False
MEX35,2024-12-30,48837.7188,2025-01-06,49493.5586,4,7,0.0625,0.0008525,-6.25e-05,-1.25e-05,0.0,-0.0001215,-3.04e-05,0.0,0.0006256,0.013429,False
MEX35,2025-01-30,52050.25,2025-02-06,52674.7891,4,7,0.0625,0.0007745,-6.25e-05,-1.25e-05,0.0,-0.0001215,-3.04e-05,0.0,0.0005476,0.0119988,False
MEX35,2025-02-27,52607.6094,2025-03-05,52709.3984,4,6,0.0625,0.0001246,-6.25e-05,-1.25e-05,0.0,-9.9e-05,-2.6e-05,0.0,-7.54e-05,0.0019349,False
MEX35,2025-03-28,53172.9688,2025-04-03,54089.2812,4,6,0.0625,0.0010846,-6.25e-05,-1.25e-05,0.0,-9.38e-05,-2.6e-05,0.0,0.0008898,0.0172327,False
MEX35,2025-04-29,55613.4297,2025-05-06,57349.8281,4,7,0.0625,0.0019503,-6.25e-05,-1.25e-05,0.0,-0.0001094,-3.04e-05,0.0,0.0017356,0.0312226,False
MEX35,2025-05-29,58614.4102,2025-06-04,57484.5195,4,6,0.0625,-0.0012106,-6.25e-05,-1.25e-05,0.0,-8.85e-05,-2.6e-05,0.0,-0.0014002,-0.0192767,False
MEX35,2025-06-27,57391.5117,2025-07-03,57890.9883,4,6,0.0625,0.0005474,-6.25e-05,-1.25e-05,0.0,-8.33e-05,-2.6e-05,0.0,0.000363,0.008703,False
MEX35,2025-07-30,57395.8516,2025-08-05,57071.5586,4,6,0.0625,-0.0003494,-6.25e-05,-1.25e-05,0.0,-8.33e-05,-2.6e-05,0.0,-0.0005338,-0.0056501,False
MEX35,2025-08-28,59151.6797,2025-09-03,59651.5703,4,6,0.0625,0.000535,-6.25e-05,-1.25e-05,0.0,-8.07e-05,-2.6e-05,0.0,0.0003532,0.008451,False
MEX35,2025-09-29,62610.1211,2025-10-03,61984.4297,4,4,0.0625,-0.0006181,-6.25e-05,-1.25e-05,0.0,-5.21e-05,-1.74e-05,0.0,-0.0007625,-0.0099935,False
MEX35,2025-10-30,62889.8594,2025-11-05,63378.5117,4,6,0.0625,0.0004923,-6.25e-05,-1.25e-05,0.0,-7.81e-05,-2.6e-05,0.0,0.0003131,0.00777,False
MEX35,2025-11-27,62694.7305,2025-12-03,63597.4414,4,6,0.0625,0.0009009,-6.25e-05,-1.25e-05,0.0,-7.55e-05,-2.6e-05,0.0,0.0007243,0.0143985,False
MEX35,2025-12-30,64366.6992,2026-01-06,65022.2383,4,7,0.0625,0.0006393,-6.25e-05,-1.25e-05,0.0,-8.51e-05,-3.04e-05,0.0,0.0004488,0.0101844,False
MEX35,2026-01-29,69492.4297,2026-02-05,68858.2812,4,7,0.0625,-0.0005121,-6.25e-05,-1.25e-05,0.0,-8.51e-05,-3.04e-05,0.0,-0.0007026,-0.0091254,False
MEX35,2026-02-26,71390.1016,2026-03-04,70428.0312,4,6,0.0625,-0.0007883,-6.25e-05,-1.25e-05,0.0,-7.29e-05,-2.6e-05,0.0,-0.0009623,-0.0134762,False
MEX35,2026-03-30,67087.6406,2026-04-07,68529.2188,4,8,0.0625,0.0013572,-6.25e-05,-1.25e-05,0.0,-9.38e-05,-3.47e-05,0.0,0.0011537,0.021488,False
MEX35,2026-04-29,67097.0625,2026-05-06,69855.2266,4,7,0.0625,0.0025462,-6.25e-05,-1.25e-05,0.0,-8.2e-05,-3.04e-05,0.0,0.0023588,0.0411071,False
MEX35,2026-05-28,68866.2812,2026-06-03,68285.8203,4,6,0.0625,-0.000521,-6.25e-05,-1.25e-05,0.0,-6.77e-05,-2.6e-05,0.0,-0.0006897,-0.0084288,False
MEX35,2026-06-29,67640.5938,2026-07-03,67060.4922,4,4,0.0625,-0.0005344,-6.25e-05,-1.25e-05,0.0,-4.51e-05,-1.74e-05,0.0,-0.0006719,-0.0085762,False
MEX35,2026-07-30,67290.3984,2026-08-05,66525.1797,4,6,0.0625,-0.0007128,-6.25e-05,-1.25e-05,0.0,-6.77e-05,-2.6e-05,0.0,-0.0008815,-0.0113719,False
MEX35,2026-08-28,65484.3203,2026-09-03,65436.1602,4,6,0.0625,-3.65e-05,-6.25e-05,-1.25e-05,0.0,-6.77e-05,-2.6e-05,0.0,-0.0002053,-0.0007354,False
BRA60,1996-06-28,6043.8999,1996-07-03,6355.8999,3,5,0.0625,0.0031727,-6.25e-05,-1.25e-05,0.0,-0.0002066,-2.17e-05,0.0,0.0028694,0.0516223,False
BRA60,1996-07-30,6143.2998,1996-08-05,6244.1001,4,6,0.0625,0.001054,-6.25e-05,-1.25e-05,0.0,-0.0002466,-2.6e-05,0.0,0.0007063,0.0164082,False
BRA60,1996-08-29,6270.0,1996-09-02,6232.5,2,4,0.0625,-0.0003743,-6.25e-05,-1.25e-05,0.0,-0.0001671,-1.74e-05,0.0,-0.0006337,-0.0059809,False
BRA60,1996-10-01,6521.7998,1996-10-04,6626.8999,2,3,0.0625,0.0010046,-6.25e-05,-1.25e-05,0.0,-0.0001195,-1.3e-05,0.0,0.0007971,0.0161152,False
BRA60,1996-10-30,6543.2002,1996-11-05,6697.6001,4,6,0.0625,0.0014675,-6.25e-05,-1.25e-05,0.0,-0.0002526,-2.6e-05,0.0,0.0011138,0.023597,False
BRA60,1996-11-28,6644.8999,1996-12-04,6797.6001,4,6,0.0625,0.0014317,-6.25e-05,-1.25e-05,0.0,-0.0002528,-2.6e-05,0.0,0.0010779,0.0229801,False
BRA60,1996-12-27,7006.8999,1997-01-06,7159.5,4,10,0.0625,0.0013694,-6.25e-05,-1.25e-05,0.0,-0.0003875,-4.34e-05,0.0,0.0008634,0.0217785,False
BRA60,1997-01-30,7788.7998,1997-02-03,8095.8999,2,4,0.0625,0.002441,-6.25e-05,-1.25e-05,0.0,-0.0001479,-1.74e-05,0.0,0.0022007,0.0394284,False
BRA60,1997-03-03,8978.0,1997-03-05,9074.0,2,2,0.0625,0.0006698,-6.25e-05,-1.25e-05,0.0,-8.25e-05,-8.7e-06,0.0,0.0005036,0.0106928,False
BRA60,1997-03-26,9272.0,1997-04-03,9302.0,4,8,0.0625,0.0002296,-6.25e-05,-1.25e-05,0.0,-0.0003194,-3.47e-05,0.0,-0.0001995,0.0032355,False
BRA60,1997-04-29,9858.0,1997-05-06,10219.0,4,7,0.0625,0.002273,-6.25e-05,-1.25e-05,0.0,-0.0002595,-3.04e-05,0.0,0.0019081,0.03662,False
BRA60,1997-05-28,11301.0,1997-06-04,11030.0,4,7,0.0625,-0.0014994,-6.25e-05,-1.25e-05,0.0,-0.0002615,-3.04e-05,0.0,-0.0018662,-0.0239802,False
BRA60,1997-06-27,12758.0,1997-07-03,13285.0,4,6,0.0625,0.0025855,-6.25e-05,-1.25e-05,0.0,-0.0002088,-2.6e-05,0.0,0.0022756,0.0413074,False
BRA60,1997-07-30,13019.0,1997-08-05,11909.0,4,6,0.0625,-0.0054776,-6.25e-05,-1.25e-05,0.0,-0.0002088,-2.6e-05,0.0,-0.0057875,-0.08526,False
BRA60,1997-08-28,11267.0,1997-09-03,11119.0,4,6,0.0625,-0.0003811,-6.25e-05,-1.25e-05,0.0,-0.000212,-2.6e-05,0.0,-0.0006942,-0.0131357,False
BRA60,1997-09-29,11614.0,1997-10-03,12541.0,4,4,0.0625,0.0048529,-6.25e-05,-1.25e-05,0.0,-0.0001334,-1.74e-05,0.0,0.0046272,0.0798175,False
BRA60,1997-10-30,8855.0,1997-10-31,8986.0,1,1,0.0625,0.0009246,-6.25e-05,-1.25e-05,0.0,-3.25e-05,-4.3e-06,0.0,0.0008127,0.0147939,False
BRA60,1998-04-29,11528.0,1998-05-06,11165.0,4,7,0.0625,-0.0019509,-6.25e-05,-1.25e-05,0.0,-0.0002826,-3.04e-05,0.0,-0.0023388,-0.0314885,False
BRA60,1998-05-28,10152.0,1998-06-03,9856.0,4,6,0.0625,-0.0016777,-6.25e-05,-1.25e-05,0.0,-0.0002266,-2.6e-05,0.0,-0.0020053,-0.0291568,False
BRA60,1998-06-29,9604.0,1998-07-03,10116.0,4,4,0.0625,0.003281,-6.25e-05,-1.25e-05,0.0,-0.0001458,-1.74e-05,0.0,0.0030428,0.0533111,False
BRA60,1998-07-30,10939.0,1998-08-05,9828.0,4,6,0.0625,-0.0065637,-6.25e-05,-1.25e-05,0.0,-0.0002057,-2.6e-05,0.0,-0.0068705,-0.1015632,False
BRA60,1998-08-28,6746.0,1998-09-03,6219.0,4,6,0.0625,-0.0046353,-6.25e-05,-1.25e-05,0.0,-0.0002057,-2.6e-05,0.0,-0.004942,-0.0781204,False
BRA60,1998-09-29,6869.0,1998-10-05,6123.0,4,6,0.0625,-0.0065914,-6.25e-05,-1.25e-05,0.0,-0.0001979,-2.6e-05,0.0,-0.0068903,-0.1086039,False
BRA60,1998-10-29,6538.0,1998-11-05,8093.0,4,7,0.0625,0.0137543,-6.25e-05,-1.25e-05,0.0,-0.0002309,-3.04e-05,0.0,0.013418,0.2378403,False
BRA60,1998-11-27,9094.0,1998-12-03,7706.0,4,6,0.0625,-0.0100032,-6.25e-05,-1.25e-05,0.0,-0.0001979,-2.6e-05,0.0,-0.0103021,-0.1526281,False
BRA60,1999-01-28,7987.0,1999-02-03,8676.0,4,6,0.0625,0.0054281,-6.25e-05,-1.25e-05,0.0,-0.0002604,-2.6e-05,0.0,0.0050666,0.0862652,False
BRA60,1999-02-25,8674.0,1999-03-03,9155.0,4,6,0.0625,0.0034365,-6.25e-05,-1.25e-05,0.0,-0.0002604,-2.6e-05,0.0,0.003075,0.0554531,False
BRA60,1999-05-28,10930.0,1999-06-04,11234.0,4,7,0.0625,0.0017367,-6.25e-05,-1.25e-05,0.0,-0.0002856,-3.04e-05,0.0,0.0013457,0.0278134,False
BRA60,1999-06-29,11379.0,1999-07-05,11936.0,4,6,0.0625,0.0030089,-6.25e-05,-1.25e-05,0.0,-0.0002187,-2.6e-05,0.0,0.0026891,0.0489498,False
BRA60,1999-07-29,10568.0,1999-08-04,10172.0,4,6,0.0625,-0.0023635,-6.25e-05,-1.25e-05,0.0,-0.0002031,-2.6e-05,0.0,-0.0026677,-0.0374716,False
BRA60,1999-08-30,10524.0,1999-09-03,11156.0,4,4,0.0625,0.0036854,-6.25e-05,-1.25e-05,0.0,-0.0001354,-1.74e-05,0.0,0.0034576,0.0600532,False
BRA60,1999-09-29,11434.0,1999-10-05,10924.0,4,6,0.0625,-0.0028134,-6.25e-05,-1.25e-05,0.0,-0.0001979,-2.6e-05,0.0,-0.0031124,-0.0446038,False
BRA60,1999-10-28,11700.0,1999-11-04,12406.0,4,7,0.0625,0.0037381,-6.25e-05,-1.25e-05,0.0,-0.0002309,-3.04e-05,0.0,0.0034019,0.0603419,False
BRA60,1999-11-29,13855.0,1999-12-03,14409.0,4,4,0.0625,0.0024771,-6.25e-05,-1.25e-05,0.0,-0.0001319,-1.74e-05,0.0,0.0022528,0.0399856,False
BRA60,1999-12-29,16773.0,2000-01-05,16245.0,4,7,0.0625,-0.0018335,-6.25e-05,-1.25e-05,0.0,-0.0002309,-3.04e-05,0.0,-0.0021698,-0.0314792,False
BRA60,2000-01-28,16734.0,2000-02-03,17457.0,4,6,0.0625,0.00271,-6.25e-05,-1.25e-05,0.0,-0.0001979,-2.6e-05,0.0,0.0024111,0.0432054,False
BRA60,2000-02-28,17543.0,2000-03-03,18632.0,4,4,0.0625,0.0038101,-6.25e-05,-1.25e-05,0.0,-0.0001319,-1.74e-05,0.0,0.0035858,0.062076,False
BRA60,2000-03-30,17647.0,2000-04-05,16714.0,4,6,0.0625,-0.0033331,-6.25e-05,-1.25e-05,0.0,-0.0001927,-2.6e-05,0.0,-0.0036268,-0.0528702,False
BRA60,2000-04-27,15440.0,2000-05-04,14970.0,4,7,0.0625,-0.0019054,-6.25e-05,-1.25e-05,0.0,-0.0002248,-3.04e-05,0.0,-0.0022356,-0.0304404,False
BRA60,2000-05-30,15249.0,2000-06-05,16023.0,4,6,0.0625,0.0032195,-6.25e-05,-1.25e-05,0.0,-0.0001927,-2.6e-05,0.0,0.0029258,0.0507574,False
BRA60,2000-06-29,16407.0,2000-07-05,17135.0,4,6,0.0625,0.0027456,-6.25e-05,-1.25e-05,0.0,-0.0001823,-2.6e-05,0.0,0.0024623,0.0443713,False
BRA60,2000-07-28,16486.0,2000-08-03,16721.0,4,6,0.0625,0.0009071,-6.25e-05,-1.25e-05,0.0,-0.0001719,-2.6e-05,0.0,0.0006342,0.0142545,False
BRA60,2000-08-30,17414.0,2000-09-05,17425.0,4,6,0.0625,4.91e-05,-6.25e-05,-1.25e-05,0.0,-0.0001719,-2.6e-05,0.0,-0.0002238,0.0006317,False
BRA60,2000-09-28,16014.0,2000-10-04,15876.0,4,6,0.0625,-0.0005148,-6.25e-05,-1.25e-05,0.0,-0.0001719,-2.6e-05,0.0,-0.0007877,-0.0086175,False
BRA60,2000-10-30,14891.0,2000-11-06,14801.0,4,7,0.0625,-0.000358,-6.25e-05,-1.25e-05,0.0,-0.0002005,-3.04e-05,0.0,-0.0006639,-0.0060439,False
BRA60,2000-11-29,13788.0,2000-12-05,14182.0,4,6,0.0625,0.0018829,-6.25e-05,-1.25e-05,0.0,-0.0001719,-2.6e-05,0.0,0.00161,0.0285756,False
BRA60,2000-12-27,15186.0,2001-01-04,16675.0,4,8,0.0625,0.0060234,-6.25e-05,-1.25e-05,0.0,-0.0002187,-3.47e-05,0.0,0.0056949,0.0980508,False
BRA60,2001-01-30,17723.0,2001-02-05,16731.0,4,6,0.0625,-0.0035532,-6.25e-05,-1.25e-05,0.0,-0.0001589,-2.6e-05,0.0,-0.003813,-0.0559725,False
BRA60,2001-02-23,16158.0,2001-03-05,16537.0,4,10,0.0625,0.0014945,-6.25e-05,-1.25e-05,0.0,-0.0002648,-4.34e-05,0.0,0.0011114,0.0234559,False
BRA60,2001-03-29,14282.0,2001-04-04,13855.0,4,6,0.0625,-0.0018495,-6.25e-05,-1.25e-05,0.0,-0.0001641,-2.6e-05,0.0,-0.0021146,-0.0298978,False
BRA60,2001-04-27,14928.0,2001-05-04,15093.0,4,7,0.0625,0.0006958,-6.25e-05,-1.25e-05,0.0,-0.0001975,-3.04e-05,0.0,0.0003929,0.0110531,False
BRA60,2001-05-30,14489.0,2001-06-05,15395.0,4,6,0.0625,0.0038227,-6.25e-05,-1.25e-05,0.0,-0.0001745,-2.6e-05,0.0,0.0035472,0.0625302,False
BRA60,2001-06-28,14391.0,2001-07-04,14056.0,4,6,0.0625,-0.0014482,-6.25e-05,-1.25e-05,0.0,-0.0001901,-2.6e-05,0.0,-0.0017393,-0.0232784,False
BRA60,2001-07-30,13704.0,2001-08-03,13838.0,4,4,0.0625,0.0006097,-6.25e-05,-1.25e-05,0.0,-0.0001319,-1.74e-05,0.0,0.0003854,0.0097782,False
BRA60,2001-08-30,12892.0,2001-09-05,12591.0,4,6,0.0625,-0.0014695,-6.25e-05,-1.25e-05,0.0,-0.0001979,-2.6e-05,0.0,-0.0017685,-0.0233478,False
BRA60,2001-09-27,10405.0,2001-10-03,10233.0,4,6,0.0625,-0.001011,-6.25e-05,-1.25e-05,0.0,-0.0001979,-2.6e-05,0.0,-0.00131,-0.0165305,False
BRA60,2001-10-30,11024.0,2001-11-06,12416.0,4,7,0.0625,0.0076137,-6.25e-05,-1.25e-05,0.0,-0.0002309,-3.04e-05,0.0,0.0072774,0.12627,False
BRA60,2001-11-29,12736.0,2001-12-05,13382.0,4,6,0.0625,0.0031458,-6.25e-05,-1.25e-05,0.0,-0.0001979,-2.6e-05,0.0,0.0028468,0.0507224,False
BRA60,2001-12-27,13756.0,2002-01-04,14332.0,4,8,0.0625,0.0026088,-6.25e-05,-1.25e-05,0.0,-0.0002639,-3.47e-05,0.0,0.0022351,0.0418726,False
BRA60,2002-01-30,12532.0,2002-02-05,12748.0,4,6,0.0625,0.0010909,-6.25e-05,-1.25e-05,0.0,-0.0001979,-2.6e-05,0.0,0.000792,0.0172359,False
BRA60,2002-02-27,14212.0,2002-03-05,14011.0,4,6,0.0625,-0.0008355,-6.25e-05,-1.25e-05,0.0,-0.0001953,-2.6e-05,0.0,-0.0011318,-0.014143,False
BRA60,2002-03-27,13425.0,2002-04-03,13085.0,4,7,0.0625,-0.0015771,-6.25e-05,-1.25e-05,0.0,-0.0002248,-3.04e-05,0.0,-0.0019073,-0.0253259,False
BRA60,2002-04-29,13090.0,2002-05-06,12430.0,4,7,0.0625,-0.0031698,-6.25e-05,-1.25e-05,0.0,-0.0002248,-3.04e-05,0.0,-0.0035,-0.0504202,False
BRA60,2002-05-29,12985.0,2002-06-05,12590.0,4,7,0.0625,-0.0019194,-6.25e-05,-1.25e-05,0.0,-0.0002248,-3.04e-05,0.0,-0.0022496,-0.0304197,False
BRA60,2002-06-27,11013.0,2002-07-03,10636.0,4,6,0.0625,-0.0021449,-6.25e-05,-1.25e-05,0.0,-0.0001927,-2.6e-05,0.0,-0.0024387,-0.0342323,False
BRA60,2002-07-30,9342.0,2002-08-05,9470.0,4,6,0.0625,0.0009631,-6.25e-05,-1.25e-05,0.0,-0.0001875,-2.6e-05,0.0,0.0006746,0.0137016,False
BRA60,2002-08-29,10455.0,2002-09-04,9997.0,4,6,0.0625,-0.002775,-6.25e-05,-1.25e-05,0.0,-0.0001875,-2.6e-05,0.0,-0.0030635,-0.0438068,False
BRA60,2002-09-27,8716.0,2002-10-03,9140.0,4,6,0.0625,0.0030823,-6.25e-05,-1.25e-05,0.0,-0.0001875,-2.6e-05,0.0,0.0027938,0.0486462,False
BRA60,2002-10-30,10069.0,2002-11-05,9861.0,4,6,0.0625,-0.0012846,-6.25e-05,-1.25e-05,0.0,-0.0002187,-2.6e-05,0.0,-0.0016044,-0.0206575,False
BRA60,2002-11-28,10239.0,2002-12-04,10640.0,4,6,0.0625,0.0024302,-6.25e-05,-1.25e-05,0.0,-0.0002292,-2.6e-05,0.0,0.0021,0.039164,False
BRA60,2002-12-27,11234.0,2003-01-06,12020.0,4,10,0.0625,0.0042941,-6.25e-05,-1.25e-05,0.0,-0.000434,-4.34e-05,0.0,0.0037416,0.0699662,False
BRA60,2003-07-30,13475.0,2003-08-05,13059.0,4,6,0.0625,-0.0019151,-6.25e-05,-1.25e-05,0.0,-0.0002552,-2.6e-05,0.0,-0.0022713,-0.030872,False
BRA60,2003-08-28,15065.0,2003-09-03,15634.0,4,6,0.0625,0.0023286,-6.25e-05,-1.25e-05,0.0,-0.0002292,-2.6e-05,0.0,0.0019984,0.0377697,False
BRA60,2003-09-29,16109.0,2003-10-03,17089.0,4,4,0.0625,0.0037459,-6.25e-05,-1.25e-05,0.0,-0.0001389,-1.74e-05,0.0,0.0035147,0.0608356,False
BRA60,2003-10-30,18094.0,2003-11-05,18307.0,4,6,0.0625,0.0007648,-6.25e-05,-1.25e-05,0.0,-0.0001979,-2.6e-05,0.0,0.0004659,0.0117719,False
BRA60,2003-11-27,19961.0,2003-12-03,20540.0,4,6,0.0625,0.0018004,-6.25e-05,-1.25e-05,0.0,-0.0001823,-2.6e-05,0.0,0.0015171,0.0290066,False
BRA60,2003-12-29,22045.0,2004-01-06,23576.0,4,8,0.0625,0.0042727,-6.25e-05,-1.25e-05,0.0,-0.0002292,-3.47e-05,0.0,0.0039338,0.0694489,False
BRA60,2004-01-29,22386.0,2004-02-04,21685.0,4,6,0.0625,-0.0019314,-6.25e-05,-1.25e-05,0.0,-0.0001719,-2.6e-05,0.0,-0.0022044,-0.0313142,False
BRA60,2004-02-26,21450.0,2004-03-03,22550.0,4,6,0.0625,0.0031686,-6.25e-05,-1.25e-05,0.0,-0.0001719,-2.6e-05,0.0,0.0028957,0.0512821,False
BRA60,2004-03-30,22043.0,2004-04-05,23146.0,4,6,0.0625,0.0030761,-6.25e-05,-1.25e-05,0.0,-0.0001693,-2.6e-05,0.0,0.0028058,0.0500386,False
BRA60,2004-04-29,19865.0,2004-05-05,20026.0,4,6,0.0625,0.000517,-6.25e-05,-1.25e-05,0.0,-0.0001667,-2.6e-05,0.0,0.0002493,0.0081047,False
BRA60,2004-05-28,19667.0,2004-06-03,19400.0,4,6,0.0625,-0.0008426,-6.25e-05,-1.25e-05,0.0,-0.0001667,-2.6e-05,0.0,-0.0011103,-0.013576,False
BRA60,2004-06-29,20801.0,2004-07-05,21670.0,4,6,0.0625,0.0025734,-6.25e-05,-1.25e-05,0.0,-0.0001667,-2.6e-05,0.0,0.0023057,0.0417768,False
BRA60,2004-07-29,22228.0,2004-08-04,22178.0,4,6,0.0625,-0.0001365,-6.25e-05,-1.25e-05,0.0,-0.0001667,-2.6e-05,0.0,-0.0004042,-0.0022494,False
BRA60,2004-08-30,22869.0,2004-09-03,22415.0,4,4,0.0625,-0.0012414,-6.25e-05,-1.25e-05,0.0,-0.0001111,-1.74e-05,0.0,-0.0014449,-0.0198522,False
BRA60,2004-09-29,23208.0,2004-10-05,24205.0,4,6,0.0625,0.0026529,-6.25e-05,-1.25e-05,0.0,-0.0001693,-2.6e-05,0.0,0.0023825,0.0429593,False
BRA60,2004-10-28,22929.0,2004-11-04,23880.0,4,7,0.0625,0.0025549,-6.25e-05,-1.25e-05,0.0,-0.0002036,-3.04e-05,0.0,0.002246,0.0414759,False
BRA60,2004-11-29,24855.0,2004-12-03,25468.0,4,4,0.0625,0.0015306,-6.25e-05,-1.25e-05,0.0,-0.0001198,-1.74e-05,0.0,0.0013185,0.024663,False
BRA60,2004-12-29,26161.0,2005-01-05,24692.0,4,7,0.0625,-0.0035633,-6.25e-05,-1.25e-05,0.0,-0.0002157,-3.04e-05,0.0,-0.0038844,-0.0561523,False
BRA60,2005-01-28,23968.0,2005-02-03,24874.0,4,6,0.0625,0.0023437,-6.25e-05,-1.25e-05,0.0,-0.0001901,-2.6e-05,0.0,0.0020526,0.0378004,False
BRA60,2005-02-25,28425.0,2005-03-03,28668.0,4,6,0.0625,0.0005593,-6.25e-05,-1.25e-05,0.0,-0.0001953,-2.6e-05,0.0,0.0002629,0.0085488,False
BRA60,2005-03-30,26470.0,2005-04-05,26038.0,4,6,0.0625,-0.0010143,-6.25e-05,-1.25e-05,0.0,-0.0002005,-2.6e-05,0.0,-0.0013159,-0.0163204,False
BRA60,2005-04-28,24440.0,2005-05-04,25474.0,4,6,0.0625,0.0026281,-6.25e-05,-1.25e-05,0.0,-0.0002031,-2.6e-05,0.0,0.0023239,0.0423077,False
BRA60,2005-05-30,25424.0,2005-06-03,26366.0,4,4,0.0625,0.0023278,-6.25e-05,-1.25e-05,0.0,-0.0001372,-1.74e-05,0.0,0.0020983,0.0370516,False
BRA60,2005-06-29,25126.0,2005-07-05,24675.0,4,6,0.0625,-0.0011181,-6.25e-05,-1.25e-05,0.0,-0.0002057,-2.6e-05,0.0,-0.0014248,-0.0179495,False
BRA60,2005-07-28,26068.0,2005-08-03,26714.0,4,6,0.0625,0.001544,-6.25e-05,-1.25e-05,0.0,-0.0002057,-2.6e-05,0.0,0.0012372,0.0247813,False
BRA60,2005-08-30,27604.0,2005-09-05,28522.0,4,6,0.0625,0.0020595,-6.25e-05,-1.25e-05,0.0,-0.0002057,-2.6e-05,0.0,0.0017527,0.033256,False
BRA60,2005-09-29,31209.0,2005-10-05,30164.0,4,6,0.0625,-0.0020706,-6.25e-05,-1.25e-05,0.0,-0.0002031,-2.6e-05,0.0,-0.0023747,-0.0334839,False
BRA60,2005-10-28,29318.0,2005-11-04,30888.0,4,7,0.0625,0.0033073,-6.25e-05,-1.25e-05,0.0,-0.0002309,-3.04e-05,0.0,0.002971,0.0535507,False
BRA60,2005-11-29,31652.0,2005-12-05,32701.0,4,6,0.0625,0.0020566,-6.25e-05,-1.25e-05,0.0,-0.0001927,-2.6e-05,0.0,0.0017629,0.0331417,False
BRA60,2005-12-28,33138.0,2006-01-04,35002.0,4,7,0.0625,0.0034579,-6.25e-05,-1.25e-05,0.0,-0.0002188,-3.04e-05,0.0,0.0031338,0.0562496,False
BRA60,2006-01-30,38242.0,2006-02-03,37262.0,4,4,0.0625,-0.0015918,-6.25e-05,-1.25e-05,0.0,-0.0001198,-1.74e-05,0.0,-0.0018039,-0.0256263,False
BRA60,2006-02-23,38405.0,2006-03-03,39240.0,4,8,0.0625,0.0013522,-6.25e-05,-1.25e-05,0.0,-0.0002396,-3.47e-05,0.0,0.0010029,0.021742,False
BRA60,2006-03-30,37777.0,2006-04-05,39053.0,4,6,0.0625,0.0020909,-6.25e-05,-1.25e-05,0.0,-0.0001719,-2.6e-05,0.0,0.0018179,0.0337772,False
BRA60,2006-04-27,39751.0,2006-05-04,40976.0,4,7,0.0625,0.0019127,-6.25e-05,-1.25e-05,0.0,-0.0001914,-3.04e-05,0.0,0.0016159,0.0308168,False
BRA60,2006-05-30,36413.0,2006-06-05,36740.0,4,6,0.0625,0.0006259,-6.25e-05,-1.25e-05,0.0,-0.0001606,-2.6e-05,0.0,0.0003643,0.0089803,False
BRA60,2006-06-29,36487.0,2006-07-05,36378.0,4,6,0.0625,-0.0001521,-6.25e-05,-1.25e-05,0.0,-0.0001589,-2.6e-05,0.0,-0.000412,-0.0029874,False
BRA60,2006-07-28,37381.0,2006-08-03,37451.0,4,6,0.0625,0.0001255,-6.25e-05,-1.25e-05,0.0,-0.0001536,-2.6e-05,0.0,-0.0001292,0.0018726,False
BRA60,2006-08-30,36313.0,2006-09-05,37368.0,4,6,0.0625,0.0018235,-6.25e-05,-1.25e-05,0.0,-0.0001493,-2.6e-05,0.0,0.0015731,0.029053,False
BRA60,2006-09-28,36486.0,2006-10-04,37749.0,4,6,0.0625,0.0021839,-6.25e-05,-1.25e-05,0.0,-0.0001484,-2.6e-05,0.0,0.0019344,0.034616,False
BRA60,2006-10-30,38900.0,2006-11-06,41247.0,4,7,0.0625,0.0036905,-6.25e-05,-1.25e-05,0.0,-0.0001671,-3.04e-05,0.0,0.003418,0.0603342,False
BRA60,2006-11-29,41970.0,2006-12-05,43157.0,4,6,0.0625,0.0017855,-6.25e-05,-1.25e-05,0.0,-0.0001389,-2.6e-05,0.0,0.0015456,0.0282821,False
BRA60,2006-12-27,44526.0,2007-01-04,44020.0,4,8,0.0625,-0.000685,-6.25e-05,-1.25e-05,0.0,-0.000184,-3.47e-05,0.0,-0.0009787,-0.0113641,False
BRA60,2007-01-30,44044.0,2007-02-05,45286.0,4,6,0.0625,0.001746,-6.25e-05,-1.25e-05,0.0,-0.0001354,-2.6e-05,0.0,0.0015096,0.0281991,False
BRA60,2007-02-27,43145.0,2007-03-05,41179.0,4,6,0.0625,-0.0028561,-6.25e-05,-1.25e-05,0.0,-0.0001354,-2.6e-05,0.0,-0.0030925,-0.0455673,False
BRA60,2007-03-29,45355.0,2007-04-04,46554.0,4,6,0.0625,0.0016426,-6.25e-05,-1.25e-05,0.0,-0.0001328,-2.6e-05,0.0,0.0014088,0.0264359,False
BRA60,2007-04-27,49230.0,2007-05-04,50598.0,4,7,0.0625,0.0017263,-6.25e-05,-1.25e-05,0.0,-0.0001519,-3.04e-05,0.0,0.001469,0.0277879,False
BRA60,2007-05-30,52528.0,2007-06-05,53162.0,4,6,0.0625,0.0007661,-6.25e-05,-1.25e-05,0.0,-0.0001302,-2.6e-05,0.0,0.0005348,0.0120698,False
BRA60,2007-06-28,54147.0,2007-07-04,55696.0,4,6,0.0625,0.0017746,-6.25e-05,-1.25e-05,0.0,-0.000125,-2.6e-05,0.0,0.0015486,0.0286073,False
BRA60,2007-07-30,54573.0,2007-08-03,52846.0,4,4,0.0625,-0.0019696,-6.25e-05,-1.25e-05,0.0,-7.99e-05,-1.74e-05,0.0,-0.0021418,-0.0316457,False
BRA60,2007-08-30,52858.0,2007-09-05,54408.0,4,6,0.0625,0.0018505,-6.25e-05,-1.25e-05,0.0,-0.0001198,-2.6e-05,0.0,0.0016297,0.0293238,False
BRA60,2007-09-27,61052.0,2007-10-03,60099.0,4,6,0.0625,-0.0009196,-6.25e-05,-1.25e-05,0.0,-0.0001172,-2.6e-05,0.0,-0.0011378,-0.0156096,False
BRA60,2007-10-30,64383.0,2007-11-06,64503.0,4,7,0.0625,0.0001625,-6.25e-05,-1.25e-05,0.0,-0.0001367,-3.04e-05,0.0,-7.96e-05,0.0018638,False
BRA60,2007-11-29,62156.0,2007-12-05,64928.0,4,6,0.0625,0.0027497,-6.25e-05,-1.25e-05,0.0,-0.0001172,-2.6e-05,0.0,0.0025314,0.0445975,False
BRA60,2007-12-27,63774.0,2008-01-04,61037.0,4,8,0.0625,-0.0027048,-6.25e-05,-1.25e-05,0.0,-0.0001563,-3.47e-05,0.0,-0.0029708,-0.0429172,False
BRA60,2008-01-30,60289.0,2008-02-07,58965.0,4,8,0.0625,-0.0013222,-6.25e-05,-1.25e-05,0.0,-0.0001563,-3.47e-05,0.0,-0.0015881,-0.0219609,False
BRA60,2008-02-28,65555.0,2008-03-05,64629.0,4,6,0.0625,-0.0008372,-6.25e-05,-1.25e-05,0.0,-0.0001172,-2.6e-05,0.0,-0.0010555,-0.0141255,False
BRA60,2008-03-28,60452.0,2008-04-03,64175.0,4,6,0.0625,0.0037722,-6.25e-05,-1.25e-05,0.0,-0.0001172,-2.6e-05,0.0,0.003554,0.0615861,False
BRA60,2008-04-29,63826.0,2008-05-06,70195.0,4,7,0.0625,0.0060843,-6.25e-05,-1.25e-05,0.0,-0.0001428,-3.04e-05,0.0,0.0058361,0.0997869,False
BRA60,2008-05-29,71798.0,2008-06-04,68673.0,4,6,0.0625,-0.0027411,-6.25e-05,-1.25e-05,0.0,-0.0001224,-2.6e-05,0.0,-0.0029646,-0.0435249,False
BRA60,2008-06-27,64321.0,2008-07-03,59273.0,4,6,0.0625,-0.0050144,-6.25e-05,-1.25e-05,0.0,-0.0001276,-2.6e-05,0.0,-0.005243,-0.0784814,False
BRA60,2008-07-30,59998.0,2008-08-05,56471.0,4,6,0.0625,-0.0037059,-6.25e-05,-1.25e-05,0.0,-0.0001354,-2.6e-05,0.0,-0.0039424,-0.0587853,False
BRA60,2008-08-28,56382.0,2008-09-03,53527.0,4,6,0.0625,-0.003226,-6.25e-05,-1.25e-05,0.0,-0.0001354,-2.6e-05,0.0,-0.0034624,-0.0506367,False
BRA60,2008-09-29,46028.0,2008-10-03,44517.0,4,4,0.0625,-0.0016953,-6.25e-05,-1.25e-05,0.0,-9.55e-05,-1.74e-05,0.0,-0.0018831,-0.0328278,False
BRA60,2008-10-30,37449.0,2008-11-05,37786.0,4,6,0.0625,0.0007882,-6.25e-05,-1.25e-05,0.0,-0.0001432,-2.6e-05,0.0,0.0005439,0.0089989,False
BRA60,2008-11-27,36213.0,2008-12-03,35297.0,4,6,0.0625,-0.0015107,-6.25e-05,-1.25e-05,0.0,-0.0001432,-2.6e-05,0.0,-0.001755,-0.0252948,False
BRA60,2008-12-29,37060.0,2009-01-06,42312.0,4,8,0.0625,0.0084842,-6.25e-05,-1.25e-05,0.0,-0.000191,-3.47e-05,0.0,0.0081835,0.1417161,False
BRA60,2009-01-29,39638.0,2009-02-04,40129.0,4,6,0.0625,0.0008068,-6.25e-05,-1.25e-05,0.0,-0.0001328,-2.6e-05,0.0,0.000573,0.0123871,False
BRA60,2009-02-26,38180.0,2009-03-04,38402.0,4,6,0.0625,0.0005328,-6.25e-05,-1.25e-05,0.0,-0.0001328,-2.6e-05,0.0,0.0002989,0.0058146,False
BRA60,2009-03-30,40653.0,2009-04-03,44391.0,4,4,0.0625,0.0055798,-6.25e-05,-1.25e-05,0.0,-7.81e-05,-1.74e-05,0.0,0.0054093,0.0919489,False
BRA60,2009-04-29,47227.0,2009-05-06,51499.0,4,7,0.0625,0.0055514,-6.25e-05,-1.25e-05,0.0,-0.0001263,-3.04e-05,0.0,0.0053197,0.0904567,False
BRA60,2009-05-28,53041.0,2009-06-03,52087.0,4,6,0.0625,-0.0010734,-6.25e-05,-1.25e-05,0.0,-0.0001068,-2.6e-05,0.0,-0.0012812,-0.0179861,False
BRA60,2009-06-29,52138.0,2009-07-03,50935.0,4,4,0.0625,-0.0014504,-6.25e-05,-1.25e-05,0.0,-6.42e-05,-1.74e-05,0.0,-0.001607,-0.0230734,False
BRA60,2009-07-30,54478.0,2009-08-05,56384.0,4,6,0.0625,0.0021669,-6.25e-05,-1.25e-05,0.0,-9.11e-05,-2.6e-05,0.0,0.0019747,0.0349866,False
BRA60,2009-08-28,57701.0,2009-09-03,55707.0,4,6,0.0625,-0.0021767,-6.25e-05,-1.25e-05,0.0,-9.11e-05,-2.6e-05,0.0,-0.0023689,-0.0345575,False
BRA60,2009-09-29,61235.0,2009-10-05,62369.0,4,6,0.0625,0.001173,-6.25e-05,-1.25e-05,0.0,-9.11e-05,-2.6e-05,0.0,0.0009808,0.0185188,False
BRA60,2009-10-29,63721.0,2009-11-05,64816.0,4,7,0.0625,0.0011308,-6.25e-05,-1.25e-05,0.0,-0.0001063,-3.04e-05,0.0,0.0009191,0.0171843,False
BRA60,2009-11-27,67082.0,2009-12-03,68315.0,4,6,0.0625,0.0011544,-6.25e-05,-1.25e-05,0.0,-9.11e-05,-2.6e-05,0.0,0.0009623,0.0183805,False
BRA60,2009-12-29,68296.0,2010-01-06,70729.0,4,8,0.0625,0.002204,-6.25e-05,-1.25e-05,0.0,-0.0001215,-3.47e-05,0.0,0.0019728,0.0356243,False
BRA60,2010-01-28,65588.0,2010-02-03,67109.0,4,6,0.0625,0.0014454,-6.25e-05,-1.25e-05,0.0,-9.11e-05,-2.6e-05,0.0,0.0012533,0.0231902,False
BRA60,2010-02-25,66121.0,2010-03-03,67641.0,4,6,0.0625,0.0014274,-6.25e-05,-1.25e-05,0.0,-9.11e-05,-2.6e-05,0.0,0.0012353,0.0229882,False
BRA60,2010-03-30,69960.0,2010-04-06,71096.0,4,7,0.0625,0.0010118,-6.25e-05,-1.25e-05,0.0,-0.0001063,-3.04e-05,0.0,0.0008001,0.0162379,False
BRA60,2010-04-29,67978.0,2010-05-05,64914.0,4,6,0.0625,-0.0028441,-6.25e-05,-1.25e-05,0.0,-9.9e-05,-2.6e-05,0.0,-0.0030441,-0.0450734,False
BRA60,2010-05-28,61947.0,2010-06-04,61676.0,4,7,0.0625,-0.0002301,-6.25e-05,-1.25e-05,0.0,-0.0001155,-3.04e-05,0.0,-0.0004509,-0.0043747,False
BRA60,2010-06-29,61978.0,2010-07-05,60865.0,4,6,0.0625,-0.0011199,-6.25e-05,-1.25e-05,0.0,-0.0001068,-2.6e-05,0.0,-0.0013277,-0.017958,False
BRA60,2010-07-29,66954.0,2010-08-04,68272.0,4,6,0.0625,0.0012297,-6.25e-05,-1.25e-05,0.0,-0.000112,-2.6e-05,0.0,0.0010167,0.0196852,False
BRA60,2010-08-30,64261.0,2010-09-03,66679.0,4,4,0.0625,0.0023419,-6.25e-05,-1.25e-05,0.0,-7.47e-05,-1.74e-05,0.0,0.0021749,0.0376278,False
BRA60,2010-09-29,69228.0,2010-10-05,71283.0,4,6,0.0625,0.0018378,-6.25e-05,-1.25e-05,0.0,-0.000112,-2.6e-05,0.0,0.0016248,0.0296845,False
BRA60,2010-10-28,70320.0,2010-11-04,72996.0,4,7,0.0625,0.0023478,-6.25e-05,-1.25e-05,0.0,-0.0001306,-3.04e-05,0.0,0.0021118,0.0380546,False
BRA60,2010-11-29,67908.0,2010-12-03,69766.0,4,4,0.0625,0.001706,-6.25e-05,-1.25e-05,0.0,-7.47e-05,-1.74e-05,0.0,0.001539,0.0273605,False
BRA60,2010-12-29,68952.0,2011-01-05,71091.0,4,7,0.0625,0.0019175,-6.25e-05,-1.25e-05,0.0,-0.0001306,-3.04e-05,0.0,0.0016815,0.0310216,False
BRA60,2011-01-28,66698.0,2011-02-03,66765.0,4,6,0.0625,8.34e-05,-6.25e-05,-1.25e-05,0.0,-0.0001172,-2.6e-05,0.0,-0.0001348,0.0010045,False
BRA60,2011-02-25,66903.0,2011-03-03,68146.0,4,6,0.0625,0.0011739,-6.25e-05,-1.25e-05,0.0,-0.0001172,-2.6e-05,0.0,0.0009557,0.0185791,False
BRA60,2011-03-30,67997.0,2011-04-05,69838.0,4,6,0.0625,0.0016764,-6.25e-05,-1.25e-05,0.0,-0.0001224,-2.6e-05,0.0,0.001453,0.0270747,False
BRA60,2011-04-28,65673.0,2011-05-04,63616.0,4,6,0.0625,-0.0019708,-6.25e-05,-1.25e-05,0.0,-0.000125,-2.6e-05,0.0,-0.0021968,-0.0313219,False
BRA60,2011-05-30,63954.0,2011-06-03,64341.0,4,4,0.0625,0.0003966,-6.25e-05,-1.25e-05,0.0,-8.33e-05,-1.74e-05,0.0,0.0002209,0.0060512,False
BRA60,2011-06-29,62334.0,2011-07-05,63039.0,4,6,0.0625,0.0007182,-6.25e-05,-1.25e-05,0.0,-0.0001276,-2.6e-05,0.0,0.0004896,0.01131,False
BRA60,2011-07-28,58708.0,2011-08-03,56017.0,4,6,0.0625,-0.0029016,-6.25e-05,-1.25e-05,0.0,-0.0001302,-2.6e-05,0.0,-0.0031329,-0.045837,False
BRA60,2011-08-30,55385.0,2011-09-05,54998.0,4,6,0.0625,-0.0003534,-6.25e-05,-1.25e-05,0.0,-0.0001267,-2.6e-05,0.0,-0.0005812,-0.0069875,False
BRA60,2011-09-29,53385.0,2011-10-05,51014.0,4,6,0.0625,-0.0027981,-6.25e-05,-1.25e-05,0.0,-0.000125,-2.6e-05,0.0,-0.0030241,-0.0444132,False
BRA60,2011-10-28,59513.0,2011-11-04,58670.0,4,7,0.0625,-0.0008605,-6.25e-05,-1.25e-05,0.0,-0.0001398,-3.04e-05,0.0,-0.0011056,-0.014165,False
BRA60,2011-11-29,55300.0,2011-12-05,58910.0,4,6,0.0625,0.0040028,-6.25e-05,-1.25e-05,0.0,-0.0001163,-2.6e-05,0.0,0.0037855,0.0652803,False
BRA60,2011-12-28,56534.0,2012-01-05,58546.0,4,8,0.0625,0.0022516,-6.25e-05,-1.25e-05,0.0,-0.0001528,-3.47e-05,0.0,0.0019891,0.0355892,False
BRA60,2012-01-30,62770.0,2012-02-03,65217.0,4,4,0.0625,0.0024111,-6.25e-05,-1.25e-05,0.0,-7.29e-05,-1.74e-05,0.0,0.0022458,0.0389836,False
BRA60,2012-02-28,65959.0,2012-03-05,66964.0,4,6,0.0625,0.0009635,-6.25e-05,-1.25e-05,0.0,-0.0001094,-2.6e-05,0.0,0.0007531,0.0152367,False
BRA60,2012-03-29,64872.0,2012-04-04,63529.0,4,6,0.0625,-0.001292,-6.25e-05,-1.25e-05,0.0,-0.0001016,-2.6e-05,0.0,-0.0014946,-0.0207023,False
BRA60,2012-04-27,61691.0,2012-05-04,60821.0,4,7,0.0625,-0.0008702,-6.25e-05,-1.25e-05,0.0,-0.0001094,-3.04e-05,0.0,-0.001085,-0.0141025,False
BRA60,2012-05-30,53798.0,2012-06-05,52481.0,4,6,0.0625,-0.0015216,-6.25e-05,-1.25e-05,0.0,-8.94e-05,-2.6e-05,0.0,-0.0017121,-0.0244805,False
BRA60,2012-06-28,52652.0,2012-07-04,56077.0,4,6,0.0625,0.0039851,-6.25e-05,-1.25e-05,0.0,-8.85e-05,-2.6e-05,0.0,0.0037955,0.0650498,False
BRA60,2012-07-30,57241.0,2012-08-03,57255.0,4,4,0.0625,6.02e-05,-6.25e-05,-1.25e-05,0.0,-5.56e-05,-1.74e-05,0.0,-8.77e-05,0.0002446,False
BRA60,2012-08-30,57256.0,2012-09-05,56864.0,4,6,0.0625,-0.0004141,-6.25e-05,-1.25e-05,0.0,-7.81e-05,-2.6e-05,0.0,-0.0005933,-0.0068464,False
BRA60,2012-09-27,60240.0,2012-10-03,58627.0,4,6,0.0625,-0.0016808,-6.25e-05,-1.25e-05,0.0,-7.81e-05,-2.6e-05,0.0,-0.00186,-0.0267762,False
BRA60,2012-10-30,57684.0,2012-11-06,59459.0,4,7,0.0625,0.0019286,-6.25e-05,-1.25e-05,0.0,-8.81e-05,-3.04e-05,0.0,0.0017351,0.0307711,False
BRA60,2012-11-29,57853.0,2012-12-05,57679.0,4,6,0.0625,-0.000178,-6.25e-05,-1.25e-05,0.0,-7.55e-05,-2.6e-05,0.0,-0.0003546,-0.0030076,False
BRA60,2012-12-27,60416.0,2013-01-04,62523.0,4,8,0.0625,0.0021756,-6.25e-05,-1.25e-05,0.0,-0.0001007,-3.47e-05,0.0,0.0019652,0.0348749,False
BRA60,2013-01-30,59337.0,2013-02-05,59445.0,4,6,0.0625,0.0001236,-6.25e-05,-1.25e-05,0.0,-7.55e-05,-2.6e-05,0.0,-5.29e-05,0.0018201,False
BRA60,2013-02-27,57274.0,2013-03-05,55951.0,4,6,0.0625,-0.0014533,-6.25e-05,-1.25e-05,0.0,-7.55e-05,-2.6e-05,0.0,-0.0016298,-0.0230995,False
BRA60,2013-03-27,56034.0,2013-04-03,55563.0,4,7,0.0625,-0.0005095,-6.25e-05,-1.25e-05,0.0,-8.81e-05,-3.04e-05,0.0,-0.000703,-0.0084056,False
BRA60,2013-04-29,54887.0,2013-05-06,55430.0,4,7,0.0625,0.0006298,-6.25e-05,-1.25e-05,0.0,-9.11e-05,-3.04e-05,0.0,0.0004333,0.0098931,False
BRA60,2013-05-29,54635.0,2013-06-05,52799.0,4,7,0.0625,-0.0021046,-6.25e-05,-1.25e-05,0.0,-9.55e-05,-3.04e-05,0.0,-0.0023054,-0.0336048,False
BRA60,2013-06-27,47609.0,2013-07-03,45044.0,4,6,0.0625,-0.0034021,-6.25e-05,-1.25e-05,0.0,-8.33e-05,-2.6e-05,0.0,-0.0035865,-0.0538764,False
BRA60,2013-07-30,48562.0,2013-08-05,48436.0,4,6,0.0625,-0.0001442,-6.25e-05,-1.25e-05,0.0,-8.85e-05,-2.6e-05,0.0,-0.0003338,-0.0025946,False
BRA60,2013-08-29,49922.0,2013-09-04,51716.0,4,6,0.0625,0.002248,-6.25e-05,-1.25e-05,0.0,-9.38e-05,-2.6e-05,0.0,0.0020532,0.0359361,False
BRA60,2013-09-27,53739.0,2013-10-03,52490.0,4,6,0.0625,-0.0014359,-6.25e-05,-1.25e-05,0.0,-9.38e-05,-2.6e-05,0.0,-0.0016307,-0.023242,False
BRA60,2013-10-30,54173.0,2013-11-05,53832.0,4,6,0.0625,-0.0003882,-6.25e-05,-1.25e-05,0.0,-9.9e-05,-2.6e-05,0.0,-0.0005882,-0.0062946,False
BRA60,2013-11-28,51847.0,2013-12-04,50216.0,4,6,0.0625,-0.0019655,-6.25e-05,-1.25e-05,0.0,-0.0001042,-2.6e-05,0.0,-0.0021707,-0.0314579,False
BRA60,2013-12-27,51267.0,2014-01-06,50974.0,4,10,0.0625,-0.0003363,-6.25e-05,-1.25e-05,0.0,-0.0001736,-4.34e-05,0.0,-0.0006283,-0.0057152,False
BRA60,2014-01-30,47244.0,2014-02-05,46624.0,4,6,0.0625,-0.0007809,-6.25e-05,-1.25e-05,0.0,-0.0001094,-2.6e-05,0.0,-0.0009913,-0.0131234,False
BRA60,2014-02-27,47607.0,2014-03-07,46244.0,4,8,0.0625,-0.0017943,-6.25e-05,-1.25e-05,0.0,-0.0001493,-3.47e-05,0.0,-0.0020533,-0.0286302,False
BRA60,2014-03-28,49768.0,2014-04-03,51408.0,4,6,0.0625,0.0020577,-6.25e-05,-1.25e-05,0.0,-0.000112,-2.6e-05,0.0,0.0018447,0.0329529,False
BRA60,2014-04-29,51839.0,2014-05-06,53780.0,4,7,0.0625,0.0023227,-6.25e-05,-1.25e-05,0.0,-0.0001337,-3.04e-05,0.0,0.0020836,0.0374429,False
BRA60,2014-05-29,52239.0,2014-06-04,51833.0,4,6,0.0625,-0.0004719,-6.25e-05,-1.25e-05,0.0,-0.0001146,-2.6e-05,0.0,-0.0006875,-0.007772,False
BRA60,2014-06-27,53157.0,2014-07-03,53875.0,4,6,0.0625,0.0008466,-6.25e-05,-1.25e-05,0.0,-0.0001146,-2.6e-05,0.0,0.000631,0.0135072,False
BRA60,2014-07-30,56878.0,2014-08-05,56202.0,4,6,0.0625,-0.0007297,-6.25e-05,-1.25e-05,0.0,-0.0001146,-2.6e-05,0.0,-0.0009454,-0.0118851,False
BRA60,2014-08-28,60291.0,2014-09-03,61837.0,4,6,0.0625,0.0015958,-6.25e-05,-1.25e-05,0.0,-0.0001146,-2.6e-05,0.0,0.0013802,0.0256423,False
BRA60,2014-09-29,54625.0,2014-10-03,54540.0,4,4,0.0625,-6.14e-05,-6.25e-05,-1.25e-05,0.0,-7.64e-05,-1.74e-05,0.0,-0.0002301,-0.0015561,False
BRA60,2014-10-30,52337.0,2014-11-05,53698.0,4,6,0.0625,0.0016747,-6.25e-05,-1.25e-05,0.0,-0.0001172,-2.6e-05,0.0,0.0014565,0.0260045,False
BRA60,2014-11-27,54721.0,2014-12-03,52320.0,4,6,0.0625,-0.0027319,-6.25e-05,-1.25e-05,0.0,-0.0001172,-2.6e-05,0.0,-0.0029502,-0.0438771,False
BRA60,2014-12-29,50594.0,2015-01-06,48001.0,4,8,0.0625,-0.0032389,-6.25e-05,-1.25e-05,0.0,-0.0001632,-3.47e-05,0.0,-0.0035118,-0.0512511,False
BRA60,2015-01-29,47762.0,2015-02-04,49301.0,4,6,0.0625,0.0020248,-6.25e-05,-1.25e-05,0.0,-0.0001276,-2.6e-05,0.0,0.0017961,0.0322223,False
BRA60,2015-02-26,51761.0,2015-03-04,50468.0,4,6,0.0625,-0.0015676,-6.25e-05,-1.25e-05,0.0,-0.0001276,-2.6e-05,0.0,-0.0017963,-0.0249802,False
BRA60,2015-03-30,51243.0,2015-04-06,53737.0,4,7,0.0625,0.0029978,-6.25e-05,-1.25e-05,0.0,-0.0001549,-3.04e-05,0.0,0.0027375,0.0486701,False
BRA60,2015-04-29,55325.0,2015-05-06,57103.0,4,7,0.0625,0.0020106,-6.25e-05,-1.25e-05,0.0,-0.0001602,-3.04e-05,0.0,0.0017451,0.0321374,False
BRA60,2015-05-28,53976.0,2015-06-03,53523.0,4,6,0.0625,-0.0004885,-6.25e-05,-1.25e-05,0.0,-0.000138,-2.6e-05,0.0,-0.0007275,-0.0083926,False
BRA60,2015-06-29,53014.0,2015-07-03,52519.0,4,4,0.0625,-0.0005799,-6.25e-05,-1.25e-05,0.0,-9.55e-05,-1.74e-05,0.0,-0.0007677,-0.0093372,False
BRA60,2015-07-30,49897.0,2015-08-05,50287.0,4,6,0.0625,0.0005054,-6.25e-05,-1.25e-05,0.0,-0.0001484,-2.6e-05,0.0,0.0002559,0.0078161,False
BRA60,2015-08-28,47154.0,2015-09-03,47366.0,4,6,0.0625,0.0003297,-6.25e-05,-1.25e-05,0.0,-0.0001484,-2.6e-05,0.0,8.03e-05,0.0044959,False
BRA60,2015-09-29,44132.0,2015-10-05,47598.0,4,6,0.0625,0.0047883,-6.25e-05,-1.25e-05,0.0,-0.0001484,-2.6e-05,0.0,0.0045388,0.0785371,False
BRA60,2015-10-29,45628.0,2015-11-05,48047.0,4,7,0.0625,0.0033014,-6.25e-05,-1.25e-05,0.0,-0.0001732,-3.04e-05,0.0,0.0030228,0.0530157,False
BRA60,2015-11-27,45873.0,2015-12-03,46393.0,4,6,0.0625,0.0007465,-6.25e-05,-1.25e-05,0.0,-0.0001484,-2.6e-05,0.0,0.000497,0.0113356,False
BRA60,2015-12-29,43654.0,2016-01-06,41773.0,4,8,0.0625,-0.0027178,-6.25e-05,-1.25e-05,0.0,-0.0001979,-3.47e-05,0.0,-0.0030255,-0.0430888,False
BRA60,2016-01-28,38630.0,2016-02-03,39589.0,4,6,0.0625,0.0016941,-6.25e-05,-1.25e-05,0.0,-0.0001484,-2.6e-05,0.0,0.0014446,0.0248253,False
BRA60,2016-02-26,41593.0,2016-03-03,47193.0,4,6,0.0625,0.0080384,-6.25e-05,-1.25e-05,0.0,-0.0001484,-2.6e-05,0.0,0.0077889,0.134638,False
BRA60,2016-03-30,51249.0,2016-04-05,49054.0,4,6,0.0625,-0.0026747,-6.25e-05,-1.25e-05,0.0,-0.0001484,-2.6e-05,0.0,-0.0029242,-0.0428301,False
BRA60,2016-04-28,54312.0,2016-05-04,52553.0,4,6,0.0625,-0.0020349,-6.25e-05,-1.25e-05,0.0,-0.0001484,-2.6e-05,0.0,-0.0022844,-0.0323869,False
BRA60,2016-05-30,48964.0,2016-06-03,50619.0,4,4,0.0625,0.0021011,-6.25e-05,-1.25e-05,0.0,-9.9e-05,-1.74e-05,0.0,0.0019098,0.0338003,False
BRA60,2016-06-29,51002.0,2016-07-05,51842.0,4,6,0.0625,0.0010374,-6.25e-05,-1.25e-05,0.0,-0.0001484,-2.6e-05,0.0,0.0007879,0.0164699,False
BRA60,2016-07-28,56667.0,2016-08-03,57077.0,4,6,0.0625,0.0004691,-6.25e-05,-1.25e-05,0.0,-0.0001484,-2.6e-05,0.0,0.0002196,0.0072353,False
BRA60,2016-08-30,58575.0,2016-09-05,59566.0,4,6,0.0625,0.0010711,-6.25e-05,-1.25e-05,0.0,-0.0001484,-2.6e-05,0.0,0.0008216,0.0169185,False
BRA60,2016-09-29,58351.0,2016-10-05,60254.0,4,6,0.0625,0.0020241,-6.25e-05,-1.25e-05,0.0,-0.0001484,-2.6e-05,0.0,0.0017746,0.032613,False
BRA60,2016-10-28,64308.0,2016-11-04,61598.0,4,7,0.0625,-0.0026489,-6.25e-05,-1.25e-05,0.0,-0.0001701,-3.04e-05,0.0,-0.0029244,-0.0421409,False
BRA60,2016-11-29,60987.0,2016-12-05,59832.0,4,6,0.0625,-0.0011321,-6.25e-05,-1.25e-05,0.0,-0.0001441,-2.6e-05,0.0,-0.0013772,-0.0189385,False
BRA60,2016-12-28,59782.0,2017-01-04,61589.0,4,7,0.0625,0.0019094,-6.25e-05,-1.25e-05,0.0,-0.0001671,-3.04e-05,0.0,0.0016369,0.0302265,False
BRA60,2017-01-30,64302.0,2017-02-03,64954.0,4,4,0.0625,0.0006333,-6.25e-05,-1.25e-05,0.0,-9.03e-05,-1.74e-05,0.0,0.0004507,0.0101397,False
BRA60,2017-02-23,67461.0,2017-03-03,66786.0,4,8,0.0625,-0.0006081,-6.25e-05,-1.25e-05,0.0,-0.0001701,-3.47e-05,0.0,-0.000888,-0.0100058,False
BRA60,2017-03-30,65266.0,2017-04-05,64775.0,4,6,0.0625,-0.0004615,-6.25e-05,-1.25e-05,0.0,-0.0001276,-2.6e-05,0.0,-0.0006902,-0.0075231,False
BRA60,2017-04-27,64677.0,2017-05-04,64863.0,4,7,0.0625,0.0002097,-6.25e-05,-1.25e-05,0.0,-0.0001367,-3.04e-05,0.0,-3.24e-05,0.0028758,False
BRA60,2017-05-30,63962.0,2017-06-05,62450.0,4,6,0.0625,-0.0014812,-6.25e-05,-1.25e-05,0.0,-0.0001102,-2.6e-05,0.0,-0.0016925,-0.023639,False
BRA60,2017-06-29,62239.0,2017-07-05,63154.0,4,6,0.0625,0.0009168,-6.25e-05,-1.25e-05,0.0,-0.0001068,-2.6e-05,0.0,0.000709,0.0147014,False
BRA60,2017-07-28,65497.0,2017-08-03,66777.0,4,6,0.0625,0.0012171,-6.25e-05,-1.25e-05,0.0,-9.64e-05,-2.6e-05,0.0,0.0010197,0.0195429,False
BRA60,2017-08-30,70886.0,2017-09-05,72151.0,4,6,0.0625,0.0011131,-6.25e-05,-1.25e-05,0.0,-9.64e-05,-2.6e-05,0.0,0.0009157,0.0178456,False
BRA60,2017-09-28,73567.0,2017-10-04,76591.0,4,6,0.0625,0.0025529,-6.25e-05,-1.25e-05,0.0,-8.59e-05,-2.6e-05,0.0,0.0023659,0.0411054,False
BRA60,2017-10-30,74800.0,2017-11-06,74311.0,4,7,0.0625,-0.0004063,-6.25e-05,-1.25e-05,0.0,-9.11e-05,-3.04e-05,0.0,-0.0006028,-0.0065374,False
BRA60,2017-11-29,72700.0,2017-12-05,72546.0,4,6,0.0625,-0.0001231,-6.25e-05,-1.25e-05,0.0,-7.81e-05,-2.6e-05,0.0,-0.0003022,-0.0021183,False
BRA60,2017-12-28,76402.0,2018-01-04,78647.0,4,7,0.0625,0.001824,-6.25e-05,-1.25e-05,0.0,-8.51e-05,-3.04e-05,0.0,0.0016335,0.029384,False
BRA60,2018-01-30,84482.0,2018-02-05,81861.0,4,6,0.0625,-0.0019369,-6.25e-05,-1.25e-05,0.0,-7.29e-05,-2.6e-05,0.0,-0.0021109,-0.0310244,False
BRA60,2018-02-27,86935.0,2018-03-05,86023.0,4,6,0.0625,-0.0006493,-6.25e-05,-1.25e-05,0.0,-7.03e-05,-2.6e-05,0.0,-0.0008207,-0.0104906,False
BRA60,2018-03-28,83874.0,2018-04-04,84360.0,4,7,0.0625,0.0003733,-6.25e-05,-1.25e-05,0.0,-7.9e-05,-3.04e-05,0.0,0.0001889,0.0057944,False
BRA60,2018-04-27,86445.0,2018-05-04,83118.0,4,7,0.0625,-0.0024349,-6.25e-05,-1.25e-05,0.0,-7.9e-05,-3.04e-05,0.0,-0.0026192,-0.0384869,False
BRA60,2018-05-29,76072.0,2018-06-05,76642.0,4,7,0.0625,0.0004995,-6.25e-05,-1.25e-05,0.0,-7.9e-05,-3.04e-05,0.0,0.0003151,0.0074929,False
BRA60,2018-06-28,71767.0,2018-07-04,74743.0,4,6,0.0625,0.002556,-6.25e-05,-1.25e-05,0.0,-6.77e-05,-2.6e-05,0.0,0.0023873,0.0414675,False
BRA60,2018-07-30,80276.0,2018-08-03,81435.0,4,4,0.0625,0.0009176,-6.25e-05,-1.25e-05,0.0,-4.51e-05,-1.74e-05,0.0,0.0007801,0.0144377,False
BRA60,2018-08-30,76404.0,2018-09-05,75092.0,4,6,0.0625,-0.0010681,-6.25e-05,-1.25e-05,0.0,-6.77e-05,-2.6e-05,0.0,-0.0012369,-0.0171719,False
BRA60,2018-09-27,80000.0,2018-10-03,83273.0,4,6,0.0625,0.0025676,-6.25e-05,-1.25e-05,0.0,-6.77e-05,-2.6e-05,0.0,0.0023989,0.0409125,False
BRA60,2018-10-30,86886.0,2018-11-06,88669.0,4,7,0.0625,0.0012837,-6.25e-05,-1.25e-05,0.0,-7.9e-05,-3.04e-05,0.0,0.0010993,0.0205211,False
BRA60,2018-11-29,89710.0,2018-12-05,89040.0,4,6,0.0625,-0.0004617,-6.25e-05,-1.25e-05,0.0,-6.77e-05,-2.6e-05,0.0,-0.0006305,-0.0074685,False
BRA60,2018-12-27,85460.0,2019-01-04,91841.0,4,8,0.0625,0.0045654,-6.25e-05,-1.25e-05,0.0,-9.03e-05,-3.47e-05,0.0,0.0043654,0.0746665,False
BRA60,2019-01-30,96996.0,2019-02-05,98311.0,4,6,0.0625,0.0008448,-6.25e-05,-1.25e-05,0.0,-6.77e-05,-2.6e-05,0.0,0.0006761,0.0135573,False
BRA60,2019-02-27,97307.0,2019-03-07,94340.0,4,8,0.0625,-0.0019216,-6.25e-05,-1.25e-05,0.0,-9.03e-05,-3.47e-05,0.0,-0.0021216,-0.0304911,False
BRA60,2019-03-28,94389.0,2019-04-03,94491.0,4,6,0.0625,7.69e-05,-6.25e-05,-1.25e-05,0.0,-6.77e-05,-2.6e-05,0.0,-9.19e-05,0.0010806,False
BRA60,2019-04-29,96188.0,2019-05-06,95009.0,4,7,0.0625,-0.0007642,-6.25e-05,-1.25e-05,0.0,-7.9e-05,-3.04e-05,0.0,-0.0009486,-0.0122572,False
BRA60,2019-05-30,97457.0,2019-06-05,95999.0,4,6,0.0625,-0.0009347,-6.25e-05,-1.25e-05,0.0,-6.77e-05,-2.6e-05,0.0,-0.0011035,-0.0149604,False
BRA60,2019-06-27,100724.0,2019-07-03,102043.0,4,6,0.0625,0.0008217,-6.25e-05,-1.25e-05,0.0,-6.77e-05,-2.6e-05,0.0,0.000653,0.0130952,False
BRA60,2019-07-30,102933.0,2019-08-05,100098.0,4,6,0.0625,-0.0017206,-6.25e-05,-1.25e-05,0.0,-6.42e-05,-2.6e-05,0.0,-0.0018859,-0.0275422,False
BRA60,2019-08-29,100524.0,2019-09-04,101201.0,4,6,0.0625,0.0004314,-6.25e-05,-1.25e-05,0.0,-6.25e-05,-2.6e-05,0.0,0.0002679,0.0067347,False
BRA60,2019-09-27,105078.0,2019-10-03,101516.0,4,6,0.0625,-0.0021261,-6.25e-05,-1.25e-05,0.0,-5.73e-05,-2.6e-05,0.0,-0.0022845,-0.0338986,False
BRA60,2019-10-30,108408.0,2019-11-05,108451.0,4,6,0.0625,3.16e-05,-6.25e-05,-1.25e-05,0.0,-5.3e-05,-2.6e-05,0.0,-0.0001224,0.0003966,False
BRA60,2019-11-28,108290.0,2019-12-04,110301.0,4,6,0.0625,0.0011566,-6.25e-05,-1.25e-05,0.0,-5.21e-05,-2.6e-05,0.0,0.0010035,0.0185705,False
BRA60,2019-12-27,116534.0,2020-01-06,116878.0,4,10,0.0625,0.0002038,-6.25e-05,-1.25e-05,0.0,-7.81e-05,-4.34e-05,0.0,7.3e-06,0.0029519,False
BRA60,2020-01-30,115528.0,2020-02-05,116028.0,4,6,0.0625,0.0002817,-6.25e-05,-1.25e-05,0.0,-4.69e-05,-2.6e-05,0.0,0.0001337,0.004328,False
BRA60,2020-02-27,102984.0,2020-03-04,107224.0,4,6,0.0625,0.002554,-6.25e-05,-1.25e-05,0.0,-4.43e-05,-2.6e-05,0.0,0.0024087,0.0411714,False
BRA60,2020-03-30,74640.0,2020-04-03,69538.0,4,4,0.0625,-0.0043297,-6.25e-05,-1.25e-05,0.0,-2.6e-05,-1.74e-05,0.0,-0.0044481,-0.0683548,False
BRA60,2020-04-29,83171.0,2020-05-06,79064.0,4,7,0.0625,-0.0031167,-6.25e-05,-1.25e-05,0.0,-4.56e-05,-3.04e-05,0.0,-0.0032677,-0.0493802,False
BRA60,2020-05-28,86949.0,2020-06-03,93002.0,4,6,0.0625,0.0042503,-6.25e-05,-1.25e-05,0.0,-3.13e-05,-2.6e-05,0.0,0.004118,0.0696155,False
BRA60,2020-06-29,95735.0,2020-07-03,96765.0,4,4,0.0625,0.0006759,-6.25e-05,-1.25e-05,0.0,-1.56e-05,-1.74e-05,0.0,0.0005679,0.0107589,False
BRA60,2020-07-30,105009.0,2020-08-05,102802.0,4,6,0.0625,-0.0012996,-6.25e-05,-1.25e-05,0.0,-2.34e-05,-2.6e-05,0.0,-0.001424,-0.0210172,False
BRA60,2020-08-28,102143.0,2020-09-03,100721.0,4,6,0.0625,-0.0008239,-6.25e-05,-1.25e-05,0.0,-2.08e-05,-2.6e-05,0.0,-0.0009458,-0.0139217,False
BRA60,2020-09-29,93580.0,2020-10-05,96089.0,4,6,0.0625,0.0016824,-6.25e-05,-1.25e-05,0.0,-2.08e-05,-2.6e-05,0.0,0.0015605,0.0268113,False
BRA60,2020-10-29,96582.0,2020-11-05,100774.0,4,7,0.0625,0.0027332,-6.25e-05,-1.25e-05,0.0,-2.43e-05,-3.04e-05,0.0,0.0026035,0.0434035,False
BRA60,2020-11-27,110575.0,2020-12-03,112919.0,4,6,0.0625,0.0013376,-6.25e-05,-1.25e-05,0.0,-2.08e-05,-2.6e-05,0.0,0.0012157,0.0211983,False
BRA60,2020-12-29,119475.0,2021-01-06,119851.0,4,8,0.0625,0.0001995,-6.25e-05,-1.25e-05,0.0,-2.78e-05,-3.47e-05,0.0,6.2e-05,0.0031471,False
BRA60,2021-01-28,119314.0,2021-02-03,119725.0,4,6,0.0625,0.0002503,-6.25e-05,-1.25e-05,0.0,-2.08e-05,-2.6e-05,0.0,0.0001284,0.0034447,False
BRA60,2021-02-25,112256.0,2021-03-03,111184.0,4,6,0.0625,-0.0005831,-6.25e-05,-1.25e-05,0.0,-2.08e-05,-2.6e-05,0.0,-0.0007049,-0.0095496,False
BRA60,2021-03-30,116850.0,2021-04-06,117499.0,4,7,0.0625,0.0003626,-6.25e-05,-1.25e-05,0.0,-3.34e-05,-3.04e-05,0.0,0.0002238,0.0055541,False
BRA60,2021-04-29,120066.0,2021-05-05,119564.0,4,6,0.0625,-0.000246,-6.25e-05,-1.25e-05,0.0,-2.86e-05,-2.6e-05,0.0,-0.0003757,-0.004181,False
BRA60,2021-05-28,125561.0,2021-06-04,130126.0,4,7,0.0625,0.0022448,-6.25e-05,-1.25e-05,0.0,-4.25e-05,-3.04e-05,0.0,0.0020969,0.0363568,False
BRA60,2021-06-29,127327.0,2021-07-05,126920.0,4,6,0.0625,-0.0001886,-6.25e-05,-1.25e-05,0.0,-4.43e-05,-2.6e-05,0.0,-0.0003339,-0.0031965,False
BRA60,2021-07-29,125675.0,2021-08-04,121801.0,4,6,0.0625,-0.0019167,-6.25e-05,-1.25e-05,0.0,-4.43e-05,-2.6e-05,0.0,-0.002062,-0.0308255,False
BRA60,2021-08-30,119740.0,2021-09-03,116933.0,4,4,0.0625,-0.0014631,-6.25e-05,-1.25e-05,0.0,-3.65e-05,-1.74e-05,0.0,-0.001592,-0.0234425,False
BRA60,2021-09-29,111107.0,2021-10-05,110458.0,4,6,0.0625,-0.0003412,-6.25e-05,-1.25e-05,0.0,-6.51e-05,-2.6e-05,0.0,-0.0005073,-0.0058412,False
BRA60,2021-10-28,105705.0,2021-11-04,103412.0,4,7,0.0625,-0.001331,-6.25e-05,-1.25e-05,0.0,-9.42e-05,-3.04e-05,0.0,-0.0015306,-0.0216924,False
BRA60,2021-11-29,102814.0,2021-12-03,105070.0,4,4,0.0625,0.0014049,-6.25e-05,-1.25e-05,0.0,-5.38e-05,-1.74e-05,0.0,0.0012587,0.0219425,False
BRA60,2021-12-29,104107.0,2022-01-05,101006.0,4,7,0.0625,-0.001867,-6.25e-05,-1.25e-05,0.0,-0.0001124,-3.04e-05,0.0,-0.0020848,-0.0297867,False
BRA60,2022-01-28,111478.0,2022-02-03,111696.0,4,6,0.0625,0.0001285,-6.25e-05,-1.25e-05,0.0,-9.64e-05,-2.6e-05,0.0,-6.89e-05,0.0019555,False
BRA60,2022-02-24,111592.0,2022-03-04,114474.0,4,8,0.0625,0.0016107,-6.25e-05,-1.25e-05,0.0,-0.0001493,-3.47e-05,0.0,0.0013517,0.0258262,False
BRA60,2022-03-30,120260.0,2022-04-05,118885.0,4,6,0.0625,-0.0007007,-6.25e-05,-1.25e-05,0.0,-0.0001224,-2.6e-05,0.0,-0.0009242,-0.0114336,False
BRA60,2022-04-28,109919.0,2022-05-04,108344.0,4,6,0.0625,-0.0008779,-6.25e-05,-1.25e-05,0.0,-0.0001224,-2.6e-05,0.0,-0.0011014,-0.0143287,False
BRA60,2022-05-30,111032.0,2022-06-03,111102.0,4,4,0.0625,4.65e-05,-6.25e-05,-1.25e-05,0.0,-8.85e-05,-1.74e-05,0.0,-0.0001344,0.0006304,False
BRA60,2022-06-29,99622.0,2022-07-05,98295.0,4,6,0.0625,-0.0008332,-6.25e-05,-1.25e-05,0.0,-0.000138,-2.6e-05,0.0,-0.0010722,-0.0133204,False
BRA60,2022-07-28,102597.0,2022-08-03,103775.0,4,6,0.0625,0.0007214,-6.25e-05,-1.25e-05,0.0,-0.000138,-2.6e-05,0.0,0.0004824,0.0114818,False
BRA60,2022-08-30,110431.0,2022-09-05,112203.0,4,6,0.0625,0.0010041,-6.25e-05,-1.25e-05,0.0,-0.0001432,-2.6e-05,0.0,0.0007599,0.0160462,False
BRA60,2022-09-29,107664.0,2022-10-05,117198.0,4,6,0.0625,0.0054128,-6.25e-05,-1.25e-05,0.0,-0.0001432,-2.6e-05,0.0,0.0051685,0.0885533,False
BRA60,2022-10-28,114539.0,2022-11-04,118155.0,4,7,0.0625,0.0019534,-6.25e-05,-1.25e-05,0.0,-0.0001671,-3.04e-05,0.0,0.0016809,0.03157,False
BRA60,2022-11-29,110910.0,2022-12-05,109401.0,4,6,0.0625,-0.0008252,-6.25e-05,-1.25e-05,0.0,-0.0001432,-2.6e-05,0.0,-0.0010695,-0.0136056,False
BRA60,2022-12-28,110237.0,2023-01-04,105334.0,4,7,0.0625,-0.0027906,-6.25e-05,-1.25e-05,0.0,-0.0001671,-3.04e-05,0.0,-0.0030631,-0.0444769,False
BRA60,2023-01-30,111888.0,2023-02-03,108490.0,4,4,0.0625,-0.0018976,-6.25e-05,-1.25e-05,0.0,-9.55e-05,-1.74e-05,0.0,-0.0020855,-0.0303697,False
BRA60,2023-02-27,105711.0,2023-03-03,103866.0,4,4,0.0625,-0.0010938,-6.25e-05,-1.25e-05,0.0,-9.55e-05,-1.74e-05,0.0,-0.0012817,-0.0174532,False
BRA60,2023-03-30,103713.0,2023-04-05,100978.0,4,6,0.0625,-0.0016572,-6.25e-05,-1.25e-05,0.0,-0.0001432,-2.6e-05,0.0,-0.0019015,-0.0263709,False
BRA60,2023-04-27,102923.0,2023-05-04,102174.0,4,7,0.0625,-0.0004311,-6.25e-05,-1.25e-05,0.0,-0.0001671,-3.04e-05,0.0,-0.0007036,-0.0072773,False
BRA60,2023-05-30,108967.0,2023-06-05,112696.0,4,6,0.0625,0.0021273,-6.25e-05,-1.25e-05,0.0,-0.0001432,-2.6e-05,0.0,0.001883,0.0342214,False
BRA60,2023-06-29,118383.0,2023-07-05,119549.0,4,6,0.0625,0.0006196,-6.25e-05,-1.25e-05,0.0,-0.0001432,-2.6e-05,0.0,0.0003754,0.0098494,False
BRA60,2023-07-28,120187.0,2023-08-03,120586.0,4,6,0.0625,0.0002153,-6.25e-05,-1.25e-05,0.0,-0.0001432,-2.6e-05,0.0,-2.9e-05,0.0033198,False
BRA60,2023-08-30,117535.0,2023-09-05,117331.0,4,6,0.0625,-9.01e-05,-6.25e-05,-1.25e-05,0.0,-0.000138,-2.6e-05,0.0,-0.0003291,-0.0017357,False
BRA60,2023-09-28,115731.0,2023-10-04,113607.0,4,6,0.0625,-0.0011443,-6.25e-05,-1.25e-05,0.0,-0.0001328,-2.6e-05,0.0,-0.0013782,-0.0183529,False
BRA60,2023-10-30,112532.0,2023-11-06,118487.0,4,7,0.0625,0.0032552,-6.25e-05,-1.25e-05,0.0,-0.0001523,-3.04e-05,0.0,0.0029975,0.0529183,False
BRA60,2023-11-29,126101.0,2023-12-05,126903.0,4,6,0.0625,0.0004036,-6.25e-05,-1.25e-05,0.0,-0.0001276,-2.6e-05,0.0,0.000175,0.00636,False
BRA60,2023-12-27,134194.0,2024-01-04,131226.0,4,8,0.0625,-0.0013893,-6.25e-05,-1.25e-05,0.0,-0.0001632,-3.47e-05,0.0,-0.0016622,-0.0221172,False
BRA60,2024-01-30,127402.0,2024-02-05,127593.0,4,6,0.0625,9.84e-05,-6.25e-05,-1.25e-05,0.0,-0.0001189,-2.6e-05,0.0,-0.0001215,0.0014992,False
BRA60,2024-02-28,130155.0,2024-03-05,128098.0,4,6,0.0625,-0.0009918,-6.25e-05,-1.25e-05,0.0,-0.0001172,-2.6e-05,0.0,-0.00121,-0.0158042,False
BRA60,2024-03-27,127691.0,2024-04-03,127318.0,4,7,0.0625,-0.0001794,-6.25e-05,-1.25e-05,0.0,-0.0001306,-3.04e-05,0.0,-0.0004154,-0.0029211,False
BRA60,2024-04-29,127352.0,2024-05-06,128466.0,4,7,0.0625,0.0005548,-6.25e-05,-1.25e-05,0.0,-0.0001306,-3.04e-05,0.0,0.0003188,0.0087474,False
BRA60,2024-05-29,122707.0,2024-06-05,121407.0,4,7,0.0625,-0.0006645,-6.25e-05,-1.25e-05,0.0,-0.0001276,-3.04e-05,0.0,-0.0008974,-0.0105943,False
BRA60,2024-06-27,124308.0,2024-07-03,125662.0,4,6,0.0625,0.0006803,-6.25e-05,-1.25e-05,0.0,-0.0001094,-2.6e-05,0.0,0.0004699,0.0108923,False
BRA60,2024-07-30,126139.0,2024-08-05,125270.0,4,6,0.0625,-0.0004222,-6.25e-05,-1.25e-05,0.0,-0.0001094,-2.6e-05,0.0,-0.0006326,-0.0068892,False
BRA60,2024-08-29,136041.0,2024-09-04,136111.0,4,6,0.0625,3.99e-05,-6.25e-05,-1.25e-05,0.0,-0.0001094,-2.6e-05,0.0,-0.0001705,0.0005146,False
BRA60,2024-09-27,132730.0,2024-10-03,131672.0,4,6,0.0625,-0.00049,-6.25e-05,-1.25e-05,0.0,-0.000112,-2.6e-05,0.0,-0.000703,-0.0079711,False
BRA60,2024-10-30,130639.0,2024-11-05,130661.0,4,6,0.0625,2.77e-05,-6.25e-05,-1.25e-05,0.0,-0.000112,-2.6e-05,0.0,-0.0001854,0.0001684,False
BRA60,2024-11-28,124610.0,2024-12-04,126087.0,4,6,0.0625,0.0007407,-6.25e-05,-1.25e-05,0.0,-0.0001172,-2.6e-05,0.0,0.0005225,0.011853,False
BRA60,2024-12-27,120269.0,2025-01-06,120022.0,4,10,0.0625,-0.000118,-6.25e-05,-1.25e-05,0.0,-0.0002127,-4.34e-05,0.0,-0.0004491,-0.0020537,False
BRA60,2025-01-30,126913.0,2025-02-05,125534.0,4,6,0.0625,-0.00068,-6.25e-05,-1.25e-05,0.0,-0.000138,-2.6e-05,0.0,-0.000919,-0.0108657,False
BRA60,2025-02-27,124799.0,2025-03-07,125035.0,4,8,0.0625,0.0001322,-6.25e-05,-1.25e-05,0.0,-0.000184,-3.47e-05,0.0,-0.0001615,0.001891,False
BRA60,2025-03-28,131902.0,2025-04-03,131141.0,4,6,0.0625,-0.0003553,-6.25e-05,-1.25e-05,0.0,-0.0001484,-2.6e-05,0.0,-0.0006048,-0.0057694,False
BRA60,2025-04-29,135093.0,2025-05-06,133516.0,4,7,0.0625,-0.0007292,-6.25e-05,-1.25e-05,0.0,-0.0001732,-3.04e-05,0.0,-0.0010078,-0.0116734,False
BRA60,2025-05-29,138534.0,2025-06-04,137002.0,4,6,0.0625,-0.0006897,-6.25e-05,-1.25e-05,0.0,-0.0001536,-2.6e-05,0.0,-0.0009444,-0.0110587,False
BRA60,2025-06-27,136866.0,2025-07-03,140928.0,4,6,0.0625,0.0018413,-6.25e-05,-1.25e-05,0.0,-0.0001563,-2.6e-05,0.0,0.001584,0.0296787,False
BRA60,2025-07-30,133990.0,2025-08-05,133151.0,4,6,0.0625,-0.0003898,-6.25e-05,-1.25e-05,0.0,-0.0001562,-2.6e-05,0.0,-0.0006471,-0.0062617,False
BRA60,2025-08-28,141049.0,2025-09-03,139864.0,4,6,0.0625,-0.0005256,-6.25e-05,-1.25e-05,0.0,-0.0001563,-2.6e-05,0.0,-0.0007829,-0.0084013,False
BRA60,2025-09-29,146337.0,2025-10-03,144201.0,4,4,0.0625,-0.0009145,-6.25e-05,-1.25e-05,0.0,-0.0001042,-1.74e-05,0.0,-0.001111,-0.0145964,False
BRA60,2025-10-30,148780.0,2025-11-05,153294.0,4,6,0.0625,0.0018792,-6.25e-05,-1.25e-05,0.0,-0.0001563,-2.6e-05,0.0,0.001622,0.0303401,False
BRA60,2025-11-27,158292.0,2025-12-03,161755.0,4,6,0.0625,0.0013617,-6.25e-05,-1.25e-05,0.0,-0.0001563,-2.6e-05,0.0,0.0011044,0.0218773,False
BRA60,2025-12-29,160490.0,2026-01-06,163664.0,4,8,0.0625,0.0012308,-6.25e-05,-1.25e-05,0.0,-0.0002083,-3.47e-05,0.0,0.0009128,0.0197769,False
BRA60,2026-01-29,183134.0,2026-02-04,181708.0,4,6,0.0625,-0.0004616,-6.25e-05,-1.25e-05,0.0,-0.0001563,-2.6e-05,0.0,-0.0007188,-0.0077866,False
BRA60,2026-02-26,191005.0,2026-03-04,185366.0,4,6,0.0625,-0.0018295,-6.25e-05,-1.25e-05,0.0,-0.0001563,-2.6e-05,0.0,-0.0020867,-0.0295228,False
BRA60,2026-03-30,182514.0,2026-04-06,188162.0,4,7,0.0625,0.0019276,-6.25e-05,-1.25e-05,0.0,-0.0001793,-3.04e-05,0.0,0.0016429,0.0309456,False
BRA60,2026-04-29,184750.0,2026-05-06,187691.0,4,7,0.0625,0.0009977,-6.25e-05,-1.25e-05,0.0,-0.0001766,-3.04e-05,0.0,0.0007157,0.0159188,False
BRA60,2026-05-28,175063.0,2026-06-03,170331.0,4,6,0.0625,-0.0016885,-6.25e-05,-1.25e-05,0.0,-0.000151,-2.6e-05,0.0,-0.0019406,-0.0270303,False
BRA60,2026-06-29,173205.0,2026-07-03,174266.0,4,4,0.0625,0.0003868,-6.25e-05,-1.25e-05,0.0,-9.9e-05,-1.74e-05,0.0,0.0001955,0.0061257,False
BRA60,2026-07-30,177159.0,2026-08-05,177726.0,4,6,0.0625,0.0002005,-6.25e-05,-1.25e-05,0.0,-0.0001484,-2.6e-05,0.0,-4.9e-05,0.0032005,False
BRA60,2026-08-28,175665.0,2026-09-03,185188.0,4,6,0.0625,0.0033364,-6.25e-05,-1.25e-05,0.0,-0.0001458,-2.6e-05,0.0,0.0030895,0.0542111,False
ISR125,1993-07-01,196.99,1993-07-05,197.16,2,4,0.0625,5.39e-05,-6.25e-05,-1.25e-05,0.0,-7.64e-05,-1.74e-05,0.0,-0.0001148,0.000863,False
ISR125,1993-07-29,186.09,1993-08-04,196.31,4,6,0.0625,0.0033744,-6.25e-05,-1.25e-05,0.0,-0.0001,-2.6e-05,0.0,0.0031734,0.0549197,False
ISR125,1993-08-30,203.75,1993-09-03,214.75,4,4,0.0625,0.0033213,-6.25e-05,-1.25e-05,0.0,-6.25e-05,-1.74e-05,0.0,0.0031665,0.0539877,False
ISR125,1993-09-29,229.61,1993-10-05,232.6,4,6,0.0625,0.0008157,-6.25e-05,-1.25e-05,0.0,-9.38e-05,-2.6e-05,0.0,0.0006209,0.0130221,False
ISR125,1993-10-28,237.25,1993-11-03,242.17,4,6,0.0625,0.0012903,-6.25e-05,-1.25e-05,0.0,-9.38e-05,-2.6e-05,0.0,0.0010955,0.0207376,False
ISR125,1993-11-29,239.61,1993-12-03,237.2,4,4,0.0625,-0.0006187,-6.25e-05,-1.25e-05,0.0,-6.74e-05,-1.74e-05,0.0,-0.0007784,-0.010058,False
ISR125,1993-12-30,247.67,1994-01-05,255.73,4,6,0.0625,0.002022,-6.25e-05,-1.25e-05,0.0,-0.0001094,-2.6e-05,0.0,0.0018116,0.0325433,False
ISR125,1994-01-28,255.9,1994-02-03,253.19,4,6,0.0625,-0.000654,-6.25e-05,-1.25e-05,0.0,-0.0001094,-2.6e-05,0.0,-0.0008644,-0.01059,False
ISR125,1994-02-25,232.19,1994-03-03,226.07,4,6,0.0625,-0.0015764,-6.25e-05,-1.25e-05,0.0,-0.0001094,-2.6e-05,0.0,-0.0017868,-0.0263577,False
ISR125,1994-03-30,210.87,1994-04-05,215.22,4,6,0.0625,0.0013025,-6.25e-05,-1.25e-05,0.0,-0.0001094,-2.6e-05,0.0,0.0010921,0.0206289,False
ISR125,1994-04-28,220.53,1994-05-04,225.34,4,6,0.0625,0.0013947,-6.25e-05,-1.25e-05,0.0,-0.0001094,-2.6e-05,0.0,0.0011843,0.0218111,False
ISR125,1994-05-30,194.82,1994-06-03,176.21,4,4,0.0625,-0.0061688,-6.25e-05,-1.25e-05,0.0,-7.99e-05,-1.74e-05,0.0,-0.0063411,-0.0955241,False
ISR125,1994-06-29,164.35,1994-07-05,153.03,4,6,0.0625,-0.0042286,-6.25e-05,-1.25e-05,0.0,-0.0001241,-2.6e-05,0.0,-0.0044538,-0.0688774,False
ISR125,1994-07-28,178.84,1994-08-03,186.78,4,6,0.0625,0.0027707,-6.25e-05,-1.25e-05,0.0,-0.0001302,-2.6e-05,0.0,0.0025394,0.0443972,False
ISR125,1994-08-30,183.75,1994-09-05,186.44,4,6,0.0625,0.0009132,-6.25e-05,-1.25e-05,0.0,-0.0001406,-2.6e-05,0.0,0.0006715,0.0146395,False
ISR125,1994-09-29,187.5,1994-10-05,183.89,4,6,0.0625,-0.0011832,-6.25e-05,-1.25e-05,0.0,-0.0001615,-2.6e-05,0.0,-0.0014457,-0.0192533,False
ISR125,1994-10-28,194.61,1994-11-03,186.32,4,6,0.0625,-0.002702,-6.25e-05,-1.25e-05,0.0,-0.0001615,-2.6e-05,0.0,-0.0029645,-0.042598,False
ISR125,1994-11-29,170.39,1994-12-05,161.84,4,6,0.0625,-0.0031621,-6.25e-05,-1.25e-05,0.0,-0.0001719,-2.6e-05,0.0,-0.003435,-0.050179,False
ISR125,1994-12-29,173.57,1995-01-04,170.29,4,6,0.0625,-0.00118,-6.25e-05,-1.25e-05,0.0,-0.0001771,-2.6e-05,0.0,-0.0014581,-0.0188974,False
ISR125,1995-01-30,162.15,1995-02-03,173.14,4,4,0.0625,0.0042816,-6.25e-05,-1.25e-05,0.0,-0.0001181,-1.74e-05,0.0,0.0040711,0.0677768,False
ISR125,1995-02-27,146.83,1995-03-03,150.33,4,4,0.0625,0.0015138,-6.25e-05,-1.25e-05,0.0,-0.0001132,-1.74e-05,0.0,0.0013082,0.0238371,False
ISR125,1995-03-30,166.1,1995-04-05,159.41,4,6,0.0625,-0.0024934,-6.25e-05,-1.25e-05,0.0,-0.0001542,-2.6e-05,0.0,-0.0027486,-0.040277,False
ISR125,1995-04-27,172.56,1995-05-03,173.99,4,6,0.0625,0.0005198,-6.25e-05,-1.25e-05,0.0,-0.0001458,-2.6e-05,0.0,0.0002729,0.008287,False
ISR125,1995-05-30,181.47,1995-06-05,181.56,4,6,0.0625,3.44e-05,-6.25e-05,-1.25e-05,0.0,-0.0001424,-2.6e-05,0.0,-0.0002091,0.0004959,False
ISR125,1995-06-29,187.33,1995-07-05,186.56,4,6,0.0625,-0.0002563,-6.25e-05,-1.25e-05,0.0,-0.0001406,-2.6e-05,0.0,-0.0004979,-0.0041104,False
ISR125,1995-07-28,189.23,1995-08-03,194.19,4,6,0.0625,0.0016227,-6.25e-05,-1.25e-05,0.0,-0.0001375,-2.6e-05,0.0,0.0013841,0.0262115,False
ISR125,1995-08-30,204.55,1995-09-05,208.08,4,6,0.0625,0.0010826,-6.25e-05,-1.25e-05,0.0,-0.0001375,-2.6e-05,0.0,0.000844,0.0172574,False
ISR125,1995-09-28,201.88,1995-10-04,201.01,4,6,0.0625,-0.0002693,-6.25e-05,-1.25e-05,0.0,-0.0001427,-2.6e-05,0.0,-0.0005131,-0.0043095,False
ISR125,1995-10-30,191.78,1995-11-03,190.19,4,4,0.0625,-0.0005097,-6.25e-05,-1.25e-05,0.0,-9.86e-05,-1.74e-05,0.0,-0.0007007,-0.0082907,False
ISR125,1995-11-29,195.1,1995-12-05,197.19,4,6,0.0625,0.0006694,-6.25e-05,-1.25e-05,0.0,-0.0001479,-2.6e-05,0.0,0.0004204,0.0107124,False
ISR125,1995-12-28,208.23,1996-01-03,214.23,4,6,0.0625,0.0017856,-6.25e-05,-1.25e-05,0.0,-0.0001427,-2.6e-05,0.0,0.0015418,0.0288143,False
ISR125,1996-01-30,209.08,1996-02-05,210.33,4,6,0.0625,0.0003763,-6.25e-05,-1.25e-05,0.0,-0.0001448,-2.6e-05,0.0,0.0001305,0.0059786,False
ISR125,1996-02-28,211.38,1996-03-05,209.33,4,6,0.0625,-0.000607,-6.25e-05,-1.25e-05,0.0,-0.0001458,-2.6e-05,0.0,-0.0008538,-0.0096982,False
ISR125,1996-03-28,195.26,1996-04-03,194.04,4,6,0.0625,-0.0003841,-6.25e-05,-1.25e-05,0.0,-0.0001458,-2.6e-05,0.0,-0.0006309,-0.0062481,False
ISR125,1996-04-29,203.88,1996-05-03,205.91,4,4,0.0625,0.0006215,-6.25e-05,-1.25e-05,0.0,-0.0001028,-1.74e-05,0.0,0.0004264,0.0099568,False
ISR125,1996-05-30,201.38,1996-06-05,207.35,4,6,0.0625,0.0018455,-6.25e-05,-1.25e-05,0.0,-0.0001615,-2.6e-05,0.0,0.001583,0.0296455,False
ISR125,1996-06-27,195.88,1996-07-03,198.29,4,6,0.0625,0.000767,-6.25e-05,-1.25e-05,0.0,-0.0001771,-2.6e-05,0.0,0.0004889,0.0123034,False
ISR125,1996-07-30,175.95,1996-08-05,181.32,4,6,0.0625,0.0018945,-6.25e-05,-1.25e-05,0.0,-0.0001722,-2.6e-05,0.0,0.0016213,0.0305201,False
ISR125,1996-08-29,181.19,1996-09-04,185.25,4,6,0.0625,0.0014005,-6.25e-05,-1.25e-05,0.0,-0.0001646,-2.6e-05,0.0,0.0011349,0.0224074,False
ISR125,1996-09-27,188.62,1996-10-03,182.93,4,6,0.0625,-0.0019029,-6.25e-05,-1.25e-05,0.0,-0.0001615,-2.6e-05,0.0,-0.0021654,-0.0301665,False
ISR125,1996-10-30,186.33,1996-11-05,187.52,4,6,0.0625,0.0003985,-6.25e-05,-1.25e-05,0.0,-0.0001589,-2.6e-05,0.0,0.0001386,0.0063865,False
ISR125,1996-11-28,198.92,1996-12-04,203.94,4,6,0.0625,0.0015698,-6.25e-05,-1.25e-05,0.0,-0.0001583,-2.6e-05,0.0,0.0013104,0.0252363,False
ISR125,1996-12-30,209.02,1997-01-03,214.15,4,4,0.0625,0.001525,-6.25e-05,-1.25e-05,0.0,-0.0001021,-1.74e-05,0.0,0.0013306,0.0245431,False
ISR125,1997-01-30,242.34,1997-02-05,259.95,4,6,0.0625,0.0045021,-6.25e-05,-1.25e-05,0.0,-0.0001479,-2.6e-05,0.0,0.0042532,0.0726666,False
ISR125,1997-02-27,253.14,1997-03-05,255.82,4,6,0.0625,0.0007045,-6.25e-05,-1.25e-05,0.0,-0.0001448,-2.6e-05,0.0,0.0004587,0.0105871,False
ISR125,1997-03-28,242.95,1997-04-03,251.4,4,6,0.0625,0.0021558,-6.25e-05,-1.25e-05,0.0,-0.0001448,-2.6e-05,0.0,0.00191,0.0347808,False
ISR125,1997-04-29,251.52,1997-05-05,260.25,4,6,0.0625,0.0021481,-6.25e-05,-1.25e-05,0.0,-0.0001448,-2.6e-05,0.0,0.0019023,0.034709,False
ISR125,1997-05-29,274.39,1997-06-04,282.32,4,6,0.0625,0.0017984,-6.25e-05,-1.25e-05,0.0,-0.0001448,-2.6e-05,0.0,0.0015525,0.0289004,False
ISR125,1997-06-27,285.5,1997-07-03,295.15,4,6,0.0625,0.0020951,-6.25e-05,-1.25e-05,0.0,-0.0001323,-2.6e-05,0.0,0.0018618,0.0338003,False
ISR125,1997-07-30,302.33,1997-08-05,309.79,4,6,0.0625,0.0015326,-6.25e-05,-1.25e-05,0.0,-0.0001323,-2.6e-05,0.0,0.0012993,0.0246751,False
ISR125,1997-08-28,287.52,1997-09-03,289.23,4,6,0.0625,0.0004086,-6.25e-05,-1.25e-05,0.0,-0.0001396,-2.6e-05,0.0,0.000168,0.0059475,False
ISR125,1997-09-29,292.44,1997-10-03,295.59,4,4,0.0625,0.0006732,-6.25e-05,-1.25e-05,0.0,-9.31e-05,-1.74e-05,0.0,0.0004878,0.0107714,False
ISR125,1997-10-30,279.02,1997-11-05,289.45,4,6,0.0625,0.0023469,-6.25e-05,-1.25e-05,0.0,-0.0001396,-2.6e-05,0.0,0.0021063,0.0373809,False
ISR125,1997-11-27,285.82,1997-12-03,288.85,4,6,0.0625,0.0006614,-6.25e-05,-1.25e-05,0.0,-0.0001396,-2.6e-05,0.0,0.0004208,0.0106011,False
ISR125,1997-12-30,288.34,1998-01-05,288.72,4,6,0.0625,9.69e-05,-6.25e-05,-1.25e-05,0.0,-0.0001396,-2.6e-05,0.0,-0.0001437,0.0013179,False
ISR125,1998-01-29,267.06,1998-02-04,269.25,4,6,0.0625,0.0005355,-6.25e-05,-1.25e-05,0.0,-0.0001344,-2.6e-05,0.0,0.0003001,0.0082004,False
ISR125,1998-02-26,282.25,1998-03-04,285.53,4,6,0.0625,0.000754,-6.25e-05,-1.25e-05,0.0,-0.0001312,-2.6e-05,0.0,0.0005218,0.0116209,False
ISR125,1998-03-30,300.11,1998-04-03,303.55,4,4,0.0625,0.0007162,-6.25e-05,-1.25e-05,0.0,-8.47e-05,-1.74e-05,0.0,0.0005392,0.0114625,False
ISR125,1998-04-29,307.38,1998-05-05,317.0,4,6,0.0625,0.0019628,-6.25e-05,-1.25e-05,0.0,-0.0001245,-2.6e-05,0.0,0.0017372,0.0312967,False
ISR125,1998-05-28,326.82,1998-06-03,332.57,4,6,0.0625,0.0011005,-6.25e-05,-1.25e-05,0.0,-0.0001208,-2.6e-05,0.0,0.0008787,0.0175938,False
ISR125,1998-06-29,319.89,1998-07-03,321.5,4,4,0.0625,0.0003209,-6.25e-05,-1.25e-05,0.0,-7.85e-05,-1.74e-05,0.0,0.00015,0.0050329,False
ISR125,1998-07-30,318.63,1998-08-05,306.26,4,6,0.0625,-0.0024527,-6.25e-05,-1.25e-05,0.0,-0.0001146,-2.6e-05,0.0,-0.0026684,-0.0388224,False
ISR125,1998-08-28,293.08,1998-09-03,283.02,4,6,0.0625,-0.0021653,-6.25e-05,-1.25e-05,0.0,-9.9e-05,-2.6e-05,0.0,-0.0023653,-0.0343251,False
ISR125,1998-09-29,280.77,1998-10-05,270.52,4,6,0.0625,-0.0022817,-6.25e-05,-1.25e-05,0.0,-9.9e-05,-2.6e-05,0.0,-0.0024817,-0.0365068,False
ISR125,1998-10-29,280.3,1998-11-04,282.48,4,6,0.0625,0.0004856,-6.25e-05,-1.25e-05,0.0,-0.0001198,-2.6e-05,0.0,0.0002647,0.0077775,False
ISR125,1998-11-27,299.79,1998-12-03,292.21,4,6,0.0625,-0.0015787,-6.25e-05,-1.25e-05,0.0,-0.0001406,-2.6e-05,0.0,-0.0018203,-0.0252844,False
ISR125,1998-12-30,300.21,1999-01-05,309.03,4,6,0.0625,0.0018362,-6.25e-05,-1.25e-05,0.0,-0.0001406,-2.6e-05,0.0,0.0015945,0.0293795,False
ISR125,1999-01-28,294.58,1999-02-03,292.61,4,6,0.0625,-0.000411,-6.25e-05,-1.25e-05,0.0,-0.0001406,-2.6e-05,0.0,-0.0006527,-0.0066875,False
ISR125,1999-02-25,310.15,1999-03-03,316.34,4,6,0.0625,0.0012436,-6.25e-05,-1.25e-05,0.0,-0.0001354,-2.6e-05,0.0,0.0010071,0.0199581,False
ISR125,1999-03-30,351.94,1999-04-05,354.97,4,6,0.0625,0.0005381,-6.25e-05,-1.25e-05,0.0,-0.0001328,-2.6e-05,0.0,0.0003042,0.0086094,False
ISR125,1999-04-29,372.91,1999-05-05,389.45,4,6,0.0625,0.0027736,-6.25e-05,-1.25e-05,0.0,-0.000125,-2.6e-05,0.0,0.0025476,0.0443539,False
ISR125,1999-05-28,393.9,1999-06-03,379.24,4,6,0.0625,-0.0023547,-6.25e-05,-1.25e-05,0.0,-0.000125,-2.6e-05,0.0,-0.0025807,-0.0372176,False
ISR125,1999-06-29,419.82,1999-07-05,421.02,4,6,0.0625,0.0001906,-6.25e-05,-1.25e-05,0.0,-0.000125,-2.6e-05,0.0,-3.55e-05,0.0028583,False
ISR125,1999-07-29,410.23,1999-08-04,391.48,4,6,0.0625,-0.002874,-6.25e-05,-1.25e-05,0.0,-0.0001198,-2.6e-05,0.0,-0.0030948,-0.0457061,False
ISR125,1999-08-30,389.5,1999-09-03,390.1,4,4,0.0625,0.0001015,-6.25e-05,-1.25e-05,0.0,-7.99e-05,-1.74e-05,0.0,-7.07e-05,0.0015405,False
ISR125,1999-09-29,399.02,1999-10-05,408.34,4,6,0.0625,0.0014511,-6.25e-05,-1.25e-05,0.0,-0.0001198,-2.6e-05,0.0,0.0012303,0.0233572,False
ISR125,1999-10-28,402.25,1999-11-03,421.1,4,6,0.0625,0.0029034,-6.25e-05,-1.25e-05,0.0,-0.0001198,-2.6e-05,0.0,0.0026826,0.0468614,False
ISR125,1999-11-29,443.98,1999-12-03,440.43,4,4,0.0625,-0.0004963,-6.25e-05,-1.25e-05,0.0,-7.78e-05,-1.74e-05,0.0,-0.0006664,-0.0079959,False
ISR125,1999-12-30,487.23,2000-01-05,476.79,4,6,0.0625,-0.0012626,-6.25e-05,-1.25e-05,0.0,-0.0001115,-2.6e-05,0.0,-0.0014751,-0.0214273,False
ISR125,2000-01-28,506.25,2000-02-03,517.4,4,6,0.0625,0.0014226,-6.25e-05,-1.25e-05,0.0,-0.0001073,-2.6e-05,0.0,0.0012143,0.0220247,False
ISR125,2000-02-28,555.77,2000-03-03,576.65,4,4,0.0625,0.0023227,-6.25e-05,-1.25e-05,0.0,-6.88e-05,-1.74e-05,0.0,0.0021616,0.0375695,False
ISR125,2000-03-30,516.55,2000-04-05,477.69,4,6,0.0625,-0.0047645,-6.25e-05,-1.25e-05,0.0,-0.0001,-2.6e-05,0.0,-0.0049655,-0.0752299,False
ISR125,2000-04-27,492.28,2000-05-03,480.7,4,6,0.0625,-0.0014776,-6.25e-05,-1.25e-05,0.0,-9.69e-05,-2.6e-05,0.0,-0.0016755,-0.0235232,False
ISR125,2000-05-30,533.36,2000-06-05,539.85,4,6,0.0625,0.0007759,-6.25e-05,-1.25e-05,0.0,-9.69e-05,-2.6e-05,0.0,0.000578,0.0121681,False
ISR125,2000-06-29,544.19,2000-07-05,562.74,4,6,0.0625,0.0021084,-6.25e-05,-1.25e-05,0.0,-9.69e-05,-2.6e-05,0.0,0.0019105,0.0340873,False
ISR125,2000-07-28,532.61,2000-08-03,519.59,4,6,0.0625,-0.0015386,-6.25e-05,-1.25e-05,0.0,-9.48e-05,-2.6e-05,0.0,-0.0017344,-0.0244456,False
ISR125,2000-08-30,572.5,2000-09-05,574.34,4,6,0.0625,0.0002008,-6.25e-05,-1.25e-05,0.0,-9.31e-05,-2.6e-05,0.0,6.7e-06,0.003214,False
ISR125,2000-09-28,559.16,2000-10-04,547.58,4,6,0.0625,-0.001298,-6.25e-05,-1.25e-05,0.0,-8.96e-05,-2.6e-05,0.0,-0.0014886,-0.0207096,False
ISR125,2000-10-30,459.22,2000-11-03,485.99,4,4,0.0625,0.0035925,-6.25e-05,-1.25e-05,0.0,-5.83e-05,-1.74e-05,0.0,0.0034418,0.0582945,False
ISR125,2000-11-29,478.37,2000-12-05,483.46,4,6,0.0625,0.0006758,-6.25e-05,-1.25e-05,0.0,-8.58e-05,-2.6e-05,0.0,0.000489,0.0106403,False
ISR125,2000-12-28,494.58,2001-01-03,460.81,4,6,0.0625,-0.0043635,-6.25e-05,-1.25e-05,0.0,-8.33e-05,-2.6e-05,0.0,-0.0045478,-0.0682801,False
ISR125,2001-01-30,440.75,2001-02-05,449.6,4,6,0.0625,0.001249,-6.25e-05,-1.25e-05,0.0,-8.12e-05,-2.6e-05,0.0,0.0010667,0.0200794,False
ISR125,2001-02-27,451.01,2001-03-05,438.61,4,6,0.0625,-0.0017327,-6.25e-05,-1.25e-05,0.0,-7.88e-05,-2.6e-05,0.0,-0.0019126,-0.0274939,False
ISR125,2001-03-29,382.13,2001-04-04,371.59,4,6,0.0625,-0.0017315,-6.25e-05,-1.25e-05,0.0,-7.5e-05,-2.6e-05,0.0,-0.0019076,-0.0275823,False
ISR125,2001-04-27,406.75,2001-05-03,421.11,4,6,0.0625,0.002206,-6.25e-05,-1.25e-05,0.0,-7.5e-05,-2.6e-05,0.0,0.0020299,0.0353042,False
ISR125,2001-05-30,416.99,2001-06-05,413.53,4,6,0.0625,-0.0005156,-6.25e-05,-1.25e-05,0.0,-7.33e-05,-2.6e-05,0.0,-0.0006899,-0.0082975,False
ISR125,2001-06-28,413.19,2001-07-04,419.45,4,6,0.0625,0.0009549,-6.25e-05,-1.25e-05,0.0,-6.77e-05,-2.6e-05,0.0,0.0007861,0.0151504,False
ISR125,2001-07-30,436.98,2001-08-03,439.06,4,4,0.0625,0.0003011,-6.25e-05,-1.25e-05,0.0,-4.37e-05,-1.74e-05,0.0,0.000165,0.0047599,False
ISR125,2001-08-30,411.9,2001-09-05,403.23,4,6,0.0625,-0.0013203,-6.25e-05,-1.25e-05,0.0,-6.56e-05,-2.6e-05,0.0,-0.001487,-0.0210488,False
ISR125,2001-09-27,358.6,2001-10-05,358.61,4,8,0.0625,5.2e-06,-6.25e-05,-1.25e-05,0.0,-8.75e-05,-3.47e-05,0.0,-0.000192,2.78e-05,False
ISR125,2001-10-30,369.3,2001-11-05,377.07,4,6,0.0625,0.0013271,-6.25e-05,-1.25e-05,0.0,-6.42e-05,-2.6e-05,0.0,0.0011618,0.0210399,False
ISR125,2001-11-29,397.51,2001-12-05,389.07,4,6,0.0625,-0.0013177,-6.25e-05,-1.25e-05,0.0,-6.04e-05,-2.6e-05,0.0,-0.0014791,-0.0212322,False
ISR125,2001-12-28,444.15,2002-01-03,466.3,4,6,0.0625,0.0030731,-6.25e-05,-1.25e-05,0.0,-3.96e-05,-2.6e-05,0.0,0.0029325,0.0498705,False
ISR125,2002-01-30,429.66,2002-02-05,436.46,4,6,0.0625,0.0010006,-6.25e-05,-1.25e-05,0.0,-3.96e-05,-2.6e-05,0.0,0.00086,0.0158264,False
ISR125,2002-02-27,412.89,2002-03-05,402.0,4,6,0.0625,-0.0016588,-6.25e-05,-1.25e-05,0.0,-4.48e-05,-2.6e-05,0.0,-0.0018046,-0.0263751,False
ISR125,2002-03-28,400.47,2002-04-03,375.5,4,6,0.0625,-0.003897,-6.25e-05,-1.25e-05,0.0,-4.58e-05,-2.6e-05,0.0,-0.0040439,-0.0623517,False
ISR125,2002-04-29,367.41,2002-05-03,375.39,4,4,0.0625,0.001368,-6.25e-05,-1.25e-05,0.0,-3.19e-05,-1.74e-05,0.0,0.0012437,0.0217196,False
ISR125,2002-05-30,372.86,2002-06-05,377.25,4,6,0.0625,0.0007425,-6.25e-05,-1.25e-05,0.0,-5.83e-05,-2.6e-05,0.0,0.0005832,0.0117739,False
ISR125,2002-06-27,353.92,2002-07-03,346.71,4,6,0.0625,-0.0012721,-6.25e-05,-1.25e-05,0.0,-9.48e-05,-2.6e-05,0.0,-0.0014679,-0.0203719,False
ISR125,2002-07-30,361.57,2002-08-05,350.97,4,6,0.0625,-0.00184,-6.25e-05,-1.25e-05,0.0,-9.48e-05,-2.6e-05,0.0,-0.0020358,-0.0293166,False
ISR125,2002-08-29,363.82,2002-09-04,357.33,4,6,0.0625,-0.0011186,-6.25e-05,-1.25e-05,0.0,-9.48e-05,-2.6e-05,0.0,-0.0013145,-0.0178385,False
ISR125,2002-09-27,340.84,2002-10-03,331.62,4,6,0.0625,-0.0017031,-6.25e-05,-1.25e-05,0.0,-9.48e-05,-2.6e-05,0.0,-0.0018989,-0.0270508,False
ISR125,2002-10-30,328.0,2002-11-05,325.09,4,6,0.0625,-0.0005438,-6.25e-05,-1.25e-05,0.0,-9.48e-05,-2.6e-05,0.0,-0.0007397,-0.008872,False
ISR125,2002-11-28,359.05,2002-12-04,361.0,4,6,0.0625,0.0003902,-6.25e-05,-1.25e-05,0.0,-9.48e-05,-2.6e-05,0.0,0.0001944,0.005431,False
ISR125,2002-12-30,332.83,2003-01-03,329.58,4,4,0.0625,-0.000611,-6.25e-05,-1.25e-05,0.0,-6.18e-05,-1.74e-05,0.0,-0.0007651,-0.0097647,False
ISR125,2003-01-30,318.8,2003-02-05,309.3,4,6,0.0625,-0.0018756,-6.25e-05,-1.25e-05,0.0,-9.27e-05,-2.6e-05,0.0,-0.0020693,-0.0297992,False
ISR125,2003-02-27,323.63,2003-03-05,324.7,4,6,0.0625,0.0002182,-6.25e-05,-1.25e-05,0.0,-9.27e-05,-2.6e-05,0.0,2.45e-05,0.0033063,False
ISR125,2003-03-28,347.65,2003-04-03,361.55,4,6,0.0625,0.0024965,-6.25e-05,-1.25e-05,0.0,-9.06e-05,-2.6e-05,0.0,0.0023049,0.0399827,False
ISR125,2003-04-29,392.68,2003-05-05,409.33,4,6,0.0625,0.0026501,-6.25e-05,-1.25e-05,0.0,-8.85e-05,-2.6e-05,0.0,0.0024605,0.0424009,False
ISR125,2003-05-29,434.88,2003-06-04,426.78,4,6,0.0625,-0.0011504,-6.25e-05,-1.25e-05,0.0,-8.33e-05,-2.6e-05,0.0,-0.0013348,-0.0186258,False
ISR125,2003-06-27,447.19,2003-07-03,453.23,4,6,0.0625,0.000854,-6.25e-05,-1.25e-05,0.0,-7.81e-05,-2.6e-05,0.0,0.0006749,0.0135066,False
ISR125,2003-07-30,430.0,2003-08-05,416.91,4,6,0.0625,-0.0019051,-6.25e-05,-1.25e-05,0.0,-7.38e-05,-2.6e-05,0.0,-0.0020799,-0.0304419,False
ISR125,2003-08-28,417.62,2003-09-03,430.07,4,6,0.0625,0.0018557,-6.25e-05,-1.25e-05,0.0,-6.77e-05,-2.6e-05,0.0,0.001687,0.0298118,False
ISR125,2003-09-29,434.24,2003-10-03,440.07,4,4,0.0625,0.0008417,-6.25e-05,-1.25e-05,0.0,-4.24e-05,-1.74e-05,0.0,0.000707,0.0134258,False
ISR125,2003-10-30,473.34,2003-11-05,493.1,4,6,0.0625,0.0025833,-6.25e-05,-1.25e-05,0.0,-5.83e-05,-2.6e-05,0.0,0.0024239,0.0417459,False
ISR125,2003-11-27,510.56,2003-12-03,506.02,4,6,0.0625,-0.0005542,-6.25e-05,-1.25e-05,0.0,-5.42e-05,-2.6e-05,0.0,-0.0007094,-0.0088922,False
ISR125,2003-12-30,529.17,2004-01-06,554.99,4,7,0.0625,0.0030166,-6.25e-05,-1.25e-05,0.0,-6.04e-05,-3.04e-05,0.0,0.0028508,0.0487934,False
ISR125,2004-01-29,554.31,2004-02-04,544.79,4,6,0.0625,-0.001079,-6.25e-05,-1.25e-05,0.0,-4.69e-05,-2.6e-05,0.0,-0.0012269,-0.0171745,False
ISR125,2004-02-26,559.36,2004-03-03,569.54,4,6,0.0625,0.0011415,-6.25e-05,-1.25e-05,0.0,-4.48e-05,-2.6e-05,0.0,0.0009957,0.0181994,False
ISR125,2004-03-30,562.3,2004-04-05,567.17,4,6,0.0625,0.0005405,-6.25e-05,-1.25e-05,0.0,-4.34e-05,-2.6e-05,0.0,0.000396,0.0086608,False
ISR125,2004-04-29,571.18,2004-05-05,577.36,4,6,0.0625,0.0006807,-6.25e-05,-1.25e-05,0.0,-4.27e-05,-2.6e-05,0.0,0.000537,0.0108197,False
ISR125,2004-05-28,571.36,2004-06-03,576.18,4,6,0.0625,0.0005272,-6.25e-05,-1.25e-05,0.0,-4.27e-05,-2.6e-05,0.0,0.0003835,0.008436,False
ISR125,2004-06-29,593.05,2004-07-05,602.46,4,6,0.0625,0.0009872,-6.25e-05,-1.25e-05,0.0,-4.27e-05,-2.6e-05,0.0,0.0008434,0.0158672,False
ISR125,2004-07-29,570.87,2004-08-04,553.98,4,6,0.0625,-0.0018664,-6.25e-05,-1.25e-05,0.0,-4.27e-05,-2.6e-05,0.0,-0.0020101,-0.0295864,False
ISR125,2004-08-30,558.12,2004-09-03,549.48,4,4,0.0625,-0.0009682,-6.25e-05,-1.25e-05,0.0,-2.85e-05,-1.74e-05,0.0,-0.001089,-0.0154806,False
ISR125,2004-09-29,558.97,2004-10-05,569.82,4,6,0.0625,0.0012137,-6.25e-05,-1.25e-05,0.0,-4.27e-05,-2.6e-05,0.0,0.0010699,0.0194108,False
ISR125,2004-10-28,545.8,2004-11-03,564.57,4,6,0.0625,0.0021307,-6.25e-05,-1.25e-05,0.0,-4.27e-05,-2.6e-05,0.0,0.0019869,0.0343899,False
ISR125,2004-11-29,591.37,2004-12-03,597.11,4,4,0.0625,0.0006076,-6.25e-05,-1.25e-05,0.0,-2.71e-05,-1.74e-05,0.0,0.0004882,0.0097063,False
ISR125,2004-12-30,635.95,2005-01-05,629.27,4,6,0.0625,-0.0006402,-6.25e-05,-1.25e-05,0.0,-3.85e-05,-2.6e-05,0.0,-0.0007798,-0.010504,False
ISR125,2005-01-28,642.15,2005-02-03,676.0,4,6,0.0625,0.0032403,-6.25e-05,-1.25e-05,0.0,-3.65e-05,-2.6e-05,0.0,0.0031028,0.0527135,False
ISR125,2005-02-25,657.38,2005-03-03,681.82,4,6,0.0625,0.0023029,-6.25e-05,-1.25e-05,0.0,-3.65e-05,-2.6e-05,0.0,0.0021654,0.0371779,False
ISR125,2005-03-30,660.72,2005-04-05,663.24,4,6,0.0625,0.0002474,-6.25e-05,-1.25e-05,0.0,-3.65e-05,-2.6e-05,0.0,0.0001099,0.0038141,False
ISR125,2005-04-28,676.7,2005-05-04,690.94,4,6,0.0625,0.0013127,-6.25e-05,-1.25e-05,0.0,-3.65e-05,-2.6e-05,0.0,0.0011752,0.0210433,False
ISR125,2005-05-30,699.47,2005-06-03,702.23,4,4,0.0625,0.0002468,-6.25e-05,-1.25e-05,0.0,-2.43e-05,-1.74e-05,0.0,0.0001301,0.0039459,False
ISR125,2005-06-29,659.59,2005-07-05,652.78,4,6,0.0625,-0.0006389,-6.25e-05,-1.25e-05,0.0,-3.65e-05,-2.6e-05,0.0,-0.0007764,-0.0103246,False
ISR125,2005-07-28,696.16,2005-08-03,711.89,4,6,0.0625,0.0014219,-6.25e-05,-1.25e-05,0.0,-3.65e-05,-2.6e-05,0.0,0.0012844,0.0225954,False
ISR125,2005-08-30,716.64,2005-09-05,733.84,4,6,0.0625,0.0014934,-6.25e-05,-1.25e-05,0.0,-3.65e-05,-2.6e-05,0.0,0.0013559,0.0240009,False
ISR125,2005-09-29,753.59,2005-10-06,757.58,4,7,0.0625,0.0003309,-6.25e-05,-1.25e-05,0.0,-4.56e-05,-3.04e-05,0.0,0.00018,0.0052946,False
ISR125,2005-10-28,753.86,2005-11-03,773.62,4,6,0.0625,0.0016272,-6.25e-05,-1.25e-05,0.0,-4.17e-05,-2.6e-05,0.0,0.0014845,0.0262118,False
ISR125,2005-11-29,791.06,2005-12-05,798.11,4,6,0.0625,0.0005572,-6.25e-05,-1.25e-05,0.0,-4.51e-05,-2.6e-05,0.0,0.000411,0.0089121,False
ISR125,2005-12-29,822.99,2006-01-04,856.42,4,6,0.0625,0.0025176,-6.25e-05,-1.25e-05,0.0,-4.69e-05,-2.6e-05,0.0,0.0023697,0.0406202,False
ISR125,2006-01-30,851.32,2006-02-03,849.11,4,4,0.0625,-0.0001597,-6.25e-05,-1.25e-05,0.0,-3.3e-05,-1.74e-05,0.0,-0.000285,-0.002596,False
ISR125,2006-02-27,822.93,2006-03-03,832.08,4,4,0.0625,0.0006932,-6.25e-05,-1.25e-05,0.0,-3.3e-05,-1.74e-05,0.0,0.0005678,0.0111188,False
ISR125,2006-03-30,835.78,2006-04-05,859.56,4,6,0.0625,0.0017652,-6.25e-05,-1.25e-05,0.0,-5.21e-05,-2.6e-05,0.0,0.001612,0.0284524,False
ISR125,2006-04-27,879.92,2006-05-03,890.58,4,6,0.0625,0.0007572,-6.25e-05,-1.25e-05,0.0,-5.47e-05,-2.6e-05,0.0,0.0006014,0.0121148,False
ISR125,2006-05-30,875.99,2006-06-05,867.48,4,6,0.0625,-0.000608,-6.25e-05,-1.25e-05,0.0,-5.47e-05,-2.6e-05,0.0,-0.0007637,-0.0097147,False
ISR125,2006-06-29,793.57,2006-07-05,823.06,4,6,0.0625,0.0023394,-6.25e-05,-1.25e-05,0.0,-5.47e-05,-2.6e-05,0.0,0.0021837,0.0371612,False
ISR125,2006-07-28,795.49,2006-08-03,822.16,4,6,0.0625,0.0020926,-6.25e-05,-1.25e-05,0.0,-5.73e-05,-2.6e-05,0.0,0.0019343,0.0335265,False
ISR125,2006-08-30,819.03,2006-09-05,808.19,4,6,0.0625,-0.0008289,-6.25e-05,-1.25e-05,0.0,-5.73e-05,-2.6e-05,0.0,-0.0009872,-0.0132352,False
ISR125,2006-09-28,846.09,2006-10-04,860.14,4,6,0.0625,0.0010344,-6.25e-05,-1.25e-05,0.0,-5.73e-05,-2.6e-05,0.0,0.0008761,0.0166058,False
ISR125,2006-10-30,910.89,2006-11-03,904.03,4,4,0.0625,-0.0004659,-6.25e-05,-1.25e-05,0.0,-3.65e-05,-1.74e-05,0.0,-0.0005947,-0.0075311,False
ISR125,2006-11-29,936.82,2006-12-05,939.39,4,6,0.0625,0.0001731,-6.25e-05,-1.25e-05,0.0,-5.25e-05,-2.6e-05,0.0,1.96e-05,0.0027433,False
ISR125,2006-12-28,925.6,2007-01-03,949.72,4,6,0.0625,0.001617,-6.25e-05,-1.25e-05,0.0,-4.69e-05,-2.6e-05,0.0,0.0014691,0.0260588,False
ISR125,2007-01-30,961.08,2007-02-05,978.86,4,6,0.0625,0.0011532,-6.25e-05,-1.25e-05,0.0,-4.51e-05,-2.6e-05,0.0,0.0010071,0.0185,False
ISR125,2007-02-27,974.81,2007-03-05,946.57,4,6,0.0625,-0.0018263,-6.25e-05,-1.25e-05,0.0,-4.25e-05,-2.6e-05,0.0,-0.0019698,-0.0289697,False
ISR125,2007-03-29,994.5,2007-04-06,1023.39,4,8,0.0625,0.0018156,-6.25e-05,-1.25e-05,0.0,-5.56e-05,-3.47e-05,0.0,0.0016503,0.0290498,False
ISR125,2007-04-27,1074.12,2007-05-03,1082.29,4,6,0.0625,0.0004803,-6.25e-05,-1.25e-05,0.0,-3.91e-05,-2.6e-05,0.0,0.0003402,0.0076063,False
ISR125,2007-05-30,1107.96,2007-06-05,1129.3,4,6,0.0625,0.0011963,-6.25e-05,-1.25e-05,0.0,-3.69e-05,-2.6e-05,0.0,0.0010584,0.0192607,False
ISR125,2007-06-28,1102.1899,2007-07-04,1135.1899,4,6,0.0625,0.0018538,-6.25e-05,-1.25e-05,0.0,-3.65e-05,-2.6e-05,0.0,0.0017163,0.0299404,False
ISR125,2007-07-30,1083.61,2007-08-03,1073.3199,4,4,0.0625,-0.0005664,-6.25e-05,-1.25e-05,0.0,-2.6e-05,-1.74e-05,0.0,-0.0006848,-0.0094961,False
ISR125,2007-08-30,1034.67,2007-09-05,1048.7,4,6,0.0625,0.000849,-6.25e-05,-1.25e-05,0.0,-4.17e-05,-2.6e-05,0.0,0.0007063,0.0135598,False
ISR125,2007-09-25,1095.37,2007-10-05,1127.66,4,10,0.0625,0.0018304,-6.25e-05,-1.25e-05,0.0,-6.94e-05,-4.34e-05,0.0,0.0016426,0.0294787,False
ISR125,2007-10-30,1183.37,2007-11-05,1173.45,4,6,0.0625,-0.0005215,-6.25e-05,-1.25e-05,0.0,-4.17e-05,-2.6e-05,0.0,-0.0006642,-0.0083829,False
ISR125,2007-11-29,1133.11,2007-12-05,1154.02,4,6,0.0625,0.0011543,-6.25e-05,-1.25e-05,0.0,-4.17e-05,-2.6e-05,0.0,0.0010116,0.0184537,False
ISR125,2007-12-28,1159.26,2008-01-03,1144.17,4,6,0.0625,-0.0008107,-6.25e-05,-1.25e-05,0.0,-4.43e-05,-2.6e-05,0.0,-0.000956,-0.0130169,False
ISR125,2008-01-30,1016.61,2008-02-05,1008.01,4,6,0.0625,-0.0005141,-6.25e-05,-1.25e-05,0.0,-4.43e-05,-2.6e-05,0.0,-0.0006594,-0.0084595,False
ISR125,2008-02-28,1034.01,2008-03-05,1011.19,4,6,0.0625,-0.0013585,-6.25e-05,-1.25e-05,0.0,-3.91e-05,-2.6e-05,0.0,-0.0014986,-0.0220694,False
ISR125,2008-03-28,950.89,2008-04-03,971.22,4,6,0.0625,0.0013908,-6.25e-05,-1.25e-05,0.0,-3.39e-05,-2.6e-05,0.0,0.0012559,0.0213799,False
ISR125,2008-04-29,991.56,2008-05-05,1017.03,4,6,0.0625,0.001609,-6.25e-05,-1.25e-05,0.0,-3.39e-05,-2.6e-05,0.0,0.0014741,0.0256868,False
ISR125,2008-05-29,1035.6801,2008-06-04,1025.6,4,6,0.0625,-0.0006058,-6.25e-05,-1.25e-05,0.0,-3.65e-05,-2.6e-05,0.0,-0.0007433,-0.0097328,False
ISR125,2008-06-27,1000.32,2008-07-03,931.43,4,6,0.0625,-0.0043978,-6.25e-05,-1.25e-05,0.0,-3.91e-05,-2.6e-05,0.0,-0.0045379,-0.068868,False
ISR125,2008-07-30,946.32,2008-08-05,935.92,4,6,0.0625,-0.0006694,-6.25e-05,-1.25e-05,0.0,-4.12e-05,-2.6e-05,0.0,-0.0008116,-0.01099,False
ISR125,2008-08-28,922.42,2008-09-03,905.8,4,6,0.0625,-0.0011214,-6.25e-05,-1.25e-05,0.0,-4.43e-05,-2.6e-05,0.0,-0.0012667,-0.0180178,False
ISR125,2008-09-25,812.77,2008-10-06,684.79,4,11,0.0625,-0.0102404,-6.25e-05,-1.25e-05,0.0,-8.12e-05,-4.77e-05,0.0,-0.0104443,-0.1574616,False
ISR125,2008-10-30,645.69,2008-11-05,696.52,4,6,0.0625,0.004863,-6.25e-05,-1.25e-05,0.0,-3.65e-05,-2.6e-05,0.0,0.0047255,0.078722,False
ISR125,2008-11-27,575.39,2008-12-03,564.31,4,6,0.0625,-0.0011972,-6.25e-05,-1.25e-05,0.0,-2.6e-05,-2.6e-05,0.0,-0.0013243,-0.0192565,False
ISR125,2008-12-30,553.86,2009-01-05,594.2,4,6,0.0625,0.0044537,-6.25e-05,-1.25e-05,0.0,-2.08e-05,-2.6e-05,0.0,0.0043318,0.0728343,False
ISR125,2009-01-29,599.97,2009-02-04,618.34,4,6,0.0625,0.0019136,-6.25e-05,-1.25e-05,0.0,-1.04e-05,-2.6e-05,0.0,0.0018022,0.0306183,False
ISR125,2009-02-26,603.69,2009-03-04,594.66,4,6,0.0625,-0.0008716,-6.25e-05,-1.25e-05,0.0,-7.8e-06,-2.6e-05,0.0,-0.0009805,-0.0149581,False
ISR125,2009-03-30,657.99,2009-04-03,699.94,4,4,0.0625,0.0039448,-6.25e-05,-1.25e-05,0.0,-3.5e-06,-1.74e-05,0.0,0.003849,0.0637548,False
ISR125,2009-04-27,728.33,2009-05-05,759.02,4,8,0.0625,0.0026024,-6.25e-05,-1.25e-05,0.0,-6.9e-06,-3.47e-05,0.0,0.0024858,0.0421375,False
ISR125,2009-05-26,775.65,2009-06-03,811.46,4,8,0.0625,0.0028904,-6.25e-05,-1.25e-05,0.0,-6.9e-06,-3.47e-05,0.0,0.0027737,0.0461677,False
ISR125,2009-06-29,809.96,2009-07-03,803.24,4,4,0.0625,-0.0005081,-6.25e-05,-1.25e-05,0.0,-3.5e-06,-1.74e-05,0.0,-0.000604,-0.0082967,False
ISR125,2009-07-29,884.69,2009-08-05,910.2,4,7,0.0625,0.0017959,-6.25e-05,-1.25e-05,0.0,-6.1e-06,-3.04e-05,0.0,0.0016845,0.028835,False
ISR125,2009-08-28,908.12,2009-09-03,904.17,4,6,0.0625,-0.0002248,-6.25e-05,-1.25e-05,0.0,-7.8e-06,-2.6e-05,0.0,-0.0003336,-0.0043497,False
ISR125,2009-09-29,947.42,2009-10-05,940.77,4,6,0.0625,-0.0004211,-6.25e-05,-1.25e-05,0.0,-7.8e-06,-2.6e-05,0.0,-0.00053,-0.007019,False
ISR125,2009-10-29,957.33,2009-11-04,948.81,4,6,0.0625,-0.0005179,-6.25e-05,-1.25e-05,0.0,-7.8e-06,-2.6e-05,0.0,-0.0006267,-0.0088998,False
ISR125,2009-11-27,1002.49,2009-12-03,1036.77,4,6,0.0625,0.0021149,-6.25e-05,-1.25e-05,0.0,-1.04e-05,-2.6e-05,0.0,0.0020034,0.0341949,False
ISR125,2009-12-30,1060.42,2010-01-05,1098.2,4,6,0.0625,0.0022067,-6.25e-05,-1.25e-05,0.0,-1.26e-05,-2.6e-05,0.0,0.0020931,0.0356273,False
ISR125,2010-01-28,1073.26,2010-02-03,1076.8101,4,6,0.0625,0.0002156,-6.25e-05,-1.25e-05,0.0,-1.3e-05,-2.6e-05,0.0,0.0001016,0.0033077,False
ISR125,2010-02-25,1092.3101,2010-03-03,1125.01,4,6,0.0625,0.0018599,-6.25e-05,-1.25e-05,0.0,-1.3e-05,-2.6e-05,0.0,0.0017458,0.0299365,False
ISR125,2010-03-26,1160.86,2010-04-06,1160.95,4,11,0.0625,5.9e-06,-6.25e-05,-1.25e-05,0.0,-2.6e-05,-4.77e-05,0.0,-0.0001429,7.75e-05,False
ISR125,2010-04-29,1097.6801,2010-05-05,1062.29,4,6,0.0625,-0.0020208,-6.25e-05,-1.25e-05,0.0,-1.56e-05,-2.6e-05,0.0,-0.0021374,-0.0322407,False
ISR125,2010-05-28,1026.66,2010-06-03,1025.8,4,6,0.0625,-2.33e-05,-6.25e-05,-1.25e-05,0.0,-1.56e-05,-2.6e-05,0.0,-0.00014,-0.0008377,False
ISR125,2010-06-29,998.95,2010-07-05,1000.92,4,6,0.0625,0.0001324,-6.25e-05,-1.25e-05,0.0,-1.56e-05,-2.6e-05,0.0,1.57e-05,0.001972,False
ISR125,2010-07-29,1029.17,2010-08-04,1057.98,4,6,0.0625,0.0017441,-6.25e-05,-1.25e-05,0.0,-1.82e-05,-2.6e-05,0.0,0.0016248,0.0279934,False
ISR125,2010-08-30,1053.04,2010-09-03,1068.5,4,4,0.0625,0.0009214,-6.25e-05,-1.25e-05,0.0,-1.22e-05,-1.74e-05,0.0,0.0008169,0.0146813,False
ISR125,2010-09-27,1130.28,2010-10-05,1139.03,4,8,0.0625,0.0004856,-6.25e-05,-1.25e-05,0.0,-2.6e-05,-3.47e-05,0.0,0.0003499,0.0077414,False
ISR125,2010-10-28,1171.16,2010-11-03,1164.37,4,6,0.0625,-0.0003605,-6.25e-05,-1.25e-05,0.0,-2.08e-05,-2.6e-05,0.0,-0.0004824,-0.0057977,False
ISR125,2010-11-29,1164.64,2010-12-03,1164.66,4,4,0.0625,8.9e-06,-6.25e-05,-1.25e-05,0.0,-1.39e-05,-1.74e-05,0.0,-9.73e-05,1.72e-05,False
ISR125,2010-12-30,1224.0,2011-01-05,1235.01,4,6,0.0625,0.0005624,-6.25e-05,-1.25e-05,0.0,-2.08e-05,-2.6e-05,0.0,0.0004405,0.0089951,False
ISR125,2011-01-28,1240.79,2011-02-03,1208.22,4,6,0.0625,-0.0016314,-6.25e-05,-1.25e-05,0.0,-2.34e-05,-2.6e-05,0.0,-0.0017559,-0.0262495,False
ISR125,2011-02-25,1176.71,2011-03-03,1171.0,4,6,0.0625,-0.0002903,-6.25e-05,-1.25e-05,0.0,-2.6e-05,-2.6e-05,0.0,-0.0004174,-0.0048525,False
ISR125,2011-03-30,1207.17,2011-04-05,1209.0699,4,6,0.0625,0.0001005,-6.25e-05,-1.25e-05,0.0,-3.04e-05,-2.6e-05,0.0,-3.09e-05,0.0015738,False
ISR125,2011-04-28,1195.33,2011-05-04,1174.17,4,6,0.0625,-0.0011043,-6.25e-05,-1.25e-05,0.0,-3.13e-05,-2.6e-05,0.0,-0.0012366,-0.0177022,False
ISR125,2011-05-30,1136.67,2011-06-03,1116.79,4,4,0.0625,-0.0010818,-6.25e-05,-1.25e-05,0.0,-2.26e-05,-1.74e-05,0.0,-0.0011967,-0.0174897,False
ISR125,2011-06-29,1119.91,2011-07-05,1138.6,4,6,0.0625,0.0010526,-6.25e-05,-1.25e-05,0.0,-3.39e-05,-2.6e-05,0.0,0.0009177,0.0166888,False
ISR125,2011-07-28,1117.65,2011-08-03,1069.0,4,6,0.0625,-0.0027557,-6.25e-05,-1.25e-05,0.0,-3.39e-05,-2.6e-05,0.0,-0.0028906,-0.0435289,False
ISR125,2011-08-30,1000.94,2011-09-05,957.02,4,6,0.0625,-0.002684,-6.25e-05,-1.25e-05,0.0,-3.39e-05,-2.6e-05,0.0,-0.0028189,-0.0438787,False
ISR125,2011-09-26,954.55,2011-10-05,939.51,4,9,0.0625,-0.0009269,-6.25e-05,-1.25e-05,0.0,-4.99e-05,-3.91e-05,0.0,-0.0010908,-0.0157561,False
ISR125,2011-10-28,1055.71,2011-11-03,1001.23,4,6,0.0625,-0.0032572,-6.25e-05,-1.25e-05,0.0,-3.13e-05,-2.6e-05,0.0,-0.0033895,-0.0516051,False
ISR125,2011-11-29,948.53,2011-12-05,1006.36,4,6,0.0625,0.0037521,-6.25e-05,-1.25e-05,0.0,-2.95e-05,-2.6e-05,0.0,0.0036215,0.060968,False
ISR125,2011-12-29,978.49,2012-01-04,1005.7,4,6,0.0625,0.0017301,-6.25e-05,-1.25e-05,0.0,-2.86e-05,-2.6e-05,0.0,0.0016004,0.0278082,False
ISR125,2012-01-30,1008.72,2012-02-03,1017.35,4,4,0.0625,0.0005337,-6.25e-05,-1.25e-05,0.0,-1.74e-05,-1.74e-05,0.0,0.000424,0.0085554,False
ISR125,2012-02-28,976.44,2012-03-05,1001.05,4,6,0.0625,0.0015645,-6.25e-05,-1.25e-05,0.0,-2.6e-05,-2.6e-05,0.0,0.0014374,0.0252038,False
ISR125,2012-03-29,1032.48,2012-04-04,1051.54,4,6,0.0625,0.0011523,-6.25e-05,-1.25e-05,0.0,-2.6e-05,-2.6e-05,0.0,0.0010252,0.0184605,False
ISR125,2012-04-27,1065.01,2012-05-03,1067.47,4,6,0.0625,0.0001461,-6.25e-05,-1.25e-05,0.0,-2.6e-05,-2.6e-05,0.0,1.9e-05,0.0023098,False
ISR125,2012-05-30,967.14,2012-06-05,971.07,4,6,0.0625,0.0002683,-6.25e-05,-1.25e-05,0.0,-2.6e-05,-2.6e-05,0.0,0.0001412,0.0040635,False
ISR125,2012-06-28,969.86,2012-07-04,988.42,4,6,0.0625,0.0011944,-6.25e-05,-1.25e-05,0.0,-2.34e-05,-2.6e-05,0.0,0.0010699,0.0191368,False
ISR125,2012-07-30,1002.69,2012-08-03,984.48,4,4,0.0625,-0.00114,-6.25e-05,-1.25e-05,0.0,-1.56e-05,-1.74e-05,0.0,-0.0012479,-0.0181612,False
ISR125,2012-08-30,999.59,2012-09-05,990.53,4,6,0.0625,-0.0005673,-6.25e-05,-1.25e-05,0.0,-2.34e-05,-2.6e-05,0.0,-0.0006918,-0.0090637,False
ISR125,2012-09-27,1054.58,2012-10-04,1087.15,4,7,0.0625,0.0019201,-6.25e-05,-1.25e-05,0.0,-2.73e-05,-3.04e-05,0.0,0.0017873,0.0308844,False
ISR125,2012-10-30,1072.85,2012-11-05,1084.7,4,6,0.0625,0.000688,-6.25e-05,-1.25e-05,0.0,-2.17e-05,-2.6e-05,0.0,0.0005653,0.0110453,False
ISR125,2012-11-29,1089.61,2012-12-05,1087.22,4,6,0.0625,-0.0001351,-6.25e-05,-1.25e-05,0.0,-2.08e-05,-2.6e-05,0.0,-0.000257,-0.0021935,False
ISR125,2012-12-28,1048.1801,2013-01-03,1074.25,4,6,0.0625,0.0015606,-6.25e-05,-1.25e-05,0.0,-1.82e-05,-2.6e-05,0.0,0.0014413,0.0248716,False
ISR125,2013-01-30,1047.59,2013-02-05,1073.73,4,6,0.0625,0.0015513,-6.25e-05,-1.25e-05,0.0,-1.82e-05,-2.6e-05,0.0,0.001432,0.0249525,False
ISR125,2013-02-27,1084.72,2013-03-05,1096.59,4,6,0.0625,0.0006837,-6.25e-05,-1.25e-05,0.0,-1.82e-05,-2.6e-05,0.0,0.0005644,0.0109429,False
ISR125,2013-03-28,1100.04,2013-04-04,1094.17,4,7,0.0625,-0.0003317,-6.25e-05,-1.25e-05,0.0,-2.13e-05,-3.04e-05,0.0,-0.0004583,-0.0053362,False
ISR125,2013-04-29,1073.9,2013-05-03,1080.85,4,4,0.0625,0.0004055,-6.25e-05,-1.25e-05,0.0,-1.22e-05,-1.74e-05,0.0,0.000301,0.0064717,False
ISR125,2013-05-30,1107.9,2013-06-05,1103.87,4,6,0.0625,-0.0002265,-6.25e-05,-1.25e-05,0.0,-1.3e-05,-2.6e-05,0.0,-0.0003405,-0.0036375,False
ISR125,2013-06-27,1069.5601,2013-07-03,1072.8,4,6,0.0625,0.0001923,-6.25e-05,-1.25e-05,0.0,-1.3e-05,-2.6e-05,0.0,7.82e-05,0.0030293,False
ISR125,2013-07-30,1093.16,2013-08-05,1100.16,4,6,0.0625,0.0003996,-6.25e-05,-1.25e-05,0.0,-1.3e-05,-2.6e-05,0.0,0.0002855,0.0064035,False
ISR125,2013-08-29,1081.6801,2013-09-09,1080.65,4,11,0.0625,-5.52e-05,-6.25e-05,-1.25e-05,0.0,-2.39e-05,-4.77e-05,0.0,-0.0002019,-0.0009522,False
ISR125,2013-09-27,1135.8199,2013-10-03,1136.91,4,6,0.0625,6.59e-05,-6.25e-05,-1.25e-05,0.0,-1.04e-05,-2.6e-05,0.0,-4.56e-05,0.0009597,False
ISR125,2013-10-30,1158.13,2013-11-06,1179.21,4,7,0.0625,0.0011335,-6.25e-05,-1.25e-05,0.0,-1.22e-05,-3.04e-05,0.0,0.0010159,0.0182017,False
ISR125,2013-11-27,1216.0601,2013-12-04,1216.5699,4,7,0.0625,3.08e-05,-6.25e-05,-1.25e-05,0.0,-1.22e-05,-3.04e-05,0.0,-8.67e-05,0.0004193,False
ISR125,2013-12-30,1200.3,2014-01-06,1206.46,4,7,0.0625,0.0003268,-6.25e-05,-1.25e-05,0.0,-1.22e-05,-3.04e-05,0.0,0.0002093,0.005132,False
ISR125,2014-01-29,1203.12,2014-02-05,1198.71,4,7,0.0625,-0.0002292,-6.25e-05,-1.25e-05,0.0,-1.22e-05,-3.04e-05,0.0,-0.0003468,-0.0036655,False
ISR125,2014-02-26,1251.91,2014-03-05,1269.9399,4,7,0.0625,0.0008983,-6.25e-05,-1.25e-05,0.0,-9.5e-06,-3.04e-05,0.0,0.0007834,0.0144019,False
ISR125,2014-03-27,1281.12,2014-04-03,1301.05,4,7,0.0625,0.0009681,-6.25e-05,-1.25e-05,0.0,-9.1e-06,-3.04e-05,0.0,0.0008536,0.0155567,False
ISR125,2014-04-29,1255.84,2014-05-08,1237.0601,4,9,0.0625,-0.0009343,-6.25e-05,-1.25e-05,0.0,-1.17e-05,-3.91e-05,0.0,-0.0010601,-0.0149541,False
ISR125,2014-05-28,1261.92,2014-06-09,1270.37,4,12,0.0625,0.0004198,-6.25e-05,-1.25e-05,0.0,-1.56e-05,-5.21e-05,0.0,0.0002771,0.0066961,False
ISR125,2014-06-26,1248.2,2014-07-03,1256.24,4,7,0.0625,0.0004021,-6.25e-05,-1.25e-05,0.0,-9.1e-06,-3.04e-05,0.0,0.0002876,0.0064413,False
ISR125,2014-07-30,1253.5699,2014-08-06,1238.41,4,7,0.0625,-0.0007576,-6.25e-05,-1.25e-05,0.0,-6.5e-06,-3.04e-05,0.0,-0.0008695,-0.0120934,False
ISR125,2014-08-27,1265.9399,2014-09-03,1285.33,4,7,0.0625,0.0009533,-6.25e-05,-1.25e-05,0.0,-3.5e-06,-3.04e-05,0.0,0.0008444,0.0153167,False
ISR125,2014-09-29,1305.0699,2014-10-06,1312.84,4,7,0.0625,0.0003765,-6.25e-05,-1.25e-05,0.0,-3e-06,-3.04e-05,0.0,0.000268,0.0059537,False
ISR125,2014-10-29,1284.34,2014-11-05,1299.72,4,7,0.0625,0.0007514,-6.25e-05,-1.25e-05,0.0,-3e-06,-3.04e-05,0.0,0.000643,0.011975,False
ISR125,2014-11-26,1302.1801,2014-12-03,1313.97,4,7,0.0625,0.0005658,-6.25e-05,-1.25e-05,0.0,-3e-06,-3.04e-05,0.0,0.0004574,0.009054,False
ISR125,2014-12-30,1275.58,2015-01-07,1280.84,4,8,0.0625,0.0002625,-6.25e-05,-1.25e-05,0.0,-3.5e-06,-3.47e-05,0.0,0.0001493,0.0041236,False
ISR125,2015-01-28,1277.08,2015-02-04,1279.5601,4,7,0.0625,0.0001236,-6.25e-05,-1.25e-05,0.0,-3e-06,-3.04e-05,0.0,1.52e-05,0.001942,False
ISR125,2015-02-25,1335.6,2015-03-04,1356.12,4,7,0.0625,0.0009602,-6.25e-05,-1.25e-05,0.0,-1.5e-06,-3.04e-05,0.0,0.0008533,0.0153639,False
ISR125,2015-03-30,1413.17,2015-04-06,1436.87,4,7,0.0625,0.0010423,-6.25e-05,-1.25e-05,0.0,-1.2e-06,-3.04e-05,0.0,0.0009357,0.0167708,False
ISR125,2015-04-29,1433.61,2015-05-06,1415.4399,4,7,0.0625,-0.0007946,-6.25e-05,-1.25e-05,0.0,-1.2e-06,-3.04e-05,0.0,-0.0009012,-0.0126743,False
ISR125,2015-05-27,1460.74,2015-06-03,1472.08,4,7,0.0625,0.0004879,-6.25e-05,-1.25e-05,0.0,-1.2e-06,-3.04e-05,0.0,0.0003813,0.0077632,False
ISR125,2015-06-29,1414.76,2015-07-06,1424.96,4,7,0.0625,0.0004564,-6.25e-05,-1.25e-05,0.0,-1.2e-06,-3.04e-05,0.0,0.0003498,0.0072097,False
ISR125,2015-07-29,1482.7,2015-08-05,1489.46,4,7,0.0625,0.000287,-6.25e-05,-1.25e-05,0.0,-1.2e-06,-3.04e-05,0.0,0.0001804,0.0045593,False
ISR125,2015-08-27,1398.12,2015-09-03,1400.61,4,7,0.0625,0.0001261,-6.25e-05,-1.25e-05,0.0,-1.2e-06,-3.04e-05,0.0,1.95e-05,0.001781,False
ISR125,2015-09-29,1303.1899,2015-10-07,1334.3199,4,8,0.0625,0.0014869,-6.25e-05,-1.25e-05,0.0,-1.4e-06,-3.47e-05,0.0,0.0013758,0.0238875,False
ISR125,2015-10-28,1360.34,2015-11-04,1371.37,4,7,0.0625,0.0005057,-6.25e-05,-1.25e-05,0.0,-1.2e-06,-3.04e-05,0.0,0.0003991,0.0081083,False
ISR125,2015-11-26,1346.13,2015-12-03,1347.97,4,7,0.0625,8.96e-05,-6.25e-05,-1.25e-05,0.0,-1.2e-06,-3.04e-05,0.0,-1.7e-05,0.0013669,False
ISR125,2015-12-30,1318.17,2016-01-06,1308.9399,4,7,0.0625,-0.0004343,-6.25e-05,-1.25e-05,0.0,-1.2e-06,-3.04e-05,0.0,-0.0005409,-0.0070022,False
ISR125,2016-01-27,1248.2,2016-02-03,1242.91,4,7,0.0625,-0.0002563,-6.25e-05,-1.25e-05,0.0,-1.2e-06,-3.04e-05,0.0,-0.0003629,-0.004238,False
ISR125,2016-02-25,1230.09,2016-03-03,1247.7,4,7,0.0625,0.0008911,-6.25e-05,-1.25e-05,0.0,-1.2e-06,-3.04e-05,0.0,0.0007845,0.014316,False
ISR125,2016-03-30,1260.8,2016-04-06,1252.17,4,7,0.0625,-0.000424,-6.25e-05,-1.25e-05,0.0,-1.2e-06,-3.04e-05,0.0,-0.0005306,-0.0068449,False
ISR125,2016-04-26,1264.11,2016-05-04,1221.42,4,8,0.0625,-0.0021353,-6.25e-05,-1.25e-05,0.0,-1.4e-06,-3.47e-05,0.0,-0.0022465,-0.0337707,False
ISR125,2016-05-30,1254.34,2016-06-06,1257.59,4,7,0.0625,0.0001621,-6.25e-05,-1.25e-05,0.0,-1.2e-06,-3.04e-05,0.0,5.55e-05,0.002591,False
ISR125,2016-06-29,1211.09,2016-07-06,1216.23,4,7,0.0625,0.0002728,-6.25e-05,-1.25e-05,0.0,-1.2e-06,-3.04e-05,0.0,0.0001662,0.0042441,False
ISR125,2016-07-27,1274.52,2016-08-03,1267.39,4,7,0.0625,-0.0003459,-6.25e-05,-1.25e-05,0.0,-1.2e-06,-3.04e-05,0.0,-0.0004525,-0.0055943,False
ISR125,2016-08-30,1273.89,2016-09-06,1274.0601,4,7,0.0625,9.6e-06,-6.25e-05,-1.25e-05,0.0,-1.2e-06,-3.04e-05,0.0,-9.7e-05,0.0001335,False
ISR125,2016-09-28,1272.1899,2016-10-10,1266.24,4,12,0.0625,-0.0002882,-6.25e-05,-1.25e-05,0.0,-2.1e-06,-5.21e-05,0.0,-0.0004173,-0.0046769,False
ISR125,2016-10-27,1252.01,2016-11-03,1216.0601,4,7,0.0625,-0.0018092,-6.25e-05,-1.25e-05,0.0,-1.2e-06,-3.04e-05,0.0,-0.0019158,-0.0287138,False
ISR125,2016-11-29,1266.3199,2016-12-06,1263.34,4,7,0.0625,-0.0001439,-6.25e-05,-1.25e-05,0.0,-1.2e-06,-3.04e-05,0.0,-0.0002505,-0.0023533,False
ISR125,2016-12-28,1290.33,2017-01-04,1287.77,4,7,0.0625,-0.0001223,-6.25e-05,-1.25e-05,0.0,-1.2e-06,-3.04e-05,0.0,-0.0002289,-0.0019839,False
ISR125,2017-01-30,1240.74,2017-02-06,1248.85,4,7,0.0625,0.0004104,-6.25e-05,-1.25e-05,0.0,-1.2e-06,-3.04e-05,0.0,0.0003038,0.0065364,False
ISR125,2017-02-27,1277.97,2017-03-06,1273.1801,4,7,0.0625,-0.0002208,-6.25e-05,-1.25e-05,0.0,-1.2e-06,-3.04e-05,0.0,-0.0003274,-0.0037481,False
ISR125,2017-03-29,1253.3,2017-04-05,1264.04,4,7,0.0625,0.0005357,-6.25e-05,-1.25e-05,0.0,-1.2e-06,-3.04e-05,0.0,0.0004291,0.0085694,False
ISR125,2017-04-26,1274.28,2017-05-08,1289.27,4,12,0.0625,0.0007351,-6.25e-05,-1.25e-05,0.0,-2.1e-06,-5.21e-05,0.0,0.0006059,0.0117635,False
ISR125,2017-05-25,1301.39,2017-06-06,1293.27,4,12,0.0625,-0.0003891,-6.25e-05,-1.25e-05,0.0,-2.1e-06,-5.21e-05,0.0,-0.0005183,-0.0062395,False
ISR125,2017-06-28,1290.08,2017-07-05,1293.23,4,7,0.0625,0.0001536,-6.25e-05,-1.25e-05,0.0,-1.2e-06,-3.04e-05,0.0,4.7e-05,0.0024417,False
ISR125,2017-07-27,1303.29,2017-08-07,1264.25,4,11,0.0625,-0.0018921,-6.25e-05,-1.25e-05,0.0,-1.9e-06,-4.77e-05,0.0,-0.0020168,-0.029955,False
ISR125,2017-08-30,1262.26,2017-09-06,1267.0699,4,7,0.0625,0.0002411,-6.25e-05,-1.25e-05,0.0,-1.2e-06,-3.04e-05,0.0,0.0001345,0.0038106,False
ISR125,2017-09-27,1291.98,2017-10-09,1316.0601,4,12,0.0625,0.001159,-6.25e-05,-1.25e-05,0.0,-2.1e-06,-5.21e-05,0.0,0.0010299,0.0186381,False
ISR125,2017-10-30,1315.1801,2017-11-06,1303.63,4,7,0.0625,-0.0005474,-6.25e-05,-1.25e-05,0.0,-1.2e-06,-3.04e-05,0.0,-0.000654,-0.0087821,False
ISR125,2017-11-29,1326.61,2017-12-06,1319.1899,4,7,0.0625,-0.000348,-6.25e-05,-1.25e-05,0.0,-1.2e-06,-3.04e-05,0.0,-0.0004546,-0.0055932,False
ISR125,2017-12-27,1359.5699,2018-01-04,1387.67,4,8,0.0625,0.0012864,-6.25e-05,-1.25e-05,0.0,-1.4e-06,-3.47e-05,0.0,0.0011753,0.0206684,False
ISR125,2018-01-30,1398.8199,2018-02-06,1348.38,4,7,0.0625,-0.0022666,-6.25e-05,-1.25e-05,0.0,-1.2e-06,-3.04e-05,0.0,-0.0023732,-0.0360589,False
ISR125,2018-02-27,1370.72,2018-03-07,1339.87,4,8,0.0625,-0.0014121,-6.25e-05,-1.25e-05,0.0,-1.4e-06,-3.47e-05,0.0,-0.0015232,-0.0225064,False
ISR125,2018-03-28,1309.21,2018-04-04,1270.0699,4,7,0.0625,-0.0018794,-6.25e-05,-1.25e-05,0.0,-1.2e-06,-3.04e-05,0.0,-0.001986,-0.0298959,False
ISR125,2018-04-26,1330.79,2018-05-03,1333.41,4,7,0.0625,0.0001258,-6.25e-05,-1.25e-05,0.0,-1.2e-06,-3.04e-05,0.0,1.92e-05,0.0019688,False
ISR125,2018-05-30,1364.74,2018-06-06,1381.85,4,7,0.0625,0.0007824,-6.25e-05,-1.25e-05,0.0,-1.2e-06,-3.04e-05,0.0,0.0006758,0.0125372,False
ISR125,2018-06-27,1375.01,2018-07-04,1365.78,4,7,0.0625,-0.000418,-6.25e-05,-1.25e-05,0.0,-1.2e-06,-3.04e-05,0.0,-0.0005246,-0.0067127,False
ISR125,2018-07-30,1407.12,2018-08-06,1429.46,4,7,0.0625,0.0009919,-6.25e-05,-1.25e-05,0.0,-1.2e-06,-3.04e-05,0.0,0.0008853,0.0158764,False
ISR125,2018-08-29,1489.24,2018-09-05,1467.33,4,7,0.0625,-0.0009189,-6.25e-05,-1.25e-05,0.0,-1.2e-06,-3.04e-05,0.0,-0.0010255,-0.0147122,False
ISR125,2018-09-26,1493.16,2018-10-04,1480.26,4,8,0.0625,-0.0005346,-6.25e-05,-1.25e-05,0.0,-1.4e-06,-3.47e-05,0.0,-0.0006457,-0.0086394,False
ISR125,2018-10-29,1422.8,2018-11-06,1464.22,4,8,0.0625,0.0018046,-6.25e-05,-1.25e-05,0.0,-1.4e-06,-3.47e-05,0.0,0.0016935,0.0291116,False
ISR125,2018-11-28,1472.36,2018-12-05,1480.55,4,7,0.0625,0.0003602,-6.25e-05,-1.25e-05,0.0,-2.8e-06,-3.04e-05,0.0,0.0002521,0.0055625,False
ISR125,2018-12-27,1314.1,2019-01-03,1320.16,4,7,0.0625,0.0003056,-6.25e-05,-1.25e-05,0.0,-3e-06,-3.04e-05,0.0,0.0001972,0.0046116,False
ISR125,2019-01-30,1403.34,2019-02-06,1414.91,4,7,0.0625,0.0005165,-6.25e-05,-1.25e-05,0.0,-3e-06,-3.04e-05,0.0,0.0004081,0.0082447,False
ISR125,2019-02-27,1425.21,2019-03-06,1428.84,4,7,0.0625,0.0001647,-6.25e-05,-1.25e-05,0.0,-3e-06,-3.04e-05,0.0,5.63e-05,0.002547,False
ISR125,2019-03-27,1415.34,2019-04-03,1434.72,4,7,0.0625,0.0008628,-6.25e-05,-1.25e-05,0.0,-3e-06,-3.04e-05,0.0,0.0007544,0.0136928,False
ISR125,2019-04-29,1487.2,2019-05-06,1448.6801,4,7,0.0625,-0.0016329,-6.25e-05,-1.25e-05,0.0,-3e-06,-3.04e-05,0.0,-0.0017413,-0.025901,False
ISR125,2019-05-29,1429.83,2019-06-05,1435.9,4,7,0.0625,0.0002716,-6.25e-05,-1.25e-05,0.0,-3e-06,-3.04e-05,0.0,0.0001632,0.0042453,False
ISR125,2019-06-26,1462.61,2019-07-03,1487.54,4,7,0.0625,0.0010606,-6.25e-05,-1.25e-05,0.0,-3e-06,-3.04e-05,0.0,0.0009522,0.0170449,False
ISR125,2019-07-30,1500.13,2019-08-06,1491.75,4,7,0.0625,-0.0003314,-6.25e-05,-1.25e-05,0.0,-3e-06,-3.04e-05,0.0,-0.0004398,-0.0055862,False
ISR125,2019-08-28,1460.66,2019-09-04,1478.66,4,7,0.0625,0.0007742,-6.25e-05,-1.25e-05,0.0,-3e-06,-3.04e-05,0.0,0.0006658,0.0123232,False
ISR125,2019-09-25,1520.49,2019-10-07,1532.61,4,12,0.0625,0.0005098,-6.25e-05,-1.25e-05,0.0,-5.2e-06,-5.21e-05,0.0,0.0003775,0.0079711,False
ISR125,2019-10-30,1577.23,2019-11-06,1583.66,4,7,0.0625,0.0002569,-6.25e-05,-1.25e-05,0.0,-3e-06,-3.04e-05,0.0,0.0001484,0.0040768,False
ISR125,2019-11-27,1617.6801,2019-12-04,1600.7,4,7,0.0625,-0.0006495,-6.25e-05,-1.25e-05,0.0,-3e-06,-3.04e-05,0.0,-0.0007579,-0.0104966,False
ISR125,2019-12-30,1605.36,2020-01-06,1617.15,4,7,0.0625,0.0004627,-6.25e-05,-1.25e-05,0.0,-3e-06,-3.04e-05,0.0,0.0003543,0.0073442,False
ISR125,2020-01-29,1643.28,2020-02-05,1657.02,4,7,0.0625,0.0005513,-6.25e-05,-1.25e-05,0.0,-3e-06,-3.04e-05,0.0,0.0004428,0.0083613,False
ISR125,2020-02-26,1609.09,2020-03-05,1479.9301,4,8,0.0625,-0.0051485,-6.25e-05,-1.25e-05,0.0,-3.5e-06,-3.47e-05,0.0,-0.0052617,-0.0802689,False
ISR125,2020-03-30,1243.6899,2020-04-06,1270.15,4,7,0.0625,0.0013972,-6.25e-05,-1.25e-05,0.0,-3e-06,-3.04e-05,0.0,0.0012887,0.0212755,False
ISR125,2020-04-27,1392.3101,2020-05-06,1394.65,4,9,0.0625,0.00016,-6.25e-05,-1.25e-05,0.0,-1.6e-06,-3.91e-05,0.0,4.44e-05,0.0016806,False
ISR125,2020-05-26,1425.45,2020-06-03,1407.02,4,8,0.0625,-0.0008098,-6.25e-05,-1.25e-05,0.0,-1.4e-06,-3.47e-05,0.0,-0.0009209,-0.0129292,False
ISR125,2020-06-29,1310.77,2020-07-06,1370.45,4,7,0.0625,0.0028214,-6.25e-05,-1.25e-05,0.0,-1.2e-06,-3.04e-05,0.0,0.0027148,0.0455304,False
ISR125,2020-07-28,1380.2,2020-08-05,1418.79,4,8,0.0625,0.0017331,-6.25e-05,-1.25e-05,0.0,-1.4e-06,-3.47e-05,0.0,0.0016219,0.0279598,False
ISR125,2020-08-27,1439.24,2020-09-03,1368.9301,4,7,0.0625,-0.0030897,-6.25e-05,-1.25e-05,0.0,-1.2e-06,-3.04e-05,0.0,-0.0031963,-0.0488521,False
ISR125,2020-09-29,1331.27,2020-10-06,1388.09,4,7,0.0625,0.0026318,-6.25e-05,-1.25e-05,0.0,-1.2e-06,-3.04e-05,0.0,0.0025252,0.042681,False
ISR125,2020-10-28,1353.0,2020-11-04,1410.66,4,7,0.0625,0.002624,-6.25e-05,-1.25e-05,0.0,-1.2e-06,-3.04e-05,0.0,0.0025174,0.0426164,False
ISR125,2020-11-26,1538.52,2020-12-03,1494.41,4,7,0.0625,-0.0017974,-6.25e-05,-1.25e-05,0.0,-1.2e-06,-3.04e-05,0.0,-0.001904,-0.0286704,False
ISR125,2020-12-30,1567.46,2021-01-06,1570.9399,4,7,0.0625,0.000142,-6.25e-05,-1.25e-05,0.0,-1.2e-06,-3.04e-05,0.0,3.54e-05,0.0022201,False
ISR125,2021-01-27,1639.35,2021-02-03,1655.4301,4,7,0.0625,0.0006142,-6.25e-05,-1.25e-05,0.0,-1.2e-06,-3.04e-05,0.0,0.0005076,0.0098088,False
ISR125,2021-02-24,1615.34,2021-03-03,1614.67,4,7,0.0625,-1.65e-05,-6.25e-05,-1.25e-05,0.0,-1.2e-06,-3.04e-05,0.0,-0.0001231,-0.0004147,False
ISR125,2021-03-30,1660.34,2021-04-06,1687.76,4,7,0.0625,0.0010291,-6.25e-05,-1.25e-05,0.0,-1.2e-06,-3.04e-05,0.0,0.0009225,0.0165147,False
ISR125,2021-04-28,1705.38,2021-05-05,1729.15,4,7,0.0625,0.0008743,-6.25e-05,-1.25e-05,0.0,-1.2e-06,-3.04e-05,0.0,0.0007677,0.0139383,False
ISR125,2021-05-27,1774.47,2021-06-03,1750.92,4,7,0.0625,-0.000831,-6.25e-05,-1.25e-05,0.0,-1.2e-06,-3.04e-05,0.0,-0.0009376,-0.0132715,False
ISR125,2021-06-29,1768.15,2021-07-06,1763.88,4,7,0.0625,-0.0001507,-6.25e-05,-1.25e-05,0.0,-1.2e-06,-3.04e-05,0.0,-0.0002573,-0.002415,False
ISR125,2021-07-28,1755.03,2021-08-04,1758.71,4,7,0.0625,0.0001418,-6.25e-05,-1.25e-05,0.0,-1.2e-06,-3.04e-05,0.0,3.52e-05,0.0020968,False
ISR125,2021-08-30,1828.5601,2021-09-09,1856.61,4,10,0.0625,0.000963,-6.25e-05,-1.25e-05,0.0,-1.7e-06,-4.34e-05,0.0,0.0008429,0.0153399,False
ISR125,2021-09-29,1855.78,2021-10-06,1837.96,4,7,0.0625,-0.0005979,-6.25e-05,-1.25e-05,0.0,-1.2e-06,-3.04e-05,0.0,-0.0007045,-0.0096025,False
ISR125,2021-10-27,1930.9,2021-11-03,1963.4399,4,7,0.0625,0.0010541,-6.25e-05,-1.25e-05,0.0,-1.2e-06,-3.04e-05,0.0,0.0009475,0.0168522,False
ISR125,2021-11-29,1969.16,2021-12-06,1968.0601,4,7,0.0625,-2.16e-05,-6.25e-05,-1.25e-05,0.0,-1.2e-06,-3.04e-05,0.0,-0.0001282,-0.0005586,False
ISR125,2021-12-29,2048.6001,2022-01-05,2105.48,4,7,0.0625,0.0017209,-6.25e-05,-1.25e-05,0.0,-1.2e-06,-3.04e-05,0.0,0.0016143,0.0277652,False
ISR125,2022-01-27,2020.83,2022-02-03,2041.84,4,7,0.0625,0.0006525,-6.25e-05,-1.25e-05,0.0,-1.2e-06,-3.04e-05,0.0,0.0005459,0.0103967,False
ISR125,2022-02-24,2009.77,2022-03-03,2036.71,4,7,0.0625,0.0008514,-6.25e-05,-1.25e-05,0.0,-1.2e-06,-3.04e-05,0.0,0.0007448,0.0134045,False
ISR125,2022-03-30,2116.3401,2022-04-06,2117.21,4,7,0.0625,4.79e-05,-6.25e-05,-1.25e-05,0.0,-1.2e-06,-3.04e-05,0.0,-5.87e-05,0.000411,False
ISR125,2022-04-27,2087.04,2022-05-09,1936.41,4,12,0.0625,-0.004565,-6.25e-05,-1.25e-05,0.0,-7.3e-06,-5.21e-05,0.0,-0.0046994,-0.072174,False
ISR125,2022-05-30,1973.24,2022-06-06,1977.6,4,7,0.0625,0.0001471,-6.25e-05,-1.25e-05,0.0,-9.1e-06,-3.04e-05,0.0,3.26e-05,0.0022096,False
ISR125,2022-06-29,1926.1,2022-07-06,1882.66,4,7,0.0625,-0.0014024,-6.25e-05,-1.25e-05,0.0,-9.1e-06,-3.04e-05,0.0,-0.0015169,-0.0225533,False
ISR125,2022-07-27,1971.08,2022-08-03,2005.51,4,7,0.0625,0.0010903,-6.25e-05,-1.25e-05,0.0,-1.52e-05,-3.04e-05,0.0,0.0009697,0.0174676,False
ISR125,2022-08-30,2071.53,2022-09-06,2033.63,4,7,0.0625,-0.0011495,-6.25e-05,-1.25e-05,0.0,-2.43e-05,-3.04e-05,0.0,-0.0012792,-0.0182957,False
ISR125,2022-09-28,1918.26,2022-10-11,1881.1,4,13,0.0625,-0.0012025,-6.25e-05,-1.25e-05,0.0,-4.51e-05,-5.64e-05,0.0,-0.0013791,-0.0193717,False
ISR125,2022-10-27,1956.84,2022-11-07,1920.34,4,11,0.0625,-0.0011688,-6.25e-05,-1.25e-05,0.0,-5.25e-05,-4.77e-05,0.0,-0.0013441,-0.0186525,False
ISR125,2022-11-29,1895.37,2022-12-06,1881.37,4,7,0.0625,-0.0004506,-6.25e-05,-1.25e-05,0.0,-3.95e-05,-3.04e-05,0.0,-0.0005955,-0.0073864,False
ISR125,2022-12-28,1803.15,2023-01-04,1815.76,4,7,0.0625,0.0004373,-6.25e-05,-1.25e-05,0.0,-3.95e-05,-3.04e-05,0.0,0.0002924,0.0069933,False
ISR125,2023-01-30,1797.4301,2023-02-06,1846.8,4,7,0.0625,0.0017229,-6.25e-05,-1.25e-05,0.0,-4.56e-05,-3.04e-05,0.0,0.0015719,0.027467,False
ISR125,2023-02-27,1722.99,2023-03-06,1779.89,4,7,0.0625,0.0020548,-6.25e-05,-1.25e-05,0.0,-5.16e-05,-3.04e-05,0.0,0.0018977,0.033024,False
ISR125,2023-03-29,1720.33,2023-04-10,1739.5699,4,12,0.0625,0.0006961,-6.25e-05,-1.25e-05,0.0,-8.85e-05,-5.21e-05,0.0,0.0004805,0.0111839,False
ISR125,2023-04-24,1727.64,2023-05-03,1792.05,4,9,0.0625,0.0023006,-6.25e-05,-1.25e-05,0.0,-7.03e-05,-3.91e-05,0.0,0.0021162,0.0372821,False
ISR125,2023-05-30,1760.54,2023-06-06,1756.6801,4,7,0.0625,-0.0001175,-6.25e-05,-1.25e-05,0.0,-5.77e-05,-3.04e-05,0.0,-0.0002806,-0.0021925,False
ISR125,2023-06-28,1774.14,2023-07-05,1811.64,4,7,0.0625,0.0013117,-6.25e-05,-1.25e-05,0.0,-5.77e-05,-3.04e-05,0.0,0.0011486,0.021137,False
ISR125,2023-07-26,1861.23,2023-08-03,1867.6,4,8,0.0625,0.0002221,-6.25e-05,-1.25e-05,0.0,-6.6e-05,-3.47e-05,0.0,4.64e-05,0.0034225,False
ISR125,2023-08-30,1869.51,2023-09-06,1866.24,4,7,0.0625,-0.0001044,-6.25e-05,-1.25e-05,0.0,-5.77e-05,-3.04e-05,0.0,-0.0002675,-0.0017491,False
ISR125,2023-09-27,1870.3199,2023-10-04,1864.8,4,7,0.0625,-0.0001706,-6.25e-05,-1.25e-05,0.0,-5.77e-05,-3.04e-05,0.0,-0.0003337,-0.0029513,False
ISR125,2023-10-30,1656.96,2023-11-06,1722.41,4,7,0.0625,0.0024388,-6.25e-05,-1.25e-05,0.0,-5.77e-05,-3.04e-05,0.0,0.0022756,0.0395001,False
ISR125,2023-11-29,1825.03,2023-12-06,1835.22,4,7,0.0625,0.0003658,-6.25e-05,-1.25e-05,0.0,-5.77e-05,-3.04e-05,0.0,0.0002027,0.0055834,False
ISR125,2023-12-27,1883.2,2024-01-03,1902.29,4,7,0.0625,0.0006563,-6.25e-05,-1.25e-05,0.0,-5.77e-05,-3.04e-05,0.0,0.0004932,0.010137,False
ISR125,2024-01-30,1870.75,2024-02-06,1874.85,4,7,0.0625,0.0001457,-6.25e-05,-1.25e-05,0.0,-5.47e-05,-3.04e-05,0.0,-1.44e-05,0.0021916,False
ISR125,2024-02-28,1964.1899,2024-03-06,1987.62,4,7,0.0625,0.0007468,-6.25e-05,-1.25e-05,0.0,-5.47e-05,-3.04e-05,0.0,0.0005868,0.0119286,False
ISR125,2024-03-27,2034.37,2024-04-03,2006.0699,4,7,0.0625,-0.0008634,-6.25e-05,-1.25e-05,0.0,-5.47e-05,-3.04e-05,0.0,-0.0010235,-0.013911,False
ISR125,2024-04-25,1948.36,2024-05-06,1966.83,4,11,0.0625,0.0005962,-6.25e-05,-1.25e-05,0.0,-8.59e-05,-4.77e-05,0.0,0.0003876,0.0094798,False
ISR125,2024-05-29,1989.86,2024-06-05,1963.4399,4,7,0.0625,-0.0008261,-6.25e-05,-1.25e-05,0.0,-5.47e-05,-3.04e-05,0.0,-0.0009861,-0.0132773,False
ISR125,2024-06-26,1962.59,2024-07-03,1961.4399,4,7,0.0625,-3.24e-05,-6.25e-05,-1.25e-05,0.0,-5.47e-05,-3.04e-05,0.0,-0.0001925,-0.000586,False
ISR125,2024-07-30,1994.34,2024-08-06,1935.8,4,7,0.0625,-0.0018163,-6.25e-05,-1.25e-05,0.0,-5.47e-05,-3.04e-05,0.0,-0.0019764,-0.029353,False
ISR125,2024-08-28,2080.1799,2024-09-04,2045.6,4,7,0.0625,-0.0010415,-6.25e-05,-1.25e-05,0.0,-5.47e-05,-3.04e-05,0.0,-0.0012015,-0.0166235,False
ISR125,2024-09-26,2091.27,2024-10-08,2092.3899,4,12,0.0625,4.35e-05,-6.25e-05,-1.25e-05,0.0,-9.38e-05,-5.21e-05,0.0,-0.0001773,0.0005355,False
ISR125,2024-10-30,2224.21,2024-11-06,2229.49,4,7,0.0625,0.0001499,-6.25e-05,-1.25e-05,0.0,-5.47e-05,-3.04e-05,0.0,-1.02e-05,0.0023739,False
ISR125,2024-11-27,2306.52,2024-12-04,2364.6101,4,7,0.0625,0.0015673,-6.25e-05,-1.25e-05,0.0,-5.47e-05,-3.04e-05,0.0,0.0014072,0.0251852,False
ISR125,2024-12-30,2393.01,2025-01-06,2500.97,4,7,0.0625,0.0027777,-6.25e-05,-1.25e-05,0.0,-5.47e-05,-3.04e-05,0.0,0.0026177,0.0451147,False
ISR125,2025-01-29,2519.46,2025-02-05,2578.3,4,7,0.0625,0.0014589,-6.25e-05,-1.25e-05,0.0,-5.47e-05,-3.04e-05,0.0,0.0012988,0.0233542,False
ISR125,2025-02-26,2542.5,2025-03-05,2535.55,4,7,0.0625,-0.0001518,-6.25e-05,-1.25e-05,0.0,-5.47e-05,-3.04e-05,0.0,-0.0003118,-0.0027335,False
ISR125,2025-03-27,2490.1699,2025-04-03,2481.3301,4,7,0.0625,-0.0002007,-6.25e-05,-1.25e-05,0.0,-5.47e-05,-3.04e-05,0.0,-0.0003607,-0.0035499,False
ISR125,2025-04-28,2548.8501,2025-05-07,2641.72,4,9,0.0625,0.0022498,-6.25e-05,-1.25e-05,0.0,-7.03e-05,-3.91e-05,0.0,0.0020654,0.036436,False
ISR125,2025-05-28,2710.4099,2025-06-05,2753.3799,4,8,0.0625,0.000988,-6.25e-05,-1.25e-05,0.0,-6.25e-05,-3.47e-05,0.0,0.0008157,0.0158537,False
ISR125,2025-06-26,2952.4099,2025-07-03,3097.3101,4,7,0.0625,0.0030227,-6.25e-05,-1.25e-05,0.0,-5.47e-05,-3.04e-05,0.0,0.0028627,0.0490786,False
ISR125,2025-07-30,3086.73,2025-08-06,2977.1899,4,7,0.0625,-0.0022449,-6.25e-05,-1.25e-05,0.0,-5.47e-05,-3.04e-05,0.0,-0.002405,-0.0354874,False
ISR125,2025-08-27,3133.5901,2025-09-03,3076.3701,4,7,0.0625,-0.001139,-6.25e-05,-1.25e-05,0.0,-5.47e-05,-3.04e-05,0.0,-0.0012991,-0.0182602,False
ISR125,2025-09-29,3149.22,2025-10-15,3325.28,4,16,0.0625,0.0034555,-6.25e-05,-1.25e-05,0.0,-0.000125,-6.94e-05,0.0,0.003186,0.0559059,False
ISR125,2025-10-29,3329.8799,2025-11-05,3410.0801,4,7,0.0625,0.0014969,-6.25e-05,-1.25e-05,0.0,-5.47e-05,-3.04e-05,0.0,0.0013368,0.024085,False
ISR125,2025-11-26,3419.45,2025-12-03,3511.2,4,7,0.0625,0.0016711,-6.25e-05,-1.25e-05,0.0,-5.21e-05,-3.04e-05,0.0,0.0015136,0.0268318,False
ISR125,2025-12-30,3687.51,2026-01-06,3890.8,4,7,0.0625,0.0033987,-6.25e-05,-1.25e-05,0.0,-5.16e-05,-3.04e-05,0.0,0.0032417,0.0551294,False
ISR125,2026-01-29,3982.8999,2026-02-04,4100.96,4,6,0.0625,0.0018384,-6.25e-05,-1.25e-05,0.0,-4.17e-05,-2.6e-05,0.0,0.0016957,0.0296417,False
ISR125,2026-02-26,4054.24,2026-03-05,4331.8501,4,7,0.0625,0.0042118,-6.25e-05,-1.25e-05,0.0,-4.86e-05,-3.04e-05,0.0,0.0040578,0.068474,False
ISR125,2026-03-30,3941.78,2026-04-09,4255.8301,4,10,0.0625,0.00484,-6.25e-05,-1.25e-05,0.0,-6.94e-05,-4.34e-05,0.0,0.0046521,0.0796721,False
ISR125,2026-04-29,4312.3999,2026-05-05,4481.04,4,6,0.0625,0.0024134,-6.25e-05,-1.25e-05,0.0,-4.17e-05,-2.6e-05,0.0,0.0022707,0.0391059,False
ISR125,2026-05-28,4399.0601,2026-06-03,4226.5,4,6,0.0625,-0.0024358,-6.25e-05,-1.25e-05,0.0,-3.91e-05,-2.6e-05,0.0,-0.0025759,-0.0392266,False
ISR125,2026-06-29,3966.24,2026-07-03,4099.6201,4,4,0.0625,0.0020804,-6.25e-05,-1.25e-05,0.0,-2.6e-05,-1.74e-05,0.0,0.001962,0.0336289,False
ISR125,2026-07-30,4021.6799,2026-08-05,4023.1399,4,6,0.0625,3.25e-05,-6.25e-05,-1.25e-05,0.0,-3.65e-05,-2.6e-05,0.0,-0.000105,0.000363,False
MYS30,1995-11-29,949.86,1995-12-05,991.57,4,6,0.0625,0.0027097,-6.25e-05,-1.25e-05,0.0,-7.41e-05,-2.6e-05,0.0,0.0025345,0.0439118,False
MYS30,1995-12-28,993.93,1996-01-04,1046.1,4,7,0.0625,0.00324,-6.25e-05,-1.25e-05,0.0,-8.7e-05,-3.04e-05,0.0,0.0030477,0.0524886,False
MYS30,1996-01-30,1052.89,1996-02-06,1082.79,4,7,0.0625,0.0017605,-6.25e-05,-1.25e-05,0.0,-8.61e-05,-3.04e-05,0.0,0.001569,0.0283981,False
MYS30,1996-02-28,1076.95,1996-03-04,1106.9,3,5,0.0625,0.0017227,-6.25e-05,-1.25e-05,0.0,-6.18e-05,-2.17e-05,0.0,0.0015642,0.0278101,False
MYS30,1996-03-28,1146.87,1996-04-02,1153.22,3,5,0.0625,0.0003479,-6.25e-05,-1.25e-05,0.0,-6.33e-05,-2.17e-05,0.0,0.0001879,0.0055368,False
MYS30,1996-04-26,1173.4301,1996-05-06,1164.3199,4,10,0.0625,-0.0004752,-6.25e-05,-1.25e-05,0.0,-0.0001269,-4.34e-05,0.0,-0.0007205,-0.0077637,False
MYS30,1996-05-29,1137.95,1996-06-05,1135.39,4,7,0.0625,-0.0001381,-6.25e-05,-1.25e-05,0.0,-8.99e-05,-3.04e-05,0.0,-0.0003334,-0.0022496,False
MYS30,1996-06-27,1135.62,1996-07-03,1135.0699,4,6,0.0625,-2.95e-05,-6.25e-05,-1.25e-05,0.0,-7.6e-05,-2.6e-05,0.0,-0.0002066,-0.0004844,False
MYS30,1996-07-30,1053.28,1996-08-05,1106.29,4,6,0.0625,0.0030901,-6.25e-05,-1.25e-05,0.0,-7.61e-05,-2.6e-05,0.0,0.0029129,0.0503285,False
MYS30,1996-08-29,1110.49,1996-09-04,1105.42,4,6,0.0625,-0.0002724,-6.25e-05,-1.25e-05,0.0,-7.6e-05,-2.6e-05,0.0,-0.0004495,-0.0045655,False
MYS30,1996-09-27,1129.14,1996-10-03,1147.72,4,6,0.0625,0.0010231,-6.25e-05,-1.25e-05,0.0,-7.64e-05,-2.6e-05,0.0,0.0008457,0.016455,False
MYS30,1996-10-30,1160.74,1996-11-05,1176.8101,4,6,0.0625,0.0008616,-6.25e-05,-1.25e-05,0.0,-7.68e-05,-2.6e-05,0.0,0.0006837,0.0138447,False
MYS30,1996-11-28,1231.1,1996-12-04,1223.78,4,6,0.0625,-0.0003707,-6.25e-05,-1.25e-05,0.0,-7.68e-05,-2.6e-05,0.0,-0.0005486,-0.0059459,False
MYS30,1996-12-30,1214.6899,1997-01-06,1233.12,4,7,0.0625,0.0009537,-6.25e-05,-1.25e-05,0.0,-8.96e-05,-3.04e-05,0.0,0.0007587,0.0151726,False
MYS30,1997-01-30,1215.03,1997-02-05,1241.95,4,6,0.0625,0.0013749,-6.25e-05,-1.25e-05,0.0,-7.63e-05,-2.6e-05,0.0,0.0011976,0.0221558,False
MYS30,1997-02-27,1259.4399,1997-03-05,1252.28,4,6,0.0625,-0.0003479,-6.25e-05,-1.25e-05,0.0,-7.66e-05,-2.6e-05,0.0,-0.0005255,-0.005685,False
MYS30,1997-03-28,1217.64,1997-04-01,1187.77,2,4,0.0625,-0.0015427,-6.25e-05,-1.25e-05,0.0,-5.36e-05,-1.74e-05,0.0,-0.0016887,-0.0245311,False
MYS30,1997-04-29,1059.51,1997-04-30,1080.17,1,1,0.0625,0.0012187,-6.25e-05,-1.25e-05,0.0,-1.29e-05,-4.3e-06,0.0,0.0011265,0.0194996,False
MYS30,1997-05-02,1097.96,1997-05-06,1090.0,2,4,0.0625,-0.0004539,-6.25e-05,-1.25e-05,0.0,-5.16e-05,-1.74e-05,0.0,-0.0005979,-0.0072498,False
MYS30,1997-05-30,1104.83,1997-06-02,1117.97,1,3,0.0625,0.0007433,-6.25e-05,-1.25e-05,0.0,-4.36e-05,-1.3e-05,0.0,0.0006117,0.0118932,False
MYS30,1997-06-27,1070.0601,1997-07-03,1080.61,4,6,0.0625,0.0006161,-6.25e-05,-1.25e-05,0.0,-7.84e-05,-2.6e-05,0.0,0.0004367,0.0098592,False
MYS30,1997-07-30,1024.74,1997-08-05,945.08,4,6,0.0625,-0.0049946,-6.25e-05,-1.25e-05,0.0,-8.31e-05,-2.6e-05,0.0,-0.0051787,-0.0777368,False
MYS30,1997-08-28,812.18,1997-09-04,731.12,4,7,0.0625,-0.0064395,-6.25e-05,-1.25e-05,0.0,-0.0001009,-3.04e-05,0.0,-0.0066457,-0.0998055,False
MYS30,1997-09-29,809.07,1997-10-03,797.29,4,4,0.0625,-0.0008959,-6.25e-05,-1.25e-05,0.0,-5.93e-05,-1.74e-05,0.0,-0.0010476,-0.01456,False
MYS30,1997-10-29,662.48,1997-11-03,716.72,2,5,0.0625,0.0051008,-6.25e-05,-1.25e-05,0.0,-7.55e-05,-2.17e-05,0.0,0.0049286,0.0818742,False
MYS30,1997-11-27,550.24,1997-12-02,536.95,3,5,0.0625,-0.0014867,-6.25e-05,-1.25e-05,0.0,-8.68e-05,-2.17e-05,0.0,-0.0016702,-0.0241531,False
MYS30,1997-12-30,589.39,1998-01-06,525.74,4,7,0.0625,-0.0069846,-6.25e-05,-1.25e-05,0.0,-0.0001097,-3.04e-05,0.0,-0.0071997,-0.107993,False
MYS30,1998-01-23,558.57,1998-02-05,712.81,4,13,0.0625,0.0167432,-6.25e-05,-1.25e-05,0.0,-0.0002257,-5.64e-05,0.0,0.0163861,0.2761337,False
MYS30,1998-02-26,727.7,1998-03-04,705.94,4,6,0.0625,-0.0018272,-6.25e-05,-1.25e-05,0.0,-0.0001146,-2.6e-05,0.0,-0.0020428,-0.0299024,False
MYS30,1998-03-30,722.96,1998-04-03,666.48,4,4,0.0625,-0.0050224,-6.25e-05,-1.25e-05,0.0,-7.64e-05,-1.74e-05,0.0,-0.0051911,-0.0781233,False
MYS30,1998-04-29,622.83,1998-05-06,584.62,4,7,0.0625,-0.0038776,-6.25e-05,-1.25e-05,0.0,-0.0001337,-3.04e-05,0.0,-0.0041167,-0.061349,False
MYS30,1998-05-28,544.74,1998-06-03,526.36,4,6,0.0625,-0.0020908,-6.25e-05,-1.25e-05,0.0,-0.0001146,-2.6e-05,0.0,-0.0023064,-0.0337409,False
MYS30,1998-06-29,450.77,1998-07-03,473.78,4,4,0.0625,0.0031605,-6.25e-05,-1.25e-05,0.0,-7.64e-05,-1.74e-05,0.0,0.0029917,0.051046,False
MYS30,1998-07-30,389.53,1998-08-05,380.29,4,6,0.0625,-0.0014046,-6.25e-05,-1.25e-05,0.0,-0.0001128,-2.6e-05,0.0,-0.0016185,-0.0237209,False
MYS30,1998-08-27,313.51,1998-09-03,313.07,4,7,0.0625,0.001098,-6.25e-05,-1.25e-05,0.0,-0.0001155,-3.04e-05,0.0,0.0008772,-0.0014035,False
MYS30,1998-09-29,377.52,1998-10-05,360.1,4,6,0.0625,-0.0029343,-6.25e-05,-1.25e-05,0.0,-8.33e-05,-2.6e-05,0.0,-0.0031186,-0.0461432,False
MYS30,1998-10-29,406.35,1998-11-04,431.7,4,6,0.0625,0.0038386,-6.25e-05,-1.25e-05,0.0,-7.81e-05,-2.6e-05,0.0,0.0036595,0.0623847,False
MYS30,1998-11-27,498.08,1998-12-03,521.76,4,6,0.0625,0.0029508,-6.25e-05,-1.25e-05,0.0,-7.29e-05,-2.6e-05,0.0,0.0027769,0.0475426,False
MYS30,1998-12-30,574.56,1999-01-06,586.48,4,7,0.0625,0.0013886,-6.25e-05,-1.25e-05,0.0,-8.51e-05,-3.04e-05,0.0,0.0011981,0.0207463,False
MYS30,1999-01-28,595.45,1999-02-04,577.32,4,7,0.0625,-0.0019007,-6.25e-05,-1.25e-05,0.0,-8.51e-05,-3.04e-05,0.0,-0.0020911,-0.0304476,False
MYS30,1999-02-25,549.24,1999-03-03,513.23,4,6,0.0625,-0.0041986,-6.25e-05,-1.25e-05,0.0,-7.29e-05,-2.6e-05,0.0,-0.0043725,-0.0655633,False
MYS30,1999-03-30,498.57,1999-04-05,535.84,4,6,0.0625,0.0046005,-6.25e-05,-1.25e-05,0.0,-7.29e-05,-2.6e-05,0.0,0.0044265,0.0747538,False
MYS30,1999-04-29,668.72,1999-05-05,710.59,4,6,0.0625,0.0038362,-6.25e-05,-1.25e-05,0.0,-6.6e-05,-2.6e-05,0.0,0.0036691,0.0626122,False
MYS30,1999-05-28,749.03,1999-06-03,744.5,4,6,0.0625,-0.0003555,-6.25e-05,-1.25e-05,0.0,-6.25e-05,-2.6e-05,0.0,-0.0005191,-0.0060479,False
MYS30,1999-06-29,829.72,1999-07-05,847.06,4,6,0.0625,0.0013408,-6.25e-05,-1.25e-05,0.0,-6.25e-05,-2.6e-05,0.0,0.0011773,0.0208986,False
MYS30,1999-07-29,774.52,1999-08-04,719.52,4,6,0.0625,-0.004482,-6.25e-05,-1.25e-05,0.0,-6.25e-05,-2.6e-05,0.0,-0.0046456,-0.0710117,False
MYS30,1999-08-27,764.79,1999-09-03,745.32,4,7,0.0625,-0.0015783,-6.25e-05,-1.25e-05,0.0,-6.68e-05,-3.04e-05,0.0,-0.0017505,-0.0254579,False
MYS30,1999-09-29,683.51,1999-10-05,710.23,4,6,0.0625,0.002452,-6.25e-05,-1.25e-05,0.0,-5.73e-05,-2.6e-05,0.0,0.0022936,0.0390923,False
MYS30,1999-10-28,750.2,1999-11-03,730.62,4,6,0.0625,-0.0016406,-6.25e-05,-1.25e-05,0.0,-5.73e-05,-2.6e-05,0.0,-0.0017989,-0.0260997,False
MYS30,1999-11-26,745.91,1999-12-03,724.63,4,7,0.0625,-0.0017977,-6.25e-05,-1.25e-05,0.0,-6.68e-05,-3.04e-05,0.0,-0.0019699,-0.0285289,False
MYS30,1999-12-29,804.74,2000-01-05,815.8,4,7,0.0625,0.0008908,-6.25e-05,-1.25e-05,0.0,-6.68e-05,-3.04e-05,0.0,0.0007186,0.0137436,False
MYS30,2000-01-28,935.57,2000-02-08,979.05,4,11,0.0625,0.0028843,-6.25e-05,-1.25e-05,0.0,-0.000105,-4.77e-05,0.0,0.0026565,0.0464743,False
MYS30,2000-02-28,983.77,2000-03-03,948.31,4,4,0.0625,-0.0022611,-6.25e-05,-1.25e-05,0.0,-3.82e-05,-1.74e-05,0.0,-0.0023917,-0.036045,False
MYS30,2000-03-30,971.48,2000-04-05,955.06,4,6,0.0625,-0.0010606,-6.25e-05,-1.25e-05,0.0,-5.73e-05,-2.6e-05,0.0,-0.001219,-0.016902,False
MYS30,2000-04-27,904.25,2000-05-04,906.67,4,7,0.0625,0.0001694,-6.25e-05,-1.25e-05,0.0,-6.68e-05,-3.04e-05,0.0,-2.8e-06,0.0026762,False
MYS30,2000-05-30,903.21,2000-06-05,881.39,4,6,0.0625,-0.0015133,-6.25e-05,-1.25e-05,0.0,-5.73e-05,-2.6e-05,0.0,-0.0016716,-0.0241583,False
MYS30,2000-06-29,830.25,2000-07-05,818.69,4,6,0.0625,-0.0007885,-6.25e-05,-1.25e-05,0.0,-5.73e-05,-2.6e-05,0.0,-0.0009469,-0.0139235,False
MYS30,2000-07-28,799.09,2000-08-03,809.87,4,6,0.0625,0.0008419,-6.25e-05,-1.25e-05,0.0,-5.73e-05,-2.6e-05,0.0,0.0006836,0.0134903,False
MYS30,2000-08-29,798.49,2000-09-05,751.58,4,7,0.0625,-0.0037081,-6.25e-05,-1.25e-05,0.0,-6.68e-05,-3.04e-05,0.0,-0.0038803,-0.0587484,False
MYS30,2000-09-28,720.85,2000-10-04,707.9,4,6,0.0625,-0.0011227,-6.25e-05,-1.25e-05,0.0,-5.73e-05,-2.6e-05,0.0,-0.0012811,-0.0179648,False
MYS30,2000-10-30,774.31,2000-11-03,760.3,4,4,0.0625,-0.0011031,-6.25e-05,-1.25e-05,0.0,-3.82e-05,-1.74e-05,0.0,-0.0012337,-0.0180935,False
MYS30,2000-11-29,732.25,2000-12-05,729.5,4,6,0.0625,-0.0002316,-6.25e-05,-1.25e-05,0.0,-5.73e-05,-2.6e-05,0.0,-0.0003899,-0.0037555,False
MYS30,2000-12-22,696.39,2001-01-04,663.87,4,13,0.0625,-0.0029502,-6.25e-05,-1.25e-05,0.0,-0.0001241,-5.64e-05,0.0,-0.0032058,-0.046698,False
MYS30,2001-01-30,722.69,2001-02-06,732.81,4,7,0.0625,0.0008761,-6.25e-05,-1.25e-05,0.0,-6.68e-05,-3.04e-05,0.0,0.0007039,0.0140032,False
MYS30,2001-02-27,711.29,2001-03-05,706.03,4,6,0.0625,-0.0004596,-6.25e-05,-1.25e-05,0.0,-5.73e-05,-2.6e-05,0.0,-0.000618,-0.0073949,False
MYS30,2001-03-29,652.03,2001-04-04,594.26,4,6,0.0625,-0.0056498,-6.25e-05,-1.25e-05,0.0,-5.73e-05,-2.6e-05,0.0,-0.0058081,-0.0886002,False
MYS30,2001-04-27,585.87,2001-05-04,576.99,4,7,0.0625,-0.0008109,-6.25e-05,-1.25e-05,0.0,-6.68e-05,-3.04e-05,0.0,-0.0009831,-0.015157,False
MYS30,2001-05-30,570.68,2001-06-06,564.08,4,7,0.0625,-0.0007238,-6.25e-05,-1.25e-05,0.0,-6.68e-05,-3.04e-05,0.0,-0.000896,-0.0115651,False
MYS30,2001-06-28,586.96,2001-07-04,598.14,4,6,0.0625,0.0011931,-6.25e-05,-1.25e-05,0.0,-5.73e-05,-2.6e-05,0.0,0.0010348,0.0190473,False
MYS30,2001-07-30,657.51,2001-08-03,659.25,4,4,0.0625,0.0001669,-6.25e-05,-1.25e-05,0.0,-3.82e-05,-1.74e-05,0.0,3.63e-05,0.0026463,False
MYS30,2001-08-29,689.05,2001-09-05,688.9,4,7,0.0625,-1.21e-05,-6.25e-05,-1.25e-05,0.0,-6.68e-05,-3.04e-05,0.0,-0.0001843,-0.0002176,False
MYS30,2001-09-27,612.64,2001-10-03,616.72,4,6,0.0625,0.0004163,-6.25e-05,-1.25e-05,0.0,-5.21e-05,-2.6e-05,0.0,0.0002631,0.0066596,False
MYS30,2001-10-30,603.19,2001-11-05,592.85,4,6,0.0625,-0.0010771,-6.25e-05,-1.25e-05,0.0,-5.21e-05,-2.6e-05,0.0,-0.0012302,-0.0171422,False
MYS30,2001-11-29,641.95,2001-12-05,653.01,4,6,0.0625,0.0010745,-6.25e-05,-1.25e-05,0.0,-5.21e-05,-2.6e-05,0.0,0.0009214,0.0172288,False
MYS30,2001-12-28,691.64,2002-01-04,693.47,4,7,0.0625,0.0001846,-6.25e-05,-1.25e-05,0.0,-6.08e-05,-3.04e-05,0.0,1.84e-05,0.0026458,False
MYS30,2002-01-30,710.0,2002-02-06,715.22,4,7,0.0625,0.0004661,-6.25e-05,-1.25e-05,0.0,-6.08e-05,-3.04e-05,0.0,0.0003,0.0073521,False
MYS30,2002-02-27,703.92,2002-03-05,736.69,4,6,0.0625,0.0028615,-6.25e-05,-1.25e-05,0.0,-5.21e-05,-2.6e-05,0.0,0.0027084,0.0465536,False
MYS30,2002-03-28,755.05,2002-04-03,755.47,4,6,0.0625,3.51e-05,-6.25e-05,-1.25e-05,0.0,-5.21e-05,-2.6e-05,0.0,-0.000118,0.0005562,False
MYS30,2002-04-29,790.75,2002-05-06,795.1,4,7,0.0625,0.0003435,-6.25e-05,-1.25e-05,0.0,-6.08e-05,-3.04e-05,0.0,0.0001774,0.0055011,False
MYS30,2002-05-30,759.33,2002-06-05,746.93,4,6,0.0625,-0.0010082,-6.25e-05,-1.25e-05,0.0,-5.21e-05,-2.6e-05,0.0,-0.0011614,-0.0163302,False
MYS30,2002-06-27,711.58,2002-07-03,739.35,4,6,0.0625,0.0024259,-6.25e-05,-1.25e-05,0.0,-5.21e-05,-2.6e-05,0.0,0.0022727,0.0390258,False
MYS30,2002-07-30,721.9,2002-08-05,721.15,4,6,0.0625,-6.36e-05,-6.25e-05,-1.25e-05,0.0,-5.21e-05,-2.6e-05,0.0,-0.0002167,-0.0010389,False
MYS30,2002-08-29,715.14,2002-09-04,707.85,4,6,0.0625,-0.0006376,-6.25e-05,-1.25e-05,0.0,-5.21e-05,-2.6e-05,0.0,-0.0007908,-0.0101939,False
MYS30,2002-09-27,647.36,2002-10-03,646.42,4,6,0.0625,-8.04e-05,-6.25e-05,-1.25e-05,0.0,-5.21e-05,-2.6e-05,0.0,-0.0002335,-0.0014521,False
MYS30,2002-10-30,657.74,2002-11-06,658.65,4,7,0.0625,8.95e-05,-6.25e-05,-1.25e-05,0.0,-6.08e-05,-3.04e-05,0.0,-7.67e-05,0.0013836,False
MYS30,2002-11-28,630.86,2002-12-04,618.37,4,6,0.0625,-0.0012424,-6.25e-05,-1.25e-05,0.0,-5.21e-05,-2.6e-05,0.0,-0.0013956,-0.0197984,False
MYS30,2002-12-30,648.43,2003-01-06,627.89,4,7,0.0625,-0.0019943,-6.25e-05,-1.25e-05,0.0,-6.08e-05,-3.04e-05,0.0,-0.0021604,-0.0316765,False
MYS30,2003-01-29,665.44,2003-02-07,661.25,4,9,0.0625,-0.0003922,-6.25e-05,-1.25e-05,0.0,-7.81e-05,-3.91e-05,0.0,-0.0005844,-0.0062966,False
MYS30,2003-02-27,652.44,2003-03-06,642.43,4,7,0.0625,-0.0009607,-6.25e-05,-1.25e-05,0.0,-6.08e-05,-3.04e-05,0.0,-0.0011268,-0.0153424,False
MYS30,2003-03-28,634.96,2003-04-03,628.54,4,6,0.0625,-0.000629,-6.25e-05,-1.25e-05,0.0,-5.21e-05,-2.6e-05,0.0,-0.0007822,-0.0101109,False
MYS30,2003-04-29,628.04,2003-05-06,631.83,4,7,0.0625,0.0003786,-6.25e-05,-1.25e-05,0.0,-6.08e-05,-3.04e-05,0.0,0.0002125,0.0060347,False
MYS30,2003-05-29,672.05,2003-06-04,672.84,4,6,0.0625,7.42e-05,-6.25e-05,-1.25e-05,0.0,-4.69e-05,-2.6e-05,0.0,-7.37e-05,0.0011756,False
MYS30,2003-06-27,691.45,2003-07-03,721.93,4,6,0.0625,0.0027239,-6.25e-05,-1.25e-05,0.0,-4.69e-05,-2.6e-05,0.0,0.002576,0.0440812,False
MYS30,2003-07-30,720.71,2003-08-05,722.23,4,6,0.0625,0.0001321,-6.25e-05,-1.25e-05,0.0,-4.69e-05,-2.6e-05,0.0,-1.58e-05,0.002109,False
MYS30,2003-08-28,746.49,2003-09-04,752.26,4,7,0.0625,0.0004853,-6.25e-05,-1.25e-05,0.0,-5.47e-05,-3.04e-05,0.0,0.0003252,0.0077295,False
MYS30,2003-09-29,736.16,2003-10-03,740.2,4,4,0.0625,0.0003439,-6.25e-05,-1.25e-05,0.0,-3.13e-05,-1.74e-05,0.0,0.0002203,0.005488,False
MYS30,2003-10-30,812.1,2003-11-05,813.49,4,6,0.0625,0.0001095,-6.25e-05,-1.25e-05,0.0,-4.69e-05,-2.6e-05,0.0,-3.84e-05,0.0017116,False
MYS30,2003-11-27,778.37,2003-12-03,795.57,4,6,0.0625,0.0013754,-6.25e-05,-1.25e-05,0.0,-4.69e-05,-2.6e-05,0.0,0.0012275,0.0220975,False
MYS30,2003-12-30,792.72,2004-01-06,787.29,4,7,0.0625,-0.0004257,-6.25e-05,-1.25e-05,0.0,-5.47e-05,-3.04e-05,0.0,-0.0005858,-0.0068498,False
MYS30,2004-01-29,817.11,2004-02-06,815.42,4,8,0.0625,-0.0001166,-6.25e-05,-1.25e-05,0.0,-6.25e-05,-3.47e-05,0.0,-0.0002888,-0.0020683,False
MYS30,2004-02-26,885.34,2004-03-03,877.2,4,6,0.0625,-0.0005576,-6.25e-05,-1.25e-05,0.0,-4.69e-05,-2.6e-05,0.0,-0.0007055,-0.0091942,False
MYS30,2004-03-30,901.52,2004-04-05,889.6,4,6,0.0625,-0.0008232,-6.25e-05,-1.25e-05,0.0,-4.69e-05,-2.6e-05,0.0,-0.0009711,-0.0132222,False
MYS30,2004-04-29,849.72,2004-05-07,835.37,4,8,0.0625,-0.0010525,-6.25e-05,-1.25e-05,0.0,-3.75e-05,-3.47e-05,0.0,-0.0011997,-0.0168879,False
MYS30,2004-05-28,808.44,2004-06-03,798.58,4,6,0.0625,-0.000762,-6.25e-05,-1.25e-05,0.0,-2.81e-05,-2.6e-05,0.0,-0.0008912,-0.0121963,False
MYS30,2004-06-29,823.28,2004-07-05,843.61,4,6,0.0625,0.0015361,-6.25e-05,-1.25e-05,0.0,-2.81e-05,-2.6e-05,0.0,0.0014069,0.0246939,False
MYS30,2004-07-29,833.5,2004-08-04,824.88,4,6,0.0625,-0.0006476,-6.25e-05,-1.25e-05,0.0,-2.81e-05,-2.6e-05,0.0,-0.0007768,-0.0103419,False
MYS30,2004-08-27,821.49,2004-09-03,841.9,4,7,0.0625,0.0015442,-6.25e-05,-1.25e-05,0.0,-3.28e-05,-3.04e-05,0.0,0.001406,0.0248451,False
MYS30,2004-09-29,846.72,2004-10-05,861.56,4,6,0.0625,0.0010928,-6.25e-05,-1.25e-05,0.0,-2.81e-05,-2.6e-05,0.0,0.0009637,0.0175265,False
MYS30,2004-10-28,852.99,2004-11-03,878.45,4,6,0.0625,0.0018464,-6.25e-05,-1.25e-05,0.0,-2.81e-05,-2.6e-05,0.0,0.0017172,0.029848,False
MYS30,2004-11-29,915.9,2004-12-03,917.17,4,4,0.0625,8.83e-05,-6.25e-05,-1.25e-05,0.0,-1.88e-05,-1.74e-05,0.0,-2.28e-05,0.0013866,False
MYS30,2004-12-30,910.13,2005-01-05,907.96,4,6,0.0625,-0.0001472,-6.25e-05,-1.25e-05,0.0,-2.81e-05,-2.6e-05,0.0,-0.0002764,-0.0023843,False
MYS30,2005-01-28,917.23,2005-02-04,907.52,4,7,0.0625,-0.0006609,-6.25e-05,-1.25e-05,0.0,-3.28e-05,-3.04e-05,0.0,-0.0007991,-0.0105862,False
MYS30,2005-02-25,903.51,2005-03-03,889.44,4,6,0.0625,-0.0009754,-6.25e-05,-1.25e-05,0.0,-2.81e-05,-2.6e-05,0.0,-0.0011046,-0.0155726,False
MYS30,2005-03-30,877.75,2005-04-05,869.81,4,6,0.0625,-0.000562,-6.25e-05,-1.25e-05,0.0,-2.81e-05,-2.6e-05,0.0,-0.0006912,-0.0090459,False
MYS30,2005-04-28,873.85,2005-05-05,904.06,4,7,0.0625,0.0021369,-6.25e-05,-1.25e-05,0.0,-3.28e-05,-3.04e-05,0.0,0.0019987,0.0345712,False
MYS30,2005-05-30,869.96,2005-06-03,865.88,4,4,0.0625,-0.0002897,-6.25e-05,-1.25e-05,0.0,-1.88e-05,-1.74e-05,0.0,-0.0004008,-0.0046899,False
MYS30,2005-06-29,889.98,2005-07-05,898.87,4,6,0.0625,0.0006235,-6.25e-05,-1.25e-05,0.0,-2.81e-05,-2.6e-05,0.0,0.0004943,0.009989,False
MYS30,2005-07-28,934.38,2005-08-03,952.59,4,6,0.0625,0.0012115,-6.25e-05,-1.25e-05,0.0,-2.81e-05,-2.6e-05,0.0,0.0010823,0.0194889,False
MYS30,2005-08-29,911.85,2005-09-05,909.74,4,7,0.0625,-0.0001441,-6.25e-05,-1.25e-05,0.0,-3.28e-05,-3.04e-05,0.0,-0.0002823,-0.002314,False
MYS30,2005-09-29,924.23,2005-10-05,927.51,4,6,0.0625,0.0002223,-6.25e-05,-1.25e-05,0.0,-2.81e-05,-2.6e-05,0.0,9.31e-05,0.0035489,False
MYS30,2005-10-28,905.79,2005-11-08,909.1,4,11,0.0625,0.0002297,-6.25e-05,-1.25e-05,0.0,-5.16e-05,-4.77e-05,0.0,5.54e-05,0.0036543,False
MYS30,2005-11-29,898.63,2005-12-05,885.48,4,6,0.0625,-0.0009181,-6.25e-05,-1.25e-05,0.0,-3.07e-05,-2.6e-05,0.0,-0.0010499,-0.0146334,False
MYS30,2005-12-29,900.49,2006-01-05,906.66,4,7,0.0625,0.0004329,-6.25e-05,-1.25e-05,0.0,-3.65e-05,-3.04e-05,0.0,0.000291,0.0068518,False
MYS30,2006-01-26,913.14,2006-02-07,923.84,4,12,0.0625,0.0007364,-6.25e-05,-1.25e-05,0.0,-6.25e-05,-5.21e-05,0.0,0.0005468,0.0117178,False
MYS30,2006-02-27,928.66,2006-03-03,916.93,4,4,0.0625,-0.0007921,-6.25e-05,-1.25e-05,0.0,-2.26e-05,-1.74e-05,0.0,-0.000907,-0.0126311,False
MYS30,2006-03-30,926.97,2006-04-05,941.67,4,6,0.0625,0.0009877,-6.25e-05,-1.25e-05,0.0,-3.39e-05,-2.6e-05,0.0,0.0008528,0.0158581,False
MYS30,2006-04-27,947.61,2006-05-04,954.16,4,7,0.0625,0.0004313,-6.25e-05,-1.25e-05,0.0,-4.25e-05,-3.04e-05,0.0,0.0002834,0.0069121,False
MYS30,2006-05-30,929.89,2006-06-05,931.9,4,6,0.0625,0.0001354,-6.25e-05,-1.25e-05,0.0,-3.65e-05,-2.6e-05,0.0,-2.1e-06,0.0021616,False
MYS30,2006-06-29,910.54,2006-07-05,924.89,4,6,0.0625,0.0009796,-6.25e-05,-1.25e-05,0.0,-3.65e-05,-2.6e-05,0.0,0.0008421,0.0157599,False
MYS30,2006-07-28,934.72,2006-08-03,935.29,4,6,0.0625,3.83e-05,-6.25e-05,-1.25e-05,0.0,-3.65e-05,-2.6e-05,0.0,-9.92e-05,0.0006098,False
MYS30,2006-08-29,953.22,2006-09-05,963.84,4,7,0.0625,0.0006961,-6.25e-05,-1.25e-05,0.0,-4.25e-05,-3.04e-05,0.0,0.0005482,0.0111412,False
MYS30,2006-09-28,968.88,2006-10-04,964.06,4,6,0.0625,-0.0003109,-6.25e-05,-1.25e-05,0.0,-3.65e-05,-2.6e-05,0.0,-0.0004484,-0.0049748,False
MYS30,2006-10-30,986.07,2006-11-03,998.02,4,4,0.0625,0.0007544,-6.25e-05,-1.25e-05,0.0,-2.43e-05,-1.74e-05,0.0,0.0006378,0.0121188,False
MYS30,2006-11-29,1064.6,2006-12-05,1088.96,4,6,0.0625,0.0014248,-6.25e-05,-1.25e-05,0.0,-3.65e-05,-2.6e-05,0.0,0.0012873,0.0228818,False
MYS30,2006-12-28,1088.85,2007-01-05,1120.4,4,8,0.0625,0.001798,-6.25e-05,-1.25e-05,0.0,-4.86e-05,-3.47e-05,0.0,0.0016396,0.0289756,False
MYS30,2007-01-30,1181.42,2007-02-06,1236.63,4,7,0.0625,0.0028729,-6.25e-05,-1.25e-05,0.0,-4.25e-05,-3.04e-05,0.0,0.0027249,0.0467319,False
MYS30,2007-02-27,1237.08,2007-03-05,1110.6899,4,6,0.0625,-0.0066207,-6.25e-05,-1.25e-05,0.0,-3.65e-05,-2.6e-05,0.0,-0.0067582,-0.102168,False
MYS30,2007-03-29,1235.89,2007-04-04,1271.3101,4,6,0.0625,0.0017748,-6.25e-05,-1.25e-05,0.0,-3.65e-05,-2.6e-05,0.0,0.0016373,0.0286595,False
MYS30,2007-04-27,1324.77,2007-05-07,1365.28,4,10,0.0625,0.0018975,-6.25e-05,-1.25e-05,0.0,-6.08e-05,-4.34e-05,0.0,0.0017183,0.0305789,False
MYS30,2007-05-30,1339.1801,2007-06-05,1369.59,4,6,0.0625,0.0014088,-6.25e-05,-1.25e-05,0.0,-3.65e-05,-2.6e-05,0.0,0.0012713,0.0227079,False
MYS30,2007-06-28,1350.72,2007-07-04,1377.14,4,6,0.0625,0.0012142,-6.25e-05,-1.25e-05,0.0,-3.65e-05,-2.6e-05,0.0,0.0010767,0.01956,False
MYS30,2007-07-30,1352.41,2007-08-03,1335.42,4,4,0.0625,-0.000762,-6.25e-05,-1.25e-05,0.0,-2.43e-05,-1.74e-05,0.0,-0.0008787,-0.0125628,False
MYS30,2007-08-29,1263.7,2007-09-05,1297.9301,4,7,0.0625,0.0016782,-6.25e-05,-1.25e-05,0.0,-4.25e-05,-3.04e-05,0.0,0.0015303,0.0270872,False
MYS30,2007-09-27,1335.66,2007-10-03,1366.96,4,6,0.0625,0.0014578,-6.25e-05,-1.25e-05,0.0,-3.65e-05,-2.6e-05,0.0,0.0013203,0.0234341,False
MYS30,2007-10-30,1412.79,2007-11-05,1384.73,4,6,0.0625,-0.0012487,-6.25e-05,-1.25e-05,0.0,-3.65e-05,-2.6e-05,0.0,-0.0013862,-0.0198614,False
MYS30,2007-11-29,1374.3199,2007-12-05,1427.77,4,6,0.0625,0.0024034,-6.25e-05,-1.25e-05,0.0,-3.65e-05,-2.6e-05,0.0,0.0022659,0.038892,False
MYS30,2007-12-28,1447.04,2008-01-04,1466.67,4,7,0.0625,0.0008582,-6.25e-05,-1.25e-05,0.0,-4.25e-05,-3.04e-05,0.0,0.0007102,0.0135656,False
MYS30,2008-01-30,1384.08,2008-02-06,1415.9399,4,7,0.0625,0.0014414,-6.25e-05,-1.25e-05,0.0,-4.25e-05,-3.04e-05,0.0,0.0012935,0.0230189,False
MYS30,2008-02-28,1368.27,2008-03-05,1280.23,4,6,0.0625,-0.0041165,-6.25e-05,-1.25e-05,0.0,-3.65e-05,-2.6e-05,0.0,-0.004254,-0.0643441,False
MYS30,2008-03-28,1258.41,2008-04-03,1225.58,4,6,0.0625,-0.0016433,-6.25e-05,-1.25e-05,0.0,-3.65e-05,-2.6e-05,0.0,-0.0017808,-0.0260885,False
MYS30,2008-04-29,1283.65,2008-05-06,1276.09,4,7,0.0625,-0.0003673,-6.25e-05,-1.25e-05,0.0,-4.25e-05,-3.04e-05,0.0,-0.0005152,-0.0058895,False
MYS30,2008-05-29,1261.8199,2008-06-04,1253.12,4,6,0.0625,-0.000424,-6.25e-05,-1.25e-05,0.0,-3.65e-05,-2.6e-05,0.0,-0.0005615,-0.0068948,False
MYS30,2008-06-27,1190.54,2008-07-04,1134.14,4,7,0.0625,-0.0030105,-6.25e-05,-1.25e-05,0.0,-4.25e-05,-3.04e-05,0.0,-0.0031584,-0.0473735,False
MYS30,2008-07-30,1159.9399,2008-08-05,1128.86,4,6,0.0625,-0.0016849,-6.25e-05,-1.25e-05,0.0,-3.65e-05,-2.6e-05,0.0,-0.0018224,-0.0267945,False
MYS30,2008-08-28,1070.46,2008-09-04,1085.0601,4,7,0.0625,0.0008757,-6.25e-05,-1.25e-05,0.0,-4.25e-05,-3.04e-05,0.0,0.0007277,0.0136391,False
MYS30,2008-09-29,1019.72,2008-10-07,997.23,4,8,0.0625,-0.0013816,-6.25e-05,-1.25e-05,0.0,-4.86e-05,-3.47e-05,0.0,-0.00154,-0.0220551,False
MYS30,2008-10-30,853.56,2008-11-05,915.24,4,6,0.0625,0.0044221,-6.25e-05,-1.25e-05,0.0,-3.65e-05,-2.6e-05,0.0,0.0042846,0.072262,False
MYS30,2008-11-27,869.98,2008-12-03,847.53,4,6,0.0625,-0.0016197,-6.25e-05,-1.25e-05,0.0,-3.39e-05,-2.6e-05,0.0,-0.0017546,-0.0258051,False
MYS30,2008-12-30,881.63,2009-01-06,922.23,4,7,0.0625,0.0028539,-6.25e-05,-1.25e-05,0.0,-3.95e-05,-3.04e-05,0.0,0.002709,0.046051,False
MYS30,2009-01-29,883.16,2009-02-05,879.95,4,7,0.0625,-0.0002259,-6.25e-05,-1.25e-05,0.0,-3.04e-05,-3.04e-05,0.0,-0.0003616,-0.0036346,False
MYS30,2009-02-26,893.42,2009-03-04,866.93,4,6,0.0625,-0.0018703,-6.25e-05,-1.25e-05,0.0,-2.08e-05,-2.6e-05,0.0,-0.0019922,-0.0296501,False
MYS30,2009-03-30,869.34,2009-04-03,907.01,4,4,0.0625,0.0026744,-6.25e-05,-1.25e-05,0.0,-1.39e-05,-1.74e-05,0.0,0.0025682,0.0433317,False
MYS30,2009-04-29,967.46,2009-05-06,1023.96,4,7,0.0625,0.0035831,-6.25e-05,-1.25e-05,0.0,-2.43e-05,-3.04e-05,0.0,0.0034534,0.0584003,False
MYS30,2009-05-28,1041.24,2009-06-03,1055.4,4,6,0.0625,0.0008553,-6.25e-05,-1.25e-05,0.0,-2.08e-05,-2.6e-05,0.0,0.0007334,0.0135992,False
MYS30,2009-06-29,1075.84,2009-07-03,1072.6899,4,4,0.0625,-0.0001818,-6.25e-05,-1.25e-05,0.0,-1.39e-05,-1.74e-05,0.0,-0.0002881,-0.002928,False
MYS30,2009-07-30,1160.66,2009-08-05,1179.49,4,6,0.0625,0.0010125,-6.25e-05,-1.25e-05,0.0,-2.08e-05,-2.6e-05,0.0,0.0008906,0.0162235,False
MYS30,2009-08-27,1176.9,2009-09-03,1173.66,4,7,0.0625,-0.000171,-6.25e-05,-1.25e-05,0.0,-2.43e-05,-3.04e-05,0.0,-0.0003007,-0.002753,False
MYS30,2009-09-29,1208.21,2009-10-05,1216.45,4,6,0.0625,0.0004288,-6.25e-05,-1.25e-05,0.0,-2.08e-05,-2.6e-05,0.0,0.0003069,0.00682,False
MYS30,2009-10-29,1241.75,2009-11-04,1253.84,4,6,0.0625,0.0006083,-6.25e-05,-1.25e-05,0.0,-2.08e-05,-2.6e-05,0.0,0.0004865,0.0097362,False
MYS30,2009-11-26,1270.61,2009-12-03,1272.35,4,7,0.0625,8.97e-05,-6.25e-05,-1.25e-05,0.0,-2.43e-05,-3.04e-05,0.0,-4e-05,0.0013694,False
MYS30,2009-12-30,1271.12,2010-01-06,1293.17,4,7,0.0625,0.0010785,-6.25e-05,-1.25e-05,0.0,-2.43e-05,-3.04e-05,0.0,0.0009489,0.0173469,False
MYS30,2010-01-28,1264.51,2010-02-04,1265.03,4,7,0.0625,2.7e-05,-6.25e-05,-1.25e-05,0.0,-2.43e-05,-3.04e-05,0.0,-0.0001027,0.0004112,False
MYS30,2010-02-24,1270.78,2010-03-03,1286.1,4,7,0.0625,0.0007525,-6.25e-05,-1.25e-05,0.0,-2.43e-05,-3.04e-05,0.0,0.0006228,0.0120555,False
MYS30,2010-03-30,1319.35,2010-04-05,1341.75,4,6,0.0625,0.001055,-6.25e-05,-1.25e-05,0.0,-2.34e-05,-2.6e-05,0.0,0.0009305,0.0169781,False
MYS30,2010-04-29,1335.86,2010-05-05,1335.65,4,6,0.0625,-6.7e-06,-6.25e-05,-1.25e-05,0.0,-2.34e-05,-2.6e-05,0.0,-0.0001312,-0.0001572,False
MYS30,2010-05-27,1269.16,2010-06-03,1294.4399,4,7,0.0625,0.001245,-6.25e-05,-1.25e-05,0.0,-3.04e-05,-3.04e-05,0.0,0.0011092,0.0199186,False
MYS30,2010-06-29,1319.84,2010-07-05,1299.5,4,6,0.0625,-0.0009684,-6.25e-05,-1.25e-05,0.0,-2.6e-05,-2.6e-05,0.0,-0.0010955,-0.0154109,False
MYS30,2010-07-29,1358.41,2010-08-04,1362.74,4,6,0.0625,0.0001992,-6.25e-05,-1.25e-05,0.0,-2.86e-05,-2.6e-05,0.0,6.95e-05,0.0031875,False
MYS30,2010-08-27,1411.05,2010-09-03,1435.67,4,7,0.0625,0.0010862,-6.25e-05,-1.25e-05,0.0,-3.34e-05,-3.04e-05,0.0,0.0009474,0.017448,False
MYS30,2010-09-29,1461.78,2010-10-05,1472.1899,4,6,0.0625,0.0004453,-6.25e-05,-1.25e-05,0.0,-2.86e-05,-2.6e-05,0.0,0.0003157,0.0071214,False
MYS30,2010-10-28,1499.4399,2010-11-03,1507.6,4,6,0.0625,0.0003401,-6.25e-05,-1.25e-05,0.0,-2.86e-05,-2.6e-05,0.0,0.0002104,0.0054421,False
MYS30,2010-11-29,1495.95,2010-12-03,1500.98,4,4,0.0625,0.0002159,-6.25e-05,-1.25e-05,0.0,-1.91e-05,-1.74e-05,0.0,0.0001045,0.0033624,False
MYS30,2010-12-29,1524.34,2011-01-05,1566.17,4,7,0.0625,0.0017023,-6.25e-05,-1.25e-05,0.0,-3.34e-05,-3.04e-05,0.0,0.0015635,0.0274414,False
MYS30,2011-01-28,1521.89,2011-02-08,1539.55,4,11,0.0625,0.0007234,-6.25e-05,-1.25e-05,0.0,-5.25e-05,-4.77e-05,0.0,0.0005482,0.011604,False
MYS30,2011-02-25,1489.27,2011-03-03,1506.88,4,6,0.0625,0.0007374,-6.25e-05,-1.25e-05,0.0,-2.86e-05,-2.6e-05,0.0,0.0006077,0.0118246,False
MYS30,2011-03-30,1531.63,2011-04-05,1553.0699,4,6,0.0625,0.0008727,-6.25e-05,-1.25e-05,0.0,-2.86e-05,-2.6e-05,0.0,0.000743,0.0139981,False
MYS30,2011-04-28,1535.3,2011-05-05,1521.1801,4,7,0.0625,-0.0005765,-6.25e-05,-1.25e-05,0.0,-3.34e-05,-3.04e-05,0.0,-0.0007153,-0.0091969,False
MYS30,2011-05-30,1542.84,2011-06-03,1559.85,4,4,0.0625,0.0006885,-6.25e-05,-1.25e-05,0.0,-2.08e-05,-1.74e-05,0.0,0.0005753,0.0110251,False
MYS30,2011-06-29,1575.01,2011-07-05,1581.85,4,6,0.0625,0.0002712,-6.25e-05,-1.25e-05,0.0,-3.13e-05,-2.6e-05,0.0,0.0001389,0.0043428,False
MYS30,2011-07-28,1551.91,2011-08-03,1545.1,4,6,0.0625,-0.0002723,-6.25e-05,-1.25e-05,0.0,-3.13e-05,-2.6e-05,0.0,-0.0004046,-0.0043882,False
MYS30,2011-08-26,1444.8101,2011-09-06,1454.37,4,11,0.0625,0.0004257,-6.25e-05,-1.25e-05,0.0,-5.73e-05,-4.77e-05,0.0,0.0002457,0.0066167,False
MYS30,2011-09-29,1387.46,2011-10-05,1375.67,4,6,0.0625,-0.000523,-6.25e-05,-1.25e-05,0.0,-3.13e-05,-2.6e-05,0.0,-0.0006553,-0.0084975,False
MYS30,2011-10-28,1481.8199,2011-11-03,1462.37,4,6,0.0625,-0.0008192,-6.25e-05,-1.25e-05,0.0,-3.13e-05,-2.6e-05,0.0,-0.0009515,-0.0131257,False
MYS30,2011-11-29,1444.72,2011-12-05,1489.95,4,6,0.0625,0.0019405,-6.25e-05,-1.25e-05,0.0,-3.13e-05,-2.6e-05,0.0,0.0018082,0.0313071,False
MYS30,2011-12-29,1506.6899,2012-01-05,1514.4301,4,7,0.0625,0.0003347,-6.25e-05,-1.25e-05,0.0,-3.65e-05,-3.04e-05,0.0,0.0001929,0.0051372,False
MYS30,2012-01-30,1513.55,2012-02-08,1553.1801,4,9,0.0625,0.0016223,-6.25e-05,-1.25e-05,0.0,-4.69e-05,-3.91e-05,0.0,0.0014614,0.0261835,False
MYS30,2012-02-28,1556.73,2012-03-05,1589.22,4,6,0.0625,0.001295,-6.25e-05,-1.25e-05,0.0,-3.13e-05,-2.6e-05,0.0,0.0011627,0.0208707,False
MYS30,2012-03-29,1585.4399,2012-04-04,1599.27,4,6,0.0625,0.0005457,-6.25e-05,-1.25e-05,0.0,-3.13e-05,-2.6e-05,0.0,0.0004134,0.0087232,False
MYS30,2012-04-27,1567.8,2012-05-04,1591.04,4,7,0.0625,0.0009223,-6.25e-05,-1.25e-05,0.0,-3.65e-05,-3.04e-05,0.0,0.0007804,0.0148233,False
MYS30,2012-05-30,1575.17,2012-06-05,1560.36,4,6,0.0625,-0.0005848,-6.25e-05,-1.25e-05,0.0,-3.13e-05,-2.6e-05,0.0,-0.000717,-0.0094022,False
MYS30,2012-06-28,1594.24,2012-07-04,1613.75,4,6,0.0625,0.0007616,-6.25e-05,-1.25e-05,0.0,-3.13e-05,-2.6e-05,0.0,0.0006293,0.0122378,False
MYS30,2012-07-30,1632.35,2012-08-03,1635.04,4,4,0.0625,0.000103,-6.25e-05,-1.25e-05,0.0,-2.08e-05,-1.74e-05,0.0,-1.02e-05,0.001648,False
MYS30,2012-08-29,1645.58,2012-09-05,1641.01,4,7,0.0625,-0.0001711,-6.25e-05,-1.25e-05,0.0,-3.65e-05,-3.04e-05,0.0,-0.000313,-0.0027771,False
MYS30,2012-09-27,1627.84,2012-10-03,1649.75,4,6,0.0625,0.0008377,-6.25e-05,-1.25e-05,0.0,-3.13e-05,-2.6e-05,0.0,0.0007055,0.0134596,False
MYS30,2012-10-30,1674.67,2012-11-05,1654.04,4,6,0.0625,-0.0007703,-6.25e-05,-1.25e-05,0.0,-3.13e-05,-2.6e-05,0.0,-0.0009026,-0.0123188,False
MYS30,2012-11-29,1607.3199,2012-12-05,1613.79,4,6,0.0625,0.0002518,-6.25e-05,-1.25e-05,0.0,-3.13e-05,-2.6e-05,0.0,0.0001195,0.0040254,False
MYS30,2012-12-28,1681.33,2013-01-04,1692.58,4,7,0.0625,0.0004232,-6.25e-05,-1.25e-05,0.0,-3.65e-05,-3.04e-05,0.0,0.0002814,0.0066911,False
MYS30,2013-01-30,1627.73,2013-02-06,1614.14,4,7,0.0625,-0.0005191,-6.25e-05,-1.25e-05,0.0,-3.65e-05,-3.04e-05,0.0,-0.0006609,-0.008349,False
MYS30,2013-02-27,1624.14,2013-03-05,1642.08,4,6,0.0625,0.0006892,-6.25e-05,-1.25e-05,0.0,-3.13e-05,-2.6e-05,0.0,0.0005569,0.0110458,False
MYS30,2013-03-28,1674.04,2013-04-03,1685.4,4,6,0.0625,0.0004263,-6.25e-05,-1.25e-05,0.0,-3.13e-05,-2.6e-05,0.0,0.000294,0.006786,False
MYS30,2013-04-29,1707.97,2013-05-06,1752.02,4,7,0.0625,0.0016313,-6.25e-05,-1.25e-05,0.0,-3.65e-05,-3.04e-05,0.0,0.0014895,0.0257909,False
MYS30,2013-05-30,1774.92,2013-06-05,1774.42,4,6,0.0625,-1.61e-05,-6.25e-05,-1.25e-05,0.0,-3.13e-05,-2.6e-05,0.0,-0.0001484,-0.0002817,False
MYS30,2013-06-27,1751.5699,2013-07-03,1769.21,4,6,0.0625,0.0006314,-6.25e-05,-1.25e-05,0.0,-3.13e-05,-2.6e-05,0.0,0.0004991,0.010071,False
MYS30,2013-07-30,1795.08,2013-08-05,1785.14,4,6,0.0625,-0.0003416,-6.25e-05,-1.25e-05,0.0,-3.13e-05,-2.6e-05,0.0,-0.0004738,-0.0055373,False
MYS30,2013-08-29,1703.78,2013-09-04,1716.76,4,6,0.0625,0.0004825,-6.25e-05,-1.25e-05,0.0,-3.13e-05,-2.6e-05,0.0,0.0003502,0.0076183,False
MYS30,2013-09-27,1776.16,2013-10-03,1771.37,4,6,0.0625,-0.0001682,-6.25e-05,-1.25e-05,0.0,-3.13e-05,-2.6e-05,0.0,-0.0003005,-0.0026969,False
MYS30,2013-10-30,1817.38,2013-11-06,1803.05,4,7,0.0625,-0.0004933,-6.25e-05,-1.25e-05,0.0,-3.65e-05,-3.04e-05,0.0,-0.0006352,-0.007885,False
MYS30,2013-11-28,1807.6,2013-12-04,1821.9,4,6,0.0625,0.0004934,-6.25e-05,-1.25e-05,0.0,-3.13e-05,-2.6e-05,0.0,0.0003611,0.0079111,False
MYS30,2013-12-30,1872.52,2014-01-06,1829.1801,4,7,0.0625,-0.0014582,-6.25e-05,-1.25e-05,0.0,-3.65e-05,-3.04e-05,0.0,-0.0016001,-0.0231453,False
MYS30,2014-01-29,1789.23,2014-02-06,1797.9,4,8,0.0625,0.0003123,-6.25e-05,-1.25e-05,0.0,-4.17e-05,-3.47e-05,0.0,0.0001609,0.0048457,False
MYS30,2014-02-27,1831.66,2014-03-05,1829.11,4,6,0.0625,-8.57e-05,-6.25e-05,-1.25e-05,0.0,-3.13e-05,-2.6e-05,0.0,-0.000218,-0.0013922,False
MYS30,2014-03-28,1850.73,2014-04-03,1855.63,4,6,0.0625,0.0001656,-6.25e-05,-1.25e-05,0.0,-3.13e-05,-2.6e-05,0.0,3.33e-05,0.0026476,False
MYS30,2014-04-29,1859.34,2014-05-06,1860.4301,4,7,0.0625,3.87e-05,-6.25e-05,-1.25e-05,0.0,-3.65e-05,-3.04e-05,0.0,-0.0001032,0.0005863,False
MYS30,2014-05-29,1876.62,2014-06-04,1865.2,4,6,0.0625,-0.0003796,-6.25e-05,-1.25e-05,0.0,-3.13e-05,-2.6e-05,0.0,-0.0005119,-0.0060854,False
MYS30,2014-06-27,1880.9301,2014-07-03,1888.6899,4,6,0.0625,0.000258,-6.25e-05,-1.25e-05,0.0,-3.13e-05,-2.6e-05,0.0,0.0001257,0.0041256,False
MYS30,2014-07-30,1878.34,2014-08-05,1876.6899,4,6,0.0625,-5.25e-05,-6.25e-05,-1.25e-05,0.0,-3.39e-05,-2.6e-05,0.0,-0.0001874,-0.0008784,False
MYS30,2014-08-28,1875.6801,2014-09-04,1869.21,4,7,0.0625,-0.0002149,-6.25e-05,-1.25e-05,0.0,-3.95e-05,-3.04e-05,0.0,-0.0003598,-0.0034495,False
MYS30,2014-09-29,1846.34,2014-10-03,1840.8199,4,4,0.0625,-0.0001865,-6.25e-05,-1.25e-05,0.0,-2.26e-05,-1.74e-05,0.0,-0.0003014,-0.0029897,False
MYS30,2014-10-30,1842.78,2014-11-05,1839.29,4,6,0.0625,-0.0001161,-6.25e-05,-1.25e-05,0.0,-3.39e-05,-2.6e-05,0.0,-0.000251,-0.0018939,False
MYS30,2014-11-27,1829.91,2014-12-03,1758.15,4,6,0.0625,-0.0024739,-6.25e-05,-1.25e-05,0.0,-3.39e-05,-2.6e-05,0.0,-0.0026088,-0.039215,False
MYS30,2014-12-30,1766.83,2015-01-06,1716.58,4,7,0.0625,-0.0017954,-6.25e-05,-1.25e-05,0.0,-3.95e-05,-3.04e-05,0.0,-0.0019403,-0.0284408,False
MYS30,2015-01-29,1782.1801,2015-02-06,1809.4399,4,8,0.0625,0.0009538,-6.25e-05,-1.25e-05,0.0,-4.51e-05,-3.47e-05,0.0,0.0007989,0.0152958,False
MYS30,2015-02-26,1820.87,2015-03-04,1825.54,4,6,0.0625,0.0001606,-6.25e-05,-1.25e-05,0.0,-3.39e-05,-2.6e-05,0.0,2.57e-05,0.0025647,False
MYS30,2015-03-30,1821.83,2015-04-03,1834.52,4,4,0.0625,0.0004351,-6.25e-05,-1.25e-05,0.0,-2.26e-05,-1.74e-05,0.0,0.0003202,0.0069656,False
MYS30,2015-04-29,1842.9301,2015-05-07,1805.1,4,8,0.0625,-0.0012871,-6.25e-05,-1.25e-05,0.0,-4.51e-05,-3.47e-05,0.0,-0.0014419,-0.0205271,False
MYS30,2015-05-28,1755.5601,2015-06-03,1749.17,4,6,0.0625,-0.0002264,-6.25e-05,-1.25e-05,0.0,-3.39e-05,-2.6e-05,0.0,-0.0003613,-0.0036399,False
MYS30,2015-06-29,1691.92,2015-07-03,1734.24,4,4,0.0625,0.0015516,-6.25e-05,-1.25e-05,0.0,-2.26e-05,-1.74e-05,0.0,0.0014367,0.025013,False
MYS30,2015-07-30,1699.92,2015-08-05,1725.5601,4,6,0.0625,0.0009504,-6.25e-05,-1.25e-05,0.0,-3.39e-05,-2.6e-05,0.0,0.0008155,0.0150831,False
MYS30,2015-08-27,1601.7,2015-09-03,1602.75,4,7,0.0625,4.89e-05,-6.25e-05,-1.25e-05,0.0,-3.95e-05,-3.04e-05,0.0,-9.6e-05,0.0006556,False
MYS30,2015-09-29,1603.3199,2015-10-05,1647.59,4,6,0.0625,0.0017125,-6.25e-05,-1.25e-05,0.0,-3.39e-05,-2.6e-05,0.0,0.0015776,0.0276115,False
MYS30,2015-10-29,1666.98,2015-11-04,1685.62,4,6,0.0625,0.0006978,-6.25e-05,-1.25e-05,0.0,-3.39e-05,-2.6e-05,0.0,0.0005629,0.0111819,False
MYS30,2015-11-27,1682.59,2015-12-03,1673.92,4,6,0.0625,-0.0003201,-6.25e-05,-1.25e-05,0.0,-3.39e-05,-2.6e-05,0.0,-0.000455,-0.0051527,False
MYS30,2015-12-30,1693.14,2016-01-06,1667.97,4,7,0.0625,-0.0009173,-6.25e-05,-1.25e-05,0.0,-3.95e-05,-3.04e-05,0.0,-0.0010622,-0.0148659,False
MYS30,2016-01-28,1634.53,2016-02-04,1656.77,4,7,0.0625,0.0008708,-6.25e-05,-1.25e-05,0.0,-3.95e-05,-3.04e-05,0.0,0.0007259,0.0136064,False
MYS30,2016-02-26,1663.4399,2016-03-03,1688.2,4,6,0.0625,0.0009319,-6.25e-05,-1.25e-05,0.0,-3.39e-05,-2.6e-05,0.0,0.000797,0.0148848,False
MYS30,2016-03-30,1717.8199,2016-04-05,1718.08,4,6,0.0625,1.28e-05,-6.25e-05,-1.25e-05,0.0,-3.39e-05,-2.6e-05,0.0,-0.0001221,0.0001514,False
MYS30,2016-04-28,1674.76,2016-05-05,1645.09,4,7,0.0625,-0.0011098,-6.25e-05,-1.25e-05,0.0,-3.95e-05,-3.04e-05,0.0,-0.0012547,-0.017716,False
MYS30,2016-05-30,1629.87,2016-06-03,1636.46,4,4,0.0625,0.000253,-6.25e-05,-1.25e-05,0.0,-2.26e-05,-1.74e-05,0.0,0.000138,0.0040432,False
MYS30,2016-06-29,1642.21,2016-07-05,1650.71,4,6,0.0625,0.000326,-6.25e-05,-1.25e-05,0.0,-3.39e-05,-2.6e-05,0.0,0.0001911,0.005176,False
MYS30,2016-07-28,1658.5,2016-08-03,1648.5,4,6,0.0625,-0.0003742,-6.25e-05,-1.25e-05,0.0,-3.13e-05,-2.6e-05,0.0,-0.0005065,-0.0060295,False
MYS30,2016-08-29,1681.6,2016-09-05,1678.08,4,7,0.0625,-0.0001297,-6.25e-05,-1.25e-05,0.0,-3.65e-05,-3.04e-05,0.0,-0.0002716,-0.0020933,False
MYS30,2016-09-29,1669.64,2016-10-06,1666.73,4,7,0.0625,-0.0001047,-6.25e-05,-1.25e-05,0.0,-3.65e-05,-3.04e-05,0.0,-0.0002465,-0.0017429,False
MYS30,2016-10-28,1670.27,2016-11-03,1648.08,4,6,0.0625,-0.0008329,-6.25e-05,-1.25e-05,0.0,-3.13e-05,-2.6e-05,0.0,-0.0009652,-0.0132853,False
MYS30,2016-11-29,1626.9301,2016-12-05,1624.97,4,6,0.0625,-7.37e-05,-6.25e-05,-1.25e-05,0.0,-3.13e-05,-2.6e-05,0.0,-0.000206,-0.0012048,False
MYS30,2016-12-29,1637.9301,2017-01-05,1659.8199,4,7,0.0625,0.0008338,-6.25e-05,-1.25e-05,0.0,-3.65e-05,-3.04e-05,0.0,0.0006919,0.0133644,False
MYS30,2017-01-27,1686.36,2017-02-06,1691.24,4,10,0.0625,0.000185,-6.25e-05,-1.25e-05,0.0,-5.21e-05,-4.34e-05,0.0,1.45e-05,0.0028938,False
MYS30,2017-02-27,1693.84,2017-03-03,1708.38,4,4,0.0625,0.0005384,-6.25e-05,-1.25e-05,0.0,-2.08e-05,-1.74e-05,0.0,0.0004252,0.0085841,False
MYS30,2017-03-30,1749.25,2017-04-05,1744.67,4,6,0.0625,-0.0001626,-6.25e-05,-1.25e-05,0.0,-3.13e-05,-2.6e-05,0.0,-0.0002949,-0.0026182,False
MYS30,2017-04-27,1767.92,2017-05-04,1758.67,4,7,0.0625,-0.0003245,-6.25e-05,-1.25e-05,0.0,-3.65e-05,-3.04e-05,0.0,-0.0004664,-0.0052321,False
MYS30,2017-05-29,1764.89,2017-06-05,1787.95,4,7,0.0625,0.0008145,-6.25e-05,-1.25e-05,0.0,-3.65e-05,-3.04e-05,0.0,0.0006727,0.0130659,False
MYS30,2017-06-29,1771.36,2017-07-05,1768.16,4,6,0.0625,-0.0001114,-6.25e-05,-1.25e-05,0.0,-3.13e-05,-2.6e-05,0.0,-0.0002437,-0.0018065,False
MYS30,2017-07-28,1767.08,2017-08-03,1771.9,4,6,0.0625,0.0001713,-6.25e-05,-1.25e-05,0.0,-3.13e-05,-2.6e-05,0.0,3.9e-05,0.0027277,False
MYS30,2017-08-29,1761.14,2017-09-07,1782.98,4,9,0.0625,0.000773,-6.25e-05,-1.25e-05,0.0,-4.69e-05,-3.91e-05,0.0,0.0006121,0.012401,False
MYS30,2017-09-28,1758.0601,2017-10-04,1761.84,4,6,0.0625,0.0001346,-6.25e-05,-1.25e-05,0.0,-3.13e-05,-2.6e-05,0.0,2.3e-06,0.00215,False
MYS30,2017-10-30,1748.35,2017-11-03,1740.9301,4,4,0.0625,-0.0002656,-6.25e-05,-1.25e-05,0.0,-2.08e-05,-1.74e-05,0.0,-0.0003788,-0.004244,False
MYS30,2017-11-29,1720.38,2017-12-01,1717.86,2,2,0.0625,-9.16e-05,-6.25e-05,-1.25e-05,0.0,-1.04e-05,-8.7e-06,0.0,-0.0001856,-0.0014648,False
MYS30,2017-12-04,1713.13,2017-12-05,1724.84,1,1,0.0625,0.0004272,-6.25e-05,-1.25e-05,0.0,-5.2e-06,-4.3e-06,0.0,0.0003427,0.0068354,False
MYS30,2017-12-28,1779.1,2018-01-04,1803.45,4,7,0.0625,0.0008567,-6.25e-05,-1.25e-05,0.0,-3.65e-05,-3.04e-05,0.0,0.0007149,0.0136867,False
MYS30,2018-01-29,1870.52,2018-02-06,1812.45,4,8,0.0625,-0.001953,-6.25e-05,-1.25e-05,0.0,-4.51e-05,-3.47e-05,0.0,-0.0021079,-0.0310449,False
MYS30,2018-02-27,1871.46,2018-03-05,1842.62,4,6,0.0625,-0.0009665,-6.25e-05,-1.25e-05,0.0,-3.39e-05,-2.6e-05,0.0,-0.0011014,-0.0154104,False
MYS30,2018-03-29,1856.35,2018-04-04,1815.9399,4,6,0.0625,-0.0013631,-6.25e-05,-1.25e-05,0.0,-3.39e-05,-2.6e-05,0.0,-0.001498,-0.0217685,False
MYS30,2018-04-27,1863.47,2018-05-04,1841.83,4,7,0.0625,-0.0007257,-6.25e-05,-1.25e-05,0.0,-3.95e-05,-3.04e-05,0.0,-0.0008706,-0.0116128,False
MYS30,2018-05-30,1719.28,2018-06-05,1755.14,4,6,0.0625,0.0012975,-6.25e-05,-1.25e-05,0.0,-3.39e-05,-2.6e-05,0.0,0.0011626,0.0208576,False
MYS30,2018-06-28,1665.6801,2018-07-04,1688.45,4,6,0.0625,0.0008574,-6.25e-05,-1.25e-05,0.0,-3.39e-05,-2.6e-05,0.0,0.0007225,0.01367,False
MYS30,2018-07-30,1770.26,2018-08-03,1780.09,4,4,0.0625,0.0003492,-6.25e-05,-1.25e-05,0.0,-2.26e-05,-1.74e-05,0.0,0.0002343,0.0055528,False
MYS30,2018-08-29,1820.64,2018-09-05,1795.5,4,7,0.0625,-0.0008658,-6.25e-05,-1.25e-05,0.0,-3.95e-05,-3.04e-05,0.0,-0.0010107,-0.0138083,False
MYS30,2018-09-27,1798.64,2018-10-03,1796.3,4,6,0.0625,-8.07e-05,-6.25e-05,-1.25e-05,0.0,-3.39e-05,-2.6e-05,0.0,-0.0002156,-0.001301,False
MYS30,2018-10-30,1685.9399,2018-11-05,1708.8,4,6,0.0625,0.0008485,-6.25e-05,-1.25e-05,0.0,-3.39e-05,-2.6e-05,0.0,0.0007136,0.0135593,False
MYS30,2018-11-29,1696.34,2018-12-05,1688.27,4,6,0.0625,-0.00029,-6.25e-05,-1.25e-05,0.0,-3.39e-05,-2.6e-05,0.0,-0.0004249,-0.0047573,False
MYS30,2018-12-28,1692.0699,2019-01-04,1669.78,4,7,0.0625,-0.0008221,-6.25e-05,-1.25e-05,0.0,-3.95e-05,-3.04e-05,0.0,-0.000967,-0.0131732,False
MYS30,2019-01-30,1684.11,2019-02-08,1686.52,4,9,0.0625,9.09e-05,-6.25e-05,-1.25e-05,0.0,-5.08e-05,-3.91e-05,0.0,-7.39e-05,0.001431,False
MYS30,2019-02-27,1713.45,2019-03-05,1685.62,4,6,0.0625,-0.0010213,-6.25e-05,-1.25e-05,0.0,-3.39e-05,-2.6e-05,0.0,-0.0011562,-0.0162421,False
MYS30,2019-03-28,1641.33,2019-04-03,1643.21,4,6,0.0625,7.57e-05,-6.25e-05,-1.25e-05,0.0,-3.39e-05,-2.6e-05,0.0,-5.92e-05,0.0011454,False
MYS30,2019-04-29,1637.4,2019-05-06,1632.8,4,7,0.0625,-0.0001738,-6.25e-05,-1.25e-05,0.0,-3.95e-05,-3.04e-05,0.0,-0.0003187,-0.0028093,False
MYS30,2019-05-30,1636.5,2019-06-07,1649.33,4,8,0.0625,0.0004924,-6.25e-05,-1.25e-05,0.0,-4.17e-05,-3.47e-05,0.0,0.000341,0.0078399,False
MYS30,2019-06-27,1672.7,2019-07-03,1690.05,4,6,0.0625,0.000647,-6.25e-05,-1.25e-05,0.0,-3.13e-05,-2.6e-05,0.0,0.0005147,0.0103725,False
MYS30,2019-07-29,1642.6899,2019-08-05,1610.41,4,7,0.0625,-0.0012345,-6.25e-05,-1.25e-05,0.0,-3.65e-05,-3.04e-05,0.0,-0.0013764,-0.0196506,False
MYS30,2019-08-29,1595.1801,2019-09-05,1599.75,4,7,0.0625,0.0001883,-6.25e-05,-1.25e-05,0.0,-3.65e-05,-3.04e-05,0.0,4.65e-05,0.0028648,False
MYS30,2019-09-27,1584.14,2019-10-03,1564.12,4,6,0.0625,-0.0007904,-6.25e-05,-1.25e-05,0.0,-3.13e-05,-2.6e-05,0.0,-0.0009227,-0.0126378,False
MYS30,2019-10-30,1580.0,2019-11-05,1606.74,4,6,0.0625,0.0010546,-6.25e-05,-1.25e-05,0.0,-3.13e-05,-2.6e-05,0.0,0.0009223,0.016924,False
MYS30,2019-11-28,1583.77,2019-12-04,1560.9301,4,6,0.0625,-0.0008999,-6.25e-05,-1.25e-05,0.0,-3.13e-05,-2.6e-05,0.0,-0.0010322,-0.0144213,False
MYS30,2019-12-30,1615.67,2020-01-06,1597.76,4,7,0.0625,-0.0006824,-6.25e-05,-1.25e-05,0.0,-3.65e-05,-3.04e-05,0.0,-0.0008242,-0.0110852,False
MYS30,2020-01-30,1545.59,2020-02-05,1536.79,4,6,0.0625,-0.0003504,-6.25e-05,-1.25e-05,0.0,-2.86e-05,-2.6e-05,0.0,-0.0004801,-0.0056936,False
MYS30,2020-02-27,1505.59,2020-03-04,1489.95,4,6,0.0625,-0.000638,-6.25e-05,-1.25e-05,0.0,-2.82e-05,-2.6e-05,0.0,-0.0007672,-0.010388,False
MYS30,2020-03-30,1328.88,2020-04-03,1330.65,4,4,0.0625,0.0001067,-6.25e-05,-1.25e-05,0.0,-1.74e-05,-1.74e-05,0.0,-3e-06,0.001332,False
MYS30,2020-04-29,1380.3,2020-05-06,1376.9301,4,7,0.0625,-0.0001196,-6.25e-05,-1.25e-05,0.0,-2.95e-05,-3.04e-05,0.0,-0.0002545,-0.0024415,False
MYS30,2020-05-28,1457.5,2020-06-04,1561.84,4,7,0.0625,0.0043618,-6.25e-05,-1.25e-05,0.0,-2.43e-05,-3.04e-05,0.0,0.0042321,0.0715883,False
MYS30,2020-06-29,1494.4301,2020-07-03,1552.65,4,4,0.0625,0.0024017,-6.25e-05,-1.25e-05,0.0,-1.39e-05,-1.74e-05,0.0,0.0022955,0.038958,False
MYS30,2020-07-29,1611.42,2020-08-05,1568.13,4,7,0.0625,-0.0016884,-6.25e-05,-1.25e-05,0.0,-2.13e-05,-3.04e-05,0.0,-0.0018151,-0.0268645,False
MYS30,2020-08-27,1554.78,2020-09-03,1515.4,4,7,0.0625,-0.0015818,-6.25e-05,-1.25e-05,0.0,-2.13e-05,-3.04e-05,0.0,-0.0017084,-0.0253283,False
MYS30,2020-09-29,1503.9,2020-10-05,1512.4301,4,6,0.0625,0.0003566,-6.25e-05,-1.25e-05,0.0,-1.82e-05,-2.6e-05,0.0,0.0002373,0.0056719,False
MYS30,2020-10-28,1495.2,2020-11-04,1464.61,4,7,0.0625,-0.0012801,-6.25e-05,-1.25e-05,0.0,-2.13e-05,-3.04e-05,0.0,-0.0014067,-0.0204588,False
MYS30,2020-11-27,1607.59,2020-12-03,1628.26,4,6,0.0625,0.0008537,-6.25e-05,-1.25e-05,0.0,-1.82e-05,-2.6e-05,0.0,0.0007344,0.0128578,False
MYS30,2020-12-30,1644.41,2021-01-06,1591.97,4,7,0.0625,-0.0020112,-6.25e-05,-1.25e-05,0.0,-2.13e-05,-3.04e-05,0.0,-0.0021379,-0.0318899,False
MYS30,2021-01-27,1580.62,2021-02-04,1584.9,4,8,0.0625,0.0001742,-6.25e-05,-1.25e-05,0.0,-2.43e-05,-3.47e-05,0.0,4.02e-05,0.0027078,False
MYS30,2021-02-25,1581.54,2021-03-03,1588.45,4,6,0.0625,0.0002785,-6.25e-05,-1.25e-05,0.0,-1.82e-05,-2.6e-05,0.0,0.0001592,0.0043691,False
MYS30,2021-03-30,1609.1899,2021-04-05,1584.24,4,6,0.0625,-0.0009599,-6.25e-05,-1.25e-05,0.0,-1.82e-05,-2.6e-05,0.0,-0.0010792,-0.0155047,False
MYS30,2021-04-28,1608.5,2021-05-05,1575.67,4,7,0.0625,-0.0012848,-6.25e-05,-1.25e-05,0.0,-2.13e-05,-3.04e-05,0.0,-0.0014114,-0.0204103,False
MYS30,2021-05-28,1594.4399,2021-06-03,1590.5699,4,6,0.0625,-0.0001479,-6.25e-05,-1.25e-05,0.0,-1.82e-05,-2.6e-05,0.0,-0.0002672,-0.0024272,False
MYS30,2021-06-29,1548.3101,2021-07-05,1532.36,4,6,0.0625,-0.0006439,-6.25e-05,-1.25e-05,0.0,-1.82e-05,-2.6e-05,0.0,-0.0007632,-0.0103016,False
MYS30,2021-07-29,1512.9301,2021-08-04,1491.33,4,6,0.0625,-0.0008922,-6.25e-05,-1.25e-05,0.0,-1.82e-05,-2.6e-05,0.0,-0.0010115,-0.014277,False
MYS30,2021-08-27,1590.16,2021-09-03,1589.1899,4,7,0.0625,-3.31e-05,-6.25e-05,-1.25e-05,0.0,-2.13e-05,-3.04e-05,0.0,-0.0001598,-0.0006101,False
MYS30,2021-09-29,1547.65,2021-10-05,1530.42,4,6,0.0625,-0.0006952,-6.25e-05,-1.25e-05,0.0,-1.82e-05,-2.6e-05,0.0,-0.0008145,-0.011133,False
MYS30,2021-10-28,1566.86,2021-11-03,1531.33,4,6,0.0625,-0.0014194,-6.25e-05,-1.25e-05,0.0,-1.82e-05,-2.6e-05,0.0,-0.0015387,-0.0226759,False
MYS30,2021-11-29,1510.5699,2021-12-06,1483.45,4,7,0.0625,-0.0011231,-6.25e-05,-1.25e-05,0.0,-2.13e-05,-3.04e-05,0.0,-0.0012498,-0.0179535,False
MYS30,2021-12-30,1543.61,2022-01-05,1547.95,4,6,0.0625,0.0001884,-6.25e-05,-1.25e-05,0.0,-1.82e-05,-2.6e-05,0.0,6.92e-05,0.0028116,False
MYS30,2022-01-28,1520.02,2022-02-07,1530.65,4,10,0.0625,0.0004398,-6.25e-05,-1.25e-05,0.0,-3.04e-05,-4.34e-05,0.0,0.000291,0.0069933,False
MYS30,2022-02-25,1591.72,2022-03-03,1618.54,4,6,0.0625,0.0010545,-6.25e-05,-1.25e-05,0.0,-1.82e-05,-2.6e-05,0.0,0.0009352,0.0168497,False
MYS30,2022-03-30,1583.22,2022-04-05,1596.79,4,6,0.0625,0.0005366,-6.25e-05,-1.25e-05,0.0,-1.82e-05,-2.6e-05,0.0,0.0004174,0.0085712,False
MYS30,2022-04-28,1597.3101,2022-05-09,1549.1801,4,11,0.0625,-0.001901,-6.25e-05,-1.25e-05,0.0,-3.34e-05,-4.77e-05,0.0,-0.0020572,-0.0301319,False
MYS30,2022-05-30,1543.02,2022-06-03,1537.83,4,4,0.0625,-0.0001954,-6.25e-05,-1.25e-05,0.0,-1.39e-05,-1.74e-05,0.0,-0.0003017,-0.0033636,False
MYS30,2022-06-29,1451.48,2022-07-05,1440.8101,4,6,0.0625,-0.0004575,-6.25e-05,-1.25e-05,0.0,-2.08e-05,-2.6e-05,0.0,-0.0005794,-0.0073511,False
MYS30,2022-07-28,1491.2,2022-08-03,1490.5699,4,6,0.0625,-2.41e-05,-6.25e-05,-1.25e-05,0.0,-2.34e-05,-2.6e-05,0.0,-0.0001486,-0.0004225,False
MYS30,2022-08-29,1501.5699,2022-09-05,1489.8,4,7,0.0625,-0.0004847,-6.25e-05,-1.25e-05,0.0,-2.73e-05,-3.04e-05,0.0,-0.0006174,-0.0078384,False
MYS30,2022-09-29,1397.5,2022-10-05,1420.55,4,6,0.0625,0.0010269,-6.25e-05,-1.25e-05,0.0,-2.6e-05,-2.6e-05,0.0,0.0008998,0.0164938,False
MYS30,2022-10-28,1447.3101,2022-11-03,1420.38,4,6,0.0625,-0.0011531,-6.25e-05,-1.25e-05,0.0,-2.6e-05,-2.6e-05,0.0,-0.0012802,-0.018607,False
MYS30,2022-11-29,1476.96,2022-12-05,1471.5601,4,6,0.0625,-0.000224,-6.25e-05,-1.25e-05,0.0,-2.86e-05,-2.6e-05,0.0,-0.0003537,-0.0036561,False
MYS30,2022-12-29,1491.63,2023-01-05,1480.9301,4,7,0.0625,-0.0004411,-6.25e-05,-1.25e-05,0.0,-3.34e-05,-3.04e-05,0.0,-0.0005799,-0.0071733,False
MYS30,2023-01-30,1499.39,2023-02-07,1476.38,4,8,0.0625,-0.0009608,-6.25e-05,-1.25e-05,0.0,-3.82e-05,-3.47e-05,0.0,-0.0011087,-0.0153462,False
MYS30,2023-02-27,1455.5,2023-03-03,1453.55,4,4,0.0625,-8.31e-05,-6.25e-05,-1.25e-05,0.0,-1.91e-05,-1.74e-05,0.0,-0.0001945,-0.0013397,False
MYS30,2023-03-30,1424.61,2023-04-05,1429.55,4,6,0.0625,0.0002184,-6.25e-05,-1.25e-05,0.0,-2.86e-05,-2.6e-05,0.0,8.87e-05,0.0034677,False
MYS30,2023-04-27,1418.05,2023-05-05,1431.04,4,8,0.0625,0.000572,-6.25e-05,-1.25e-05,0.0,-3.91e-05,-3.47e-05,0.0,0.0004232,0.0091605,False
MYS30,2023-05-30,1396.91,2023-06-06,1383.17,4,7,0.0625,-0.0006159,-6.25e-05,-1.25e-05,0.0,-3.65e-05,-3.04e-05,0.0,-0.0007577,-0.009836,False
MYS30,2023-06-28,1388.37,2023-07-05,1389.9,4,7,0.0625,7.74e-05,-6.25e-05,-1.25e-05,0.0,-3.65e-05,-3.04e-05,0.0,-6.45e-05,0.001102,False
MYS30,2023-07-28,1450.35,2023-08-03,1441.85,4,6,0.0625,-0.0003644,-6.25e-05,-1.25e-05,0.0,-3.13e-05,-2.6e-05,0.0,-0.0004967,-0.0058607,False
MYS30,2023-08-29,1454.4399,2023-09-05,1454.83,4,7,0.0625,1.97e-05,-6.25e-05,-1.25e-05,0.0,-3.65e-05,-3.04e-05,0.0,-0.0001221,0.0002682,False
MYS30,2023-09-27,1440.11,2023-10-04,1415.84,4,7,0.0625,-0.0010577,-6.25e-05,-1.25e-05,0.0,-3.65e-05,-3.04e-05,0.0,-0.0011995,-0.0168529,False
MYS30,2023-10-30,1439.2,2023-11-03,1449.9301,4,4,0.0625,0.0004669,-6.25e-05,-1.25e-05,0.0,-2.08e-05,-1.74e-05,0.0,0.0003537,0.0074556,False
MYS30,2023-11-29,1446.0699,2023-12-05,1449.46,4,6,0.0625,0.0001477,-6.25e-05,-1.25e-05,0.0,-3.13e-05,-2.6e-05,0.0,1.54e-05,0.0023443,False
MYS30,2023-12-28,1457.41,2024-01-04,1477.26,4,7,0.0625,0.0008501,-6.25e-05,-1.25e-05,0.0,-3.65e-05,-3.04e-05,0.0,0.0007083,0.01362,False
MYS30,2024-01-30,1512.75,2024-02-06,1512.98,4,7,0.0625,1.01e-05,-6.25e-05,-1.25e-05,0.0,-3.65e-05,-3.04e-05,0.0,-0.0001318,0.000152,False
MYS30,2024-02-28,1545.59,2024-03-05,1536.98,4,6,0.0625,-0.0003463,-6.25e-05,-1.25e-05,0.0,-3.13e-05,-2.6e-05,0.0,-0.0004785,-0.0055707,False
MYS30,2024-03-27,1530.6,2024-04-03,1537.01,4,7,0.0625,0.0002642,-6.25e-05,-1.25e-05,0.0,-3.65e-05,-3.04e-05,0.0,0.0001224,0.0041879,False
MYS30,2024-04-29,1582.66,2024-05-06,1597.39,4,7,0.0625,0.0005816,-6.25e-05,-1.25e-05,0.0,-3.65e-05,-3.04e-05,0.0,0.0004398,0.0093071,False
MYS30,2024-05-30,1604.26,2024-06-06,1614.73,4,7,0.0625,0.0004126,-6.25e-05,-1.25e-05,0.0,-3.65e-05,-3.04e-05,0.0,0.0002707,0.0065264,False
MYS30,2024-06-27,1584.9399,2024-07-03,1615.3199,4,6,0.0625,0.0011915,-6.25e-05,-1.25e-05,0.0,-3.13e-05,-2.6e-05,0.0,0.0010592,0.0191679,False
MYS30,2024-07-30,1611.9399,2024-08-05,1536.48,4,6,0.0625,-0.0029231,-6.25e-05,-1.25e-05,0.0,-3.13e-05,-2.6e-05,0.0,-0.0030554,-0.0468131,False
MYS30,2024-08-29,1653.55,2024-09-04,1670.24,4,6,0.0625,0.0006354,-6.25e-05,-1.25e-05,0.0,-3.13e-05,-2.6e-05,0.0,0.0005031,0.0100934,False
MYS30,2024-09-27,1660.09,2024-10-03,1641.55,4,6,0.0625,-0.0006965,-6.25e-05,-1.25e-05,0.0,-3.13e-05,-2.6e-05,0.0,-0.0008288,-0.011168,False
MYS30,2024-10-29,1615.08,2024-11-05,1620.7,4,7,0.0625,0.0002213,-6.25e-05,-1.25e-05,0.0,-3.65e-05,-3.04e-05,0.0,7.95e-05,0.0034797,False
MYS30,2024-11-28,1597.49,2024-12-04,1614.09,4,6,0.0625,0.0006485,-6.25e-05,-1.25e-05,0.0,-3.13e-05,-2.6e-05,0.0,0.0005162,0.0103913,False
MYS30,2024-12-30,1637.6801,2025-01-06,1625.47,4,7,0.0625,-0.0004661,-6.25e-05,-1.25e-05,0.0,-3.65e-05,-3.04e-05,0.0,-0.000608,-0.0074557,False
MYS30,2025-01-28,1552.6899,2025-02-05,1574.51,4,8,0.0625,0.0008754,-6.25e-05,-1.25e-05,0.0,-4.17e-05,-3.47e-05,0.0,0.000724,0.0140531,False
MYS30,2025-02-27,1586.6,2025-03-05,1564.42,4,6,0.0625,-0.0008738,-6.25e-05,-1.25e-05,0.0,-3.13e-05,-2.6e-05,0.0,-0.0010061,-0.0139795,False
MYS30,2025-03-27,1535.73,2025-04-04,1504.14,4,8,0.0625,-0.0012865,-6.25e-05,-1.25e-05,0.0,-4.17e-05,-3.47e-05,0.0,-0.0014379,-0.02057,False
MYS30,2025-04-29,1515.5601,2025-05-06,1536.8,4,7,0.0625,0.0008783,-6.25e-05,-1.25e-05,0.0,-3.65e-05,-3.04e-05,0.0,0.0007365,0.0140146,False
MYS30,2025-05-29,1518.98,2025-06-05,1518.12,4,7,0.0625,-3.18e-05,-6.25e-05,-1.25e-05,0.0,-3.65e-05,-3.04e-05,0.0,-0.0001736,-0.0005662,False
MYS30,2025-06-26,1528.16,2025-07-03,1548.99,4,7,0.0625,0.0008485,-6.25e-05,-1.25e-05,0.0,-3.65e-05,-3.04e-05,0.0,0.0007066,0.0136307,False
MYS30,2025-07-30,1524.5,2025-08-05,1538.64,4,6,0.0625,0.0005866,-6.25e-05,-1.25e-05,0.0,-2.86e-05,-2.6e-05,0.0,0.0004569,0.0092752,False
MYS30,2025-08-28,1587.0699,2025-09-04,1578.15,4,7,0.0625,-0.0003504,-6.25e-05,-1.25e-05,0.0,-3.34e-05,-3.04e-05,0.0,-0.0004892,-0.0056204,False
MYS30,2025-09-29,1610.95,2025-10-03,1635.0601,4,4,0.0625,0.0009329,-6.25e-05,-1.25e-05,0.0,-1.91e-05,-1.74e-05,0.0,0.0008215,0.0149664,False
MYS30,2025-10-30,1614.2,2025-11-05,1621.55,4,6,0.0625,0.0002864,-6.25e-05,-1.25e-05,0.0,-2.86e-05,-2.6e-05,0.0,0.0001567,0.0045534,False
MYS30,2025-11-27,1617.46,2025-12-03,1622.84,4,6,0.0625,0.0002156,-6.25e-05,-1.25e-05,0.0,-2.86e-05,-2.6e-05,0.0,8.59e-05,0.0033262,False
MYS30,2025-12-30,1684.53,2026-01-06,1672.35,4,7,0.0625,-0.0004502,-6.25e-05,-1.25e-05,0.0,-3.34e-05,-3.04e-05,0.0,-0.000589,-0.0072305,False
MYS30,2026-01-29,1730.89,2026-02-05,1731.02,4,7,0.0625,8e-06,-6.25e-05,-1.25e-05,0.0,-3.34e-05,-3.04e-05,0.0,-0.0001308,7.51e-05,False
MYS30,2026-02-26,1740.9399,2026-03-04,1698.22,4,6,0.0625,-0.0015402,-6.25e-05,-1.25e-05,0.0,-2.86e-05,-2.6e-05,0.0,-0.0016699,-0.0245385,False
MYS30,2026-03-30,1687.9,2026-04-03,1695.5,4,4,0.0625,0.0002859,-6.25e-05,-1.25e-05,0.0,-1.91e-05,-1.74e-05,0.0,0.0001744,0.0045026,False
MYS30,2026-04-29,1720.42,2026-05-06,1756.87,4,7,0.0625,0.0013152,-6.25e-05,-1.25e-05,0.0,-3.34e-05,-3.04e-05,0.0,0.0011764,0.0211867,False
MYS30,2026-05-28,1684.9301,2026-06-01,1683.0699,2,4,0.0625,-6.9e-05,-6.25e-05,-1.25e-05,0.0,-1.91e-05,-1.74e-05,0.0,-0.0001805,-0.001104,False
MYS30,2026-06-29,1665.91,2026-07-03,1679.05,4,4,0.0625,0.0004953,-6.25e-05,-1.25e-05,0.0,-1.91e-05,-1.74e-05,0.0,0.0003838,0.0078876,False
MYS30,2026-07-30,1720.4,2026-08-05,1748.17,4,6,0.0625,0.001004,-6.25e-05,-1.25e-05,0.0,-2.86e-05,-2.6e-05,0.0,0.0008743,0.0161416,False
MYS30,2026-08-27,1741.72,2026-09-03,1715.13,4,7,0.0625,-0.000951,-6.25e-05,-1.25e-05,0.0,-3.34e-05,-3.04e-05,0.0,-0.0010898,-0.0152665,False
IDN,2005-07-28,1186.614,2005-08-03,1192.203,4,6,0.0625,0.0002974,-6.25e-05,-1.25e-05,0.0,-8.85e-05,-2.6e-05,0.0,0.0001078,0.00471,False
IDN,2005-08-30,1039.8199,2005-09-06,1051.594,4,7,0.0625,0.0007175,-6.25e-05,-1.25e-05,0.0,-0.0001063,-3.04e-05,0.0,0.0005058,0.0113232,False
IDN,2005-09-29,1048.302,2005-10-05,1104.0551,4,6,0.0625,0.0032744,-6.25e-05,-1.25e-05,0.0,-0.0001059,-2.6e-05,0.0,0.0030674,0.0531842,False
IDN,2005-10-28,1058.256,2005-11-10,1043.697,4,13,0.0625,-0.0008576,-6.25e-05,-1.25e-05,0.0,-0.0002678,-5.64e-05,0.0,-0.0012568,-0.0137575,False
IDN,2005-11-29,1082.278,2005-12-05,1120.578,4,6,0.0625,0.0021926,-6.25e-05,-1.25e-05,0.0,-0.0001276,-2.6e-05,0.0,0.001964,0.0353884,False
IDN,2005-12-28,1164.1429,2006-01-04,1211.699,4,7,0.0625,0.0025241,-6.25e-05,-1.25e-05,0.0,-0.0001549,-3.04e-05,0.0,0.0022638,0.0408507,False
IDN,2006-01-27,1229.709,2006-02-03,1244.126,4,7,0.0625,0.0007302,-6.25e-05,-1.25e-05,0.0,-0.0001549,-3.04e-05,0.0,0.0004699,0.0117239,False
IDN,2006-02-27,1235.423,2006-03-03,1261.265,4,4,0.0625,0.0013007,-6.25e-05,-1.25e-05,0.0,-8.85e-05,-1.74e-05,0.0,0.0011198,0.0209176,False
IDN,2006-03-28,1325.219,2006-04-05,1344.6,4,8,0.0625,0.0009142,-6.25e-05,-1.25e-05,0.0,-0.0001771,-3.47e-05,0.0,0.0006274,0.0146247,False
IDN,2006-04-27,1474.609,2006-05-03,1499.071,4,6,0.0625,0.0010395,-6.25e-05,-1.25e-05,0.0,-0.0001328,-2.6e-05,0.0,0.0008057,0.0165888,False
IDN,2006-05-30,1366.17,2006-06-05,1349.038,4,6,0.0625,-0.0007531,-6.25e-05,-1.25e-05,0.0,-0.0001302,-2.6e-05,0.0,-0.0009843,-0.0125402,False
IDN,2006-06-29,1274.744,2006-07-05,1338.323,4,6,0.0625,0.0030731,-6.25e-05,-1.25e-05,0.0,-0.0001302,-2.6e-05,0.0,0.0028419,0.0498759,False
IDN,2006-07-28,1337.41,2006-08-03,1379.715,4,6,0.0625,0.0019686,-6.25e-05,-1.25e-05,0.0,-0.0001276,-2.6e-05,0.0,0.00174,0.031632,False
IDN,2006-08-30,1425.225,2006-09-05,1468.238,4,6,0.0625,0.0018709,-6.25e-05,-1.25e-05,0.0,-0.0001224,-2.6e-05,0.0,0.0016474,0.0301798,False
IDN,2006-09-28,1533.8,2006-10-04,1537.085,4,6,0.0625,0.0001352,-6.25e-05,-1.25e-05,0.0,-0.0001172,-2.6e-05,0.0,-8.3e-05,0.0021417,False
IDN,2006-10-30,1580.189,2006-11-03,1612.923,4,4,0.0625,0.0012864,-6.25e-05,-1.25e-05,0.0,-7.47e-05,-1.74e-05,0.0,0.0011194,0.0207152,False
IDN,2006-11-29,1713.397,2006-12-05,1776.7581,4,6,0.0625,0.0022938,-6.25e-05,-1.25e-05,0.0,-0.0001068,-2.6e-05,0.0,0.002086,0.0369798,False
IDN,2006-12-27,1803.264,2007-01-04,1824.103,4,8,0.0625,0.0007284,-6.25e-05,-1.25e-05,0.0,-0.0001354,-3.47e-05,0.0,0.0004832,0.0115563,False
IDN,2007-01-30,1765.522,2007-02-05,1768.5389,4,6,0.0625,0.0001116,-6.25e-05,-1.25e-05,0.0,-9.9e-05,-2.6e-05,0.0,-8.84e-05,0.0017088,False
IDN,2007-02-27,1764.0081,2007-03-05,1698.8199,4,6,0.0625,-0.0023058,-6.25e-05,-1.25e-05,0.0,-9.64e-05,-2.6e-05,0.0,-0.0025032,-0.0369545,False
IDN,2007-03-29,1817.719,2007-04-04,1922.051,4,6,0.0625,0.0035178,-6.25e-05,-1.25e-05,0.0,-9.38e-05,-2.6e-05,0.0,0.003323,0.0573972,False
IDN,2007-04-27,2019.676,2007-05-03,2025.644,4,6,0.0625,0.0001904,-6.25e-05,-1.25e-05,0.0,-9.38e-05,-2.6e-05,0.0,-4.4e-06,0.0029549,False
IDN,2007-05-30,2055.396,2007-06-06,2102.4441,4,7,0.0625,0.0014291,-6.25e-05,-1.25e-05,0.0,-0.0001063,-3.04e-05,0.0,0.0012173,0.02289,False
IDN,2007-06-28,2112.8511,2007-07-04,2196.105,4,6,0.0625,0.0024291,-6.25e-05,-1.25e-05,0.0,-8.85e-05,-2.6e-05,0.0,0.0022395,0.0394036,False
IDN,2007-07-30,2301.552,2007-08-03,2269.791,4,4,0.0625,-0.0008046,-6.25e-05,-1.25e-05,0.0,-5.73e-05,-1.74e-05,0.0,-0.0009543,-0.0137998,False
IDN,2007-08-30,2150.7151,2007-09-05,2214.6221,4,6,0.0625,0.0018452,-6.25e-05,-1.25e-05,0.0,-8.59e-05,-2.6e-05,0.0,0.0016582,0.0297143,False
IDN,2007-09-27,2378.8301,2007-10-03,2451.5859,4,6,0.0625,0.0019178,-6.25e-05,-1.25e-05,0.0,-8.59e-05,-2.6e-05,0.0,0.0017308,0.0305847,False
IDN,2007-10-30,2662.9221,2007-11-05,2652.478,4,6,0.0625,-0.0002127,-6.25e-05,-1.25e-05,0.0,-8.59e-05,-2.6e-05,0.0,-0.0003997,-0.003922,False
IDN,2007-11-29,2699.8169,2007-12-05,2768.0581,4,6,0.0625,0.0015708,-6.25e-05,-1.25e-05,0.0,-8.59e-05,-2.6e-05,0.0,0.0013839,0.0252762,False
IDN,2007-12-27,2739.7041,2008-01-04,2765.1899,4,8,0.0625,0.0005914,-6.25e-05,-1.25e-05,0.0,-0.0001111,-3.47e-05,0.0,0.0003705,0.0093024,False
IDN,2008-01-30,2610.3589,2008-02-05,2704.2471,4,6,0.0625,0.0022248,-6.25e-05,-1.25e-05,0.0,-8.33e-05,-2.6e-05,0.0,0.0020404,0.0359675,False
IDN,2008-02-28,2756.314,2008-03-05,2639.6521,4,6,0.0625,-0.0026758,-6.25e-05,-1.25e-05,0.0,-8.33e-05,-2.6e-05,0.0,-0.0028601,-0.0423253,False
IDN,2008-03-28,2477.5859,2008-04-03,2237.9709,4,6,0.0625,-0.0062588,-6.25e-05,-1.25e-05,0.0,-8.33e-05,-2.6e-05,0.0,-0.0064432,-0.0967131,False
IDN,2008-04-29,2303.5259,2008-05-07,2382.699,4,8,0.0625,0.0021542,-6.25e-05,-1.25e-05,0.0,-0.0001115,-3.47e-05,0.0,0.0019329,0.0343704,False
IDN,2008-05-29,2446.9541,2008-06-04,2362.5879,4,6,0.0625,-0.0021791,-6.25e-05,-1.25e-05,0.0,-8.59e-05,-2.6e-05,0.0,-0.002366,-0.0344781,False
IDN,2008-06-27,2332.115,2008-07-03,2286.6111,4,6,0.0625,-0.0011771,-6.25e-05,-1.25e-05,0.0,-8.85e-05,-2.6e-05,0.0,-0.0013667,-0.0195119,False
IDN,2008-07-29,2278.6841,2008-08-05,2185.6189,4,7,0.0625,-0.0025696,-6.25e-05,-1.25e-05,0.0,-0.0001063,-3.04e-05,0.0,-0.0027813,-0.0408416,False
IDN,2008-08-28,2144.8479,2008-09-03,2116.0,4,6,0.0625,-0.0008305,-6.25e-05,-1.25e-05,0.0,-9.38e-05,-2.6e-05,0.0,-0.0010253,-0.0134499,False
IDN,2008-09-25,1870.061,2008-10-08,1451.6689,4,13,0.0625,-0.0150671,-6.25e-05,-1.25e-05,0.0,-0.0002092,-5.64e-05,0.0,-0.0154078,-0.2237318,False
IDN,2008-10-30,1173.863,2008-11-05,1366.275,4,6,0.0625,0.0098142,-6.25e-05,-1.25e-05,0.0,-9.9e-05,-2.6e-05,0.0,0.0096142,0.1639135,False
IDN,2008-11-27,1202.074,2008-12-03,1192.526,4,6,0.0625,-0.000437,-6.25e-05,-1.25e-05,0.0,-9.9e-05,-2.6e-05,0.0,-0.000637,-0.0079429,False
IDN,2008-12-24,1336.614,2009-01-07,1421.47,4,14,0.0625,0.003966,-6.25e-05,-1.25e-05,0.0,-0.0002248,-6.08e-05,0.0,0.0036054,0.0634858,False
IDN,2009-01-29,1324.65,2009-02-04,1320.363,4,6,0.0625,-0.0001874,-6.25e-05,-1.25e-05,0.0,-9.11e-05,-2.6e-05,0.0,-0.0003796,-0.0032363,False
IDN,2009-02-26,1290.321,2009-03-04,1289.38,4,6,0.0625,-1.55e-05,-6.25e-05,-1.25e-05,0.0,-8.59e-05,-2.6e-05,0.0,-0.0002024,-0.0007293,False
IDN,2009-03-30,1419.092,2009-04-03,1500.361,4,4,0.0625,0.0035162,-6.25e-05,-1.25e-05,0.0,-5.38e-05,-1.74e-05,0.0,0.00337,0.0572683,False
IDN,2009-04-29,1644.1851,2009-05-05,1772.0699,4,6,0.0625,0.0047887,-6.25e-05,-1.25e-05,0.0,-7.81e-05,-2.6e-05,0.0,0.0046096,0.0777801,False
IDN,2009-05-28,1902.876,2009-06-03,2010.9139,4,6,0.0625,0.0035096,-6.25e-05,-1.25e-05,0.0,-7.55e-05,-2.6e-05,0.0,0.003333,0.0567761,False
IDN,2009-06-29,2033.7159,2009-07-03,2075.302,4,4,0.0625,0.0012747,-6.25e-05,-1.25e-05,0.0,-4.86e-05,-1.74e-05,0.0,0.0011337,0.0204483,False
IDN,2009-07-30,2298.135,2009-08-05,2317.063,4,6,0.0625,0.0005308,-6.25e-05,-1.25e-05,0.0,-7.03e-05,-2.6e-05,0.0,0.0003595,0.0082362,False
IDN,2009-08-28,2377.2471,2009-09-03,2322.2461,4,6,0.0625,-0.0014371,-6.25e-05,-1.25e-05,0.0,-6.77e-05,-2.6e-05,0.0,-0.0016058,-0.0231364,False
IDN,2009-09-29,2443.8311,2009-10-05,2480.4131,4,6,0.0625,0.0009321,-6.25e-05,-1.25e-05,0.0,-6.77e-05,-2.6e-05,0.0,0.0007634,0.0149691,False
IDN,2009-10-29,2344.033,2009-11-04,2371.856,4,6,0.0625,0.0007567,-6.25e-05,-1.25e-05,0.0,-6.77e-05,-2.6e-05,0.0,0.000588,0.0118697,False
IDN,2009-11-26,2393.519,2009-12-03,2500.0371,4,7,0.0625,0.0027371,-6.25e-05,-1.25e-05,0.0,-7.9e-05,-3.04e-05,0.0,0.0025528,0.0445027,False
IDN,2009-12-29,2518.9939,2010-01-06,2603.2971,4,8,0.0625,0.0020709,-6.25e-05,-1.25e-05,0.0,-9.03e-05,-3.47e-05,0.0,0.0018709,0.033467,False
IDN,2010-01-28,2619.5649,2010-02-03,2604.5491,4,6,0.0625,-0.0003534,-6.25e-05,-1.25e-05,0.0,-6.77e-05,-2.6e-05,0.0,-0.0005222,-0.0057322,False
IDN,2010-02-24,2579.416,2010-03-03,2567.0891,4,7,0.0625,-0.0002922,-6.25e-05,-1.25e-05,0.0,-7.9e-05,-3.04e-05,0.0,-0.0004765,-0.004779,False
IDN,2010-03-30,2798.2681,2010-04-06,2880.969,4,7,0.0625,0.001846,-6.25e-05,-1.25e-05,0.0,-7.9e-05,-3.04e-05,0.0,0.0016616,0.0295543,False
IDN,2010-04-29,2926.8601,2010-05-05,2846.239,4,6,0.0625,-0.0016916,-6.25e-05,-1.25e-05,0.0,-6.77e-05,-2.6e-05,0.0,-0.0018604,-0.0275453,False
IDN,2010-05-27,2713.9231,2010-06-03,2810.9771,4,7,0.0625,0.0022709,-6.25e-05,-1.25e-05,0.0,-7.9e-05,-3.04e-05,0.0,0.0020865,0.0357615,False
IDN,2010-06-29,2893.3711,2010-07-05,2877.304,4,6,0.0625,-0.0003406,-6.25e-05,-1.25e-05,0.0,-6.77e-05,-2.6e-05,0.0,-0.0005093,-0.0055531,False
IDN,2010-07-29,3096.8159,2010-08-04,2983.2471,4,6,0.0625,-0.0023072,-6.25e-05,-1.25e-05,0.0,-6.77e-05,-2.6e-05,0.0,-0.0024759,-0.0366728,False
IDN,2010-08-30,3099.5649,2010-09-03,3164.2771,4,4,0.0625,0.0013079,-6.25e-05,-1.25e-05,0.0,-4.51e-05,-1.74e-05,0.0,0.0011704,0.0208778,False
IDN,2010-09-29,3495.4641,2010-10-05,3591.6951,4,6,0.0625,0.0017052,-6.25e-05,-1.25e-05,0.0,-6.77e-05,-2.6e-05,0.0,0.0015365,0.0275302,False
IDN,2010-10-28,3638.8259,2010-11-03,3605.6731,4,6,0.0625,-0.0005699,-6.25e-05,-1.25e-05,0.0,-6.77e-05,-2.6e-05,0.0,-0.0007387,-0.0091109,False
IDN,2010-11-29,3630.636,2010-12-03,3696.26,4,4,0.0625,0.0011759,-6.25e-05,-1.25e-05,0.0,-4.51e-05,-1.74e-05,0.0,0.0010384,0.0180751,False
IDN,2010-12-29,3699.217,2011-01-05,3783.709,4,7,0.0625,0.0014164,-6.25e-05,-1.25e-05,0.0,-7.9e-05,-3.04e-05,0.0,0.001232,0.0228405,False
IDN,2011-01-28,3487.6101,2011-02-04,3496.1689,4,7,0.0625,0.0001767,-6.25e-05,-1.25e-05,0.0,-7.9e-05,-3.04e-05,0.0,-7.7e-06,0.0024541,False
IDN,2011-02-25,3443.53,2011-03-03,3494.5391,4,6,0.0625,0.0009275,-6.25e-05,-1.25e-05,0.0,-7.03e-05,-2.6e-05,0.0,0.0007561,0.014813,False
IDN,2011-03-30,3640.978,2011-04-05,3685.936,4,6,0.0625,0.0007728,-6.25e-05,-1.25e-05,0.0,-7.03e-05,-2.6e-05,0.0,0.0006015,0.0123478,False
IDN,2011-04-28,3808.929,2011-05-04,3814.928,4,6,0.0625,0.0001031,-6.25e-05,-1.25e-05,0.0,-7.03e-05,-2.6e-05,0.0,-6.82e-05,0.001575,False
IDN,2011-05-30,3826.137,2011-06-06,3834.2009,4,7,0.0625,0.0001321,-6.25e-05,-1.25e-05,0.0,-8.2e-05,-3.04e-05,0.0,-5.53e-05,0.0021076,False
IDN,2011-06-28,3830.2729,2011-07-05,3924.127,4,7,0.0625,0.0015263,-6.25e-05,-1.25e-05,0.0,-8.2e-05,-3.04e-05,0.0,0.0013389,0.0245032,False
IDN,2011-07-28,4145.8271,2011-08-03,4136.5068,4,6,0.0625,-0.0001296,-6.25e-05,-1.25e-05,0.0,-7.03e-05,-2.6e-05,0.0,-0.000301,-0.0022481,False
IDN,2011-08-25,3844.377,2011-09-07,4001.4331,4,13,0.0625,0.0025302,-6.25e-05,-1.25e-05,0.0,-0.0001523,-5.64e-05,0.0,0.0022464,0.0408535,False
IDN,2011-09-29,3537.178,2011-10-05,3293.239,4,6,0.0625,-0.0043428,-6.25e-05,-1.25e-05,0.0,-7.03e-05,-2.6e-05,0.0,-0.0045142,-0.0689643,False
IDN,2011-10-28,3829.96,2011-11-03,3705.8101,4,6,0.0625,-0.0020103,-6.25e-05,-1.25e-05,0.0,-6.77e-05,-2.6e-05,0.0,-0.0021791,-0.0324155,False
IDN,2011-11-29,3687.769,2011-12-05,3780.793,4,6,0.0625,0.0015685,-6.25e-05,-1.25e-05,0.0,-6.25e-05,-2.6e-05,0.0,0.0014049,0.025225,False
IDN,2011-12-29,3808.772,2012-01-04,3907.4209,4,6,0.0625,0.0016091,-6.25e-05,-1.25e-05,0.0,-6.25e-05,-2.6e-05,0.0,0.0014455,0.0259005,False
IDN,2012-01-30,3915.1599,2012-02-03,4015.949,4,4,0.0625,0.0015964,-6.25e-05,-1.25e-05,0.0,-4.17e-05,-1.74e-05,0.0,0.0014624,0.0257433,False
IDN,2012-02-28,3903.5569,2012-03-05,3984.897,4,6,0.0625,0.0013078,-6.25e-05,-1.25e-05,0.0,-5.99e-05,-2.6e-05,0.0,0.0011469,0.0208374,False
IDN,2012-03-29,4105.167,2012-04-04,4134.0361,4,6,0.0625,0.0004583,-6.25e-05,-1.25e-05,0.0,-5.99e-05,-2.6e-05,0.0,0.0002973,0.0070324,False
IDN,2012-04-27,4163.981,2012-05-03,4224.0029,4,6,0.0625,0.0008964,-6.25e-05,-1.25e-05,0.0,-5.99e-05,-2.6e-05,0.0,0.0007355,0.0144146,False
IDN,2012-05-30,3917.916,2012-06-05,3717.876,4,6,0.0625,-0.0032021,-6.25e-05,-1.25e-05,0.0,-5.99e-05,-2.6e-05,0.0,-0.003363,-0.0510578,False
IDN,2012-06-28,3887.575,2012-07-04,4075.917,4,6,0.0625,0.0029768,-6.25e-05,-1.25e-05,0.0,-5.99e-05,-2.6e-05,0.0,0.0028159,0.0484472,False
IDN,2012-07-30,4099.1211,2012-08-03,4099.813,4,4,0.0625,1.69e-05,-6.25e-05,-1.25e-05,0.0,-3.99e-05,-1.74e-05,0.0,-0.0001154,0.0001688,False
IDN,2012-08-30,4025.583,2012-09-05,4075.3521,4,6,0.0625,0.0007785,-6.25e-05,-1.25e-05,0.0,-5.99e-05,-2.6e-05,0.0,0.0006175,0.0123632,False
IDN,2012-09-27,4225.0239,2012-10-03,4251.5112,4,6,0.0625,0.000395,-6.25e-05,-1.25e-05,0.0,-5.99e-05,-2.6e-05,0.0,0.0002341,0.0062691,False
IDN,2012-10-30,4364.5981,2012-11-05,4302.939,4,6,0.0625,-0.0008864,-6.25e-05,-1.25e-05,0.0,-5.99e-05,-2.6e-05,0.0,-0.0010473,-0.0141271,False
IDN,2012-11-29,4319.0859,2012-12-05,4286.8398,4,6,0.0625,-0.0004618,-6.25e-05,-1.25e-05,0.0,-5.99e-05,-2.6e-05,0.0,-0.0006227,-0.007466,False
IDN,2012-12-27,4281.8608,2013-01-04,4410.02,4,8,0.0625,0.0018515,-6.25e-05,-1.25e-05,0.0,-7.99e-05,-3.47e-05,0.0,0.0016619,0.0299307,False
IDN,2013-01-30,4452.9751,2013-02-05,4479.4409,4,6,0.0625,0.0003719,-6.25e-05,-1.25e-05,0.0,-5.99e-05,-2.6e-05,0.0,0.000211,0.0059434,False
IDN,2013-02-27,4716.415,2013-03-05,4751.7012,4,6,0.0625,0.0004785,-6.25e-05,-1.25e-05,0.0,-5.99e-05,-2.6e-05,0.0,0.0003176,0.0074816,False
IDN,2013-03-27,4928.1021,2013-04-03,4981.4658,4,7,0.0625,0.0006746,-6.25e-05,-1.25e-05,0.0,-6.99e-05,-3.04e-05,0.0,0.0004993,0.0108285,False
IDN,2013-04-29,4999.752,2013-05-03,4925.4829,4,4,0.0625,-0.0009216,-6.25e-05,-1.25e-05,0.0,-3.99e-05,-1.74e-05,0.0,-0.0010539,-0.0148545,False
IDN,2013-05-30,5129.647,2013-06-05,5001.2212,4,6,0.0625,-0.0015649,-6.25e-05,-1.25e-05,0.0,-5.99e-05,-2.6e-05,0.0,-0.0017258,-0.025036,False
IDN,2013-06-27,4675.749,2013-07-03,4577.1528,4,6,0.0625,-0.0012649,-6.25e-05,-1.25e-05,0.0,-6.25e-05,-2.6e-05,0.0,-0.0014284,-0.0210867,False
IDN,2013-07-30,4608.4888,2013-08-12,4597.7798,4,13,0.0625,-0.000142,-6.25e-05,-1.25e-05,0.0,-0.0001467,-5.64e-05,0.0,-0.0004201,-0.0023238,False
IDN,2013-08-29,4103.5928,2013-09-04,4073.4551,4,6,0.0625,-0.0004073,-6.25e-05,-1.25e-05,0.0,-7.29e-05,-2.6e-05,0.0,-0.0005812,-0.0073442,False
IDN,2013-09-27,4423.7192,2013-10-03,4418.6431,4,6,0.0625,-4.71e-05,-6.25e-05,-1.25e-05,0.0,-7.55e-05,-2.6e-05,0.0,-0.0002237,-0.0011475,False
IDN,2013-10-30,4574.8779,2013-11-06,4449.7598,4,7,0.0625,-0.0017162,-6.25e-05,-1.25e-05,0.0,-8.81e-05,-3.04e-05,0.0,-0.0019097,-0.027349,False
IDN,2013-11-28,4233.9248,2013-12-04,4241.3018,4,6,0.0625,0.0001227,-6.25e-05,-1.25e-05,0.0,-7.81e-05,-2.6e-05,0.0,-5.64e-05,0.0017423,False
IDN,2013-12-27,4212.98,2014-01-06,4202.8091,4,10,0.0625,-0.0001264,-6.25e-05,-1.25e-05,0.0,-0.0001302,-4.34e-05,0.0,-0.000375,-0.0024142,False
IDN,2014-01-29,4417.3491,2014-02-05,4384.3101,4,7,0.0625,-0.0004639,-6.25e-05,-1.25e-05,0.0,-9.11e-05,-3.04e-05,0.0,-0.0006605,-0.0074794,False
IDN,2014-02-27,4568.9399,2014-03-05,4659.1719,4,6,0.0625,0.0012334,-6.25e-05,-1.25e-05,0.0,-7.81e-05,-2.6e-05,0.0,0.0010543,0.019749,False
IDN,2014-03-27,4723.0571,2014-04-03,4891.3198,4,7,0.0625,0.0022064,-6.25e-05,-1.25e-05,0.0,-9.11e-05,-3.04e-05,0.0,0.0020099,0.0356258,False
IDN,2014-04-29,4819.6812,2014-05-06,4834.4678,4,7,0.0625,0.0001921,-6.25e-05,-1.25e-05,0.0,-9.11e-05,-3.04e-05,0.0,-4.4e-06,0.003068,False
IDN,2014-05-28,4985.5781,2014-06-04,4932.564,4,7,0.0625,-0.0006557,-6.25e-05,-1.25e-05,0.0,-9.11e-05,-3.04e-05,0.0,-0.0008523,-0.0106335,False
IDN,2014-06-27,4845.1338,2014-07-03,4888.7349,4,6,0.0625,0.0005627,-6.25e-05,-1.25e-05,0.0,-7.81e-05,-2.6e-05,0.0,0.0003835,0.0089989,False
IDN,2014-07-24,5098.6411,2014-08-06,5058.2271,4,13,0.0625,-0.0004929,-6.25e-05,-1.25e-05,0.0,-0.0001693,-5.64e-05,0.0,-0.0007936,-0.0079264,False
IDN,2014-08-28,5184.479,2014-09-03,5224.1348,4,6,0.0625,0.0004821,-6.25e-05,-1.25e-05,0.0,-7.81e-05,-2.6e-05,0.0,0.0003029,0.0076489,False
IDN,2014-09-29,5142.0112,2014-10-03,4949.3462,4,4,0.0625,-0.0023598,-6.25e-05,-1.25e-05,0.0,-5.21e-05,-1.74e-05,0.0,-0.0025042,-0.0374688,False
IDN,2014-10-30,5058.8491,2014-11-05,5066.832,4,6,0.0625,0.0001,-6.25e-05,-1.25e-05,0.0,-7.81e-05,-2.6e-05,0.0,-7.92e-05,0.001578,False
IDN,2014-11-27,5145.3149,2014-12-03,5166.0439,4,6,0.0625,0.0002518,-6.25e-05,-1.25e-05,0.0,-7.9e-05,-2.6e-05,0.0,7.18e-05,0.0040287,False
IDN,2014-12-29,5178.373,2015-01-06,5169.0601,4,8,0.0625,-0.0001059,-6.25e-05,-1.25e-05,0.0,-0.0001076,-3.47e-05,0.0,-0.0003233,-0.0017984,False
IDN,2015-01-29,5262.7178,2015-02-04,5315.2842,4,6,0.0625,0.0006231,-6.25e-05,-1.25e-05,0.0,-8.07e-05,-2.6e-05,0.0,0.0004413,0.0099885,False
IDN,2015-02-26,5451.4219,2015-03-04,5448.0591,4,6,0.0625,-3.7e-05,-6.25e-05,-1.25e-05,0.0,-7.81e-05,-2.6e-05,0.0,-0.0002162,-0.0006169,False
IDN,2015-03-30,5438.6558,2015-04-06,5480.0308,4,7,0.0625,0.0004838,-6.25e-05,-1.25e-05,0.0,-9.11e-05,-3.04e-05,0.0,0.0002873,0.0076076,False
IDN,2015-04-29,5105.563,2015-05-06,5184.9502,4,7,0.0625,0.0009695,-6.25e-05,-1.25e-05,0.0,-9.11e-05,-3.04e-05,0.0,0.000773,0.0155492,False
IDN,2015-05-28,5237.4009,2015-06-04,5095.8208,4,7,0.0625,-0.0017028,-6.25e-05,-1.25e-05,0.0,-9.11e-05,-3.04e-05,0.0,-0.0018993,-0.0270325,False
IDN,2015-06-29,4882.5781,2015-07-03,4982.9102,4,4,0.0625,0.0012764,-6.25e-05,-1.25e-05,0.0,-5.21e-05,-1.74e-05,0.0,0.0011319,0.020549,False
IDN,2015-07-30,4712.4922,2015-08-05,4850.5322,4,6,0.0625,0.0018228,-6.25e-05,-1.25e-05,0.0,-7.81e-05,-2.6e-05,0.0,0.0016436,0.0292924,False
IDN,2015-08-28,4446.2012,2015-09-03,4433.1108,4,6,0.0625,-0.0001614,-6.25e-05,-1.25e-05,0.0,-7.81e-05,-2.6e-05,0.0,-0.0003406,-0.0029442,False
IDN,2015-09-29,4178.4082,2015-10-05,4343.7012,4,6,0.0625,0.0024659,-6.25e-05,-1.25e-05,0.0,-7.81e-05,-2.6e-05,0.0,0.0022867,0.0395588,False
IDN,2015-10-29,4472.021,2015-11-04,4612.5649,4,6,0.0625,0.0019513,-6.25e-05,-1.25e-05,0.0,-7.81e-05,-2.6e-05,0.0,0.0017721,0.0314274,False
IDN,2015-11-27,4560.5601,2015-12-03,4537.3818,4,6,0.0625,-0.000279,-6.25e-05,-1.25e-05,0.0,-7.81e-05,-2.6e-05,0.0,-0.0004582,-0.0050823,False
IDN,2015-12-29,4569.3608,2016-01-06,4608.9819,4,8,0.0625,0.0005526,-6.25e-05,-1.25e-05,0.0,-0.0001042,-3.47e-05,0.0,0.0003387,0.008671,False
IDN,2016-01-28,4602.8291,2016-02-03,4596.1079,4,6,0.0625,-8.88e-05,-6.25e-05,-1.25e-05,0.0,-7.55e-05,-2.6e-05,0.0,-0.0002654,-0.0014602,False
IDN,2016-02-26,4733.1489,2016-03-03,4844.0391,4,6,0.0625,0.0014539,-6.25e-05,-1.25e-05,0.0,-7.29e-05,-2.6e-05,0.0,0.0012799,0.0234284,False
IDN,2016-03-30,4816.6548,2016-04-01,4843.186,2,2,0.0625,0.0003444,-6.25e-05,-1.25e-05,0.0,-2.34e-05,-8.7e-06,0.0,0.0002373,0.0055082,False
IDN,2016-04-04,4850.1758,2016-04-05,4858.0718,1,1,0.0625,0.0001017,-6.25e-05,-1.25e-05,0.0,-1.17e-05,-4.3e-06,0.0,1.07e-05,0.001628,False
IDN,2016-04-28,4848.3901,2016-05-04,4822.5952,4,6,0.0625,-0.0003319,-6.25e-05,-1.25e-05,0.0,-7.03e-05,-2.6e-05,0.0,-0.0005032,-0.0053203,False
IDN,2016-05-30,4836.0332,2016-06-03,4853.9219,4,4,0.0625,0.0002359,-6.25e-05,-1.25e-05,0.0,-4.69e-05,-1.74e-05,0.0,9.67e-05,0.003699,False
IDN,2016-06-29,4980.105,2016-07-12,5099.5332,4,13,0.0625,0.0014983,-6.25e-05,-1.25e-05,0.0,-0.0001467,-5.64e-05,0.0,0.0012202,0.0239811,False
IDN,2016-07-28,5299.2129,2016-08-03,5351.8779,4,6,0.0625,0.0006504,-6.25e-05,-1.25e-05,0.0,-6.77e-05,-2.6e-05,0.0,0.0004817,0.0099383,False
IDN,2016-08-30,5362.3159,2016-09-05,5356.9541,4,6,0.0625,-5.86e-05,-6.25e-05,-1.25e-05,0.0,-5.47e-05,-2.6e-05,0.0,-0.0002144,-0.0009999,False
IDN,2016-09-29,5431.957,2016-10-05,5420.6479,4,6,0.0625,-0.000112,-6.25e-05,-1.25e-05,0.0,-5.21e-05,-2.6e-05,0.0,-0.0002652,-0.002082,False
IDN,2016-10-28,5410.269,2016-11-03,5329.502,4,6,0.0625,-0.0009335,-6.25e-05,-1.25e-05,0.0,-4.95e-05,-2.6e-05,0.0,-0.001084,-0.0149285,False
IDN,2016-11-29,5136.667,2016-12-05,5268.3081,4,6,0.0625,0.0015878,-6.25e-05,-1.25e-05,0.0,-4.95e-05,-2.6e-05,0.0,0.0014372,0.0256277,False
IDN,2016-12-29,5302.5659,2017-01-05,5325.5039,4,7,0.0625,0.0002717,-6.25e-05,-1.25e-05,0.0,-5.77e-05,-3.04e-05,0.0,0.0001086,0.0043258,False
IDN,2017-01-30,5302.6621,2017-02-03,5360.7671,4,4,0.0625,0.0006833,-6.25e-05,-1.25e-05,0.0,-3.3e-05,-1.74e-05,0.0,0.0005579,0.0109577,False
IDN,2017-02-27,5382.874,2017-03-03,5391.2148,4,4,0.0625,9.99e-05,-6.25e-05,-1.25e-05,0.0,-3.3e-05,-1.74e-05,0.0,-2.54e-05,0.0015495,False
IDN,2017-03-30,5592.9521,2017-04-05,5676.98,4,6,0.0625,0.0009368,-6.25e-05,-1.25e-05,0.0,-4.95e-05,-2.6e-05,0.0,0.0007862,0.0150239,False
IDN,2017-04-27,5707.0278,2017-05-04,5669.4429,4,7,0.0625,-0.0004112,-6.25e-05,-1.25e-05,0.0,-5.77e-05,-3.04e-05,0.0,-0.0005743,-0.0065857,False
IDN,2017-05-30,5693.3911,2017-06-06,5707.8311,4,7,0.0625,0.0001618,-6.25e-05,-1.25e-05,0.0,-5.77e-05,-3.04e-05,0.0,-1.3e-06,0.0025363,False
IDN,2017-06-21,5818.5518,2017-07-05,5825.0542,4,14,0.0625,7.91e-05,-6.25e-05,-1.25e-05,0.0,-0.0001155,-6.08e-05,0.0,-0.0001721,0.0011175,False
IDN,2017-07-28,5831.0269,2017-08-03,5780.5762,4,6,0.0625,-0.0005397,-6.25e-05,-1.25e-05,0.0,-4.95e-05,-2.6e-05,0.0,-0.0006903,-0.0086521,False
IDN,2017-08-30,5872.5059,2017-09-06,5824.1382,4,7,0.0625,-0.0005142,-6.25e-05,-1.25e-05,0.0,-5.47e-05,-3.04e-05,0.0,-0.0006743,-0.0082363,False
IDN,2017-09-28,5841.0469,2017-10-04,5951.4751,4,6,0.0625,0.0011747,-6.25e-05,-1.25e-05,0.0,-4.43e-05,-2.6e-05,0.0,0.0010294,0.0189056,False
IDN,2017-10-30,5974.0771,2017-11-03,6039.541,4,4,0.0625,0.000683,-6.25e-05,-1.25e-05,0.0,-2.95e-05,-1.74e-05,0.0,0.0005612,0.010958,False
IDN,2017-11-29,6061.3672,2017-12-01,5952.1382,2,2,0.0625,-0.0011263,-6.25e-05,-1.25e-05,0.0,-1.48e-05,-8.7e-06,0.0,-0.0012247,-0.0180205,False
IDN,2017-12-04,5998.1948,2017-12-05,6000.4741,1,1,0.0625,2.37e-05,-6.25e-05,-1.25e-05,0.0,-7.4e-06,-4.3e-06,0.0,-6.3e-05,0.00038,False
IDN,2017-12-28,6314.0459,2018-01-04,6292.3208,4,7,0.0625,-0.0002065,-6.25e-05,-1.25e-05,0.0,-5.16e-05,-3.04e-05,0.0,-0.0003635,-0.0034408,False
IDN,2018-01-30,6575.4922,2018-02-05,6589.6748,4,6,0.0625,0.0001371,-6.25e-05,-1.25e-05,0.0,-4.43e-05,-2.6e-05,0.0,-8.2e-06,0.0021569,False
IDN,2018-02-27,6598.9258,2018-03-05,6550.5928,4,6,0.0625,-0.0004583,-6.25e-05,-1.25e-05,0.0,-4.43e-05,-2.6e-05,0.0,-0.0006036,-0.0073244,False
IDN,2018-03-28,6140.8369,2018-04-04,6157.0962,4,7,0.0625,0.0001736,-6.25e-05,-1.25e-05,0.0,-5.16e-05,-3.04e-05,0.0,1.66e-05,0.0026477,False
IDN,2018-04-27,5919.2378,2018-05-04,5792.3452,4,7,0.0625,-0.0013243,-6.25e-05,-1.25e-05,0.0,-5.16e-05,-3.04e-05,0.0,-0.0014814,-0.0214373,False
IDN,2018-05-30,6011.0552,2018-06-06,6069.7129,4,7,0.0625,0.0006134,-6.25e-05,-1.25e-05,0.0,-5.77e-05,-3.04e-05,0.0,0.0004503,0.0097583,False
IDN,2018-06-28,5667.3188,2018-07-04,5733.6392,4,6,0.0625,0.0007683,-6.25e-05,-1.25e-05,0.0,-5.38e-05,-2.6e-05,0.0,0.0006134,0.0117022,False
IDN,2018-07-30,6027.936,2018-08-03,6007.5381,4,4,0.0625,-0.0001959,-6.25e-05,-1.25e-05,0.0,-3.65e-05,-1.74e-05,0.0,-0.0003247,-0.0033839,False
IDN,2018-08-30,6018.9639,2018-09-05,5683.501,4,6,0.0625,-0.0035333,-6.25e-05,-1.25e-05,0.0,-5.73e-05,-2.6e-05,0.0,-0.0036917,-0.0557343,False
IDN,2018-09-27,5929.2158,2018-10-03,5867.7368,4,6,0.0625,-0.0006443,-6.25e-05,-1.25e-05,0.0,-5.99e-05,-2.6e-05,0.0,-0.0008052,-0.0103688,False
IDN,2018-10-30,5789.1001,2018-11-05,5920.5942,4,6,0.0625,0.0014101,-6.25e-05,-1.25e-05,0.0,-5.99e-05,-2.6e-05,0.0,0.0012492,0.0227141,False
IDN,2018-11-29,6107.168,2018-12-05,6133.1201,4,6,0.0625,0.0002718,-6.25e-05,-1.25e-05,0.0,-6.25e-05,-2.6e-05,0.0,0.0001083,0.0042495,False
IDN,2018-12-27,6190.6431,2019-01-04,6274.54,4,8,0.0625,0.0008451,-6.25e-05,-1.25e-05,0.0,-8.33e-05,-3.47e-05,0.0,0.000652,0.0135522,False
IDN,2019-01-30,6464.189,2019-02-06,6547.877,4,7,0.0625,0.0008132,-6.25e-05,-1.25e-05,0.0,-7.29e-05,-3.04e-05,0.0,0.0006349,0.0129464,False
IDN,2019-02-27,6525.6831,2019-03-05,6441.2798,4,6,0.0625,-0.0008045,-6.25e-05,-1.25e-05,0.0,-6.25e-05,-2.6e-05,0.0,-0.000968,-0.012934,False
IDN,2019-03-28,6480.7881,2019-04-04,6494.6299,4,7,0.0625,0.0001343,-6.25e-05,-1.25e-05,0.0,-7.29e-05,-3.04e-05,0.0,-4.4e-05,0.0021358,False
IDN,2019-04-29,6425.895,2019-05-06,6256.3521,4,7,0.0625,-0.0016601,-6.25e-05,-1.25e-05,0.0,-7.29e-05,-3.04e-05,0.0,-0.0018384,-0.0263843,False
IDN,2019-05-29,6104.106,2019-06-12,6276.1768,4,14,0.0625,0.0017527,-6.25e-05,-1.25e-05,0.0,-0.0001458,-6.08e-05,0.0,0.0014711,0.0281894,False
IDN,2019-06-27,6352.71,2019-07-03,6362.6221,4,6,0.0625,9.82e-05,-6.25e-05,-1.25e-05,0.0,-6.25e-05,-2.6e-05,0.0,-6.53e-05,0.0015603,False
IDN,2019-07-30,6376.9961,2019-08-05,6175.7031,4,6,0.0625,-0.0019817,-6.25e-05,-1.25e-05,0.0,-5.99e-05,-2.6e-05,0.0,-0.0021427,-0.0315655,False
IDN,2019-08-29,6289.1191,2019-09-04,6269.6641,4,6,0.0625,-0.0001906,-6.25e-05,-1.25e-05,0.0,-5.73e-05,-2.6e-05,0.0,-0.0003489,-0.0030935,False
IDN,2019-09-27,6196.8892,2019-10-03,6038.5288,4,6,0.0625,-0.0016105,-6.25e-05,-1.25e-05,0.0,-5.47e-05,-2.6e-05,0.0,-0.0017663,-0.0255548,False
IDN,2019-10-30,6295.7471,2019-11-05,6264.1519,4,6,0.0625,-0.0003042,-6.25e-05,-1.25e-05,0.0,-5.21e-05,-2.6e-05,0.0,-0.0004573,-0.0050185,False
IDN,2019-11-28,5953.0601,2019-12-04,6112.8789,4,6,0.0625,0.0016711,-6.25e-05,-1.25e-05,0.0,-5.21e-05,-2.6e-05,0.0,0.001518,0.0268465,False
IDN,2019-12-27,6329.314,2020-01-06,6257.4028,4,10,0.0625,-0.0007086,-6.25e-05,-1.25e-05,0.0,-8.68e-05,-4.34e-05,0.0,-0.0009138,-0.0113616,False
IDN,2020-01-30,6057.5962,2020-02-05,5978.5098,4,6,0.0625,-0.0008025,-6.25e-05,-1.25e-05,0.0,-5.21e-05,-2.6e-05,0.0,-0.0009557,-0.0130557,False
IDN,2020-02-27,5535.6938,2020-03-04,5650.1362,4,6,0.0625,0.0013388,-6.25e-05,-1.25e-05,0.0,-4.95e-05,-2.6e-05,0.0,0.0011883,0.0206735,False
IDN,2020-03-30,4414.5,2020-04-03,4623.4292,4,4,0.0625,0.002942,-6.25e-05,-1.25e-05,0.0,-3.13e-05,-1.74e-05,0.0,0.0028184,0.0473279,False
IDN,2020-04-29,4567.3232,2020-05-06,4608.79,4,7,0.0625,0.0006166,-6.25e-05,-1.25e-05,0.0,-5.47e-05,-3.04e-05,0.0,0.0004565,0.009079,False
IDN,2020-05-28,4716.1851,2020-06-04,4916.7041,4,7,0.0625,0.0026286,-6.25e-05,-1.25e-05,0.0,-5.47e-05,-3.04e-05,0.0,0.0024685,0.0425172,False
IDN,2020-06-29,4901.8179,2020-07-03,4973.7939,4,4,0.0625,0.0009148,-6.25e-05,-1.25e-05,0.0,-2.95e-05,-1.74e-05,0.0,0.0007929,0.0146835,False
IDN,2020-07-29,5149.6299,2020-08-05,5127.0508,4,7,0.0625,-0.0002408,-6.25e-05,-1.25e-05,0.0,-4.86e-05,-3.04e-05,0.0,-0.0003948,-0.0043846,False
IDN,2020-08-28,5346.6592,2020-09-03,5280.813,4,6,0.0625,-0.0007546,-6.25e-05,-1.25e-05,0.0,-4.17e-05,-2.6e-05,0.0,-0.0008973,-0.0123154,False
IDN,2020-09-29,4879.0981,2020-10-05,4958.769,4,6,0.0625,0.0010291,-6.25e-05,-1.25e-05,0.0,-4.17e-05,-2.6e-05,0.0,0.0008864,0.016329,False
IDN,2020-10-26,5144.0488,2020-11-04,5105.1992,4,9,0.0625,-0.0004675,-6.25e-05,-1.25e-05,0.0,-6.25e-05,-3.91e-05,0.0,-0.0006441,-0.0075523,False
IDN,2020-11-27,5783.335,2020-12-03,5822.9419,4,6,0.0625,0.0004744,-6.25e-05,-1.25e-05,0.0,-3.91e-05,-2.6e-05,0.0,0.0003343,0.0068485,False
IDN,2020-12-29,6036.1738,2021-01-06,6065.6821,4,8,0.0625,0.0003264,-6.25e-05,-1.25e-05,0.0,-5.21e-05,-3.47e-05,0.0,0.0001646,0.0048886,False
IDN,2021-01-28,5979.3872,2021-02-03,6077.7451,4,6,0.0625,0.0010707,-6.25e-05,-1.25e-05,0.0,-3.91e-05,-2.6e-05,0.0,0.0009306,0.0164495,False
IDN,2021-02-25,6289.646,2021-03-03,6376.7568,4,6,0.0625,0.0008695,-6.25e-05,-1.25e-05,0.0,-3.65e-05,-2.6e-05,0.0,0.000732,0.0138499,False
IDN,2021-03-30,6071.4419,2021-04-06,6002.77,4,7,0.0625,-0.0007016,-6.25e-05,-1.25e-05,0.0,-4.25e-05,-3.04e-05,0.0,-0.0008496,-0.0113106,False
IDN,2021-04-29,6012.9609,2021-05-05,5975.9111,4,6,0.0625,-0.0003842,-6.25e-05,-1.25e-05,0.0,-3.65e-05,-2.6e-05,0.0,-0.0005217,-0.0061617,False
IDN,2021-05-28,5848.6162,2021-06-04,6065.166,4,7,0.0625,0.002291,-6.25e-05,-1.25e-05,0.0,-4.25e-05,-3.04e-05,0.0,0.0021431,0.0370258,False
IDN,2021-06-29,5949.0498,2021-07-05,6005.6089,4,6,0.0625,0.0005934,-6.25e-05,-1.25e-05,0.0,-3.65e-05,-2.6e-05,0.0,0.0004559,0.0095072,False
IDN,2021-07-29,6120.7271,2021-08-04,6159.0352,4,6,0.0625,0.0003943,-6.25e-05,-1.25e-05,0.0,-3.65e-05,-2.6e-05,0.0,0.0002568,0.0062588,False
IDN,2021-08-30,6144.9019,2021-09-03,6126.9209,4,4,0.0625,-0.0001781,-6.25e-05,-1.25e-05,0.0,-2.43e-05,-1.74e-05,0.0,-0.0002947,-0.0029262,False
IDN,2021-09-29,6162.5542,2021-10-05,6288.0488,4,6,0.0625,0.0012879,-6.25e-05,-1.25e-05,0.0,-3.65e-05,-2.6e-05,0.0,0.0011504,0.0203641,False
IDN,2021-10-28,6524.0762,2021-11-03,6552.1299,4,6,0.0625,0.0002777,-6.25e-05,-1.25e-05,0.0,-3.65e-05,-2.6e-05,0.0,0.0001402,0.0043,False
IDN,2021-11-29,6608.29,2021-12-03,6538.5059,4,4,0.0625,-0.0006533,-6.25e-05,-1.25e-05,0.0,-2.43e-05,-1.74e-05,0.0,-0.00077,-0.0105601,False
IDN,2021-12-29,6600.6768,2022-01-05,6662.2988,4,7,0.0625,0.0005875,-6.25e-05,-1.25e-05,0.0,-4.25e-05,-3.04e-05,0.0,0.0004395,0.0093357,False
IDN,2022-01-28,6645.5112,2022-02-04,6731.3911,4,7,0.0625,0.0008088,-6.25e-05,-1.25e-05,0.0,-4.25e-05,-3.04e-05,0.0,0.0006608,0.012923,False
IDN,2022-02-24,6817.8198,2022-03-04,6928.3281,4,8,0.0625,0.0010132,-6.25e-05,-1.25e-05,0.0,-4.86e-05,-3.47e-05,0.0,0.0008548,0.0162087,False
IDN,2022-03-30,7053.1899,2022-04-05,7148.2988,4,6,0.0625,0.0008389,-6.25e-05,-1.25e-05,0.0,-3.65e-05,-2.6e-05,0.0,0.0007014,0.0134845,False
IDN,2022-04-27,7196.7642,2022-05-11,6816.2031,4,14,0.0625,-0.0033268,-6.25e-05,-1.25e-05,0.0,-8.51e-05,-6.08e-05,0.0,-0.0035476,-0.0528795,False
IDN,2022-05-30,7037.5649,2022-06-06,7096.582,4,7,0.0625,0.000535,-6.25e-05,-1.25e-05,0.0,-4.25e-05,-3.04e-05,0.0,0.000387,0.008386,False
IDN,2022-06-29,6942.3511,2022-07-05,6703.2661,4,6,0.0625,-0.0021612,-6.25e-05,-1.25e-05,0.0,-3.65e-05,-2.6e-05,0.0,-0.0022987,-0.0344386,False
IDN,2022-07-28,6956.8169,2022-08-03,7046.6348,4,6,0.0625,0.0008044,-6.25e-05,-1.25e-05,0.0,-3.65e-05,-2.6e-05,0.0,0.0006669,0.0129108,False
IDN,2022-08-30,7159.4731,2022-09-05,7231.8828,4,6,0.0625,0.0006317,-6.25e-05,-1.25e-05,0.0,-3.91e-05,-2.6e-05,0.0,0.0004916,0.0101138,False
IDN,2022-09-29,7036.1982,2022-10-05,7075.3848,4,6,0.0625,0.0003502,-6.25e-05,-1.25e-05,0.0,-4.43e-05,-2.6e-05,0.0,0.0002049,0.0055693,False
IDN,2022-10-28,7056.04,2022-11-03,7034.5732,4,6,0.0625,-0.0001869,-6.25e-05,-1.25e-05,0.0,-4.95e-05,-2.6e-05,0.0,-0.0003374,-0.0030423,False
IDN,2022-11-29,7012.0688,2022-12-05,6987.3281,4,6,0.0625,-0.0002149,-6.25e-05,-1.25e-05,0.0,-5.47e-05,-2.6e-05,0.0,-0.0003707,-0.0035283,False
IDN,2022-12-29,6860.0771,2023-01-04,6813.2388,4,6,0.0625,-0.0004234,-6.25e-05,-1.25e-05,0.0,-5.73e-05,-2.6e-05,0.0,-0.0005817,-0.0068277,False
IDN,2023-01-30,6872.481,2023-02-03,6911.7319,4,4,0.0625,0.0003578,-6.25e-05,-1.25e-05,0.0,-3.99e-05,-1.74e-05,0.0,0.0002256,0.0057113,False
IDN,2023-02-27,6854.7769,2023-03-03,6813.6362,4,4,0.0625,-0.0003748,-6.25e-05,-1.25e-05,0.0,-3.99e-05,-1.74e-05,0.0,-0.0005071,-0.0060017,False
IDN,2023-03-30,6808.9512,2023-04-05,6819.6748,4,6,0.0625,9.88e-05,-6.25e-05,-1.25e-05,0.0,-5.99e-05,-2.6e-05,0.0,-6.21e-05,0.0015749,False
IDN,2023-04-27,6945.4771,2023-05-04,6844.0269,4,7,0.0625,-0.0009149,-6.25e-05,-1.25e-05,0.0,-6.99e-05,-3.04e-05,0.0,-0.0010902,-0.0146067,False
IDN,2023-05-30,6636.4229,2023-06-07,6619.7549,4,8,0.0625,-0.000157,-6.25e-05,-1.25e-05,0.0,-7.99e-05,-3.47e-05,0.0,-0.0003466,-0.0025116,False
IDN,2023-06-26,6664.668,2023-07-05,6718.9771,4,9,0.0625,0.0005092,-6.25e-05,-1.25e-05,0.0,-8.98e-05,-3.91e-05,0.0,0.0003053,0.0081488,False
IDN,2023-07-28,6900.23,2023-07-31,6931.3589,1,3,0.0625,0.000282,-6.25e-05,-1.25e-05,0.0,-2.99e-05,-1.3e-05,0.0,0.000164,0.0045113,False
IDN,2023-08-01,6886.4961,2023-08-03,6898.0771,2,2,0.0625,0.000107,-6.25e-05,-1.25e-05,0.0,-2e-05,-8.7e-06,0.0,3.3e-06,0.0016817,False
IDN,2023-08-30,6966.6558,2023-09-05,6991.708,4,6,0.0625,0.0002251,-6.25e-05,-1.25e-05,0.0,-5.99e-05,-2.6e-05,0.0,6.42e-05,0.003596,False
IDN,2023-09-27,6937.8281,2023-10-04,6886.5762,4,7,0.0625,-0.0004609,-6.25e-05,-1.25e-05,0.0,-6.99e-05,-3.04e-05,0.0,-0.0006362,-0.0073873,False
IDN,2023-10-30,6735.8921,2023-11-03,6788.8501,4,4,0.0625,0.0005073,-6.25e-05,-1.25e-05,0.0,-4.17e-05,-1.74e-05,0.0,0.0003732,0.0078621,False
IDN,2023-11-29,7036.0869,2023-12-05,7100.855,4,6,0.0625,0.000575,-6.25e-05,-1.25e-05,0.0,-6.25e-05,-2.6e-05,0.0,0.0004114,0.0092051,False
IDN,2023-12-28,7303.8882,2024-01-04,7359.7632,4,7,0.0625,0.0004834,-6.25e-05,-1.25e-05,0.0,-7.29e-05,-3.04e-05,0.0,0.0003051,0.00765,False
IDN,2024-01-30,7192.2158,2024-02-05,7198.6152,4,6,0.0625,5.76e-05,-6.25e-05,-1.25e-05,0.0,-6.25e-05,-2.6e-05,0.0,-0.000106,0.0008898,False
IDN,2024-02-28,7328.6362,2024-03-05,7247.46,4,6,0.0625,-0.0006948,-6.25e-05,-1.25e-05,0.0,-6.25e-05,-2.6e-05,0.0,-0.0008584,-0.0110766,False
IDN,2024-03-27,7310.0918,2024-04-03,7166.8442,4,7,0.0625,-0.0012289,-6.25e-05,-1.25e-05,0.0,-7.29e-05,-3.04e-05,0.0,-0.0014072,-0.0195959,False
IDN,2024-04-29,7155.7842,2024-05-06,7135.8901,4,7,0.0625,-0.0001619,-6.25e-05,-1.25e-05,0.0,-7.6e-05,-3.04e-05,0.0,-0.0003432,-0.0027801,False
IDN,2024-05-30,7034.1421,2024-06-05,6947.6699,4,6,0.0625,-0.0007508,-6.25e-05,-1.25e-05,0.0,-6.51e-05,-2.6e-05,0.0,-0.000917,-0.0122932,False
IDN,2024-06-27,6967.9512,2024-07-03,7196.7549,4,6,0.0625,0.002032,-6.25e-05,-1.25e-05,0.0,-6.51e-05,-2.6e-05,0.0,0.0018659,0.0328366,False
IDN,2024-07-30,7241.8638,2024-08-05,7059.6528,4,6,0.0625,-0.0015525,-6.25e-05,-1.25e-05,0.0,-6.51e-05,-2.6e-05,0.0,-0.0017186,-0.0251608,False
IDN,2024-08-29,7627.604,2024-09-04,7672.896,4,6,0.0625,0.0003763,-6.25e-05,-1.25e-05,0.0,-6.51e-05,-2.6e-05,0.0,0.0002101,0.0059379,False
IDN,2024-09-27,7696.916,2024-10-03,7543.8281,4,6,0.0625,-0.0012297,-6.25e-05,-1.25e-05,0.0,-6.25e-05,-2.6e-05,0.0,-0.0013932,-0.0198895,False
IDN,2024-10-30,7569.8501,2024-11-05,7491.9312,4,6,0.0625,-0.0006436,-6.25e-05,-1.25e-05,0.0,-6.25e-05,-2.6e-05,0.0,-0.0008072,-0.0102933,False
IDN,2024-11-28,7200.1572,2024-12-04,7326.7642,4,6,0.0625,0.0011207,-6.25e-05,-1.25e-05,0.0,-6.25e-05,-2.6e-05,0.0,0.0009572,0.0175839,False
IDN,2024-12-27,7036.5708,2025-01-06,7080.4741,4,10,0.0625,0.0003985,-6.25e-05,-1.25e-05,0.0,-0.0001042,-4.34e-05,0.0,0.000176,0.0062393,False
IDN,2025-01-30,7073.478,2025-02-05,7024.228,4,6,0.0625,-0.0004293,-6.25e-05,-1.25e-05,0.0,-5.99e-05,-2.6e-05,0.0,-0.0005902,-0.0069626,False
IDN,2025-02-27,6485.4482,2025-03-05,6531.3989,4,6,0.0625,0.0005561,-6.25e-05,-1.25e-05,0.0,-5.99e-05,-2.6e-05,0.0,0.0003951,0.0070852,False
IDN,2025-03-26,6472.356,2025-04-10,6254.0239,4,15,0.0625,-0.0018673,-6.25e-05,-1.25e-05,0.0,-0.0001497,-6.51e-05,0.0,-0.0021571,-0.033733,False
IDN,2025-04-29,6749.0752,2025-05-06,6898.1968,4,7,0.0625,0.0013708,-6.25e-05,-1.25e-05,0.0,-6.99e-05,-3.04e-05,0.0,0.0011956,0.0220951,False
IDN,2025-05-27,7198.9668,2025-06-04,7069.0371,4,8,0.0625,-0.0011299,-6.25e-05,-1.25e-05,0.0,-7.64e-05,-3.47e-05,0.0,-0.001316,-0.0180484,False
IDN,2025-06-26,6897.3999,2025-07-03,6878.0508,4,7,0.0625,-0.0001741,-6.25e-05,-1.25e-05,0.0,-6.68e-05,-3.04e-05,0.0,-0.0003463,-0.0028053,False
IDN,2025-07-30,7549.8882,2025-08-05,7515.1851,4,6,0.0625,-0.0002796,-6.25e-05,-1.25e-05,0.0,-5.47e-05,-2.6e-05,0.0,-0.0004353,-0.0045965,False
IDN,2025-08-28,7952.0879,2025-09-03,7885.8628,4,6,0.0625,-0.0005049,-6.25e-05,-1.25e-05,0.0,-5.21e-05,-2.6e-05,0.0,-0.000658,-0.008328,False
IDN,2025-09-29,8123.2451,2025-10-03,8118.3008,4,4,0.0625,-3.46e-05,-6.25e-05,-1.25e-05,0.0,-3.3e-05,-1.74e-05,0.0,-0.00016,-0.0006087,False
IDN,2025-10-30,8184.064,2025-11-05,8318.5264,4,6,0.0625,0.0010276,-6.25e-05,-1.25e-05,0.0,-4.95e-05,-2.6e-05,0.0,0.0008771,0.0164298,False
IDN,2025-11-27,8545.8652,2025-12-03,8611.7871,4,6,0.0625,0.0004835,-6.25e-05,-1.25e-05,0.0,-4.95e-05,-2.6e-05,0.0,0.000333,0.0077139,False
IDN,2025-12-29,8644.2559,2026-01-06,8933.6094,4,8,0.0625,0.0020693,-6.25e-05,-1.25e-05,0.0,-6.6e-05,-3.47e-05,0.0,0.0018936,0.0334735,False
IDN,2026-01-29,8232.2031,2026-02-04,8146.7168,4,6,0.0625,-0.0005512,-6.25e-05,-1.25e-05,0.0,-4.95e-05,-2.6e-05,0.0,-0.0007017,-0.0103844,False
IDN,2026-02-26,8235.2617,2026-03-04,7577.064,4,6,0.0625,-0.0051136,-6.25e-05,-1.25e-05,0.0,-4.95e-05,-2.6e-05,0.0,-0.0052641,-0.0799243,False
IDN,2026-03-30,7091.6699,2026-04-02,7026.7822,3,3,0.0625,-0.0005465,-6.25e-05,-1.25e-05,0.0,-2.47e-05,-1.3e-05,0.0,-0.0006593,-0.0091498,False
IDN,2026-04-29,7101.2261,2026-05-06,7092.4668,4,7,0.0625,-5.85e-05,-6.25e-05,-1.25e-05,0.0,-5.77e-05,-3.04e-05,0.0,-0.0002216,-0.0012335,False
IDN,2026-05-26,6130.1899,2026-06-04,5839.7852,4,9,0.0625,-0.0029661,-6.25e-05,-1.25e-05,0.0,-8.2e-05,-3.91e-05,0.0,-0.0031621,-0.0473729,False
IDN,2026-06-29,5820.79,2026-07-03,5875.7798,4,4,0.0625,0.0006384,-6.25e-05,-1.25e-05,0.0,-3.99e-05,-1.74e-05,0.0,0.0005061,0.0094471,False
IDN,2026-07-30,6186.3628,2026-08-05,6351.1392,4,6,0.0625,0.0016515,-6.25e-05,-1.25e-05,0.0,-5.99e-05,-2.6e-05,0.0,0.0014906,0.0266354,False
IDN,2026-08-28,6518.1211,2026-09-03,6667.8911,4,6,0.0625,0.0014276,-6.25e-05,-1.25e-05,0.0,-5.99e-05,-2.6e-05,0.0,0.0012667,0.0229775,False
