instrument,entry,entry_close,exit,exit_close,trading_days,calendar_days,weight,gross,spread,slippage,commission,benchmark,markup,dividends,net,price_return,open
US500,1989-12-28,376.38,1990-01-04,382.02,4,7,0.1,0.0015099,-2e-05,-2e-05,0.0,-0.0001604,-4.86e-05,0.0,0.0012609,0.0149848,False
US500,1990-01-30,347.38,1990-02-05,357.28,4,6,0.1,0.0028305,-2e-05,-2e-05,0.0,-0.0001375,-4.17e-05,0.0,0.0026113,0.028499,False
US500,1990-02-27,356.66,1990-03-05,360.68,4,6,0.1,0.0011273,-2e-05,-2e-05,0.0,-0.0001375,-4.17e-05,0.0,0.0009081,0.0112712,False
US500,1990-03-29,368.88,1990-04-04,369.53,4,6,0.1,0.0001902,-2e-05,-2e-05,0.0,-0.0001375,-4.17e-05,0.0,-2.9e-05,0.0017621,False
US500,1990-04-27,356.88,1990-05-03,364.21,4,6,0.1,0.0020385,-2e-05,-2e-05,0.0,-0.0001375,-4.17e-05,0.0,0.0018194,0.0205391,False
US500,1990-05-30,393.32,1990-06-05,399.86,4,6,0.1,0.0016578,-2e-05,-2e-05,0.0,-0.0001375,-4.17e-05,0.0,0.0014386,0.0166276,False
US500,1990-06-28,390.64,1990-07-05,388.82,4,7,0.1,-0.0004581,-2e-05,-2e-05,0.0,-0.0001604,-4.86e-05,0.0,-0.0007072,-0.004659,False
US500,1990-07-30,389.1,1990-08-03,377.67,4,4,0.1,-0.0029572,-2e-05,-2e-05,0.0,-8.89e-05,-2.78e-05,0.0,-0.0031139,-0.0293755,False
US500,1990-08-30,350.31,1990-09-06,352.45,4,7,0.1,0.000625,-2e-05,-2e-05,0.0,-0.0001556,-4.86e-05,0.0,0.0003808,0.0061089,False
US500,1990-09-27,331.79,1990-10-03,343.62,4,6,0.1,0.0035665,-2e-05,-2e-05,0.0,-0.0001333,-4.17e-05,0.0,0.0033515,0.035655,False
US500,1990-10-30,336.01,1990-11-05,348.2,4,6,0.1,0.0035862,-2e-05,-2e-05,0.0,-0.0001292,-4.17e-05,0.0,0.0033753,0.0362787,False
US500,1990-11-29,351.23,1990-12-05,366.54,4,6,0.1,0.0042938,-2e-05,-2e-05,0.0,-0.000125,-4.17e-05,0.0,0.0040872,0.0435897,False
US500,1990-12-28,365.96,1991-01-04,357.51,4,7,0.1,-0.0023185,-2e-05,-2e-05,0.0,-0.0001361,-4.86e-05,0.0,-0.0025432,-0.0230899,False
US500,1991-01-30,380.27,1991-02-05,392.33,4,6,0.1,0.0031433,-2e-05,-2e-05,0.0,-0.0001069,-4.17e-05,0.0,0.0029546,0.0317143,False
US500,1991-02-27,411.75,1991-03-05,422.1,4,6,0.1,0.0025074,-2e-05,-2e-05,0.0,-0.0001042,-4.17e-05,0.0,0.0023216,0.0251366,False
US500,1991-03-27,421.17,1991-04-03,425.38,4,7,0.1,0.0010241,-2e-05,-2e-05,0.0,-0.0001167,-4.86e-05,0.0,0.0008189,0.0099959,False
US500,1991-04-29,420.01,1991-05-03,428.23,4,4,0.1,0.001948,-2e-05,-2e-05,0.0,-6.46e-05,-2.78e-05,0.0,0.0018156,0.019571,False
US500,1991-05-30,436.92,1991-06-05,435.08,4,6,0.1,-0.0004159,-2e-05,-2e-05,0.0,-9.58e-05,-4.17e-05,0.0,-0.0005934,-0.0042114,False
US500,1991-06-27,423.62,1991-07-03,422.71,4,6,0.1,-0.0001894,-2e-05,-2e-05,0.0,-9.58e-05,-4.17e-05,0.0,-0.0003669,-0.0021482,False
US500,1991-07-30,438.37,1991-08-05,436.79,4,6,0.1,-0.0003592,-2e-05,-2e-05,0.0,-9.58e-05,-4.17e-05,0.0,-0.0005367,-0.0036042,False
US500,1991-08-29,451.12,1991-09-05,443.01,4,7,0.1,-0.0018087,-2e-05,-2e-05,0.0,-0.0001069,-4.86e-05,0.0,-0.0020043,-0.0179774,False
US500,1991-09-27,440.18,1991-10-03,438.69,4,6,0.1,-0.000332,-2e-05,-2e-05,0.0,-8.75e-05,-4.17e-05,0.0,-0.0005011,-0.003385,False
US500,1991-10-30,449.05,1991-11-05,444.82,4,6,0.1,-0.0009452,-2e-05,-2e-05,0.0,-8.4e-05,-4.17e-05,0.0,-0.0011109,-0.0094198,False
US500,1991-11-27,431.9,1991-12-04,436.28,4,7,0.1,0.001024,-2e-05,-2e-05,0.0,-9.24e-05,-4.86e-05,0.0,0.000843,0.0101412,False
US500,1991-12-30,477.39,1992-01-06,480.85,4,7,0.1,0.0007249,-2e-05,-2e-05,0.0,-7.78e-05,-4.86e-05,0.0,0.0005585,0.0072477,False
US500,1992-01-30,473.94,1992-02-05,477.02,4,6,0.1,0.0006563,-2e-05,-2e-05,0.0,-6.67e-05,-4.17e-05,0.0,0.0005079,0.0064987,False
US500,1992-02-27,478.12,1992-03-04,473.24,4,6,0.1,-0.0010218,-2e-05,-2e-05,0.0,-6.67e-05,-4.17e-05,0.0,-0.0011702,-0.0102067,False
US500,1992-03-30,466.7,1992-04-03,465.11,4,4,0.1,-0.0003364,-2e-05,-2e-05,0.0,-4.44e-05,-2.78e-05,0.0,-0.0004486,-0.003407,False
US500,1992-04-29,477.84,1992-05-05,483.76,4,6,0.1,0.0012417,-2e-05,-2e-05,0.0,-6.25e-05,-4.17e-05,0.0,0.0010975,0.0123891,False
US500,1992-05-28,485.21,1992-06-03,483.06,4,6,0.1,-0.000438,-2e-05,-2e-05,0.0,-6.25e-05,-4.17e-05,0.0,-0.0005822,-0.0044311,False
US500,1992-06-29,477.34,1992-07-06,483.32,4,7,0.1,0.0012538,-2e-05,-2e-05,0.0,-6.74e-05,-4.86e-05,0.0,0.0010978,0.0125278,False
US500,1992-07-30,495.51,1992-08-05,493.86,4,6,0.1,-0.0003319,-2e-05,-2e-05,0.0,-5.42e-05,-4.17e-05,0.0,-0.0004677,-0.00333,False
US500,1992-08-28,486.52,1992-09-03,490.54,4,6,0.1,0.0008254,-2e-05,-2e-05,0.0,-5.42e-05,-4.17e-05,0.0,0.0006896,0.0082628,False
US500,1992-09-29,490.23,1992-10-05,479.65,4,6,0.1,-0.0021688,-2e-05,-2e-05,0.0,-5e-05,-4.17e-05,0.0,-0.0023005,-0.0215817,False
US500,1992-10-29,495.69,1992-11-04,491.7,4,6,0.1,-0.0007977,-2e-05,-2e-05,0.0,-5e-05,-4.17e-05,0.0,-0.0009294,-0.0080494,False
US500,1992-11-27,508.42,1992-12-03,508.49,4,6,0.1,1.44e-05,-2e-05,-2e-05,0.0,-5e-05,-4.17e-05,0.0,-0.0001172,0.0001376,False
US500,1992-12-30,519.84,1993-01-06,515.08,4,7,0.1,-0.0009171,-2e-05,-2e-05,0.0,-5.83e-05,-4.86e-05,0.0,-0.0010641,-0.0091567,False
US500,1993-01-28,520.33,1993-02-03,530.75,4,6,0.1,0.0019921,-2e-05,-2e-05,0.0,-5e-05,-4.17e-05,0.0,0.0018604,0.0200257,False
US500,1993-02-25,526.32,1993-03-03,534.95,4,6,0.1,0.0016368,-2e-05,-2e-05,0.0,-5e-05,-4.17e-05,0.0,0.0015051,0.0163969,False
US500,1993-03-30,539.06,1993-04-05,527.85,4,6,0.1,-0.0020818,-2e-05,-2e-05,0.0,-5e-05,-4.17e-05,0.0,-0.0022135,-0.0207955,False
US500,1993-04-29,524.14,1993-05-05,531.25,4,6,0.1,0.0013501,-2e-05,-2e-05,0.0,-5e-05,-4.17e-05,0.0,0.0012184,0.013565,False
US500,1993-05-27,542.32,1993-06-03,542.82,4,7,0.1,9.71e-05,-2e-05,-2e-05,0.0,-5.83e-05,-4.86e-05,0.0,-4.99e-05,0.000922,False
US500,1993-06-29,541.53,1993-07-06,530.74,4,7,0.1,-0.002005,-2e-05,-2e-05,0.0,-5.83e-05,-4.86e-05,0.0,-0.002152,-0.0199251,False
US500,1993-07-29,541.7,1993-08-04,540.06,4,6,0.1,-0.0003007,-2e-05,-2e-05,0.0,-5e-05,-4.17e-05,0.0,-0.0004324,-0.0030275,False
US500,1993-08-30,557.53,1993-09-03,557.17,4,4,0.1,-6.31e-05,-2e-05,-2e-05,0.0,-3.33e-05,-2.78e-05,0.0,-0.0001642,-0.0006458,False
US500,1993-09-29,556.73,1993-10-05,558.4,4,6,0.1,0.0003012,-2e-05,-2e-05,0.0,-5e-05,-4.17e-05,0.0,0.0001696,0.0029997,False
US500,1993-10-28,566.69,1993-11-03,561.33,4,6,0.1,-0.0009432,-2e-05,-2e-05,0.0,-5e-05,-4.17e-05,0.0,-0.0010748,-0.0094584,False
US500,1993-11-29,561.5,1993-12-03,565.34,4,4,0.1,0.0006827,-2e-05,-2e-05,0.0,-3.33e-05,-2.78e-05,0.0,0.0005816,0.0068389,False
US500,1993-12-30,570.84,1994-01-05,569.9,4,6,0.1,-0.0001628,-2e-05,-2e-05,0.0,-5e-05,-4.17e-05,0.0,-0.0002945,-0.0016467,False
US500,1994-01-28,583.85,1994-02-03,586.69,4,6,0.1,0.0004895,-2e-05,-2e-05,0.0,-5e-05,-4.17e-05,0.0,0.0003579,0.0048643,False
US500,1994-02-25,570.14,1994-03-03,566.83,4,6,0.1,-0.0005795,-2e-05,-2e-05,0.0,-5.42e-05,-4.17e-05,0.0,-0.0007154,-0.0058056,False
US500,1994-03-30,546.36,1994-04-06,549.73,4,7,0.1,0.0006496,-2e-05,-2e-05,0.0,-6.81e-05,-4.86e-05,0.0,0.0004929,0.0061681,False
US500,1994-04-28,551.44,1994-05-04,555.0,4,6,0.1,0.000646,-2e-05,-2e-05,0.0,-6.25e-05,-4.17e-05,0.0,0.0005018,0.0064558,False
US500,1994-05-27,563.76,1994-06-03,567.43,4,7,0.1,0.0006509,-2e-05,-2e-05,0.0,-8.26e-05,-4.86e-05,0.0,0.0004796,0.0065098,False
US500,1994-06-29,553.08,1994-07-06,551.55,4,7,0.1,-0.0002732,-2e-05,-2e-05,0.0,-8.26e-05,-4.86e-05,0.0,-0.0004444,-0.0027664,False
US500,1994-07-28,561.97,1994-08-03,571.29,4,6,0.1,0.001651,-2e-05,-2e-05,0.0,-7.08e-05,-4.17e-05,0.0,0.0014985,0.0165845,False
US500,1994-08-30,590.93,1994-09-06,586.02,4,7,0.1,-0.0008321,-2e-05,-2e-05,0.0,-9.24e-05,-4.86e-05,0.0,-0.001013,-0.0083089,False
US500,1994-09-29,575.2,1994-10-05,564.72,4,6,0.1,-0.0018266,-2e-05,-2e-05,0.0,-7.92e-05,-4.17e-05,0.0,-0.0019874,-0.0182198,False
US500,1994-10-28,590.38,1994-11-03,583.49,4,6,0.1,-0.0011689,-2e-05,-2e-05,0.0,-7.92e-05,-4.17e-05,0.0,-0.0013298,-0.0116705,False
US500,1994-11-29,569.12,1994-12-05,567.11,4,6,0.1,-0.000343,-2e-05,-2e-05,0.0,-9.17e-05,-4.17e-05,0.0,-0.0005164,-0.0035318,False
US500,1994-12-29,577.92,1995-01-05,577.3,4,7,0.1,-0.0001059,-2e-05,-2e-05,0.0,-0.0001069,-4.86e-05,0.0,-0.0003014,-0.0010728,False
US500,1995-01-30,588.08,1995-02-03,601.13,4,4,0.1,0.0022048,-2e-05,-2e-05,0.0,-6.39e-05,-2.78e-05,0.0,0.0020732,0.0221908,False
US500,1995-02-27,609.12,1995-03-03,611.5,4,4,0.1,0.0003933,-2e-05,-2e-05,0.0,-6.67e-05,-2.78e-05,0.0,0.0002589,0.0039073,False
US500,1995-03-30,633.65,1995-04-05,638.31,4,6,0.1,0.000736,-2e-05,-2e-05,0.0,-0.0001,-4.17e-05,0.0,0.0005543,0.0073542,False
US500,1995-04-27,648.89,1995-05-03,657.94,4,6,0.1,0.0013914,-2e-05,-2e-05,0.0,-0.0001,-4.17e-05,0.0,0.0012097,0.0139469,False
US500,1995-05-30,663.89,1995-06-05,679.32,4,6,0.1,0.0023168,-2e-05,-2e-05,0.0,-0.0001,-4.17e-05,0.0,0.0021352,0.0232418,False
US500,1995-06-29,690.8,1995-07-06,704.14,4,7,0.1,0.0019216,-2e-05,-2e-05,0.0,-0.0001167,-4.86e-05,0.0,0.0017163,0.019311,False
US500,1995-07-28,716.07,1995-08-03,711.16,4,6,0.1,-0.0006869,-2e-05,-2e-05,0.0,-9.58e-05,-4.17e-05,0.0,-0.0008644,-0.0068569,False
US500,1995-08-30,715.54,1995-09-06,727.68,4,7,0.1,0.001688,-2e-05,-2e-05,0.0,-0.0001118,-4.86e-05,0.0,0.0014875,0.0169662,False
US500,1995-09-28,748.93,1995-10-04,743.48,4,6,0.1,-0.0007289,-2e-05,-2e-05,0.0,-9.58e-05,-4.17e-05,0.0,-0.0009064,-0.0072771,False
US500,1995-10-30,746.63,1995-11-03,756.37,4,4,0.1,0.0013025,-2e-05,-2e-05,0.0,-6.39e-05,-2.78e-05,0.0,0.0011708,0.0130453,False
US500,1995-11-29,779.98,1995-12-05,793.01,4,6,0.1,0.0016661,-2e-05,-2e-05,0.0,-9.58e-05,-4.17e-05,0.0,0.0014886,0.0167056,False
US500,1995-12-28,789.69,1996-01-04,794.47,4,7,0.1,0.0006087,-2e-05,-2e-05,0.0,-0.0001069,-4.86e-05,0.0,0.0004131,0.006053,False
US500,1996-01-30,811.31,1996-02-05,826.23,4,6,0.1,0.0018323,-2e-05,-2e-05,0.0,-8.82e-05,-4.17e-05,0.0,0.0016624,0.01839,False
US500,1996-02-28,832.1,1996-03-05,846.66,4,6,0.1,0.0017469,-2e-05,-2e-05,0.0,-8.75e-05,-4.17e-05,0.0,0.0015777,0.0174979,False
US500,1996-03-28,839.0,1996-04-03,848.17,4,6,0.1,0.0010969,-2e-05,-2e-05,0.0,-8.75e-05,-4.17e-05,0.0,0.0009277,0.0109297,False
US500,1996-04-29,846.77,1996-05-03,830.89,4,4,0.1,-0.0018782,-2e-05,-2e-05,0.0,-5.83e-05,-2.78e-05,0.0,-0.0020044,-0.0187536,False
US500,1996-05-30,872.0,1996-06-05,881.09,4,6,0.1,0.0010447,-2e-05,-2e-05,0.0,-8.75e-05,-4.17e-05,0.0,0.0008756,0.0104243,False
US500,1996-06-27,869.3,1996-07-03,874.63,4,6,0.1,0.0006156,-2e-05,-2e-05,0.0,-8.75e-05,-4.17e-05,0.0,0.0004464,0.0061314,False
US500,1996-07-30,827.13,1996-08-05,860.19,4,6,0.1,0.0039535,-2e-05,-2e-05,0.0,-8.75e-05,-4.17e-05,0.0,0.0037843,0.0399695,False
US500,1996-08-29,858.1,1996-09-05,848.15,4,7,0.1,-0.0011575,-2e-05,-2e-05,0.0,-0.0001021,-4.86e-05,0.0,-0.0013482,-0.0115953,False
US500,1996-09-27,897.5,1996-10-03,906.28,4,6,0.1,0.0009768,-2e-05,-2e-05,0.0,-8.75e-05,-4.17e-05,0.0,0.0008076,0.0097828,False
US500,1996-10-30,917.95,1996-11-05,935.59,4,6,0.1,0.001912,-2e-05,-2e-05,0.0,-8.75e-05,-4.17e-05,0.0,0.0017429,0.0192167,False
US500,1996-11-27,990.89,1996-12-04,978.24,4,7,0.1,-0.0012777,-2e-05,-2e-05,0.0,-0.0001021,-4.86e-05,0.0,-0.0014684,-0.0127663,False
US500,1996-12-30,991.01,1997-01-06,983.08,4,7,0.1,-0.000776,-2e-05,-2e-05,0.0,-0.0001021,-4.86e-05,0.0,-0.0009667,-0.0080019,False
US500,1997-01-30,1032.12,1997-02-05,1024.72,4,6,0.1,-0.0007091,-2e-05,-2e-05,0.0,-8.75e-05,-4.17e-05,0.0,-0.0008783,-0.0071697,False
US500,1997-02-27,1048.4301,1997-03-05,1058.1,4,6,0.1,0.0009327,-2e-05,-2e-05,0.0,-8.75e-05,-4.17e-05,0.0,0.0007635,0.0092232,False
US500,1997-03-27,1022.14,1997-04-03,991.21,4,7,0.1,-0.0030407,-2e-05,-2e-05,0.0,-0.0001069,-4.86e-05,0.0,-0.0032362,-0.03026,False
US500,1997-04-29,1049.85,1997-05-05,1098.14,4,6,0.1,0.0045405,-2e-05,-2e-05,0.0,-9.17e-05,-4.17e-05,0.0,0.0043672,0.0459971,False
US500,1997-05-29,1118.62,1997-06-04,1113.6899,4,6,0.1,-0.0004383,-2e-05,-2e-05,0.0,-9.17e-05,-4.17e-05,0.0,-0.0006116,-0.0044073,False
US500,1997-06-27,1177.45,1997-07-03,1217.11,4,6,0.1,0.0033362,-2e-05,-2e-05,0.0,-9.17e-05,-4.17e-05,0.0,0.0031629,0.033683,False
US500,1997-07-30,1265.21,1997-08-05,1265.58,4,6,0.1,3.31e-05,-2e-05,-2e-05,0.0,-9.17e-05,-4.17e-05,0.0,-0.0001402,0.0002924,False
US500,1997-08-28,1202.5601,1997-09-04,1239.17,4,7,0.1,0.0030484,-2e-05,-2e-05,0.0,-0.0001069,-4.86e-05,0.0,0.0028529,0.0304434,False
US500,1997-09-29,1270.64,1997-10-03,1286.42,4,4,0.1,0.0012426,-2e-05,-2e-05,0.0,-6.11e-05,-2.78e-05,0.0,0.0011137,0.012419,False
US500,1997-10-30,1205.79,1997-11-05,1258.1801,4,6,0.1,0.0042958,-2e-05,-2e-05,0.0,-9.17e-05,-4.17e-05,0.0,0.0041225,0.0434487,False
US500,1997-11-26,1271.83,1997-12-03,1305.84,4,7,0.1,0.0026621,-2e-05,-2e-05,0.0,-0.0001069,-4.86e-05,0.0,0.0024666,0.026741,False
US500,1997-12-30,1299.34,1998-01-06,1293.8,4,7,0.1,-0.0004201,-2e-05,-2e-05,0.0,-0.0001069,-4.86e-05,0.0,-0.0006157,-0.0042636,False
US500,1998-01-29,1320.16,1998-02-04,1349.11,4,6,0.1,0.0021944,-2e-05,-2e-05,0.0,-9.17e-05,-4.17e-05,0.0,0.0020211,0.0219291,False
US500,1998-02-26,1406.95,1998-03-04,1405.5601,4,6,0.1,-9.69e-05,-2e-05,-2e-05,0.0,-9.17e-05,-4.17e-05,0.0,-0.0002703,-0.0009879,False
US500,1998-03-30,1468.97,1998-04-03,1508.3199,4,4,0.1,0.002654,-2e-05,-2e-05,0.0,-6.11e-05,-2.78e-05,0.0,0.0025252,0.0267875,False
US500,1998-04-29,1471.77,1998-05-05,1499.97,4,6,0.1,0.0019153,-2e-05,-2e-05,0.0,-9.17e-05,-4.17e-05,0.0,0.001742,0.0191606,False
US500,1998-05-28,1478.28,1998-06-03,1458.6801,4,6,0.1,-0.0013282,-2e-05,-2e-05,0.0,-9.17e-05,-4.17e-05,0.0,-0.0015015,-0.0132586,False
US500,1998-06-29,1535.01,1998-07-06,1560.83,4,7,0.1,0.0016821,-2e-05,-2e-05,0.0,-0.0001069,-4.86e-05,0.0,0.0014865,0.0168207,False
US500,1998-07-30,1542.66,1998-08-05,1459.92,4,6,0.1,-0.0054196,-2e-05,-2e-05,0.0,-9.17e-05,-4.17e-05,0.0,-0.005593,-0.0536346,False
US500,1998-08-28,1388.3,1998-09-03,1328.0699,4,6,0.1,-0.0041161,-2e-05,-2e-05,0.0,-9.17e-05,-4.17e-05,0.0,-0.0042895,-0.0433841,False
US500,1998-09-29,1420.04,1998-10-05,1338.37,4,6,0.1,-0.0058064,-2e-05,-2e-05,0.0,-8.75e-05,-4.17e-05,0.0,-0.0059755,-0.0575125,False
US500,1998-10-29,1471.51,1998-11-04,1516.15,4,6,0.1,0.0030048,-2e-05,-2e-05,0.0,-8.33e-05,-4.17e-05,0.0,0.0028398,0.0303362,False
US500,1998-11-27,1617.95,1998-12-03,1561.16,4,6,0.1,-0.0035217,-2e-05,-2e-05,0.0,-7.92e-05,-4.17e-05,0.0,-0.0036826,-0.0350999,False
US500,1998-12-30,1673.66,1999-01-06,1729.08,4,7,0.1,0.0032918,-2e-05,-2e-05,0.0,-9.24e-05,-4.86e-05,0.0,0.0031108,0.033113,False
US500,1999-01-28,1720.4399,1999-02-03,1729.84,4,6,0.1,0.0005596,-2e-05,-2e-05,0.0,-7.92e-05,-4.17e-05,0.0,0.0003987,0.0054637,False
US500,1999-02-25,1694.83,1999-03-03,1671.74,4,6,0.1,-0.0013662,-2e-05,-2e-05,0.0,-7.92e-05,-4.17e-05,0.0,-0.0015271,-0.0136238,False
US500,1999-03-30,1772.79,1999-04-06,1796.34,4,7,0.1,0.0013499,-2e-05,-2e-05,0.0,-9.24e-05,-4.86e-05,0.0,0.0011689,0.0132841,False
US500,1999-04-29,1831.53,1999-05-05,1838.08,4,6,0.1,0.00039,-2e-05,-2e-05,0.0,-7.92e-05,-4.17e-05,0.0,0.0002292,0.0035762,False
US500,1999-05-27,1750.1899,1999-06-03,1775.4,4,7,0.1,0.0014451,-2e-05,-2e-05,0.0,-9.24e-05,-4.86e-05,0.0,0.0012641,0.0144042,False
US500,1999-06-29,1847.59,1999-07-06,1898.15,4,7,0.1,0.0027169,-2e-05,-2e-05,0.0,-9.65e-05,-4.86e-05,0.0,0.0025318,0.0273654,False
US500,1999-07-29,1835.02,1999-08-04,1786.51,4,6,0.1,-0.0026659,-2e-05,-2e-05,0.0,-8.33e-05,-4.17e-05,0.0,-0.0028309,-0.0264357,False
US500,1999-08-30,1814.11,1999-09-03,1860.15,4,4,0.1,0.0025551,-2e-05,-2e-05,0.0,-5.83e-05,-2.78e-05,0.0,0.002429,0.0253789,False
US500,1999-09-29,1739.92,1999-10-05,1785.3199,4,6,0.1,0.0025968,-2e-05,-2e-05,0.0,-8.75e-05,-4.17e-05,0.0,0.0024276,0.0260931,False
US500,1999-10-28,1842.8,1999-11-03,1860.28,4,6,0.1,0.0009603,-2e-05,-2e-05,0.0,-8.75e-05,-4.17e-05,0.0,0.0007912,0.0094856,False
US500,1999-11-29,1934.95,1999-12-03,1970.4301,4,4,0.1,0.0018462,-2e-05,-2e-05,0.0,-6.11e-05,-2.78e-05,0.0,0.0017173,0.0183364,False
US500,1999-12-30,2014.8101,2000-01-05,1929.28,4,6,0.1,-0.0042572,-2e-05,-2e-05,0.0,-9.17e-05,-4.17e-05,0.0,-0.0044305,-0.0424507,False
US500,2000-01-28,1872.61,2000-02-03,1962.21,4,6,0.1,0.0047171,-2e-05,-2e-05,0.0,-9.24e-05,-4.17e-05,0.0,0.0045431,0.0478476,False
US500,2000-02-28,1858.17,2000-03-03,1942.89,4,4,0.1,0.0044918,-2e-05,-2e-05,0.0,-6.39e-05,-2.78e-05,0.0,0.0043601,0.0455932,False
US500,2000-03-30,2053.05,2000-04-05,2052.52,4,6,0.1,-1.81e-05,-2e-05,-2e-05,0.0,-0.0001,-4.17e-05,0.0,-0.0001998,-0.0002582,False
US500,2000-04-27,2022.6801,2000-05-03,1954.23,4,6,0.1,-0.0033986,-2e-05,-2e-05,0.0,-0.0001,-4.17e-05,0.0,-0.0035802,-0.0338413,False
US500,2000-05-30,1966.59,2000-06-05,2029.5,4,6,0.1,0.0031896,-2e-05,-2e-05,0.0,-0.0001083,-4.17e-05,0.0,0.0029996,0.0319894,False
US500,2000-06-29,1995.89,2000-07-06,2016.41,4,7,0.1,0.0010468,-2e-05,-2e-05,0.0,-0.0001264,-4.86e-05,0.0,0.0008318,0.0102811,False
US500,2000-07-28,1966.2,2000-08-03,2011.8,4,6,0.1,0.0023017,-2e-05,-2e-05,0.0,-0.0001083,-4.17e-05,0.0,0.0021117,0.023192,False
US500,2000-08-30,2083.48,2000-09-06,2069.3999,4,7,0.1,-0.000664,-2e-05,-2e-05,0.0,-0.0001264,-4.86e-05,0.0,-0.000879,-0.006758,False
US500,2000-09-28,2023.33,2000-10-04,1990.62,4,6,0.1,-0.0016149,-2e-05,-2e-05,0.0,-0.0001083,-4.17e-05,0.0,-0.0018049,-0.0161664,False
US500,2000-10-30,1942.2,2000-11-03,1981.5,4,4,0.1,0.0020301,-2e-05,-2e-05,0.0,-7.22e-05,-2.78e-05,0.0,0.0018901,0.0202348,False
US500,2000-11-29,1865.89,2000-12-05,1914.09,4,6,0.1,0.0026475,-2e-05,-2e-05,0.0,-0.0001083,-4.17e-05,0.0,0.0024575,0.0258322,False
US500,2000-12-28,1856.76,2001-01-04,1855.8199,4,7,0.1,0.0001225,-2e-05,-2e-05,0.0,-0.000125,-4.86e-05,0.0,-9.11e-05,-0.0005063,False
US500,2001-01-30,1913.13,2001-02-05,1886.48,4,6,0.1,-0.0013836,-2e-05,-2e-05,0.0,-9.31e-05,-4.17e-05,0.0,-0.0015584,-0.0139301,False
US500,2001-02-27,1753.88,2001-03-05,1731.42,4,6,0.1,-0.0012753,-2e-05,-2e-05,0.0,-9.17e-05,-4.17e-05,0.0,-0.0014486,-0.0128059,False
US500,2001-03-29,1602.26,2001-04-04,1540.17,4,6,0.1,-0.0038777,-2e-05,-2e-05,0.0,-8.33e-05,-4.17e-05,0.0,-0.0040427,-0.0387515,False
US500,2001-04-27,1750.3199,2001-05-03,1744.54,4,6,0.1,-0.0003102,-2e-05,-2e-05,0.0,-7.5e-05,-4.17e-05,0.0,-0.0004668,-0.0033022,False
US500,2001-05-30,1746.11,2001-06-05,1795.96,4,6,0.1,0.0028273,-2e-05,-2e-05,0.0,-6.67e-05,-4.17e-05,0.0,0.002679,0.0285492,False
US500,2001-06-28,1716.8101,2001-07-05,1707.6801,4,7,0.1,-0.0005206,-2e-05,-2e-05,0.0,-7.29e-05,-4.86e-05,0.0,-0.0006821,-0.005318,False
US500,2001-07-30,1688.03,2001-08-03,1702.4301,4,4,0.1,0.0008539,-2e-05,-2e-05,0.0,-4.17e-05,-2.78e-05,0.0,0.0007445,0.0085307,False
US500,2001-08-30,1584.77,2001-09-06,1553.41,4,7,0.1,-0.0019724,-2e-05,-2e-05,0.0,-6.81e-05,-4.86e-05,0.0,-0.0021291,-0.0197884,False
US500,2001-09-27,1431.29,2001-10-03,1507.03,4,6,0.1,0.005208,-2e-05,-2e-05,0.0,-4.86e-05,-4.17e-05,0.0,0.0050777,0.0529173,False
US500,2001-10-30,1490.4399,2001-11-05,1551.39,4,6,0.1,0.0040449,-2e-05,-2e-05,0.0,-4.17e-05,-4.17e-05,0.0,0.0039216,0.040894,False
US500,2001-11-29,1605.99,2001-12-05,1649.0,4,6,0.1,0.0026803,-2e-05,-2e-05,0.0,-3.33e-05,-4.17e-05,0.0,0.0025653,0.026781,False
US500,2001-12-28,1637.23,2002-01-04,1653.6899,4,7,0.1,0.0010144,-2e-05,-2e-05,0.0,-3.4e-05,-4.86e-05,0.0,0.0008918,0.0100535,False
US500,2002-01-30,1571.6899,2002-02-05,1538.7,4,6,0.1,-0.0020757,-2e-05,-2e-05,0.0,-2.92e-05,-4.17e-05,0.0,-0.0021866,-0.0209901,False
US500,2002-02-27,1569.01,2002-03-05,1620.37,4,6,0.1,0.0032677,-2e-05,-2e-05,0.0,-2.92e-05,-4.17e-05,0.0,0.0031568,0.032734,False
US500,2002-03-27,1619.45,2002-04-03,1592.6,4,7,0.1,-0.001663,-2e-05,-2e-05,0.0,-3.4e-05,-4.86e-05,0.0,-0.0017857,-0.0165797,False
US500,2002-04-29,1508.75,2002-05-03,1520.4399,4,4,0.1,0.000787,-2e-05,-2e-05,0.0,-1.94e-05,-2.78e-05,0.0,0.0006997,0.0077481,False
US500,2002-05-30,1510.25,2002-06-05,1489.88,4,6,0.1,-0.0013223,-2e-05,-2e-05,0.0,-2.92e-05,-4.17e-05,0.0,-0.0014331,-0.0134878,False
US500,2002-06-27,1407.11,2002-07-03,1355.4,4,6,0.1,-0.0036965,-2e-05,-2e-05,0.0,-2.92e-05,-4.17e-05,0.0,-0.0038074,-0.0367491,False
US500,2002-07-30,1283.62,2002-08-05,1187.0699,4,6,0.1,-0.0076835,-2e-05,-2e-05,0.0,-2.92e-05,-4.17e-05,0.0,-0.0077944,-0.075217,False
US500,2002-08-29,1307.28,2002-09-05,1252.77,4,7,0.1,-0.0041417,-2e-05,-2e-05,0.0,-3.4e-05,-4.86e-05,0.0,-0.0042644,-0.0416973,False
US500,2002-09-27,1180.28,2002-10-03,1168.5699,4,6,0.1,-0.0008747,-2e-05,-2e-05,0.0,-2.92e-05,-4.17e-05,0.0,-0.0009855,-0.0099214,False
US500,2002-10-30,1272.25,2002-11-05,1307.8,4,6,0.1,0.0027783,-2e-05,-2e-05,0.0,-2.92e-05,-4.17e-05,0.0,0.0026675,0.0279427,False
US500,2002-11-27,1343.47,2002-12-04,1313.54,4,7,0.1,-0.002241,-2e-05,-2e-05,0.0,-2.43e-05,-4.86e-05,0.0,-0.0023539,-0.0222781,False
US500,2002-12-30,1260.42,2003-01-06,1331.8199,4,7,0.1,0.0055893,-2e-05,-2e-05,0.0,-2.43e-05,-4.86e-05,0.0,0.0054763,0.0566477,False
US500,2003-01-30,1212.23,2003-02-05,1211.04,4,6,0.1,-7.68e-05,-2e-05,-2e-05,0.0,-2.08e-05,-4.17e-05,0.0,-0.0001793,-0.0009816,False
US500,2003-02-27,1204.11,2003-03-05,1193.87,4,6,0.1,-0.0008334,-2e-05,-2e-05,0.0,-2.08e-05,-4.17e-05,0.0,-0.0009359,-0.0085042,False
US500,2003-03-28,1243.51,2003-04-03,1262.4301,4,6,0.1,0.0015685,-2e-05,-2e-05,0.0,-2.08e-05,-4.17e-05,0.0,0.001466,0.015215,False
US500,2003-04-29,1323.26,2003-05-05,1336.24,4,6,0.1,0.0009881,-2e-05,-2e-05,0.0,-2.08e-05,-4.17e-05,0.0,0.0008856,0.0098091,False
US500,2003-05-29,1371.51,2003-06-04,1424.91,4,6,0.1,0.0038439,-2e-05,-2e-05,0.0,-2.08e-05,-4.17e-05,0.0,0.0037414,0.0389352,False
US500,2003-06-27,1411.97,2003-07-03,1425.97,4,6,0.1,0.0010002,-2e-05,-2e-05,0.0,-1.67e-05,-4.17e-05,0.0,0.0009019,0.0099152,False
US500,2003-07-30,1429.91,2003-08-05,1398.42,4,6,0.1,-0.002205,-2e-05,-2e-05,0.0,-1.67e-05,-4.17e-05,0.0,-0.0023033,-0.0220224,False
US500,2003-08-28,1454.7,2003-09-04,1491.77,4,7,0.1,0.0025284,-2e-05,-2e-05,0.0,-1.94e-05,-4.86e-05,0.0,0.0024204,0.025483,False
US500,2003-09-29,1462.2,2003-10-03,1496.3199,4,4,0.1,0.0023417,-2e-05,-2e-05,0.0,-1.11e-05,-2.78e-05,0.0,0.0022628,0.0233347,False
US500,2003-10-30,1523.12,2003-11-05,1530.54,4,6,0.1,0.0004913,-2e-05,-2e-05,0.0,-1.67e-05,-4.17e-05,0.0,0.000393,0.0048716,False
US500,2003-11-26,1542.39,2003-12-03,1552.09,4,7,0.1,0.0006339,-2e-05,-2e-05,0.0,-1.94e-05,-4.86e-05,0.0,0.0005259,0.0062889,False
US500,2003-12-30,1619.59,2004-01-06,1640.3101,4,7,0.1,0.0012796,-2e-05,-2e-05,0.0,-1.94e-05,-4.86e-05,0.0,0.0011715,0.0127934,False
US500,2004-01-29,1657.09,2004-02-04,1646.29,4,6,0.1,-0.0006494,-2e-05,-2e-05,0.0,-1.67e-05,-4.17e-05,0.0,-0.0007478,-0.0065174,False
US500,2004-02-26,1675.63,2004-03-03,1685.17,4,6,0.1,0.0005743,-2e-05,-2e-05,0.0,-1.67e-05,-4.17e-05,0.0,0.000476,0.0056934,False
US500,2004-03-30,1651.4301,2004-04-05,1686.24,4,6,0.1,0.002094,-2e-05,-2e-05,0.0,-1.67e-05,-4.17e-05,0.0,0.0019956,0.0210787,False
US500,2004-04-29,1634.16,2004-05-05,1645.65,4,6,0.1,0.000707,-2e-05,-2e-05,0.0,-1.67e-05,-4.17e-05,0.0,0.0006086,0.0070311,False
US500,2004-05-27,1647.65,2004-06-03,1641.4301,4,7,0.1,-0.0003748,-2e-05,-2e-05,0.0,-1.94e-05,-4.86e-05,0.0,-0.0004828,-0.0037751,False
US500,2004-06-29,1671.84,2004-07-06,1642.84,4,7,0.1,-0.0017398,-2e-05,-2e-05,0.0,-2.36e-05,-4.86e-05,0.0,-0.001852,-0.0173462,False
US500,2004-07-29,1621.35,2004-08-04,1619.0,4,6,0.1,-0.000142,-2e-05,-2e-05,0.0,-2.08e-05,-4.17e-05,0.0,-0.0002445,-0.0014494,False
US500,2004-08-30,1622.28,2004-09-03,1644.25,4,4,0.1,0.0013535,-2e-05,-2e-05,0.0,-1.67e-05,-2.78e-05,0.0,0.0012691,0.0135427,False
US500,2004-09-29,1647.79,2004-10-05,1677.09,4,6,0.1,0.0017745,-2e-05,-2e-05,0.0,-2.92e-05,-4.17e-05,0.0,0.0016637,0.0177813,False
US500,2004-10-28,1668.55,2004-11-03,1692.22,4,6,0.1,0.0014154,-2e-05,-2e-05,0.0,-2.92e-05,-4.17e-05,0.0,0.0013045,0.0141859,False
US500,2004-11-29,1747.34,2004-12-03,1766.63,4,4,0.1,0.0011103,-2e-05,-2e-05,0.0,-2.22e-05,-2.78e-05,0.0,0.0010203,0.0110397,False
US500,2004-12-30,1801.98,2005-01-05,1758.0699,4,6,0.1,-0.0024562,-2e-05,-2e-05,0.0,-3.75e-05,-4.17e-05,0.0,-0.0025753,-0.0243677,False
US500,2005-01-28,1740.96,2005-02-03,1769.26,4,6,0.1,0.0016192,-2e-05,-2e-05,0.0,-3.82e-05,-4.17e-05,0.0,0.0014994,0.0162554,False
US500,2005-02-25,1804.17,2005-03-03,1803.51,4,6,0.1,-3.29e-05,-2e-05,-2e-05,0.0,-4.17e-05,-4.17e-05,0.0,-0.0001563,-0.0003658,False
US500,2005-03-30,1762.09,2005-04-05,1762.3199,4,6,0.1,1.66e-05,-2e-05,-2e-05,0.0,-4.58e-05,-4.17e-05,0.0,-0.0001109,0.0001305,False
US500,2005-04-28,1707.13,2005-05-04,1755.92,4,6,0.1,0.002834,-2e-05,-2e-05,0.0,-4.65e-05,-4.17e-05,0.0,0.0027058,0.0285802,False
US500,2005-05-27,1793.34,2005-06-03,1789.83,4,7,0.1,-0.0001872,-2e-05,-2e-05,0.0,-5.83e-05,-4.86e-05,0.0,-0.0003342,-0.0019572,False
US500,2005-06-29,1797.73,2005-07-06,1791.05,4,7,0.1,-0.0003622,-2e-05,-2e-05,0.0,-6.25e-05,-4.86e-05,0.0,-0.0005133,-0.0037158,False
US500,2005-07-28,1865.64,2005-08-03,1868.0601,4,6,0.1,0.0001352,-2e-05,-2e-05,0.0,-5.42e-05,-4.17e-05,0.0,-7e-07,0.0012972,False
US500,2005-08-30,1815.97,2005-09-06,1854.23,4,7,0.1,0.0020985,-2e-05,-2e-05,0.0,-6.81e-05,-4.86e-05,0.0,0.0019419,0.0210686,False
US500,2005-09-29,1847.62,2005-10-05,1801.4,4,6,0.1,-0.0025177,-2e-05,-2e-05,0.0,-6.25e-05,-4.17e-05,0.0,-0.0026618,-0.025016,False
US500,2005-10-28,1805.5601,2005-11-03,1838.86,4,6,0.1,0.0018368,-2e-05,-2e-05,0.0,-6.39e-05,-4.17e-05,0.0,0.0016913,0.018443,False
US500,2005-11-29,1898.74,2005-12-05,1906.42,4,6,0.1,0.0004131,-2e-05,-2e-05,0.0,-6.67e-05,-4.17e-05,0.0,0.0002648,0.0040448,False
US500,2005-12-29,1897.2,2006-01-05,1926.4399,4,7,0.1,0.0015448,-2e-05,-2e-05,0.0,-8.26e-05,-4.86e-05,0.0,0.0013735,0.0154122,False
US500,2006-01-30,1945.66,2006-02-03,1914.5,4,4,0.1,-0.0016082,-2e-05,-2e-05,0.0,-4.93e-05,-2.78e-05,0.0,-0.0017253,-0.0160151,False
US500,2006-02-27,1963.58,2006-03-03,1953.74,4,4,0.1,-0.0004931,-2e-05,-2e-05,0.0,-5e-05,-2.78e-05,0.0,-0.0006109,-0.0050112,False
US500,2006-03-30,1975.6,2006-04-05,1993.21,4,6,0.1,0.0008915,-2e-05,-2e-05,0.0,-7.92e-05,-4.17e-05,0.0,0.0007307,0.0089137,False
US500,2006-04-27,1992.39,2006-05-03,1989.97,4,6,0.1,-0.000118,-2e-05,-2e-05,0.0,-7.92e-05,-4.17e-05,0.0,-0.0002789,-0.0012146,False
US500,2006-05-30,1920.09,2006-06-05,1929.23,4,6,0.1,0.0005022,-2e-05,-2e-05,0.0,-8.33e-05,-4.17e-05,0.0,0.0003372,0.0047602,False
US500,2006-06-29,1943.09,2006-07-06,1945.9,4,7,0.1,0.0001508,-2e-05,-2e-05,0.0,-0.0001021,-4.86e-05,0.0,-3.99e-05,0.0014462,False
US500,2006-07-28,1953.86,2006-08-03,1957.41,4,6,0.1,0.0001847,-2e-05,-2e-05,0.0,-8.75e-05,-4.17e-05,0.0,1.55e-05,0.0018169,False
US500,2006-08-30,1998.08,2006-09-06,1992.42,4,7,0.1,-0.0002772,-2e-05,-2e-05,0.0,-0.0001021,-4.86e-05,0.0,-0.0004679,-0.0028327,False
US500,2006-09-28,2053.9299,2006-10-04,2071.45,4,6,0.1,0.000858,-2e-05,-2e-05,0.0,-8.75e-05,-4.17e-05,0.0,0.0006888,0.00853,False
US500,2006-10-30,2115.6299,2006-11-03,2095.6799,4,4,0.1,-0.0009446,-2e-05,-2e-05,0.0,-5.83e-05,-2.78e-05,0.0,-0.0010707,-0.0094298,False
US500,2006-11-29,2154.0901,2006-12-05,2177.75,4,6,0.1,0.0010976,-2e-05,-2e-05,0.0,-8.75e-05,-4.17e-05,0.0,0.0009284,0.0109837,False
US500,2006-12-28,2196.0,2007-01-05,2173.29,4,8,0.1,-0.0010365,-2e-05,-2e-05,0.0,-0.0001167,-5.56e-05,0.0,-0.0012488,-0.0103415,False
US500,2007-01-30,2204.3999,2007-02-05,2233.4399,4,6,0.1,0.0013127,-2e-05,-2e-05,0.0,-8.75e-05,-4.17e-05,0.0,0.0011436,0.0131737,False
US500,2007-02-27,2163.1101,2007-03-05,2125.3401,4,6,0.1,-0.0017485,-2e-05,-2e-05,0.0,-8.75e-05,-4.17e-05,0.0,-0.0019177,-0.017461,False
US500,2007-03-29,2202.6799,2007-04-04,2229.26,4,6,0.1,0.0012044,-2e-05,-2e-05,0.0,-8.75e-05,-4.17e-05,0.0,0.0010353,0.0120672,False
US500,2007-04-27,2315.7,2007-05-03,2329.54,4,6,0.1,0.0006025,-2e-05,-2e-05,0.0,-8.75e-05,-4.17e-05,0.0,0.0004334,0.0059766,False
US500,2007-05-30,2377.0901,2007-06-05,2378.4399,4,6,0.1,5.91e-05,-2e-05,-2e-05,0.0,-8.75e-05,-4.17e-05,0.0,-0.0001101,0.0005679,False
US500,2007-06-28,2341.8999,2007-07-05,2373.0701,4,7,0.1,0.0013287,-2e-05,-2e-05,0.0,-0.0001021,-4.86e-05,0.0,0.001138,0.0133098,False
US500,2007-07-30,2294.75,2007-08-03,2231.98,4,4,0.1,-0.0027259,-2e-05,-2e-05,0.0,-5.83e-05,-2.78e-05,0.0,-0.002852,-0.0273538,False
US500,2007-08-30,2274.1599,2007-09-06,2308.3501,4,7,0.1,0.0015111,-2e-05,-2e-05,0.0,-0.0001021,-4.86e-05,0.0,0.0013204,0.0150342,False
US500,2007-09-27,2392.9199,2007-10-03,2406.3101,4,6,0.1,0.0005682,-2e-05,-2e-05,0.0,-7.92e-05,-4.17e-05,0.0,0.0004073,0.0055957,False
US500,2007-10-30,2394.8101,2007-11-05,2350.6899,4,6,0.1,-0.0018162,-2e-05,-2e-05,0.0,-7.57e-05,-4.17e-05,0.0,-0.0019735,-0.0184232,False
US500,2007-11-29,2304.4299,2007-12-05,2329.71,4,6,0.1,0.0011101,-2e-05,-2e-05,0.0,-7.5e-05,-4.17e-05,0.0,0.0009535,0.0109702,False
US500,2007-12-28,2322.1101,2008-01-04,2217.5901,4,7,0.1,-0.0045623,-2e-05,-2e-05,0.0,-8.26e-05,-4.86e-05,0.0,-0.0047336,-0.0450108,False
US500,2008-01-30,2131.79,2008-02-05,2102.23,4,6,0.1,-0.0013172,-2e-05,-2e-05,0.0,-5e-05,-4.17e-05,0.0,-0.0014489,-0.0138663,False
US500,2008-02-28,2155.8101,2008-03-05,2103.4199,4,6,0.1,-0.0024207,-2e-05,-2e-05,0.0,-5e-05,-4.17e-05,0.0,-0.0025523,-0.0243018,False
US500,2008-03-28,2076.5601,2008-04-03,2162.46,4,6,0.1,0.0041181,-2e-05,-2e-05,0.0,-3.75e-05,-4.17e-05,0.0,0.003999,0.0413664,False
US500,2008-04-29,2198.5,2008-05-05,2225.3701,4,6,0.1,0.0012319,-2e-05,-2e-05,0.0,-3.4e-05,-4.17e-05,0.0,0.0011162,0.012222,False
US500,2008-05-29,2215.1201,2008-06-04,2183.01,4,6,0.1,-0.0014529,-2e-05,-2e-05,0.0,-3.33e-05,-4.17e-05,0.0,-0.0015679,-0.0144959,False
US500,2008-06-27,2028.89,2008-07-03,2004.87,4,6,0.1,-0.0011733,-2e-05,-2e-05,0.0,-3.33e-05,-4.17e-05,0.0,-0.0012883,-0.011839,False
US500,2008-07-30,2040.8101,2008-08-05,2042.4399,4,6,0.1,0.0001346,-2e-05,-2e-05,0.0,-3.33e-05,-4.17e-05,0.0,1.96e-05,0.0007986,False
US500,2008-08-28,2071.8601,2008-09-04,1971.37,4,7,0.1,-0.0049158,-2e-05,-2e-05,0.0,-3.89e-05,-4.86e-05,0.0,-0.0050433,-0.0485024,False
US500,2008-09-29,1765.72,2008-10-03,1754.91,4,4,0.1,-0.0003794,-2e-05,-2e-05,0.0,-2.22e-05,-2.78e-05,0.0,-0.0004694,-0.0061221,False
US500,2008-10-30,1525.37,2008-11-05,1524.21,4,6,0.1,0.0001578,-2e-05,-2e-05,0.0,-1.67e-05,-4.17e-05,0.0,5.94e-05,-0.0007605,False
US500,2008-11-26,1423.9,2008-12-03,1397.72,4,7,0.1,-0.0013153,-2e-05,-2e-05,0.0,-1.94e-05,-4.86e-05,0.0,-0.0014234,-0.0183862,False
US500,2008-12-30,1432.65,2009-01-06,1503.87,4,7,0.1,0.0049152,-2e-05,-2e-05,0.0,-2.4e-06,-4.86e-05,0.0,0.0048241,0.0497121,False
US500,2009-01-29,1361.54,2009-02-04,1341.77,4,6,0.1,-0.0014216,-2e-05,-2e-05,0.0,-2.1e-06,-4.17e-05,0.0,-0.0015053,-0.0145203,False
US500,2009-02-26,1217.49,2009-03-04,1153.35,4,6,0.1,-0.0052411,-2e-05,-2e-05,0.0,-2.1e-06,-4.17e-05,0.0,-0.0053249,-0.0526822,False
US500,2009-03-30,1276.22,2009-04-03,1365.66,4,4,0.1,0.0068413,-2e-05,-2e-05,0.0,-1.4e-06,-2.78e-05,0.0,0.0067721,0.070082,False
US500,2009-04-29,1417.99,2009-05-05,1467.25,4,6,0.1,0.0034732,-2e-05,-2e-05,0.0,-2.1e-06,-4.17e-05,0.0,0.0033894,0.0347393,False
US500,2009-05-28,1475.9399,2009-06-03,1516.88,4,6,0.1,0.0027875,-2e-05,-2e-05,0.0,-2.1e-06,-4.17e-05,0.0,0.0027037,0.0277383,False
US500,2009-06-29,1511.7,2009-07-06,1465.58,4,7,0.1,-0.0030502,-2e-05,-2e-05,0.0,-2.4e-06,-4.86e-05,0.0,-0.0031413,-0.0305087,False
US500,2009-07-30,1611.14,2009-08-05,1637.8101,4,6,0.1,0.0016543,-2e-05,-2e-05,0.0,-2.1e-06,-4.17e-05,0.0,0.0015705,0.0165535,False
US500,2009-08-28,1684.05,2009-09-03,1642.6801,4,6,0.1,-0.0024551,-2e-05,-2e-05,0.0,-2.1e-06,-4.17e-05,0.0,-0.0025389,-0.0245658,False
US500,2009-09-29,1738.48,2009-10-05,1705.73,4,6,0.1,-0.0018556,-2e-05,-2e-05,0.0,-2.1e-06,-4.17e-05,0.0,-0.0019393,-0.0188383,False
US500,2009-10-29,1749.76,2009-11-04,1718.21,4,6,0.1,-0.001777,-2e-05,-2e-05,0.0,-2.1e-06,-4.17e-05,0.0,-0.0018607,-0.0180311,False
US500,2009-11-27,1795.7,2009-12-03,1810.13,4,6,0.1,0.000812,-2e-05,-2e-05,0.0,-2.1e-06,-4.17e-05,0.0,0.0007282,0.0080359,False
US500,2009-12-30,1856.14,2010-01-06,1874.73,4,7,0.1,0.001015,-2e-05,-2e-05,0.0,-2.4e-06,-4.86e-05,0.0,0.0009239,0.0100154,False
US500,2010-01-28,1788.97,2010-02-03,1810.64,4,6,0.1,0.0012286,-2e-05,-2e-05,0.0,-2.1e-06,-4.17e-05,0.0,0.0011449,0.0121131,False
US500,2010-02-25,1823.64,2010-03-03,1850.24,4,6,0.1,0.0014536,-2e-05,-2e-05,0.0,-2.1e-06,-4.17e-05,0.0,0.0013699,0.0145862,False
US500,2010-03-30,1942.8101,2010-04-06,1969.76,4,7,0.1,0.0013842,-2e-05,-2e-05,0.0,-2.4e-06,-4.86e-05,0.0,0.0012932,0.0138716,False
US500,2010-04-29,2000.34,2010-05-05,1933.25,4,6,0.1,-0.0033581,-2e-05,-2e-05,0.0,-2.1e-06,-4.17e-05,0.0,-0.0034419,-0.0335393,False
US500,2010-05-27,1832.61,2010-06-03,1832.72,4,7,0.1,6.26e-05,-2e-05,-2e-05,0.0,-2.4e-06,-4.86e-05,0.0,-2.85e-05,6e-05,False
US500,2010-06-29,1732.55,2010-07-06,1710.97,4,7,0.1,-0.0012454,-2e-05,-2e-05,0.0,-2.4e-06,-4.86e-05,0.0,-0.0013364,-0.0124557,False
US500,2010-07-29,1835.29,2010-08-04,1878.8101,4,6,0.1,0.0023707,-2e-05,-2e-05,0.0,-2.1e-06,-4.17e-05,0.0,0.002287,0.0237129,False
US500,2010-08-30,1751.79,2010-09-03,1845.1,4,4,0.1,0.0052454,-2e-05,-2e-05,0.0,-1.4e-06,-2.78e-05,0.0,0.0051763,0.0532655,False
US500,2010-09-29,1914.84,2010-10-05,1941.8199,4,6,0.1,0.0014253,-2e-05,-2e-05,0.0,-2.1e-06,-4.17e-05,0.0,0.0013415,0.0140899,False
US500,2010-10-28,1982.45,2010-11-03,2006.58,4,6,0.1,0.0012136,-2e-05,-2e-05,0.0,-2.1e-06,-4.17e-05,0.0,0.0011299,0.0121718,False
US500,2010-11-29,1993.83,2010-12-03,2056.3999,4,4,0.1,0.0031236,-2e-05,-2e-05,0.0,-1.4e-06,-2.78e-05,0.0,0.0030545,0.0313818,False
US500,2010-12-30,2114.7,2011-01-05,2146.5,4,6,0.1,0.0015004,-2e-05,-2e-05,0.0,-2.1e-06,-4.17e-05,0.0,0.0014166,0.0150376,False
US500,2011-01-28,2147.95,2011-02-03,2200.4199,4,6,0.1,0.0024308,-2e-05,-2e-05,0.0,-2.1e-06,-4.17e-05,0.0,0.002347,0.0244279,False
US500,2011-02-25,2226.05,2011-03-03,2245.3301,4,6,0.1,0.0008913,-2e-05,-2e-05,0.0,-2.1e-06,-4.17e-05,0.0,0.0008076,0.0086611,False
US500,2011-03-30,2243.55,2011-04-05,2251.26,4,6,0.1,0.0003445,-2e-05,-2e-05,0.0,-2.1e-06,-4.17e-05,0.0,0.0002607,0.0034365,False
US500,2011-04-28,2300.46,2011-05-04,2278.6299,4,6,0.1,-0.0009502,-2e-05,-2e-05,0.0,-2.1e-06,-4.17e-05,0.0,-0.001034,-0.0094894,False
US500,2011-05-27,2255.74,2011-06-03,2203.8101,4,7,0.1,-0.0022926,-2e-05,-2e-05,0.0,-2.4e-06,-4.86e-05,0.0,-0.0023836,-0.0230212,False
US500,2011-06-29,2219.2,2011-07-06,2274.4199,4,7,0.1,0.0024736,-2e-05,-2e-05,0.0,-2.4e-06,-4.86e-05,0.0,0.0023825,0.0248828,False
US500,2011-07-28,2210.3301,2011-08-03,2142.5601,4,6,0.1,-0.0030764,-2e-05,-2e-05,0.0,-2.1e-06,-4.17e-05,0.0,-0.0031602,-0.0306606,False
US500,2011-08-30,2066.3701,2011-09-06,1985.67,4,7,0.1,-0.0039403,-2e-05,-2e-05,0.0,-2.4e-06,-4.86e-05,0.0,-0.0040313,-0.039054,False
US500,2011-09-29,1980.23,2011-10-05,1953.67,4,6,0.1,-0.0012356,-2e-05,-2e-05,0.0,-2.1e-06,-4.17e-05,0.0,-0.0013194,-0.0134126,False
US500,2011-10-28,2196.1299,2011-11-03,2155.8701,4,6,0.1,-0.0017486,-2e-05,-2e-05,0.0,-2.1e-06,-4.17e-05,0.0,-0.0018323,-0.0183321,False
US500,2011-11-29,2048.0601,2011-12-05,2154.6799,4,6,0.1,0.0051722,-2e-05,-2e-05,0.0,-2.1e-06,-4.17e-05,0.0,0.0050885,0.052059,False
US500,2011-12-29,2168.1201,2012-01-05,2199.73,4,7,0.1,0.0014606,-2e-05,-2e-05,0.0,-2.4e-06,-4.86e-05,0.0,0.0013696,0.0145794,False
US500,2012-01-30,2256.72,2012-02-03,2312.49,4,4,0.1,0.0024562,-2e-05,-2e-05,0.0,-1.4e-06,-2.78e-05,0.0,0.002387,0.0247129,False
US500,2012-02-28,2364.03,2012-03-05,2351.28,4,6,0.1,-0.0005366,-2e-05,-2e-05,0.0,-2.1e-06,-4.17e-05,0.0,-0.0006203,-0.0053933,False
US500,2012-03-29,2421.7,2012-04-04,2415.05,4,6,0.1,-0.0002655,-2e-05,-2e-05,0.0,-2.1e-06,-4.17e-05,0.0,-0.0003493,-0.002746,False
US500,2012-04-27,2424.78,2012-05-03,2405.1699,4,6,0.1,-0.0008066,-2e-05,-2e-05,0.0,-2.1e-06,-4.17e-05,0.0,-0.0008903,-0.0080874,False
US500,2012-05-30,2275.1899,2012-06-05,2227.45,4,6,0.1,-0.002088,-2e-05,-2e-05,0.0,-2.1e-06,-4.17e-05,0.0,-0.0021717,-0.0209829,False
US500,2012-06-28,2306.22,2012-07-05,2373.9099,4,7,0.1,0.002927,-2e-05,-2e-05,0.0,-2.4e-06,-4.86e-05,0.0,0.002836,0.029351,False
US500,2012-07-30,2406.99,2012-08-03,2417.77,4,4,0.1,0.000469,-2e-05,-2e-05,0.0,-1.4e-06,-2.78e-05,0.0,0.0003998,0.0044786,False
US500,2012-08-30,2438.2,2012-09-06,2496.1201,4,7,0.1,0.00237,-2e-05,-2e-05,0.0,-2.4e-06,-4.86e-05,0.0,0.002279,0.0237553,False
US500,2012-09-27,2525.23,2012-10-03,2532.79,4,6,0.1,0.0003011,-2e-05,-2e-05,0.0,-2.1e-06,-4.17e-05,0.0,0.0002173,0.0029938,False
US500,2012-10-26,2466.8,2012-11-05,2476.9399,4,10,0.1,0.0004209,-2e-05,-2e-05,0.0,-3.5e-06,-6.94e-05,0.0,0.000308,0.0041105,False
US500,2012-11-29,2481.4199,2012-12-05,2470.5901,4,6,0.1,-0.0004359,-2e-05,-2e-05,0.0,-2.1e-06,-4.17e-05,0.0,-0.0005197,-0.0043644,False
US500,2012-12-28,2462.71,2013-01-04,2575.6599,4,7,0.1,0.0045322,-2e-05,-2e-05,0.0,-2.4e-06,-4.86e-05,0.0,0.0044411,0.0458641,False
US500,2013-01-30,2640.77,2013-02-05,2657.76,4,6,0.1,0.0006589,-2e-05,-2e-05,0.0,-2.1e-06,-4.17e-05,0.0,0.0005751,0.0064337,False
US500,2013-02-27,2672.1101,2013-03-05,2714.3501,4,6,0.1,0.0015744,-2e-05,-2e-05,0.0,-2.1e-06,-4.17e-05,0.0,0.0014906,0.0158077,False
US500,2013-03-27,2758.8501,2013-04-03,2743.3799,4,7,0.1,-0.0005538,-2e-05,-2e-05,0.0,-2.4e-06,-4.86e-05,0.0,-0.0006448,-0.0056075,False
US500,2013-04-29,2816.3899,2013-05-03,2853.8799,4,4,0.1,0.0013371,-2e-05,-2e-05,0.0,-1.4e-06,-2.78e-05,0.0,0.0012679,0.0133114,False
US500,2013-05-30,2931.3899,2013-06-05,2851.8899,4,6,0.1,-0.0027266,-2e-05,-2e-05,0.0,-2.1e-06,-4.17e-05,0.0,-0.0028103,-0.0271202,False
US500,2013-06-27,2862.9199,2013-07-03,2867.8501,4,6,0.1,0.0001745,-2e-05,-2e-05,0.0,-2.1e-06,-4.17e-05,0.0,9.08e-05,0.0017221,False
US500,2013-07-30,2995.6799,2013-08-05,3034.4299,4,6,0.1,0.0012934,-2e-05,-2e-05,0.0,-2.1e-06,-4.17e-05,0.0,0.0012096,0.0129353,False
US500,2013-08-29,2917.96,2013-09-05,2949.27,4,7,0.1,0.0010722,-2e-05,-2e-05,0.0,-2.4e-06,-4.86e-05,0.0,0.0009812,0.0107301,False
US500,2013-09-27,3018.24,2013-10-03,2995.8101,4,6,0.1,-0.0007368,-2e-05,-2e-05,0.0,-2.1e-06,-4.17e-05,0.0,-0.0008206,-0.0074315,False
US500,2013-10-30,3149.9299,2013-11-05,3149.96,4,6,0.1,3.1e-06,-2e-05,-2e-05,0.0,-2.1e-06,-4.17e-05,0.0,-8.07e-05,9.5e-06,False
US500,2013-11-27,3236.1399,2013-12-04,3211.5901,4,7,0.1,-0.0007606,-2e-05,-2e-05,0.0,-2.4e-06,-4.86e-05,0.0,-0.0008516,-0.0075861,False
US500,2013-12-30,3302.3,2014-01-06,3277.48,4,7,0.1,-0.0007495,-2e-05,-2e-05,0.0,-2.4e-06,-4.86e-05,0.0,-0.0008405,-0.007516,False
US500,2014-01-30,3221.78,2014-02-05,3146.49,4,6,0.1,-0.002333,-2e-05,-2e-05,0.0,-2.1e-06,-4.17e-05,0.0,-0.0024167,-0.0233691,False
US500,2014-02-27,3338.05,2014-03-05,3374.1001,4,6,0.1,0.0010888,-2e-05,-2e-05,0.0,-2.1e-06,-4.17e-05,0.0,0.0010051,0.0107997,False
US500,2014-03-28,3348.8301,2014-04-03,3406.0,4,6,0.1,0.0016989,-2e-05,-2e-05,0.0,-2.1e-06,-4.17e-05,0.0,0.0016152,0.0170716,False
US500,2014-04-29,3390.1599,2014-05-05,3402.23,4,6,0.1,0.0003561,-2e-05,-2e-05,0.0,-2.1e-06,-4.17e-05,0.0,0.0002724,0.0035603,False
US500,2014-05-29,3473.8601,2014-06-04,3489.21,4,6,0.1,0.0004413,-2e-05,-2e-05,0.0,-2.1e-06,-4.17e-05,0.0,0.0003576,0.0044187,False
US500,2014-06-27,3553.3501,2014-07-03,3598.73,4,6,0.1,0.0012729,-2e-05,-2e-05,0.0,-2.1e-06,-4.17e-05,0.0,0.0011891,0.012771,False
US500,2014-07-30,3574.45,2014-08-05,3484.5601,4,6,0.1,-0.0025192,-2e-05,-2e-05,0.0,-2.1e-06,-4.17e-05,0.0,-0.0026029,-0.0251479,False
US500,2014-08-28,3630.98,2014-09-04,3633.8701,4,7,0.1,8.03e-05,-2e-05,-2e-05,0.0,-2.4e-06,-4.86e-05,0.0,-1.08e-05,0.000796,False
US500,2014-09-29,3602.0901,2014-10-03,3584.9399,4,4,0.1,-0.0004619,-2e-05,-2e-05,0.0,-1.4e-06,-2.78e-05,0.0,-0.0005311,-0.0047612,False
US500,2014-10-30,3637.3,2014-11-05,3691.3799,4,6,0.1,0.0014849,-2e-05,-2e-05,0.0,-2.1e-06,-4.17e-05,0.0,0.0014012,0.0148681,False
US500,2014-11-26,3788.4199,2014-12-03,3792.6799,4,7,0.1,0.0001179,-2e-05,-2e-05,0.0,-2.4e-06,-4.86e-05,0.0,2.68e-05,0.0011245,False
US500,2014-12-30,3808.6899,2015-01-06,3667.1399,4,7,0.1,-0.0037612,-2e-05,-2e-05,0.0,-2.4e-06,-4.86e-05,0.0,-0.0038522,-0.037165,False
US500,2015-01-29,3704.3501,2015-02-04,3742.8401,4,6,0.1,0.0010617,-2e-05,-2e-05,0.0,-2.1e-06,-4.17e-05,0.0,0.0009779,0.0103905,False
US500,2015-02-26,3877.8501,2015-03-04,3856.51,4,6,0.1,-0.0005476,-2e-05,-2e-05,0.0,-2.1e-06,-4.17e-05,0.0,-0.0006313,-0.0055031,False
US500,2015-03-30,3838.6499,2015-04-06,3829.3101,4,7,0.1,-0.0002363,-2e-05,-2e-05,0.0,-2.4e-06,-4.86e-05,0.0,-0.0003273,-0.0024331,False
US500,2015-04-29,3880.8999,2015-05-05,3849.4099,4,6,0.1,-0.0007963,-2e-05,-2e-05,0.0,-2.1e-06,-4.17e-05,0.0,-0.00088,-0.0081141,False
US500,2015-05-28,3915.8201,2015-06-03,3904.8301,4,6,0.1,-0.0002785,-2e-05,-2e-05,0.0,-2.1e-06,-4.17e-05,0.0,-0.0003623,-0.0028066,False
US500,2015-06-29,3805.5,2015-07-06,3827.3501,4,7,0.1,0.0005762,-2e-05,-2e-05,0.0,-2.4e-06,-4.86e-05,0.0,0.0004852,0.0057417,False
US500,2015-07-30,3904.6399,2015-08-05,3889.99,4,6,0.1,-0.0003744,-2e-05,-2e-05,0.0,-2.1e-06,-4.17e-05,0.0,-0.0004582,-0.0037519,False
US500,2015-08-28,3691.3,2015-09-03,3622.6599,4,6,0.1,-0.0018122,-2e-05,-2e-05,0.0,-2.1e-06,-4.17e-05,0.0,-0.0018959,-0.0185951,False
US500,2015-09-29,3503.1299,2015-10-05,3695.6101,4,6,0.1,0.0053941,-2e-05,-2e-05,0.0,-2.1e-06,-4.17e-05,0.0,0.0053103,0.0549452,False
US500,2015-10-29,3890.04,2015-11-04,3915.52,4,6,0.1,0.0006619,-2e-05,-2e-05,0.0,-2.1e-06,-4.17e-05,0.0,0.0005782,0.0065501,False
US500,2015-11-27,3900.74,2015-12-03,3826.74,4,6,0.1,-0.0018923,-2e-05,-2e-05,0.0,-2.1e-06,-4.17e-05,0.0,-0.001976,-0.0189708,False
US500,2015-12-30,3857.8999,2016-01-06,3723.4399,4,7,0.1,-0.0035232,-2e-05,-2e-05,0.0,-7.3e-06,-4.86e-05,0.0,-0.0036191,-0.0348531,False
US500,2016-01-28,3544.1299,2016-02-03,3581.53,4,6,0.1,0.0010991,-2e-05,-2e-05,0.0,-6.3e-06,-4.17e-05,0.0,0.0010112,0.0105527,False
US500,2016-02-26,3656.4199,2016-03-03,3743.02,4,6,0.1,0.0023737,-2e-05,-2e-05,0.0,-6.3e-06,-4.17e-05,0.0,0.0022858,0.0236844,False
US500,2016-03-30,3881.01,2016-04-05,3846.5901,4,6,0.1,-0.000883,-2e-05,-2e-05,0.0,-6.3e-06,-4.17e-05,0.0,-0.0009709,-0.0088688,False
US500,2016-04-28,3907.8799,2016-05-04,3862.3999,4,6,0.1,-0.0011609,-2e-05,-2e-05,0.0,-6.3e-06,-4.17e-05,0.0,-0.0012488,-0.011638,False
US500,2016-05-27,3961.6699,2016-06-03,3963.23,4,7,0.1,4.04e-05,-2e-05,-2e-05,0.0,-7.3e-06,-4.86e-05,0.0,-5.55e-05,0.0003938,False
US500,2016-06-29,3915.1001,2016-07-06,3972.26,4,7,0.1,0.0014627,-2e-05,-2e-05,0.0,-7.3e-06,-4.86e-05,0.0,0.0013668,0.0145999,False
US500,2016-07-28,4107.75,2016-08-03,4097.2998,4,6,0.1,-0.0002519,-2e-05,-2e-05,0.0,-6.3e-06,-4.17e-05,0.0,-0.0003398,-0.002544,False
US500,2016-08-30,4129.3398,2016-09-06,4150.1099,4,7,0.1,0.0005033,-2e-05,-2e-05,0.0,-7.3e-06,-4.86e-05,0.0,0.0004074,0.0050299,False
US500,2016-09-29,4088.47,2016-10-05,4107.3999,4,6,0.1,0.0004679,-2e-05,-2e-05,0.0,-6.3e-06,-4.17e-05,0.0,0.00038,0.0046301,False
US500,2016-10-28,4046.3601,2016-11-03,3976.5601,4,6,0.1,-0.0017349,-2e-05,-2e-05,0.0,-6.3e-06,-4.17e-05,0.0,-0.0018228,-0.0172501,False
US500,2016-11-29,4205.9902,2016-12-05,4207.5698,4,6,0.1,4.02e-05,-2e-05,-2e-05,0.0,-6.3e-06,-4.17e-05,0.0,-4.77e-05,0.0003756,False
US500,2016-12-29,4298.3901,2017-01-05,4337.4502,4,7,0.1,0.0009111,-2e-05,-2e-05,0.0,-1.22e-05,-4.86e-05,0.0,0.0008103,0.0090871,False
US500,2017-01-30,4363.6699,2017-02-03,4396.9502,4,4,0.1,0.0007625,-2e-05,-2e-05,0.0,-6.9e-06,-2.78e-05,0.0,0.0006878,0.0076267,False
US500,2017-02-27,4544.5098,2017-03-03,4571.6001,4,4,0.1,0.0006059,-2e-05,-2e-05,0.0,-6.9e-06,-2.78e-05,0.0,0.0005311,0.0059611,False
US500,2017-03-30,4548.46,2017-04-05,4520.8599,4,6,0.1,-0.0006078,-2e-05,-2e-05,0.0,-1.46e-05,-4.17e-05,0.0,-0.0007041,-0.006068,False
US500,2017-04-27,4593.5698,2017-05-03,4593.3198,4,6,0.1,-5e-06,-2e-05,-2e-05,0.0,-1.46e-05,-4.17e-05,0.0,-0.0001012,-5.44e-05,False
US500,2017-05-30,4650.7598,2017-06-05,4697.0,4,6,0.1,0.0009931,-2e-05,-2e-05,0.0,-1.46e-05,-4.17e-05,0.0,0.0008968,0.0099425,False
US500,2017-06-29,4670.96,2017-07-06,4655.02,4,7,0.1,-0.0003372,-2e-05,-2e-05,0.0,-2.19e-05,-4.86e-05,0.0,-0.0004477,-0.0034126,False
US500,2017-07-28,4778.02,2017-08-03,4779.9902,4,6,0.1,4.18e-05,-2e-05,-2e-05,0.0,-1.88e-05,-4.17e-05,0.0,-5.86e-05,0.0004123,False
US500,2017-08-30,4761.7202,2017-09-06,4777.6899,4,7,0.1,0.00034,-2e-05,-2e-05,0.0,-2.19e-05,-4.86e-05,0.0,0.0002296,0.0033538,False
US500,2017-09-28,4869.8101,2017-10-04,4924.1899,4,6,0.1,0.0011123,-2e-05,-2e-05,0.0,-1.88e-05,-4.17e-05,0.0,0.0010118,0.0111667,False
US500,2017-10-30,4997.1499,2017-11-03,5027.4902,4,4,0.1,0.000606,-2e-05,-2e-05,0.0,-1.25e-05,-2.78e-05,0.0,0.0005257,0.0060715,False
US500,2017-11-29,5111.6802,2017-12-05,5120.9199,4,6,0.1,0.0001852,-2e-05,-2e-05,0.0,-1.88e-05,-4.17e-05,0.0,8.48e-05,0.0018076,False
US500,2017-12-28,5239.5898,2018-01-04,5312.3301,4,7,0.1,0.0013864,-2e-05,-2e-05,0.0,-2.67e-05,-4.86e-05,0.0,0.0012711,0.0138828,False
US500,2018-01-30,5508.3599,2018-02-05,5171.2598,4,6,0.1,-0.006206,-2e-05,-2e-05,0.0,-2.29e-05,-4.17e-05,0.0,-0.0063106,-0.0611979,False
US500,2018-02-27,5367.0898,2018-03-05,5323.3599,4,6,0.1,-0.0007959,-2e-05,-2e-05,0.0,-2.29e-05,-4.17e-05,0.0,-0.0009005,-0.0081478,False
US500,2018-03-28,5102.6899,2018-04-04,5181.3101,4,7,0.1,0.0015784,-2e-05,-2e-05,0.0,-3.16e-05,-4.86e-05,0.0,0.0014582,0.0154076,False
US500,2018-04-27,5235.73,2018-05-03,5157.7002,4,6,0.1,-0.001495,-2e-05,-2e-05,0.0,-2.71e-05,-4.17e-05,0.0,-0.0016038,-0.0149033,False
US500,2018-05-30,5353.7598,2018-06-05,5404.6201,4,6,0.1,0.0009547,-2e-05,-2e-05,0.0,-2.71e-05,-4.17e-05,0.0,0.000846,0.0094999,False
US500,2018-06-28,5346.4399,2018-07-05,5388.2798,4,7,0.1,0.0007852,-2e-05,-2e-05,0.0,-3.65e-05,-4.86e-05,0.0,0.0006601,0.0078257,False
US500,2018-07-30,5522.8101,2018-08-03,5598.71,4,4,0.1,0.0013686,-2e-05,-2e-05,0.0,-2.08e-05,-2.78e-05,0.0,0.00128,0.013743,False
US500,2018-08-30,5729.4502,2018-09-06,5686.7002,4,7,0.1,-0.0007479,-2e-05,-2e-05,0.0,-3.65e-05,-4.86e-05,0.0,-0.0008729,-0.0074614,False
US500,2018-09-27,5763.2202,2018-10-03,5786.48,4,6,0.1,0.0004035,-2e-05,-2e-05,0.0,-3.54e-05,-4.17e-05,0.0,0.0002864,0.0040359,False
US500,2018-10-30,5311.6699,2018-11-05,5422.8799,4,6,0.1,0.002087,-2e-05,-2e-05,0.0,-3.54e-05,-4.17e-05,0.0,0.00197,0.0209369,False
US500,2018-11-29,5433.4902,2018-12-06,5353.4302,4,7,0.1,-0.0014216,-2e-05,-2e-05,0.0,-4.13e-05,-4.86e-05,0.0,-0.0015515,-0.0147346,False
US500,2018-12-28,4941.6099,2019-01-04,5035.4502,4,7,0.1,0.0019731,-2e-05,-2e-05,0.0,-4.62e-05,-4.86e-05,0.0,0.0018383,0.0189898,False
US500,2019-01-30,5336.6001,2019-02-05,5451.3999,4,6,0.1,0.0021357,-2e-05,-2e-05,0.0,-3.96e-05,-4.17e-05,0.0,0.0020144,0.0215118,False
US500,2019-02-27,5570.5698,2019-03-05,5567.3999,4,6,0.1,-5.34e-05,-2e-05,-2e-05,0.0,-3.96e-05,-4.17e-05,0.0,-0.0001746,-0.000569,False
US500,2019-03-28,5626.3198,2019-04-03,5742.6699,4,6,0.1,0.002056,-2e-05,-2e-05,0.0,-3.96e-05,-4.17e-05,0.0,0.0019348,0.0206796,False
US500,2019-04-29,5888.0498,2019-05-03,5894.2998,4,4,0.1,0.0001139,-2e-05,-2e-05,0.0,-2.64e-05,-2.78e-05,0.0,1.97e-05,0.0010615,False
US500,2019-05-30,5591.9702,2019-06-05,5668.8901,4,6,0.1,0.0014012,-2e-05,-2e-05,0.0,-3.96e-05,-4.17e-05,0.0,0.00128,0.0137554,False
US500,2019-06-27,5874.1499,2019-07-03,5982.8999,4,6,0.1,0.0018396,-2e-05,-2e-05,0.0,-3.96e-05,-4.17e-05,0.0,0.0017184,0.0185133,False
US500,2019-07-30,6058.96,2019-08-05,5721.7998,4,6,0.1,-0.0056679,-2e-05,-2e-05,0.0,-3.68e-05,-4.17e-05,0.0,-0.0057863,-0.0556465,False
US500,2019-08-29,5893.6499,2019-09-05,6000.3799,4,7,0.1,0.0018117,-2e-05,-2e-05,0.0,-4.13e-05,-4.86e-05,0.0,0.0016818,0.0181093,False
US500,2019-09-27,5978.1099,2019-10-03,5876.8599,4,6,0.1,-0.0016798,-2e-05,-2e-05,0.0,-3.13e-05,-4.17e-05,0.0,-0.0017927,-0.0169368,False
US500,2019-10-30,6156.9302,2019-11-05,6214.2798,4,6,0.1,0.0009331,-2e-05,-2e-05,0.0,-2.78e-05,-4.17e-05,0.0,0.0008236,0.0093146,False
US500,2019-11-27,6385.7598,2019-12-04,6305.4902,4,7,0.1,-0.0012563,-2e-05,-2e-05,0.0,-3.16e-05,-4.86e-05,0.0,-0.0013765,-0.0125701,False
US500,2019-12-30,6533.9102,2020-01-06,6586.54,4,7,0.1,0.0008094,-2e-05,-2e-05,0.0,-3.16e-05,-4.86e-05,0.0,0.0006892,0.0080549,False
US500,2020-01-30,6668.52,2020-02-05,6772.98,4,6,0.1,0.0015901,-2e-05,-2e-05,0.0,-2.71e-05,-4.17e-05,0.0,0.0014813,0.0156646,False
US500,2020-02-27,6060.6699,2020-03-04,6370.3501,4,6,0.1,0.0052166,-2e-05,-2e-05,0.0,-2.71e-05,-4.17e-05,0.0,0.0051079,0.0510967,False
US500,2020-03-30,5354.3901,2020-04-03,5075.1602,4,4,0.1,-0.0052053,-2e-05,-2e-05,0.0,-1.4e-06,-2.78e-05,0.0,-0.0052745,-0.0521497,False
US500,2020-04-29,5999.7402,2020-05-05,5855.5801,4,6,0.1,-0.0023831,-2e-05,-2e-05,0.0,-2.1e-06,-4.17e-05,0.0,-0.0024669,-0.0240277,False
US500,2020-05-28,6197.02,2020-06-03,6389.6699,4,6,0.1,0.0030761,-2e-05,-2e-05,0.0,-2.1e-06,-4.17e-05,0.0,0.0029924,0.0310875,False
US500,2020-06-29,6254.7798,2020-07-06,6516.0498,4,7,0.1,0.004119,-2e-05,-2e-05,0.0,-2.4e-06,-4.86e-05,0.0,0.004028,0.0417713,False
US500,2020-07-30,6658.02,2020-08-05,6826.2202,4,6,0.1,0.0025032,-2e-05,-2e-05,0.0,-2.1e-06,-4.17e-05,0.0,0.0024195,0.0252628,False
US500,2020-08-28,7207.1001,2020-09-03,7101.3799,4,6,0.1,-0.0014004,-2e-05,-2e-05,0.0,-2.1e-06,-4.17e-05,0.0,-0.0014841,-0.0146689,False
US500,2020-09-29,6861.96,2020-10-05,7014.1699,4,6,0.1,0.0022196,-2e-05,-2e-05,0.0,-2.1e-06,-4.17e-05,0.0,0.0021358,0.0221817,False
US500,2020-10-29,6816.79,2020-11-04,7092.2998,4,6,0.1,0.0040165,-2e-05,-2e-05,0.0,-2.1e-06,-4.17e-05,0.0,0.0039328,0.0404163,False
US500,2020-11-27,7505.3799,2020-12-03,7567.4399,4,6,0.1,0.000831,-2e-05,-2e-05,0.0,-2.1e-06,-4.17e-05,0.0,0.0007472,0.0082687,False
NAS100,1989-12-28,221.58,1990-01-04,224.715,4,7,0.1,0.0014294,-2e-05,-2e-05,0.0,-0.0001604,-4.86e-05,0.0,0.0011804,0.0141484,False
NAS100,1990-01-30,197.655,1990-02-05,206.49,4,6,0.1,0.0044064,-2e-05,-2e-05,0.0,-0.0001375,-4.17e-05,0.0,0.0041872,0.0446991,False
NAS100,1990-02-27,205.785,1990-03-05,210.39,4,6,0.1,0.0022283,-2e-05,-2e-05,0.0,-0.0001375,-4.17e-05,0.0,0.0020091,0.0223777,False
NAS100,1990-03-29,213.11,1990-04-04,215.48,4,6,0.1,0.0011268,-2e-05,-2e-05,0.0,-0.0001375,-4.17e-05,0.0,0.0009076,0.011121,False
NAS100,1990-04-27,203.67,1990-05-03,210.09,4,6,0.1,0.0031161,-2e-05,-2e-05,0.0,-0.0001375,-4.17e-05,0.0,0.002897,0.0315216,False
NAS100,1990-05-30,236.355,1990-06-05,237.845,4,6,0.1,0.00064,-2e-05,-2e-05,0.0,-0.0001375,-4.17e-05,0.0,0.0004208,0.0063041,False
NAS100,1990-06-28,237.415,1990-07-05,237.3,4,7,0.1,-4.67e-05,-2e-05,-2e-05,0.0,-0.0001604,-4.86e-05,0.0,-0.0002958,-0.0004843,False
NAS100,1990-07-30,223.92,1990-08-03,212.605,4,4,0.1,-0.0051244,-2e-05,-2e-05,0.0,-8.89e-05,-2.78e-05,0.0,-0.005281,-0.0505315,False
NAS100,1990-08-30,190.725,1990-09-06,190.67,4,7,0.1,-1.3e-06,-2e-05,-2e-05,0.0,-0.0001556,-4.86e-05,0.0,-0.0002455,-0.0002884,False
NAS100,1990-09-27,174.19,1990-10-03,180.505,4,6,0.1,0.003695,-2e-05,-2e-05,0.0,-0.0001333,-4.17e-05,0.0,0.00348,0.0362535,False
NAS100,1990-10-30,172.995,1990-11-05,180.46,4,6,0.1,0.0042716,-2e-05,-2e-05,0.0,-0.0001292,-4.17e-05,0.0,0.0040608,0.0431516,False
NAS100,1990-11-29,191.11,1990-12-05,199.025,4,6,0.1,0.0040828,-2e-05,-2e-05,0.0,-0.000125,-4.17e-05,0.0,0.0038761,0.0414159,False
NAS100,1990-12-28,199.42,1991-01-04,196.825,4,7,0.1,-0.0012929,-2e-05,-2e-05,0.0,-0.0001361,-4.86e-05,0.0,-0.0015176,-0.0130127,False
NAS100,1991-01-30,229.275,1991-02-05,241.565,4,6,0.1,0.0052595,-2e-05,-2e-05,0.0,-0.0001069,-4.17e-05,0.0,0.0050708,0.0536038,False
NAS100,1991-02-27,249.715,1991-03-05,262.18,4,6,0.1,0.0049351,-2e-05,-2e-05,0.0,-0.0001042,-4.17e-05,0.0,0.0047492,0.0499169,False
NAS100,1991-03-27,266.555,1991-04-03,275.15,4,7,0.1,0.0032365,-2e-05,-2e-05,0.0,-0.0001167,-4.86e-05,0.0,0.0030312,0.0322448,False
NAS100,1991-04-29,266.145,1991-05-03,267.11,4,4,0.1,0.0003706,-2e-05,-2e-05,0.0,-6.46e-05,-2.78e-05,0.0,0.0002382,0.0036258,False
NAS100,1991-05-30,277.24,1991-06-05,277.365,4,6,0.1,5.86e-05,-2e-05,-2e-05,0.0,-9.58e-05,-4.17e-05,0.0,-0.0001189,0.0004509,False
NAS100,1991-06-27,255.255,1991-07-03,252.425,4,6,0.1,-0.0010783,-2e-05,-2e-05,0.0,-9.58e-05,-4.17e-05,0.0,-0.0012558,-0.011087,False
NAS100,1991-07-30,269.315,1991-08-05,272.16,4,6,0.1,0.0010676,-2e-05,-2e-05,0.0,-9.58e-05,-4.17e-05,0.0,0.0008901,0.0105638,False
NAS100,1991-08-29,288.59,1991-09-05,280.735,4,7,0.1,-0.0027483,-2e-05,-2e-05,0.0,-0.0001069,-4.86e-05,0.0,-0.0029439,-0.0272186,False
NAS100,1991-09-27,285.94,1991-10-03,280.41,4,6,0.1,-0.0019309,-2e-05,-2e-05,0.0,-8.75e-05,-4.17e-05,0.0,-0.0021,-0.0193397,False
NAS100,1991-10-30,294.72,1991-11-05,289.05,4,6,0.1,-0.0019278,-2e-05,-2e-05,0.0,-8.4e-05,-4.17e-05,0.0,-0.0020934,-0.0192386,False
NAS100,1991-11-27,285.225,1991-12-04,295.11,4,7,0.1,0.0034583,-2e-05,-2e-05,0.0,-9.24e-05,-4.86e-05,0.0,0.0032773,0.0346568,False
NAS100,1991-12-30,326.735,1992-01-06,336.895,4,7,0.1,0.0030758,-2e-05,-2e-05,0.0,-7.78e-05,-4.86e-05,0.0,0.0029094,0.0310955,False
NAS100,1992-01-30,338.385,1992-02-05,350.86,4,6,0.1,0.0036438,-2e-05,-2e-05,0.0,-6.67e-05,-4.17e-05,0.0,0.0034955,0.0368662,False
NAS100,1992-02-27,347.39,1992-03-04,341.61,4,6,0.1,-0.0016692,-2e-05,-2e-05,0.0,-6.67e-05,-4.17e-05,0.0,-0.0018176,-0.0166384,False
NAS100,1992-03-30,322.35,1992-04-03,316.385,4,4,0.1,-0.0018475,-2e-05,-2e-05,0.0,-4.44e-05,-2.78e-05,0.0,-0.0019598,-0.0185047,False
NAS100,1992-04-29,302.975,1992-05-05,314.77,4,6,0.1,0.0038461,-2e-05,-2e-05,0.0,-6.25e-05,-4.17e-05,0.0,0.0037019,0.0389305,False
NAS100,1992-05-28,311.98,1992-06-03,317.34,4,6,0.1,0.0017174,-2e-05,-2e-05,0.0,-6.25e-05,-4.17e-05,0.0,0.0015732,0.0171805,False
NAS100,1992-06-29,300.795,1992-07-06,302.4,4,7,0.1,0.0005605,-2e-05,-2e-05,0.0,-6.74e-05,-4.86e-05,0.0,0.0004045,0.0053358,False
NAS100,1992-07-30,310.935,1992-08-05,306.585,4,6,0.1,-0.0013952,-2e-05,-2e-05,0.0,-5.42e-05,-4.17e-05,0.0,-0.001531,-0.0139901,False
NAS100,1992-08-28,299.135,1992-09-03,308.17,4,6,0.1,0.0029926,-2e-05,-2e-05,0.0,-5.42e-05,-4.17e-05,0.0,0.0028567,0.0302038,False
NAS100,1992-09-29,310.65,1992-10-05,303.685,4,6,0.1,-0.0022437,-2e-05,-2e-05,0.0,-5e-05,-4.17e-05,0.0,-0.0023754,-0.0224207,False
NAS100,1992-10-29,331.09,1992-11-04,327.76,4,6,0.1,-0.0009982,-2e-05,-2e-05,0.0,-5e-05,-4.17e-05,0.0,-0.0011299,-0.0100576,False
NAS100,1992-11-27,349.315,1992-12-03,354.79,4,6,0.1,0.0015621,-2e-05,-2e-05,0.0,-5e-05,-4.17e-05,0.0,0.0014305,0.0156735,False
NAS100,1992-12-30,359.935,1993-01-06,366.97,4,7,0.1,0.0019644,-2e-05,-2e-05,0.0,-5.83e-05,-4.86e-05,0.0,0.0018175,0.0195452,False
NAS100,1993-01-28,370.665,1993-02-03,376.535,4,6,0.1,0.0015816,-2e-05,-2e-05,0.0,-5e-05,-4.17e-05,0.0,0.0014499,0.0158364,False
NAS100,1993-02-25,351.665,1993-03-03,359.96,4,6,0.1,0.0023592,-2e-05,-2e-05,0.0,-5e-05,-4.17e-05,0.0,0.0022275,0.0235877,False
NAS100,1993-03-30,357.72,1993-04-05,344.705,4,6,0.1,-0.003619,-2e-05,-2e-05,0.0,-5e-05,-4.17e-05,0.0,-0.0037506,-0.0363832,False
NAS100,1993-04-29,338.98,1993-05-05,355.345,4,6,0.1,0.0047563,-2e-05,-2e-05,0.0,-5e-05,-4.17e-05,0.0,0.0046246,0.0482772,False
NAS100,1993-05-27,372.73,1993-06-03,372.06,4,7,0.1,-0.0001649,-2e-05,-2e-05,0.0,-5.83e-05,-4.86e-05,0.0,-0.0003118,-0.0017976,False
NAS100,1993-06-29,365.96,1993-07-06,360.795,4,7,0.1,-0.0014147,-2e-05,-2e-05,0.0,-5.83e-05,-4.86e-05,0.0,-0.0015617,-0.0141135,False
NAS100,1993-07-29,357.33,1993-08-04,360.115,4,6,0.1,0.0007928,-2e-05,-2e-05,0.0,-5e-05,-4.17e-05,0.0,0.0006611,0.0077939,False
NAS100,1993-08-30,369.305,1993-09-03,373.705,4,4,0.1,0.0011896,-2e-05,-2e-05,0.0,-3.33e-05,-2.78e-05,0.0,0.0010885,0.0119143,False
NAS100,1993-09-29,386.89,1993-10-05,381.275,4,6,0.1,-0.0014522,-2e-05,-2e-05,0.0,-5e-05,-4.17e-05,0.0,-0.0015839,-0.0145132,False
NAS100,1993-10-28,389.245,1993-11-03,387.93,4,6,0.1,-0.0003144,-2e-05,-2e-05,0.0,-5e-05,-4.17e-05,0.0,-0.000446,-0.0033783,False
NAS100,1993-11-29,383.185,1993-12-03,401.775,4,4,0.1,0.0047677,-2e-05,-2e-05,0.0,-3.33e-05,-2.78e-05,0.0,0.0046666,0.0485144,False
NAS100,1993-12-30,397.725,1994-01-05,401.07,4,6,0.1,0.0008449,-2e-05,-2e-05,0.0,-5e-05,-4.17e-05,0.0,0.0007132,0.0084103,False
NAS100,1994-01-28,412.52,1994-02-03,410.05,4,6,0.1,-0.0005941,-2e-05,-2e-05,0.0,-5e-05,-4.17e-05,0.0,-0.0007258,-0.0059876,False
NAS100,1994-02-25,406.45,1994-03-03,408.17,4,6,0.1,0.0004346,-2e-05,-2e-05,0.0,-5.42e-05,-4.17e-05,0.0,0.0002988,0.0042318,False
NAS100,1994-03-30,380.25,1994-04-06,388.76,4,7,0.1,0.0023024,-2e-05,-2e-05,0.0,-6.81e-05,-4.86e-05,0.0,0.0021457,0.02238,False
NAS100,1994-04-28,372.45,1994-05-04,377.53,4,6,0.1,0.001373,-2e-05,-2e-05,0.0,-6.25e-05,-4.17e-05,0.0,0.0012288,0.0136394,False
NAS100,1994-05-27,376.81,1994-06-03,382.78,4,7,0.1,0.0015757,-2e-05,-2e-05,0.0,-8.26e-05,-4.86e-05,0.0,0.0014044,0.0158435,False
NAS100,1994-06-29,362.73,1994-07-06,353.62,4,7,0.1,-0.0025333,-2e-05,-2e-05,0.0,-8.26e-05,-4.86e-05,0.0,-0.0027045,-0.0251151,False
NAS100,1994-07-28,362.14,1994-08-03,370.48,4,6,0.1,0.0023074,-2e-05,-2e-05,0.0,-7.08e-05,-4.17e-05,0.0,0.0021549,0.0230298,False
NAS100,1994-08-30,401.74,1994-09-06,393.69,4,7,0.1,-0.0020052,-2e-05,-2e-05,0.0,-9.24e-05,-4.86e-05,0.0,-0.0021862,-0.0200378,False
NAS100,1994-09-29,391.22,1994-10-05,386.99,4,6,0.1,-0.0010452,-2e-05,-2e-05,0.0,-7.92e-05,-4.17e-05,0.0,-0.001206,-0.0108124,False
NAS100,1994-10-28,411.84,1994-11-03,408.17,4,6,0.1,-0.0008915,-2e-05,-2e-05,0.0,-7.92e-05,-4.17e-05,0.0,-0.0010523,-0.0089112,False
NAS100,1994-11-29,409.1,1994-12-05,402.71,4,6,0.1,-0.0015468,-2e-05,-2e-05,0.0,-9.17e-05,-4.17e-05,0.0,-0.0017201,-0.0156197,False
NAS100,1994-12-29,406.31,1995-01-05,398.02,4,7,0.1,-0.0020463,-2e-05,-2e-05,0.0,-0.0001069,-4.86e-05,0.0,-0.0022419,-0.0204032,False
NAS100,1995-01-30,401.71,1995-02-03,416.14,4,4,0.1,0.0035464,-2e-05,-2e-05,0.0,-6.39e-05,-2.78e-05,0.0,0.0034147,0.0359215,False
NAS100,1995-02-27,424.75,1995-03-03,436.68,4,4,0.1,0.002796,-2e-05,-2e-05,0.0,-6.67e-05,-2.78e-05,0.0,0.0026616,0.0280871,False
NAS100,1995-03-30,448.42,1995-04-05,444.66,4,6,0.1,-0.0008282,-2e-05,-2e-05,0.0,-0.0001,-4.17e-05,0.0,-0.0010098,-0.008385,False
NAS100,1995-04-27,465.34,1995-05-03,474.93,4,6,0.1,0.0020677,-2e-05,-2e-05,0.0,-0.0001,-4.17e-05,0.0,0.001886,0.0206086,False
NAS100,1995-05-30,482.08,1995-06-05,500.81,4,6,0.1,0.0038353,-2e-05,-2e-05,0.0,-0.0001,-4.17e-05,0.0,0.0036536,0.0388525,False
NAS100,1995-06-29,536.21,1995-07-06,553.87,4,7,0.1,0.0032628,-2e-05,-2e-05,0.0,-0.0001167,-4.86e-05,0.0,0.0030576,0.0329348,False
NAS100,1995-07-28,574.18,1995-08-03,553.06,4,6,0.1,-0.0037189,-2e-05,-2e-05,0.0,-9.58e-05,-4.17e-05,0.0,-0.0038964,-0.0367829,False
NAS100,1995-08-30,572.83,1995-09-06,594.12,4,7,0.1,0.0037265,-2e-05,-2e-05,0.0,-0.0001118,-4.86e-05,0.0,0.0035261,0.0371663,False
NAS100,1995-09-28,595.44,1995-10-04,558.99,4,6,0.1,-0.0062518,-2e-05,-2e-05,0.0,-9.58e-05,-4.17e-05,0.0,-0.0064293,-0.0612153,False
NAS100,1995-10-30,607.1,1995-11-03,621.71,4,4,0.1,0.0024205,-2e-05,-2e-05,0.0,-6.39e-05,-2.78e-05,0.0,0.0022888,0.0240653,False
NAS100,1995-11-29,599.58,1995-12-05,591.23,4,6,0.1,-0.0013675,-2e-05,-2e-05,0.0,-9.58e-05,-4.17e-05,0.0,-0.001545,-0.0139265,False
NAS100,1995-12-28,571.96,1996-01-04,563.48,4,7,0.1,-0.0014374,-2e-05,-2e-05,0.0,-0.0001069,-4.86e-05,0.0,-0.0016329,-0.0148263,False
NAS100,1996-01-30,583.99,1996-02-05,615.47,4,6,0.1,0.0053003,-2e-05,-2e-05,0.0,-8.82e-05,-4.17e-05,0.0,0.0051305,0.053905,False
NAS100,1996-02-28,631.44,1996-03-05,615.88,4,6,0.1,-0.0024132,-2e-05,-2e-05,0.0,-8.75e-05,-4.17e-05,0.0,-0.0025824,-0.0246421,False
NAS100,1996-03-28,608.08,1996-04-03,618.57,4,6,0.1,0.0017143,-2e-05,-2e-05,0.0,-8.75e-05,-4.17e-05,0.0,0.0015451,0.017251,False
NAS100,1996-04-29,667.0,1996-05-03,661.07,4,4,0.1,-0.0008549,-2e-05,-2e-05,0.0,-5.83e-05,-2.78e-05,0.0,-0.000981,-0.0088905,False
NAS100,1996-05-30,684.04,1996-06-05,699.35,4,6,0.1,0.0022278,-2e-05,-2e-05,0.0,-8.75e-05,-4.17e-05,0.0,0.0020587,0.0223817,False
NAS100,1996-06-27,671.15,1996-07-03,673.84,4,6,0.1,0.0004239,-2e-05,-2e-05,0.0,-8.75e-05,-4.17e-05,0.0,0.0002547,0.004008,False
NAS100,1996-07-30,630.32,1996-08-05,661.02,4,6,0.1,0.0048252,-2e-05,-2e-05,0.0,-8.75e-05,-4.17e-05,0.0,0.004656,0.0487054,False
NAS100,1996-08-29,671.1,1996-09-05,652.32,4,7,0.1,-0.0027959,-2e-05,-2e-05,0.0,-0.0001021,-4.86e-05,0.0,-0.0029866,-0.0279839,False
NAS100,1996-09-27,744.73,1996-10-03,743.28,4,6,0.1,-0.0001721,-2e-05,-2e-05,0.0,-8.75e-05,-4.17e-05,0.0,-0.0003413,-0.0019469,False
NAS100,1996-10-30,736.36,1996-11-05,769.91,4,6,0.1,0.004495,-2e-05,-2e-05,0.0,-8.75e-05,-4.17e-05,0.0,0.0043258,0.0455619,False
NAS100,1996-11-27,832.37,1996-12-04,834.65,4,7,0.1,0.0002857,-2e-05,-2e-05,0.0,-0.0001021,-4.86e-05,0.0,9.5e-05,0.0027392,False
NAS100,1996-12-30,826.49,1997-01-06,853.25,4,7,0.1,0.0032703,-2e-05,-2e-05,0.0,-0.0001021,-4.86e-05,0.0,0.0030796,0.0323779,False
NAS100,1997-01-30,911.71,1997-02-05,887.39,4,6,0.1,-0.0026462,-2e-05,-2e-05,0.0,-8.75e-05,-4.17e-05,0.0,-0.0028154,-0.0266752,False
NAS100,1997-02-27,848.58,1997-03-05,872.07,4,6,0.1,0.0027421,-2e-05,-2e-05,0.0,-8.75e-05,-4.17e-05,0.0,0.0025729,0.0276815,False
NAS100,1997-03-27,818.74,1997-04-03,804.67,4,7,0.1,-0.0016501,-2e-05,-2e-05,0.0,-0.0001069,-4.86e-05,0.0,-0.0018457,-0.017185,False
NAS100,1997-04-29,856.26,1997-05-05,932.89,4,6,0.1,0.0086775,-2e-05,-2e-05,0.0,-9.17e-05,-4.17e-05,0.0,0.0085042,0.0894939,False
NAS100,1997-05-29,970.54,1997-06-04,921.96,4,6,0.1,-0.0050779,-2e-05,-2e-05,0.0,-9.17e-05,-4.17e-05,0.0,-0.0052512,-0.0500546,False
NAS100,1997-06-27,963.01,1997-07-03,986.52,4,6,0.1,0.0024478,-2e-05,-2e-05,0.0,-9.17e-05,-4.17e-05,0.0,0.0022745,0.024413,False
NAS100,1997-07-30,1100.98,1997-08-05,1136.41,4,6,0.1,0.0031842,-2e-05,-2e-05,0.0,-9.17e-05,-4.17e-05,0.0,0.0030109,0.0321805,False
NAS100,1997-08-28,1070.5699,1997-09-04,1105.8199,4,7,0.1,0.0032766,-2e-05,-2e-05,0.0,-0.0001069,-4.86e-05,0.0,0.0030811,0.0329264,False
NAS100,1997-09-29,1118.77,1997-10-03,1124.4399,4,4,0.1,0.0005356,-2e-05,-2e-05,0.0,-6.11e-05,-2.78e-05,0.0,0.0004067,0.005068,False
NAS100,1997-10-30,1000.7,1997-11-05,1046.92,4,6,0.1,0.004579,-2e-05,-2e-05,0.0,-9.17e-05,-4.17e-05,0.0,0.0044056,0.0461877,False
NAS100,1997-11-26,1044.24,1997-12-03,1061.62,4,7,0.1,0.0017255,-2e-05,-2e-05,0.0,-0.0001069,-4.86e-05,0.0,0.0015299,0.0166437,False
NAS100,1997-12-30,998.46,1998-01-06,1006.29,4,7,0.1,0.0008095,-2e-05,-2e-05,0.0,-0.0001069,-4.86e-05,0.0,0.0006139,0.007842,False
NAS100,1998-01-29,1069.0,1998-02-04,1124.4399,4,6,0.1,0.0051058,-2e-05,-2e-05,0.0,-9.17e-05,-4.17e-05,0.0,0.0049325,0.0518615,False
NAS100,1998-02-26,1206.97,1998-03-04,1179.87,4,6,0.1,-0.0022548,-2e-05,-2e-05,0.0,-9.17e-05,-4.17e-05,0.0,-0.0024281,-0.0224529,False
NAS100,1998-03-30,1206.64,1998-04-03,1233.66,4,4,0.1,0.0022238,-2e-05,-2e-05,0.0,-6.11e-05,-2.78e-05,0.0,0.0020949,0.0223928,False
NAS100,1998-04-29,1239.5601,1998-05-05,1247.27,4,6,0.1,0.0006257,-2e-05,-2e-05,0.0,-9.17e-05,-4.17e-05,0.0,0.0004524,0.0062199,False
NAS100,1998-05-28,1214.83,1998-06-03,1163.98,4,6,0.1,-0.0041967,-2e-05,-2e-05,0.0,-9.17e-05,-4.17e-05,0.0,-0.0043701,-0.0418577,False
NAS100,1998-06-29,1339.71,1998-07-06,1342.58,4,7,0.1,0.0002421,-2e-05,-2e-05,0.0,-0.0001069,-4.86e-05,0.0,4.65e-05,0.0021423,False
NAS100,1998-07-30,1422.05,1998-08-05,1329.9,4,6,0.1,-0.0065705,-2e-05,-2e-05,0.0,-9.17e-05,-4.17e-05,0.0,-0.0067438,-0.0648008,False
NAS100,1998-08-28,1265.04,1998-09-03,1208.96,4,6,0.1,-0.0038016,-2e-05,-2e-05,0.0,-9.17e-05,-4.17e-05,0.0,-0.003975,-0.0443307,False
NAS100,1998-09-29,1384.89,1998-10-05,1207.6801,4,6,0.1,-0.0133525,-2e-05,-2e-05,0.0,-8.75e-05,-4.17e-05,0.0,-0.0135217,-0.1279596,False
NAS100,1998-10-29,1396.3,1998-11-04,1434.0,4,6,0.1,0.0027065,-2e-05,-2e-05,0.0,-8.33e-05,-4.17e-05,0.0,0.0025415,0.0269999,False
NAS100,1998-11-27,1628.35,1998-12-03,1573.78,4,6,0.1,-0.0031581,-2e-05,-2e-05,0.0,-7.92e-05,-4.17e-05,0.0,-0.003319,-0.0335124,False
NAS100,1998-12-30,1810.97,1999-01-06,1963.95,4,7,0.1,0.008208,-2e-05,-2e-05,0.0,-9.24e-05,-4.86e-05,0.0,0.008027,0.0844741,False
NAS100,1999-01-28,2104.5901,1999-02-03,2119.9399,4,6,0.1,0.0007826,-2e-05,-2e-05,0.0,-7.92e-05,-4.17e-05,0.0,0.0006217,0.0072935,False
NAS100,1999-02-25,1974.39,1999-03-03,1899.8101,4,6,0.1,-0.0037827,-2e-05,-2e-05,0.0,-7.92e-05,-4.17e-05,0.0,-0.0039436,-0.0377737,False
NAS100,1999-03-30,2125.6899,1999-04-06,2218.8301,4,7,0.1,0.0043674,-2e-05,-2e-05,0.0,-9.24e-05,-4.86e-05,0.0,0.0041865,0.0438164,False
NAS100,1999-04-29,2119.29,1999-05-05,2155.77,4,6,0.1,0.0017659,-2e-05,-2e-05,0.0,-7.92e-05,-4.17e-05,0.0,0.001605,0.0172133,False
NAS100,1999-05-27,2050.0901,1999-06-03,2030.4,4,7,0.1,-0.0008475,-2e-05,-2e-05,0.0,-9.24e-05,-4.86e-05,0.0,-0.0010284,-0.0096045,False
NAS100,1999-06-29,2280.0601,1999-07-06,2330.73,4,7,0.1,0.0022155,-2e-05,-2e-05,0.0,-9.65e-05,-4.86e-05,0.0,0.0020303,0.0222231,False
NAS100,1999-07-29,2263.0601,1999-08-04,2204.3301,4,6,0.1,-0.0026098,-2e-05,-2e-05,0.0,-8.33e-05,-4.17e-05,0.0,-0.0027748,-0.0259516,False
NAS100,1999-08-30,2366.8799,1999-09-03,2506.6899,4,4,0.1,0.0058591,-2e-05,-2e-05,0.0,-5.83e-05,-2.78e-05,0.0,0.005733,0.0590694,False
NAS100,1999-09-29,2398.78,1999-10-05,2471.5,4,6,0.1,0.0030217,-2e-05,-2e-05,0.0,-8.75e-05,-4.17e-05,0.0,0.0028525,0.0303154,False
NAS100,1999-10-28,2539.9299,1999-11-03,2672.72,4,6,0.1,0.0051869,-2e-05,-2e-05,0.0,-8.75e-05,-4.17e-05,0.0,0.0050177,0.052281,False
NAS100,1999-11-29,3063.23,1999-12-03,3172.3701,4,4,0.1,0.0036449,-2e-05,-2e-05,0.0,-6.11e-05,-2.78e-05,0.0,0.003516,0.0356291,False
NAS100,1999-12-30,3683.6699,2000-01-05,3507.3101,4,6,0.1,-0.0046561,-2e-05,-2e-05,0.0,-9.17e-05,-4.17e-05,0.0,-0.0048295,-0.0478761,False
NAS100,2000-01-28,3446.1299,2000-02-03,3851.1599,4,6,0.1,0.0113003,-2e-05,-2e-05,0.0,-9.24e-05,-4.17e-05,0.0,0.0111263,0.1175319,False
NAS100,2000-02-28,4162.1299,2000-03-03,4442.8701,4,4,0.1,0.0066961,-2e-05,-2e-05,0.0,-6.39e-05,-2.78e-05,0.0,0.0065645,0.0674511,False
NAS100,2000-03-30,4250.1899,2000-04-05,4030.26,4,6,0.1,-0.0049689,-2e-05,-2e-05,0.0,-0.0001,-4.17e-05,0.0,-0.0051506,-0.0517459,False
NAS100,2000-04-27,3692.5701,2000-05-03,3562.1599,4,6,0.1,-0.0033996,-2e-05,-2e-05,0.0,-0.0001,-4.17e-05,0.0,-0.0035813,-0.0353169,False
NAS100,2000-05-30,3414.03,2000-06-05,3730.3101,4,6,0.1,0.0092794,-2e-05,-2e-05,0.0,-0.0001083,-4.17e-05,0.0,0.0090894,0.0926413,False
NAS100,2000-06-29,3665.8301,2000-07-06,3793.48,4,7,0.1,0.0036247,-2e-05,-2e-05,0.0,-0.0001264,-4.86e-05,0.0,0.0034097,0.0348216,False
NAS100,2000-07-28,3477.3101,2000-08-03,3623.5,4,6,0.1,0.0042936,-2e-05,-2e-05,0.0,-0.0001083,-4.17e-05,0.0,0.0041036,0.0420411,False
NAS100,2000-08-30,3968.73,2000-09-06,3837.6201,4,7,0.1,-0.0032108,-2e-05,-2e-05,0.0,-0.0001264,-4.86e-05,0.0,-0.0034258,-0.0330357,False
NAS100,2000-09-28,3725.1499,2000-10-04,3453.3601,4,6,0.1,-0.0073463,-2e-05,-2e-05,0.0,-0.0001083,-4.17e-05,0.0,-0.0075363,-0.0729608,False
NAS100,2000-10-30,3081.0701,2000-11-03,3321.9099,4,4,0.1,0.0077795,-2e-05,-2e-05,0.0,-7.22e-05,-2.78e-05,0.0,0.0076395,0.0781676,False
NAS100,2000-11-29,2602.8501,2000-12-05,2852.8701,4,6,0.1,0.0098906,-2e-05,-2e-05,0.0,-0.0001083,-4.17e-05,0.0,0.0097006,0.0960562,False
NAS100,2000-12-28,2464.6201,2001-01-04,2460.04,4,7,0.1,0.0019885,-2e-05,-2e-05,0.0,-0.000125,-4.86e-05,0.0,0.0017749,-0.0018583,False
NAS100,2001-01-30,2686.1399,2001-02-05,2467.3,4,6,0.1,-0.008296,-2e-05,-2e-05,0.0,-9.31e-05,-4.17e-05,0.0,-0.0084707,-0.08147,False
NAS100,2001-02-27,1964.52,2001-03-05,1916.6801,4,6,0.1,-0.0022583,-2e-05,-2e-05,0.0,-9.17e-05,-4.17e-05,0.0,-0.0024317,-0.024352,False
NAS100,2001-03-29,1563.14,2001-04-04,1370.75,4,6,0.1,-0.0127278,-2e-05,-2e-05,0.0,-8.33e-05,-4.17e-05,0.0,-0.0128928,-0.1230792,False
NAS100,2001-04-27,1810.47,2001-05-03,1877.8,4,6,0.1,0.0038603,-2e-05,-2e-05,0.0,-7.5e-05,-4.17e-05,0.0,0.0037036,0.0371893,False
NAS100,2001-05-30,1779.0,2001-06-05,1923.9,4,6,0.1,0.0079665,-2e-05,-2e-05,0.0,-6.67e-05,-4.17e-05,0.0,0.0078181,0.0814503,False
NAS100,2001-06-28,1808.9399,2001-07-05,1751.0,4,7,0.1,-0.0031693,-2e-05,-2e-05,0.0,-7.29e-05,-4.86e-05,0.0,-0.0033308,-0.0320298,False
NAS100,2001-07-30,1670.03,2001-08-03,1725.9,4,4,0.1,0.0033492,-2e-05,-2e-05,0.0,-4.17e-05,-2.78e-05,0.0,0.0032398,0.0334545,False
NAS100,2001-08-30,1453.9,2001-09-06,1361.6899,4,7,0.1,-0.0064218,-2e-05,-2e-05,0.0,-6.81e-05,-4.86e-05,0.0,-0.0065785,-0.0634226,False
NAS100,2001-09-27,1144.27,2001-10-03,1249.41,4,6,0.1,0.0091125,-2e-05,-2e-05,0.0,-4.86e-05,-4.17e-05,0.0,0.0089822,0.0918839,False
NAS100,2001-10-30,1342.26,2001-11-05,1480.21,4,6,0.1,0.0099599,-2e-05,-2e-05,0.0,-4.17e-05,-4.17e-05,0.0,0.0098366,0.1027744,False
NAS100,2001-11-29,1599.3,2001-12-05,1720.91,4,6,0.1,0.0075689,-2e-05,-2e-05,0.0,-3.33e-05,-4.17e-05,0.0,0.0074539,0.0760395,False
NAS100,2001-12-28,1621.13,2002-01-04,1675.03,4,7,0.1,0.0033914,-2e-05,-2e-05,0.0,-3.4e-05,-4.86e-05,0.0,0.0032687,0.0332484,False
NAS100,2002-01-30,1538.9399,2002-02-05,1462.86,4,6,0.1,-0.0049986,-2e-05,-2e-05,0.0,-2.92e-05,-4.17e-05,0.0,-0.0051094,-0.0494366,False
NAS100,2002-02-27,1378.48,2002-03-05,1498.95,4,6,0.1,0.0086231,-2e-05,-2e-05,0.0,-2.92e-05,-4.17e-05,0.0,0.0085123,0.0873933,False
NAS100,2002-03-27,1436.51,2002-04-03,1394.21,4,7,0.1,-0.0028509,-2e-05,-2e-05,0.0,-3.4e-05,-4.86e-05,0.0,-0.0029735,-0.0294464,False
NAS100,2002-04-29,1246.75,2002-05-03,1190.74,4,4,0.1,-0.0044675,-2e-05,-2e-05,0.0,-1.94e-05,-2.78e-05,0.0,-0.0045547,-0.0449248,False
NAS100,2002-05-30,1227.9,2002-06-05,1195.6,4,6,0.1,-0.0025435,-2e-05,-2e-05,0.0,-2.92e-05,-4.17e-05,0.0,-0.0026543,-0.0263051,False
NAS100,2002-06-27,1050.64,2002-07-03,995.68,4,6,0.1,-0.005125,-2e-05,-2e-05,0.0,-2.92e-05,-4.17e-05,0.0,-0.0052358,-0.052311,False
NAS100,2002-07-30,980.36,2002-08-05,857.08,4,6,0.1,-0.0131818,-2e-05,-2e-05,0.0,-2.92e-05,-4.17e-05,0.0,-0.0132926,-0.1257497,False
NAS100,2002-08-29,961.75,2002-09-05,882.92,4,7,0.1,-0.0083099,-2e-05,-2e-05,0.0,-3.4e-05,-4.86e-05,0.0,-0.0084325,-0.0819652,False
NAS100,2002-09-27,860.35,2002-10-03,833.21,4,6,0.1,-0.0030017,-2e-05,-2e-05,0.0,-2.92e-05,-4.17e-05,0.0,-0.0031125,-0.0315452,False
NAS100,2002-10-30,986.09,2002-11-05,1050.39,4,6,0.1,0.0063986,-2e-05,-2e-05,0.0,-2.92e-05,-4.17e-05,0.0,0.0062877,0.065207,False
NAS100,2002-11-27,1125.67,2002-12-04,1069.4399,4,7,0.1,-0.0050632,-2e-05,-2e-05,0.0,-2.43e-05,-4.86e-05,0.0,-0.0051761,-0.0499526,False
NAS100,2002-12-30,989.89,2003-01-06,1061.48,4,7,0.1,0.0071207,-2e-05,-2e-05,0.0,-2.43e-05,-4.86e-05,0.0,0.0070078,0.0723211,False
NAS100,2003-01-30,985.52,2003-02-05,968.97,4,6,0.1,-0.0016798,-2e-05,-2e-05,0.0,-2.08e-05,-4.17e-05,0.0,-0.0017823,-0.0167932,False
NAS100,2003-02-27,994.8,2003-03-05,990.23,4,6,0.1,-0.0004259,-2e-05,-2e-05,0.0,-2.08e-05,-4.17e-05,0.0,-0.0005284,-0.0045939,False
NAS100,2003-03-28,1046.72,2003-04-03,1064.0601,4,6,0.1,0.001758,-2e-05,-2e-05,0.0,-2.08e-05,-4.17e-05,0.0,0.0016555,0.0165661,False
NAS100,2003-04-29,1116.79,2003-05-05,1136.26,4,6,0.1,0.0017564,-2e-05,-2e-05,0.0,-2.08e-05,-4.17e-05,0.0,0.0016539,0.0174339,False
NAS100,2003-05-29,1181.8199,2003-06-04,1224.76,4,6,0.1,0.0036137,-2e-05,-2e-05,0.0,-2.08e-05,-4.17e-05,0.0,0.0035112,0.0363338,False
NAS100,2003-06-27,1205.24,2003-07-03,1231.34,4,6,0.1,0.0021848,-2e-05,-2e-05,0.0,-1.67e-05,-4.17e-05,0.0,0.0020865,0.0216554,False
NAS100,2003-07-30,1263.78,2003-08-05,1229.72,4,6,0.1,-0.0026765,-2e-05,-2e-05,0.0,-1.67e-05,-4.17e-05,0.0,-0.0027748,-0.0269509,False
NAS100,2003-08-28,1332.33,2003-09-04,1373.26,4,7,0.1,0.0030435,-2e-05,-2e-05,0.0,-1.94e-05,-4.86e-05,0.0,0.0029355,0.0307207,False
NAS100,2003-09-29,1335.51,2003-10-03,1375.3199,4,4,0.1,0.0030353,-2e-05,-2e-05,0.0,-1.11e-05,-2.78e-05,0.0,0.0029564,0.0298088,False
NAS100,2003-10-30,1417.38,2003-11-05,1429.5601,4,6,0.1,0.0008779,-2e-05,-2e-05,0.0,-1.67e-05,-4.17e-05,0.0,0.0007795,0.0085934,False
NAS100,2003-11-26,1420.11,2003-12-03,1419.77,4,7,0.1,-1.7e-06,-2e-05,-2e-05,0.0,-1.94e-05,-4.86e-05,0.0,-0.0001097,-0.0002394,False
NAS100,2003-12-30,1470.01,2004-01-06,1501.26,4,7,0.1,0.0021296,-2e-05,-2e-05,0.0,-1.94e-05,-4.86e-05,0.0,0.0020216,0.0212584,False
NAS100,2004-01-29,1496.4,2004-02-04,1462.61,4,6,0.1,-0.0022633,-2e-05,-2e-05,0.0,-1.67e-05,-4.17e-05,0.0,-0.0023616,-0.0225809,False
NAS100,2004-02-26,1477.13,2004-03-03,1466.09,4,6,0.1,-0.0007336,-2e-05,-2e-05,0.0,-1.67e-05,-4.17e-05,0.0,-0.0008319,-0.007474,False
NAS100,2004-03-30,1445.25,2004-04-05,1508.37,4,6,0.1,0.0043204,-2e-05,-2e-05,0.0,-1.67e-05,-4.17e-05,0.0,0.0042221,0.0436741,False
NAS100,2004-04-29,1431.36,2004-05-05,1428.42,4,6,0.1,-0.0001763,-2e-05,-2e-05,0.0,-1.67e-05,-4.17e-05,0.0,-0.0002746,-0.0020539,False
NAS100,2004-05-27,1463.11,2004-06-03,1445.21,4,7,0.1,-0.0012217,-2e-05,-2e-05,0.0,-1.94e-05,-4.86e-05,0.0,-0.0013297,-0.0122342,False
NAS100,2004-06-29,1505.65,2004-07-06,1445.71,4,7,0.1,-0.0040129,-2e-05,-2e-05,0.0,-2.36e-05,-4.86e-05,0.0,-0.0041251,-0.0398101,False
NAS100,2004-07-29,1398.55,2004-08-04,1379.21,4,6,0.1,-0.0013726,-2e-05,-2e-05,0.0,-2.08e-05,-4.17e-05,0.0,-0.0014751,-0.0138287,False
NAS100,2004-08-30,1367.9399,2004-09-03,1371.8199,4,4,0.1,0.0003146,-2e-05,-2e-05,0.0,-1.67e-05,-2.78e-05,0.0,0.0002301,0.0028364,False
NAS100,2004-09-29,1410.86,2004-10-05,1461.76,4,6,0.1,0.003585,-2e-05,-2e-05,0.0,-2.92e-05,-4.17e-05,0.0,0.0034742,0.0360773,False
NAS100,2004-10-28,1487.12,2004-11-03,1503.89,4,6,0.1,0.0011241,-2e-05,-2e-05,0.0,-2.92e-05,-4.17e-05,0.0,0.0010133,0.0112768,False
NAS100,2004-11-29,1580.4399,2004-12-03,1614.4,4,4,0.1,0.0021537,-2e-05,-2e-05,0.0,-2.22e-05,-2.78e-05,0.0,0.0020637,0.0214877,False
NAS100,2004-12-30,1623.76,2005-01-05,1563.76,4,6,0.1,-0.003738,-2e-05,-2e-05,0.0,-3.75e-05,-4.17e-05,0.0,-0.0038571,-0.0369513,False
NAS100,2005-01-28,1499.46,2005-02-03,1508.24,4,6,0.1,0.0005994,-2e-05,-2e-05,0.0,-3.82e-05,-4.17e-05,0.0,0.0004795,0.0058555,False
NAS100,2005-02-25,1526.9,2005-03-03,1511.89,4,6,0.1,-0.0009728,-2e-05,-2e-05,0.0,-4.17e-05,-4.17e-05,0.0,-0.0010961,-0.0098304,False
NAS100,2005-03-30,1491.74,2005-04-05,1483.75,4,6,0.1,-0.0005288,-2e-05,-2e-05,0.0,-4.58e-05,-4.17e-05,0.0,-0.0006563,-0.0053562,False
NAS100,2005-04-28,1409.29,2005-05-04,1452.2,4,6,0.1,0.0030179,-2e-05,-2e-05,0.0,-4.65e-05,-4.17e-05,0.0,0.0028897,0.0304479,False
NAS100,2005-05-27,1549.8,2005-06-03,1544.48,4,7,0.1,-0.0003227,-2e-05,-2e-05,0.0,-5.83e-05,-4.86e-05,0.0,-0.0004697,-0.0034327,False
NAS100,2005-06-29,1504.11,2005-07-06,1498.05,4,7,0.1,-0.0003939,-2e-05,-2e-05,0.0,-6.25e-05,-4.86e-05,0.0,-0.000545,-0.0040289,False
NAS100,2005-07-28,1618.64,2005-08-03,1627.1899,4,6,0.1,0.0005363,-2e-05,-2e-05,0.0,-5.42e-05,-4.17e-05,0.0,0.0004004,0.0052822,False
NAS100,2005-08-30,1565.73,2005-09-06,1597.27,4,7,0.1,0.002012,-2e-05,-2e-05,0.0,-6.81e-05,-4.86e-05,0.0,0.0018553,0.020144,False
NAS100,2005-09-29,1589.9301,2005-10-05,1571.52,4,6,0.1,-0.0011482,-2e-05,-2e-05,0.0,-6.25e-05,-4.17e-05,0.0,-0.0012924,-0.0115791,False
NAS100,2005-10-28,1557.11,2005-11-03,1619.67,4,6,0.1,0.0039675,-2e-05,-2e-05,0.0,-6.39e-05,-4.17e-05,0.0,0.003822,0.040177,False
NAS100,2005-11-29,1676.84,2005-12-05,1694.77,4,6,0.1,0.0010856,-2e-05,-2e-05,0.0,-6.67e-05,-4.17e-05,0.0,0.0009373,0.0106928,False
NAS100,2005-12-29,1655.36,2006-01-05,1705.29,4,7,0.1,0.0030015,-2e-05,-2e-05,0.0,-8.26e-05,-4.86e-05,0.0,0.0028303,0.0301627,False
NAS100,2006-01-30,1713.45,2006-02-03,1664.53,4,4,0.1,-0.0028756,-2e-05,-2e-05,0.0,-4.93e-05,-2.78e-05,0.0,-0.0029927,-0.0285505,False
NAS100,2006-02-27,1695.66,2006-03-03,1684.3199,4,4,0.1,-0.0006482,-2e-05,-2e-05,0.0,-5e-05,-2.78e-05,0.0,-0.0007659,-0.0066877,False
NAS100,2006-03-30,1708.6801,2006-04-05,1732.74,4,6,0.1,0.0014049,-2e-05,-2e-05,0.0,-7.92e-05,-4.17e-05,0.0,0.0012441,0.014081,False
NAS100,2006-04-27,1717.14,2006-05-03,1686.3,4,6,0.1,-0.0018038,-2e-05,-2e-05,0.0,-7.92e-05,-4.17e-05,0.0,-0.0019647,-0.0179601,False
NAS100,2006-05-30,1571.29,2006-06-05,1577.5,4,6,0.1,0.0004475,-2e-05,-2e-05,0.0,-8.33e-05,-4.17e-05,0.0,0.0002825,0.0039521,False
NAS100,2006-06-29,1585.5601,2006-07-06,1551.55,4,7,0.1,-0.0021426,-2e-05,-2e-05,0.0,-0.0001021,-4.86e-05,0.0,-0.0023333,-0.0214498,False
NAS100,2006-07-28,1510.3,2006-08-03,1510.6,4,6,0.1,4.09e-05,-2e-05,-2e-05,0.0,-8.75e-05,-4.17e-05,0.0,-0.0001283,0.0001986,False
NAS100,2006-08-30,1581.95,2006-09-06,1572.2,4,7,0.1,-0.0005927,-2e-05,-2e-05,0.0,-0.0001021,-4.86e-05,0.0,-0.0007834,-0.0061633,False
NAS100,2006-09-28,1661.59,2006-10-04,1681.14,4,6,0.1,0.0012107,-2e-05,-2e-05,0.0,-8.75e-05,-4.17e-05,0.0,0.0010415,0.0117659,False
NAS100,2006-10-30,1727.8,2006-11-03,1703.98,4,4,0.1,-0.0013767,-2e-05,-2e-05,0.0,-5.83e-05,-2.78e-05,0.0,-0.0015028,-0.0137864,False
NAS100,2006-11-29,1792.77,2006-12-05,1804.85,4,6,0.1,0.0006857,-2e-05,-2e-05,0.0,-8.75e-05,-4.17e-05,0.0,0.0005166,0.0067382,False
NAS100,2006-12-28,1758.9399,2007-01-05,1785.3,4,8,0.1,0.0015065,-2e-05,-2e-05,0.0,-0.0001167,-5.56e-05,0.0,0.0012943,0.0149864,False
NAS100,2007-01-30,1777.76,2007-02-05,1795.39,4,6,0.1,0.000991,-2e-05,-2e-05,0.0,-8.75e-05,-4.17e-05,0.0,0.0008218,0.009917,False
NAS100,2007-02-27,1756.27,2007-03-05,1712.9399,4,6,0.1,-0.0024813,-2e-05,-2e-05,0.0,-8.75e-05,-4.17e-05,0.0,-0.0026505,-0.0246716,False
NAS100,2007-03-29,1771.72,2007-04-04,1801.74,4,6,0.1,0.001689,-2e-05,-2e-05,0.0,-8.75e-05,-4.17e-05,0.0,0.0015198,0.016944,False
NAS100,2007-04-27,1891.0601,2007-05-03,1895.64,4,6,0.1,0.0002543,-2e-05,-2e-05,0.0,-8.75e-05,-4.17e-05,0.0,8.51e-05,0.0024219,False
NAS100,2007-05-30,1918.08,2007-06-05,1932.35,4,6,0.1,0.000743,-2e-05,-2e-05,0.0,-8.75e-05,-4.17e-05,0.0,0.0005739,0.0074397,False
NAS100,2007-06-28,1931.67,2007-07-05,1981.0601,4,7,0.1,0.002535,-2e-05,-2e-05,0.0,-0.0001021,-4.86e-05,0.0,0.0023443,0.0255686,False
NAS100,2007-07-30,1973.9301,2007-08-03,1918.5601,4,4,0.1,-0.0027837,-2e-05,-2e-05,0.0,-5.83e-05,-2.78e-05,0.0,-0.0029098,-0.0280506,False
NAS100,2007-08-30,1963.75,2007-09-06,1998.67,4,7,0.1,0.0017919,-2e-05,-2e-05,0.0,-0.0001021,-4.86e-05,0.0,0.0016012,0.0177823,False
NAS100,2007-09-27,2096.3899,2007-10-03,2103.01,4,6,0.1,0.0003251,-2e-05,-2e-05,0.0,-7.92e-05,-4.17e-05,0.0,0.0001642,0.0031579,False
NAS100,2007-10-30,2207.6101,2007-11-05,2200.48,4,6,0.1,-0.000291,-2e-05,-2e-05,0.0,-7.57e-05,-4.17e-05,0.0,-0.0004484,-0.0032298,False
NAS100,2007-11-29,2102.4199,2007-12-05,2099.3101,4,6,0.1,-0.0001209,-2e-05,-2e-05,0.0,-7.5e-05,-4.17e-05,0.0,-0.0002776,-0.0014792,False
NAS100,2007-12-28,2107.05,2008-01-04,1963.52,4,7,0.1,-0.0069398,-2e-05,-2e-05,0.0,-8.26e-05,-4.86e-05,0.0,-0.007111,-0.0681189,False
NAS100,2008-01-30,1808.51,2008-02-05,1773.49,4,6,0.1,-0.0018793,-2e-05,-2e-05,0.0,-5e-05,-4.17e-05,0.0,-0.0020109,-0.019364,False
NAS100,2008-02-28,1794.46,2008-03-05,1753.5699,4,6,0.1,-0.002261,-2e-05,-2e-05,0.0,-5e-05,-4.17e-05,0.0,-0.0023927,-0.0227868,False
NAS100,2008-03-28,1767.5699,2008-04-03,1855.1899,4,6,0.1,0.0049256,-2e-05,-2e-05,0.0,-3.75e-05,-4.17e-05,0.0,0.0048064,0.0495709,False
NAS100,2008-04-29,1933.6,2008-05-05,1975.8199,4,6,0.1,0.0022163,-2e-05,-2e-05,0.0,-3.4e-05,-4.17e-05,0.0,0.0021006,0.0218349,False
NAS100,2008-05-29,2019.02,2008-06-04,2021.45,4,6,0.1,0.0001394,-2e-05,-2e-05,0.0,-3.33e-05,-4.17e-05,0.0,2.44e-05,0.0012035,False
NAS100,2008-06-27,1855.72,2008-07-03,1816.35,4,6,0.1,-0.0020979,-2e-05,-2e-05,0.0,-3.33e-05,-4.17e-05,0.0,-0.0022129,-0.0212155,False
NAS100,2008-07-30,1852.8,2008-08-05,1869.76,4,6,0.1,0.0009892,-2e-05,-2e-05,0.0,-3.33e-05,-4.17e-05,0.0,0.0008742,0.0091537,False
NAS100,2008-08-28,1915.12,2008-09-04,1774.78,4,7,0.1,-0.0075221,-2e-05,-2e-05,0.0,-3.89e-05,-4.86e-05,0.0,-0.0076496,-0.07328,False
NAS100,2008-09-29,1496.15,2008-10-03,1470.84,4,4,0.1,-0.0013588,-2e-05,-2e-05,0.0,-2.22e-05,-2.78e-05,0.0,-0.0014488,-0.0169168,False
NAS100,2008-10-30,1333.9399,2008-11-05,1299.98,4,6,0.1,-0.0023582,-2e-05,-2e-05,0.0,-1.67e-05,-4.17e-05,0.0,-0.0024565,-0.0254584,False
NAS100,2008-11-26,1193.09,2008-12-03,1166.2,4,7,0.1,-0.0018294,-2e-05,-2e-05,0.0,-1.94e-05,-4.86e-05,0.0,-0.0019374,-0.0225381,False
NAS100,2008-12-30,1201.34,2009-01-06,1274.49,4,7,0.1,0.0060087,-2e-05,-2e-05,0.0,-2.4e-06,-4.86e-05,0.0,0.0059177,0.0608904,False
NAS100,2009-01-29,1203.85,2009-02-04,1215.4301,4,6,0.1,0.0009991,-2e-05,-2e-05,0.0,-2.1e-06,-4.17e-05,0.0,0.0009153,0.0096192,False
NAS100,2009-02-26,1127.1,2009-03-04,1110.3,4,6,0.1,-0.0013934,-2e-05,-2e-05,0.0,-2.1e-06,-4.17e-05,0.0,-0.0014771,-0.0149054,False
NAS100,2009-03-30,1220.8101,2009-04-03,1316.16,4,4,0.1,0.0076055,-2e-05,-2e-05,0.0,-1.4e-06,-2.78e-05,0.0,0.0075363,0.0781039,False
NAS100,2009-04-29,1382.38,2009-05-05,1423.8101,4,6,0.1,0.0029821,-2e-05,-2e-05,0.0,-2.1e-06,-4.17e-05,0.0,0.0028983,0.0299701,False
NAS100,2009-05-28,1420.3101,2009-06-03,1475.4399,4,6,0.1,0.0038557,-2e-05,-2e-05,0.0,-2.1e-06,-4.17e-05,0.0,0.003772,0.0388154,False
NAS100,2009-06-29,1483.83,2009-07-06,1441.01,4,7,0.1,-0.0028977,-2e-05,-2e-05,0.0,-2.4e-06,-4.86e-05,0.0,-0.0029888,-0.0288577,False
NAS100,2009-07-30,1609.87,2009-08-05,1614.4399,4,6,0.1,0.0002998,-2e-05,-2e-05,0.0,-2.1e-06,-4.17e-05,0.0,0.0002161,0.0028387,False
NAS100,2009-08-28,1643.24,2009-09-03,1605.98,4,6,0.1,-0.0022683,-2e-05,-2e-05,0.0,-2.1e-06,-4.17e-05,0.0,-0.002352,-0.0226747,False
NAS100,2009-09-29,1717.67,2009-10-05,1675.64,4,6,0.1,-0.0024262,-2e-05,-2e-05,0.0,-2.1e-06,-4.17e-05,0.0,-0.0025099,-0.0244692,False
NAS100,2009-10-29,1711.27,2009-11-04,1680.67,4,6,0.1,-0.0017691,-2e-05,-2e-05,0.0,-2.1e-06,-4.17e-05,0.0,-0.0018529,-0.0178814,False
NAS100,2009-11-27,1765.46,2009-12-03,1782.91,4,6,0.1,0.0009913,-2e-05,-2e-05,0.0,-2.1e-06,-4.17e-05,0.0,0.0009075,0.0098842,False
NAS100,2009-12-30,1878.65,2010-01-06,1878.42,4,7,0.1,4e-06,-2e-05,-2e-05,0.0,-2.4e-06,-4.86e-05,0.0,-8.71e-05,-0.0001224,False
NAS100,2010-01-28,1771.1,2010-02-03,1784.7,4,6,0.1,0.000791,-2e-05,-2e-05,0.0,-2.1e-06,-4.17e-05,0.0,0.0007073,0.0076788,False
NAS100,2010-02-25,1812.91,2010-03-03,1851.5699,4,6,0.1,0.0021224,-2e-05,-2e-05,0.0,-2.1e-06,-4.17e-05,0.0,0.0020387,0.0213248,False
NAS100,2010-03-30,1967.96,2010-04-06,1981.95,4,7,0.1,0.0007141,-2e-05,-2e-05,0.0,-2.4e-06,-4.86e-05,0.0,0.0006231,0.0071089,False
NAS100,2010-04-29,2042.89,2010-05-05,1958.26,4,6,0.1,-0.0041474,-2e-05,-2e-05,0.0,-2.1e-06,-4.17e-05,0.0,-0.0042311,-0.0414266,False
NAS100,2010-05-27,1862.71,2010-06-03,1895.66,4,7,0.1,0.0017921,-2e-05,-2e-05,0.0,-2.4e-06,-4.86e-05,0.0,0.001701,0.0176893,False
NAS100,2010-06-29,1764.0601,2010-07-06,1734.6801,4,7,0.1,-0.0016678,-2e-05,-2e-05,0.0,-2.4e-06,-4.86e-05,0.0,-0.0017588,-0.0166548,False
NAS100,2010-07-29,1860.3,2010-08-04,1909.2,4,6,0.1,0.0026172,-2e-05,-2e-05,0.0,-2.1e-06,-4.17e-05,0.0,0.0025334,0.026286,False
NAS100,2010-08-30,1772.0699,2010-09-03,1870.3101,4,4,0.1,0.0054586,-2e-05,-2e-05,0.0,-1.4e-06,-2.78e-05,0.0,0.0053894,0.0554381,False
NAS100,2010-09-29,2009.08,2010-10-05,2024.63,4,6,0.1,0.0008089,-2e-05,-2e-05,0.0,-2.1e-06,-4.17e-05,0.0,0.0007252,0.0077399,False
NAS100,2010-10-28,2129.73,2010-11-03,2158.3601,4,6,0.1,0.0013423,-2e-05,-2e-05,0.0,-2.1e-06,-4.17e-05,0.0,0.0012585,0.0134431,False
NAS100,2010-11-29,2144.5601,2010-12-03,2191.1699,4,4,0.1,0.0021867,-2e-05,-2e-05,0.0,-1.4e-06,-2.78e-05,0.0,0.0021176,0.021734,False
NAS100,2010-12-30,2225.72,2011-01-05,2270.3999,4,6,0.1,0.0020051,-2e-05,-2e-05,0.0,-2.1e-06,-4.17e-05,0.0,0.0019213,0.0200744,False
NAS100,2011-01-28,2270.51,2011-02-03,2323.0701,4,6,0.1,0.0023075,-2e-05,-2e-05,0.0,-2.1e-06,-4.17e-05,0.0,0.0022238,0.023149,False
NAS100,2011-02-25,2346.29,2011-03-03,2371.76,4,6,0.1,0.0011112,-2e-05,-2e-05,0.0,-2.1e-06,-4.17e-05,0.0,0.0010275,0.0108554,False
NAS100,2011-03-30,2336.52,2011-04-05,2327.8701,4,6,0.1,-0.0003696,-2e-05,-2e-05,0.0,-2.1e-06,-4.17e-05,0.0,-0.0004534,-0.003702,False
NAS100,2011-04-28,2409.8999,2011-05-04,2387.51,4,6,0.1,-0.0009317,-2e-05,-2e-05,0.0,-2.1e-06,-4.17e-05,0.0,-0.0010155,-0.0092908,False
NAS100,2011-05-27,2336.0901,2011-06-03,2292.3101,4,7,0.1,-0.001846,-2e-05,-2e-05,0.0,-2.4e-06,-4.86e-05,0.0,-0.0019371,-0.0187407,False
NAS100,2011-06-29,2294.4299,2011-07-06,2378.5801,4,7,0.1,0.0036242,-2e-05,-2e-05,0.0,-2.4e-06,-4.86e-05,0.0,0.0035331,0.0366758,False
NAS100,2011-07-28,2371.77,2011-08-03,2312.78,4,6,0.1,-0.0024791,-2e-05,-2e-05,0.0,-2.1e-06,-4.17e-05,0.0,-0.0025628,-0.0248717,False
NAS100,2011-08-30,2237.6899,2011-09-06,2167.6001,4,7,0.1,-0.0031503,-2e-05,-2e-05,0.0,-2.4e-06,-4.86e-05,0.0,-0.0032414,-0.0313224,False
NAS100,2011-09-29,2197.6799,2011-10-05,2182.77,4,6,0.1,-0.0005589,-2e-05,-2e-05,0.0,-2.1e-06,-4.17e-05,0.0,-0.0006426,-0.0067844,False
NAS100,2011-10-28,2401.29,2011-11-03,2367.71,4,6,0.1,-0.0013325,-2e-05,-2e-05,0.0,-2.1e-06,-4.17e-05,0.0,-0.0014162,-0.0139842,False
NAS100,2011-11-29,2211.3899,2011-12-05,2326.95,4,6,0.1,0.0051719,-2e-05,-2e-05,0.0,-2.1e-06,-4.17e-05,0.0,0.0050882,0.0522568,False
NAS100,2011-12-29,2285.0701,2012-01-05,2348.98,4,7,0.1,0.0027814,-2e-05,-2e-05,0.0,-2.4e-06,-4.86e-05,0.0,0.0026904,0.0279685,False
NAS100,2012-01-30,2465.3201,2012-02-03,2529.1699,4,4,0.1,0.0025697,-2e-05,-2e-05,0.0,-1.4e-06,-2.78e-05,0.0,0.0025005,0.0258992,False
NAS100,2012-02-28,2633.46,2012-03-05,2614.9199,4,6,0.1,-0.0006976,-2e-05,-2e-05,0.0,-2.1e-06,-4.17e-05,0.0,-0.0007813,-0.0070402,False
NAS100,2012-03-29,2762.05,2012-04-04,2745.0,4,6,0.1,-0.000604,-2e-05,-2e-05,0.0,-2.1e-06,-4.17e-05,0.0,-0.0006878,-0.006173,False
NAS100,2012-04-27,2741.3401,2012-05-03,2704.5901,4,6,0.1,-0.0013409,-2e-05,-2e-05,0.0,-2.1e-06,-4.17e-05,0.0,-0.0014247,-0.0134059,False
NAS100,2012-05-30,2537.3999,2012-06-05,2487.5,4,6,0.1,-0.0019464,-2e-05,-2e-05,0.0,-2.1e-06,-4.17e-05,0.0,-0.0020301,-0.0196658,False
NAS100,2012-06-28,2536.6499,2012-07-05,2647.47,4,7,0.1,0.0043274,-2e-05,-2e-05,0.0,-2.4e-06,-4.86e-05,0.0,0.0042363,0.0436876,False
NAS100,2012-07-30,2642.1201,2012-08-03,2676.0,4,4,0.1,0.0012935,-2e-05,-2e-05,0.0,-1.4e-06,-2.78e-05,0.0,0.0012243,0.012823,False
NAS100,2012-08-30,2753.74,2012-09-06,2829.71,4,7,0.1,0.0027492,-2e-05,-2e-05,0.0,-2.4e-06,-4.86e-05,0.0,0.0026581,0.0275879,False
NAS100,2012-09-27,2821.6001,2012-10-03,2818.8401,4,6,0.1,-9.2e-05,-2e-05,-2e-05,0.0,-2.1e-06,-4.17e-05,0.0,-0.0001757,-0.0009782,False
NAS100,2012-10-26,2665.8301,2012-11-05,2672.9099,4,10,0.1,0.0002873,-2e-05,-2e-05,0.0,-3.5e-06,-6.94e-05,0.0,0.0001744,0.0026558,False
NAS100,2012-11-29,2680.03,2012-12-05,2637.8899,4,6,0.1,-0.0015781,-2e-05,-2e-05,0.0,-2.1e-06,-4.17e-05,0.0,-0.0016619,-0.0157238,False
NAS100,2012-12-28,2606.3601,2013-01-04,2724.49,4,7,0.1,0.0045066,-2e-05,-2e-05,0.0,-2.4e-06,-4.86e-05,0.0,0.0044156,0.0453237,False
NAS100,2013-01-30,2738.71,2013-02-05,2754.99,4,6,0.1,0.0006258,-2e-05,-2e-05,0.0,-2.1e-06,-4.17e-05,0.0,0.0005421,0.0059444,False
NAS100,2013-02-27,2741.26,2013-03-05,2799.25,4,6,0.1,0.0021052,-2e-05,-2e-05,0.0,-2.1e-06,-4.17e-05,0.0,0.0020214,0.0211545,False
NAS100,2013-03-27,2809.98,2013-04-03,2795.04,4,7,0.1,-0.000522,-2e-05,-2e-05,0.0,-2.4e-06,-4.86e-05,0.0,-0.000613,-0.0053167,False
NAS100,2013-04-29,2866.95,2013-05-03,2944.5901,4,4,0.1,0.0026909,-2e-05,-2e-05,0.0,-1.4e-06,-2.78e-05,0.0,0.0026218,0.0270811,False
NAS100,2013-05-30,3011.8301,2013-06-05,2937.1399,4,6,0.1,-0.0024964,-2e-05,-2e-05,0.0,-2.1e-06,-4.17e-05,0.0,-0.0025802,-0.0247989,False
NAS100,2013-06-27,2906.8401,2013-07-03,2941.4099,4,6,0.1,0.001185,-2e-05,-2e-05,0.0,-2.1e-06,-4.17e-05,0.0,0.0011012,0.0118926,False
NAS100,2013-07-30,3085.3301,2013-08-05,3143.1899,4,6,0.1,0.0018664,-2e-05,-2e-05,0.0,-2.1e-06,-4.17e-05,0.0,0.0017826,0.0187532,False
NAS100,2013-08-29,3093.3601,2013-09-05,3129.9399,4,7,0.1,0.001185,-2e-05,-2e-05,0.0,-2.4e-06,-4.86e-05,0.0,0.001094,0.0118253,False
NAS100,2013-09-27,3230.3,2013-10-03,3213.8301,4,6,0.1,-0.0004972,-2e-05,-2e-05,0.0,-2.1e-06,-4.17e-05,0.0,-0.000581,-0.0050986,False
NAS100,2013-10-30,3385.3799,2013-11-05,3388.8201,4,6,0.1,0.000102,-2e-05,-2e-05,0.0,-2.1e-06,-4.17e-05,0.0,1.83e-05,0.0010162,False
NAS100,2013-11-27,3470.48,2013-12-04,3483.01,4,7,0.1,0.0003619,-2e-05,-2e-05,0.0,-2.4e-06,-4.86e-05,0.0,0.0002709,0.0036105,False
NAS100,2013-12-30,3570.0801,2014-01-06,3526.96,4,7,0.1,-0.0012072,-2e-05,-2e-05,0.0,-2.4e-06,-4.86e-05,0.0,-0.0012982,-0.0120782,False
NAS100,2014-01-30,3532.4099,2014-02-05,3454.8999,4,6,0.1,-0.0021864,-2e-05,-2e-05,0.0,-2.1e-06,-4.17e-05,0.0,-0.0022702,-0.0219425,False
NAS100,2014-02-27,3699.8,2014-03-05,3727.1899,4,6,0.1,0.0007504,-2e-05,-2e-05,0.0,-2.1e-06,-4.17e-05,0.0,0.0006667,0.0074031,False
NAS100,2014-03-28,3571.49,2014-04-03,3637.5801,4,6,0.1,0.0018541,-2e-05,-2e-05,0.0,-2.1e-06,-4.17e-05,0.0,0.0017704,0.0185049,False
NAS100,2014-04-29,3573.99,2014-05-05,3605.0901,4,6,0.1,0.0008686,-2e-05,-2e-05,0.0,-2.1e-06,-4.17e-05,0.0,0.0007849,0.0087018,False
NAS100,2014-05-29,3735.72,2014-06-04,3743.5901,4,6,0.1,0.0002112,-2e-05,-2e-05,0.0,-2.1e-06,-4.17e-05,0.0,0.0001274,0.0021067,False
NAS100,2014-06-27,3844.4399,2014-07-03,3923.01,4,6,0.1,0.0020319,-2e-05,-2e-05,0.0,-2.1e-06,-4.17e-05,0.0,0.0019481,0.0204373,False
NAS100,2014-07-30,3976.0701,2014-08-05,3874.9399,4,6,0.1,-0.0025469,-2e-05,-2e-05,0.0,-2.1e-06,-4.17e-05,0.0,-0.0026306,-0.0254347,False
NAS100,2014-08-28,4066.27,2014-09-04,4066.1299,4,7,0.1,-2e-07,-2e-05,-2e-05,0.0,-2.4e-06,-4.86e-05,0.0,-9.12e-05,-3.45e-05,False
NAS100,2014-09-29,4047.1799,2014-10-03,4027.3101,4,4,0.1,-0.0004739,-2e-05,-2e-05,0.0,-1.4e-06,-2.78e-05,0.0,-0.000543,-0.0049096,False
NAS100,2014-10-30,4100.6401,2014-11-05,4153.27,4,6,0.1,0.0012859,-2e-05,-2e-05,0.0,-2.1e-06,-4.17e-05,0.0,0.0012022,0.0128346,False
NAS100,2014-11-26,4317.9902,2014-12-03,4312.9302,4,7,0.1,-0.0001085,-2e-05,-2e-05,0.0,-2.4e-06,-4.86e-05,0.0,-0.0001995,-0.0011719,False
NAS100,2014-12-30,4282.3501,2015-01-06,4110.8301,4,7,0.1,-0.0040609,-2e-05,-2e-05,0.0,-2.4e-06,-4.86e-05,0.0,-0.0041519,-0.0400528,False
NAS100,2015-01-29,4181.3501,2015-02-04,4221.2002,4,6,0.1,0.0009611,-2e-05,-2e-05,0.0,-2.1e-06,-4.17e-05,0.0,0.0008774,0.0095304,False
NAS100,2015-02-26,4462.27,2015-03-04,4445.3599,4,6,0.1,-0.0003721,-2e-05,-2e-05,0.0,-2.1e-06,-4.17e-05,0.0,-0.0004558,-0.0037896,False
NAS100,2015-03-30,4382.8198,2015-04-06,4350.98,4,7,0.1,-0.0007181,-2e-05,-2e-05,0.0,-2.4e-06,-4.86e-05,0.0,-0.0008092,-0.0072647,False
NAS100,2015-04-29,4488.1499,2015-05-05,4409.3901,4,6,0.1,-0.0017325,-2e-05,-2e-05,0.0,-2.1e-06,-4.17e-05,0.0,-0.0018163,-0.0175484,False
NAS100,2015-05-28,4535.6602,2015-06-03,4519.8599,4,6,0.1,-0.000346,-2e-05,-2e-05,0.0,-2.1e-06,-4.17e-05,0.0,-0.0004297,-0.0034836,False
NAS100,2015-06-29,4379.8701,2015-07-06,4418.6602,4,7,0.1,0.0008858,-2e-05,-2e-05,0.0,-2.4e-06,-4.86e-05,0.0,0.0007948,0.0088564,False
NAS100,2015-07-30,4598.5898,2015-08-05,4602.2402,4,6,0.1,8.3e-05,-2e-05,-2e-05,0.0,-2.1e-06,-4.17e-05,0.0,-7e-07,0.0007938,False
NAS100,2015-08-28,4329.1201,2015-09-03,4234.6499,4,6,0.1,-0.0021115,-2e-05,-2e-05,0.0,-2.1e-06,-4.17e-05,0.0,-0.0021953,-0.021822,False
NAS100,2015-09-29,4083.3701,2015-10-05,4331.4302,4,6,0.1,0.0059528,-2e-05,-2e-05,0.0,-2.1e-06,-4.17e-05,0.0,0.0058691,0.0607489,False
NAS100,2015-10-29,4670.7598,2015-11-04,4717.5498,4,6,0.1,0.0010054,-2e-05,-2e-05,0.0,-2.1e-06,-4.17e-05,0.0,0.0009216,0.0100177,False
NAS100,2015-11-27,4680.4702,2015-12-03,4606.75,4,6,0.1,-0.0015644,-2e-05,-2e-05,0.0,-2.1e-06,-4.17e-05,0.0,-0.0016481,-0.0157506,False
NAS100,2015-12-30,4652.0098,2016-01-06,4443.9902,4,7,0.1,-0.0045402,-2e-05,-2e-05,0.0,-7.3e-06,-4.86e-05,0.0,-0.0046361,-0.0447161,False
NAS100,2016-01-28,4186.0601,2016-02-03,4171.9702,4,6,0.1,-0.0002872,-2e-05,-2e-05,0.0,-6.3e-06,-4.17e-05,0.0,-0.0003752,-0.0033659,False
NAS100,2016-02-26,4235.6201,2016-03-03,4325.8599,4,6,0.1,0.0021604,-2e-05,-2e-05,0.0,-6.3e-06,-4.17e-05,0.0,0.0020724,0.021305,False
NAS100,2016-03-30,4490.8799,2016-04-05,4470.75,4,6,0.1,-0.0004382,-2e-05,-2e-05,0.0,-6.3e-06,-4.17e-05,0.0,-0.0005261,-0.0044824,False
NAS100,2016-04-28,4363.9902,2016-05-04,4312.0098,4,6,0.1,-0.0011862,-2e-05,-2e-05,0.0,-6.3e-06,-4.17e-05,0.0,-0.0012741,-0.0119112,False
NAS100,2016-05-27,4512.54,2016-06-03,4509.79,4,7,0.1,-5.92e-05,-2e-05,-2e-05,0.0,-7.3e-06,-4.86e-05,0.0,-0.0001551,-0.0006094,False
NAS100,2016-06-29,4364.7402,2016-07-06,4444.7002,4,7,0.1,0.0018284,-2e-05,-2e-05,0.0,-7.3e-06,-4.86e-05,0.0,0.0017325,0.0183195,False
NAS100,2016-07-28,4721.4102,2016-08-03,4734.3301,4,6,0.1,0.0002785,-2e-05,-2e-05,0.0,-6.3e-06,-4.17e-05,0.0,0.0001905,0.0027365,False
NAS100,2016-08-30,4775.9902,2016-09-06,4829.5098,4,7,0.1,0.0011173,-2e-05,-2e-05,0.0,-7.3e-06,-4.86e-05,0.0,0.0010214,0.011206,False
NAS100,2016-09-29,4838.2998,2016-10-05,4877.75,4,6,0.1,0.000816,-2e-05,-2e-05,0.0,-6.3e-06,-4.17e-05,0.0,0.0007281,0.0081537,False
NAS100,2016-10-28,4805.5898,2016-11-03,4679.1001,4,6,0.1,-0.0026561,-2e-05,-2e-05,0.0,-6.3e-06,-4.17e-05,0.0,-0.002744,-0.0263214,False
NAS100,2016-11-29,4873.21,2016-12-05,4778.1401,4,6,0.1,-0.0019456,-2e-05,-2e-05,0.0,-6.3e-06,-4.17e-05,0.0,-0.0020336,-0.0195087,False
NAS100,2016-12-29,4918.2798,2017-01-05,4964.9502,4,7,0.1,0.0009584,-2e-05,-2e-05,0.0,-1.22e-05,-4.86e-05,0.0,0.0008576,0.0094892,False
NAS100,2017-01-30,5129.3301,2017-02-03,5161.6001,4,4,0.1,0.0006303,-2e-05,-2e-05,0.0,-6.9e-06,-2.78e-05,0.0,0.0005556,0.0062913,False
NAS100,2017-02-27,5347.5498,2017-03-03,5373.48,4,4,0.1,0.0004922,-2e-05,-2e-05,0.0,-6.9e-06,-2.78e-05,0.0,0.0004175,0.004849,False
NAS100,2017-03-30,5439.7402,2017-04-05,5418.52,4,6,0.1,-0.0003899,-2e-05,-2e-05,0.0,-1.46e-05,-4.17e-05,0.0,-0.0004861,-0.003901,False
NAS100,2017-04-27,5571.2798,2017-05-03,5625.1602,4,6,0.1,0.000967,-2e-05,-2e-05,0.0,-1.46e-05,-4.17e-05,0.0,0.0008707,0.0096711,False
NAS100,2017-05-30,5794.6299,2017-06-05,5878.1201,4,6,0.1,0.0014379,-2e-05,-2e-05,0.0,-1.46e-05,-4.17e-05,0.0,0.0013417,0.0144082,False
NAS100,2017-06-29,5653.02,2017-07-06,5597.8999,4,7,0.1,-0.0009675,-2e-05,-2e-05,0.0,-2.19e-05,-4.86e-05,0.0,-0.001078,-0.0097506,False
NAS100,2017-07-28,5908.9199,2017-08-03,5891.2002,4,6,0.1,-0.0002976,-2e-05,-2e-05,0.0,-1.88e-05,-4.17e-05,0.0,-0.000398,-0.0029988,False
NAS100,2017-08-30,5932.8999,2017-09-06,5951.1299,4,7,0.1,0.0003159,-2e-05,-2e-05,0.0,-2.19e-05,-4.86e-05,0.0,0.0002054,0.0030727,False
NAS100,2017-09-28,5933.0698,2017-10-04,5998.8398,4,6,0.1,0.0011057,-2e-05,-2e-05,0.0,-1.88e-05,-4.17e-05,0.0,0.0010053,0.0110853,False
NAS100,2017-10-30,6227.5898,2017-11-03,6295.5801,4,4,0.1,0.0010911,-2e-05,-2e-05,0.0,-1.25e-05,-2.78e-05,0.0,0.0010108,0.0109176,False
NAS100,2017-11-29,6311.3799,2017-12-05,6265.1099,4,6,0.1,-0.0007243,-2e-05,-2e-05,0.0,-1.88e-05,-4.17e-05,0.0,-0.0008247,-0.0073312,False
NAS100,2017-12-28,6441.4199,2018-01-04,6584.5801,4,7,0.1,0.0022215,-2e-05,-2e-05,0.0,-2.67e-05,-4.86e-05,0.0,0.0021062,0.0222249,False
NAS100,2018-01-30,6930.73,2018-02-05,6495.9199,4,6,0.1,-0.0063765,-2e-05,-2e-05,0.0,-2.29e-05,-4.17e-05,0.0,-0.0064811,-0.0627365,False
NAS100,2018-02-27,6900.3501,2018-03-05,6881.2798,4,6,0.1,-0.0002536,-2e-05,-2e-05,0.0,-2.29e-05,-4.17e-05,0.0,-0.0003582,-0.0027637,False
NAS100,2018-03-28,6460.8101,2018-04-04,6560.0601,4,7,0.1,0.001602,-2e-05,-2e-05,0.0,-3.16e-05,-4.86e-05,0.0,0.0014818,0.0153619,False
NAS100,2018-04-27,6656.3501,2018-05-03,6643.48,4,6,0.1,-0.0001824,-2e-05,-2e-05,0.0,-2.71e-05,-4.17e-05,0.0,-0.0002911,-0.0019335,False
NAS100,2018-05-30,6976.3701,2018-06-05,7166.75,4,6,0.1,0.0027102,-2e-05,-2e-05,0.0,-2.71e-05,-4.17e-05,0.0,0.0026015,0.0272892,False
NAS100,2018-06-28,7031.6001,2018-07-05,7101.0498,4,7,0.1,0.0010007,-2e-05,-2e-05,0.0,-3.65e-05,-4.86e-05,0.0,0.0008756,0.0098768,False
NAS100,2018-07-30,7193.1001,2018-08-03,7395.4902,4,4,0.1,0.0027876,-2e-05,-2e-05,0.0,-2.08e-05,-2.78e-05,0.0,0.002699,0.0281367,False
NAS100,2018-08-30,7642.6699,2018-09-06,7453.1699,4,7,0.1,-0.0024969,-2e-05,-2e-05,0.0,-3.65e-05,-4.86e-05,0.0,-0.0026219,-0.024795,False
NAS100,2018-09-27,7629.5698,2018-10-03,7637.4302,4,6,0.1,0.0001036,-2e-05,-2e-05,0.0,-3.54e-05,-4.17e-05,0.0,-1.35e-05,0.0010302,False
NAS100,2018-10-30,6810.1201,2018-11-05,6937.0898,4,6,0.1,0.0018958,-2e-05,-2e-05,0.0,-3.54e-05,-4.17e-05,0.0,0.0017787,0.0186443,False
NAS100,2018-11-29,6892.3999,2018-12-06,6838.8501,4,7,0.1,-0.0006882,-2e-05,-2e-05,0.0,-4.13e-05,-4.86e-05,0.0,-0.0008181,-0.0077694,False
NAS100,2018-12-28,6285.27,2019-01-04,6422.6699,4,7,0.1,0.0023215,-2e-05,-2e-05,0.0,-4.62e-05,-4.86e-05,0.0,0.0021867,0.0218606,False
NAS100,2019-01-30,6807.9102,2019-02-05,7023.52,4,6,0.1,0.003141,-2e-05,-2e-05,0.0,-3.96e-05,-4.17e-05,0.0,0.0030198,0.0316705,False
NAS100,2019-02-27,7117.0,2019-03-05,7156.79,4,6,0.1,0.0005608,-2e-05,-2e-05,0.0,-3.96e-05,-4.17e-05,0.0,0.0004396,0.0055908,False
NAS100,2019-03-28,7320.4702,2019-04-03,7544.9702,4,6,0.1,0.0030351,-2e-05,-2e-05,0.0,-3.96e-05,-4.17e-05,0.0,0.0029138,0.0306674,False
NAS100,2019-04-29,7839.04,2019-05-03,7845.73,4,4,0.1,0.0001017,-2e-05,-2e-05,0.0,-2.64e-05,-2.78e-05,0.0,7.5e-06,0.0008534,False
NAS100,2019-05-30,7245.3999,2019-06-05,7220.8999,4,6,0.1,-0.0002642,-2e-05,-2e-05,0.0,-3.96e-05,-4.17e-05,0.0,-0.0003855,-0.0033815,False
NAS100,2019-06-27,7657.0498,2019-07-03,7857.6899,4,6,0.1,0.0025983,-2e-05,-2e-05,0.0,-3.96e-05,-4.17e-05,0.0,0.002477,0.0262033,False
NAS100,2019-07-30,7952.4702,2019-08-05,7415.6899,4,6,0.1,-0.0069018,-2e-05,-2e-05,0.0,-3.68e-05,-4.17e-05,0.0,-0.0070203,-0.0674986,False
NAS100,2019-08-29,7702.3101,2019-09-05,7862.54,4,7,0.1,0.002092,-2e-05,-2e-05,0.0,-4.13e-05,-4.86e-05,0.0,0.0019621,0.0208028,False
NAS100,2019-09-27,7681.5801,2019-10-03,7638.3901,4,6,0.1,-0.0005345,-2e-05,-2e-05,0.0,-3.13e-05,-4.17e-05,0.0,-0.0006474,-0.0056225,False
NAS100,2019-10-30,8083.1099,2019-11-05,8210.1797,4,6,0.1,0.0015662,-2e-05,-2e-05,0.0,-2.78e-05,-4.17e-05,0.0,0.0014567,0.0157204,False
NAS100,2019-11-27,8444.71,2019-12-04,8296.5303,4,7,0.1,-0.0017593,-2e-05,-2e-05,0.0,-3.16e-05,-4.86e-05,0.0,-0.0018795,-0.017547,False
NAS100,2019-12-30,8709.7305,2020-01-06,8848.5195,4,7,0.1,0.0015997,-2e-05,-2e-05,0.0,-3.16e-05,-4.86e-05,0.0,0.0014795,0.0159349,False
NAS100,2020-01-30,9136.0898,2020-02-05,9367.4805,4,6,0.1,0.0025511,-2e-05,-2e-05,0.0,-2.71e-05,-4.17e-05,0.0,0.0024424,0.0253271,False
NAS100,2020-02-27,8436.6699,2020-03-04,8949.2803,4,6,0.1,0.0061511,-2e-05,-2e-05,0.0,-2.71e-05,-4.17e-05,0.0,0.0060424,0.0607598,False
NAS100,2020-03-30,7889.0098,2020-04-03,7528.1099,4,4,0.1,-0.0045582,-2e-05,-2e-05,0.0,-1.4e-06,-2.78e-05,0.0,-0.0046273,-0.0457472,False
NAS100,2020-04-29,8982.7598,2020-05-05,8930.6201,4,6,0.1,-0.000517,-2e-05,-2e-05,0.0,-2.1e-06,-4.17e-05,0.0,-0.0006007,-0.0058044,False
NAS100,2020-05-28,9416.71,2020-06-03,9704.6904,4,6,0.1,0.0030272,-2e-05,-2e-05,0.0,-2.1e-06,-4.17e-05,0.0,0.0029434,0.0305819,False
NAS100,2020-06-29,9961.1602,2020-07-06,10604.0596,4,7,0.1,0.006314,-2e-05,-2e-05,0.0,-2.4e-06,-4.86e-05,0.0,0.006223,0.0645406,False
NAS100,2020-07-30,10715.5098,2020-08-05,11125.4404,4,6,0.1,0.0037801,-2e-05,-2e-05,0.0,-2.1e-06,-4.17e-05,0.0,0.0036964,0.0382558,False
NAS100,2020-08-28,11995.8496,2020-09-03,11771.3701,4,6,0.1,-0.0017264,-2e-05,-2e-05,0.0,-2.1e-06,-4.17e-05,0.0,-0.0018101,-0.0187131,False
NAS100,2020-09-29,11322.9502,2020-10-05,11509.0596,4,6,0.1,0.0017099,-2e-05,-2e-05,0.0,-2.1e-06,-4.17e-05,0.0,0.0016261,0.0164365,False
NAS100,2020-10-29,11350.7402,2020-11-04,11777.0195,4,6,0.1,0.0038318,-2e-05,-2e-05,0.0,-2.1e-06,-4.17e-05,0.0,0.0037481,0.0375552,False
NAS100,2020-11-27,12258.21,2020-12-03,12467.1299,4,6,0.1,0.0017015,-2e-05,-2e-05,0.0,-2.1e-06,-4.17e-05,0.0,0.0016178,0.0170433,False
JPN225,1989-12-28,38876.9414,1990-01-08,38294.9609,4,11,0.1,-0.0015004,-2e-05,-2e-05,0.0,-0.0001299,-7.64e-05,0.0,-0.0017467,-0.0149698,False
JPN225,1990-01-30,37215.6719,1990-02-05,37631.4102,4,6,0.1,0.001118,-2e-05,-2e-05,0.0,-7.08e-05,-4.17e-05,0.0,0.0009655,0.0111711,False
JPN225,1990-02-27,33897.9492,1990-03-05,33845.1992,4,6,0.1,-0.0001062,-2e-05,-2e-05,0.0,-7.08e-05,-4.17e-05,0.0,-0.0002587,-0.0015561,False
JPN225,1990-03-29,31026.1602,1990-04-04,28442.9395,4,6,0.1,-0.0083651,-2e-05,-2e-05,0.0,-8.75e-05,-4.17e-05,0.0,-0.0085343,-0.0832594,False
JPN225,1990-04-26,29424.5801,1990-05-07,30956.2695,4,11,0.1,0.0051228,-2e-05,-2e-05,0.0,-0.0001604,-7.64e-05,0.0,0.004846,0.0520548,False
JPN225,1990-05-30,32926.2617,1990-06-05,32921.6211,4,6,0.1,-9.5e-06,-2e-05,-2e-05,0.0,-8.75e-05,-4.17e-05,0.0,-0.0001787,-0.0001409,False
JPN225,1990-06-28,32106.1895,1990-07-04,32445.9199,4,6,0.1,0.0010594,-2e-05,-2e-05,0.0,-8.75e-05,-4.17e-05,0.0,0.0008903,0.0105815,False
JPN225,1990-07-30,30442.9492,1990-08-03,29515.7598,4,4,0.1,-0.003024,-2e-05,-2e-05,0.0,-5.83e-05,-2.78e-05,0.0,-0.0031501,-0.0304566,False
JPN225,1990-08-30,25669.9609,1990-09-05,24078.3398,4,6,0.1,-0.006293,-2e-05,-2e-05,0.0,-0.0001,-4.17e-05,0.0,-0.0064747,-0.0620033,False
JPN225,1990-09-27,21771.9102,1990-10-03,22849.3906,4,6,0.1,0.0057709,-2e-05,-2e-05,0.0,-0.0001,-4.17e-05,0.0,0.0055892,0.0494895,False
JPN225,1990-10-30,25242.4004,1990-11-05,24385.3301,4,6,0.1,-0.003385,-2e-05,-2e-05,0.0,-0.0001,-4.17e-05,0.0,-0.0035667,-0.0339536,False
JPN225,1990-11-29,22712.5996,1990-12-05,22193.7207,4,6,0.1,-0.0022119,-2e-05,-2e-05,0.0,-0.0001,-4.17e-05,0.0,-0.0023936,-0.0228454,False
JPN225,1990-12-27,23940.6992,1991-01-08,22897.8398,4,12,0.1,-0.0043752,-2e-05,-2e-05,0.0,-0.0002,-8.33e-05,0.0,-0.0046985,-0.0435601,False
JPN225,1991-01-30,23409.6094,1991-02-05,23821.5703,4,6,0.1,0.001775,-2e-05,-2e-05,0.0,-0.0001,-4.17e-05,0.0,0.0015933,0.0175979,False
JPN225,1991-02-27,26094.25,1991-03-05,25913.4805,4,6,0.1,-0.0006668,-2e-05,-2e-05,0.0,-0.0001,-4.17e-05,0.0,-0.0008484,-0.0069276,False
JPN225,1991-03-28,26206.9199,1991-04-03,26780.0605,4,6,0.1,0.0021942,-2e-05,-2e-05,0.0,-0.0001,-4.17e-05,0.0,0.0020125,0.0218698,False
JPN225,1991-04-26,26123.6797,1991-05-07,26342.1406,4,11,0.1,0.0008445,-2e-05,-2e-05,0.0,-0.0001833,-7.64e-05,0.0,0.0005448,0.0083626,False
JPN225,1991-05-30,25647.4004,1991-06-05,25289.5703,4,6,0.1,-0.0013873,-2e-05,-2e-05,0.0,-0.0001,-4.17e-05,0.0,-0.001569,-0.0139519,False
JPN225,1991-06-27,23543.0293,1991-07-03,23373.4707,4,6,0.1,-0.0006215,-2e-05,-2e-05,0.0,-9.72e-05,-4.17e-05,0.0,-0.0008004,-0.0072021,False
JPN225,1991-07-30,23872.6309,1991-08-05,23833.25,4,6,0.1,-0.0001561,-2e-05,-2e-05,0.0,-9.17e-05,-4.17e-05,0.0,-0.0003294,-0.0016496,False
JPN225,1991-08-29,22002.1699,1991-09-04,22402.6895,4,6,0.1,0.0018176,-2e-05,-2e-05,0.0,-9.17e-05,-4.17e-05,0.0,0.0016443,0.0182036,False
JPN225,1991-09-27,23969.4707,1991-10-03,24711.4395,4,6,0.1,0.0030765,-2e-05,-2e-05,0.0,-9.17e-05,-4.17e-05,0.0,0.0029032,0.0309547,False
JPN225,1991-10-30,24981.1797,1991-11-06,24750.1992,4,7,0.1,-0.0009178,-2e-05,-2e-05,0.0,-0.0001069,-4.86e-05,0.0,-0.0011134,-0.0092462,False
JPN225,1991-11-28,22780.4199,1991-12-04,22669.4395,4,6,0.1,-0.0004112,-2e-05,-2e-05,0.0,-8.33e-05,-4.17e-05,0.0,-0.0005762,-0.0048717,False
JPN225,1991-12-27,22437.3203,1992-01-08,22715.0,4,12,0.1,0.0013927,-2e-05,-2e-05,0.0,-0.0001542,-8.33e-05,0.0,0.0011152,0.0123758,False
JPN225,1992-01-30,21557.6699,1992-02-05,21936.3691,4,6,0.1,0.0017682,-2e-05,-2e-05,0.0,-7.5e-05,-4.17e-05,0.0,0.0016115,0.0175668,False
JPN225,1992-02-27,21333.6992,1992-03-04,21105.4199,4,6,0.1,-0.0010522,-2e-05,-2e-05,0.0,-7.5e-05,-4.17e-05,0.0,-0.0012088,-0.0107004,False
JPN225,1992-03-30,19669.3105,1992-04-03,18559.7109,4,4,0.1,-0.005689,-2e-05,-2e-05,0.0,-4.58e-05,-2.78e-05,0.0,-0.0058026,-0.0564127,False
JPN225,1992-04-28,17527.4004,1992-05-07,18410.8809,4,9,0.1,0.0050195,-2e-05,-2e-05,0.0,-9.38e-05,-6.25e-05,0.0,0.0048232,0.0504057,False
JPN225,1992-05-28,17931.25,1992-06-03,18188.6797,4,6,0.1,0.0014726,-2e-05,-2e-05,0.0,-6.25e-05,-4.17e-05,0.0,0.0013285,0.0143565,False
JPN225,1992-06-29,15741.2695,1992-07-03,16717.7793,4,4,0.1,0.0060893,-2e-05,-2e-05,0.0,-4.17e-05,-2.78e-05,0.0,0.0059799,0.062035,False
JPN225,1992-07-30,15555.5996,1992-08-05,15983.6396,4,6,0.1,0.0027652,-2e-05,-2e-05,0.0,-5.42e-05,-4.17e-05,0.0,0.0026294,0.0275168,False
JPN225,1992-08-28,17970.7891,1992-09-03,18386.4902,4,6,0.1,0.0024079,-2e-05,-2e-05,0.0,-5.42e-05,-4.17e-05,0.0,0.0022721,0.023132,False
JPN225,1992-09-29,17748.0898,1992-10-05,17101.5,4,6,0.1,-0.0036828,-2e-05,-2e-05,0.0,-5.42e-05,-4.17e-05,0.0,-0.0038186,-0.0364315,False
JPN225,1992-10-29,16937.7109,1992-11-05,17031.5898,4,7,0.1,0.0005672,-2e-05,-2e-05,0.0,-6.32e-05,-4.86e-05,0.0,0.0004154,0.0055426,False
JPN225,1992-11-27,17470.6094,1992-12-03,17260.0801,4,6,0.1,-0.0011787,-2e-05,-2e-05,0.0,-5.42e-05,-4.17e-05,0.0,-0.0013145,-0.0120505,False
JPN225,1992-12-29,17285.6406,1993-01-06,16782.8809,4,8,0.1,-0.0029241,-2e-05,-2e-05,0.0,-7.22e-05,-5.56e-05,0.0,-0.0030919,-0.0290854,False
JPN225,1993-01-28,17063.4102,1993-02-03,17222.0293,4,6,0.1,0.0009283,-2e-05,-2e-05,0.0,-5.42e-05,-4.17e-05,0.0,0.0007925,0.0092959,False
JPN225,1993-02-25,16907.3906,1993-03-03,16853.9199,4,6,0.1,-0.0003154,-2e-05,-2e-05,0.0,-4.17e-05,-4.17e-05,0.0,-0.0004387,-0.0031626,False
JPN225,1993-03-30,18963.1602,1993-04-05,19759.4609,4,6,0.1,0.0041987,-2e-05,-2e-05,0.0,-4.17e-05,-4.17e-05,0.0,0.0040753,0.041992,False
JPN225,1993-04-28,20454.5703,1993-05-10,21054.7109,4,12,0.1,0.0029384,-2e-05,-2e-05,0.0,-8.33e-05,-8.33e-05,0.0,0.0027317,0.0293402,False
JPN225,1993-05-28,20843.6895,1993-06-03,21076.0,4,6,0.1,0.0011366,-2e-05,-2e-05,0.0,-4.17e-05,-4.17e-05,0.0,0.0010133,0.0111454,False
JPN225,1993-06-29,19543.4199,1993-07-05,19623.0605,4,6,0.1,0.0004331,-2e-05,-2e-05,0.0,-4.17e-05,-4.17e-05,0.0,0.0003097,0.0040751,False
JPN225,1993-07-29,20456.8496,1993-08-04,20497.5508,4,6,0.1,0.000202,-2e-05,-2e-05,0.0,-4.17e-05,-4.17e-05,0.0,7.87e-05,0.0019896,False
JPN225,1993-08-30,20912.6895,1993-09-03,21116.2109,4,4,0.1,0.0009727,-2e-05,-2e-05,0.0,-2.78e-05,-2.78e-05,0.0,0.0008771,0.009732,False
JPN225,1993-09-29,20077.4102,1993-10-05,20321.9297,4,6,0.1,0.0012149,-2e-05,-2e-05,0.0,-2.92e-05,-4.17e-05,0.0,0.0011041,0.0121788,False
JPN225,1993-10-28,19479.4492,1993-11-04,18949.7891,4,7,0.1,-0.0027155,-2e-05,-2e-05,0.0,-3.4e-05,-4.86e-05,0.0,-0.0028381,-0.0271907,False
JPN225,1993-11-29,16078.71,1993-12-03,17459.3496,4,4,0.1,0.0083704,-2e-05,-2e-05,0.0,-1.94e-05,-2.78e-05,0.0,0.0082832,0.0858676,False
JPN225,1993-12-29,17272.0293,1994-01-06,17881.9902,4,8,0.1,0.0035039,-2e-05,-2e-05,0.0,-3.89e-05,-5.56e-05,0.0,0.0033695,0.035315,False
JPN225,1994-01-28,18757.8809,1994-02-03,20174.8203,4,6,0.1,0.0075828,-2e-05,-2e-05,0.0,-2.92e-05,-4.17e-05,0.0,0.007472,0.0755384,False
JPN225,1994-02-25,19803.3809,1994-03-03,19605.8594,4,6,0.1,-0.0009615,-2e-05,-2e-05,0.0,-2.92e-05,-4.17e-05,0.0,-0.0010724,-0.0099741,False
JPN225,1994-03-30,19559.9102,1994-04-05,19563.2109,4,6,0.1,7.67e-05,-2e-05,-2e-05,0.0,-2.92e-05,-4.17e-05,0.0,-3.42e-05,0.0001688,False
JPN225,1994-04-27,19729.1504,1994-05-09,19786.9609,4,12,0.1,0.0003075,-2e-05,-2e-05,0.0,-5.83e-05,-8.33e-05,0.0,0.0001258,0.0029302,False
JPN225,1994-05-30,20838.9707,1994-06-03,20954.1895,4,4,0.1,0.0005547,-2e-05,-2e-05,0.0,-1.94e-05,-2.78e-05,0.0,0.0004675,0.005529,False
JPN225,1994-06-29,20481.0,1994-07-05,20834.3691,4,6,0.1,0.0017207,-2e-05,-2e-05,0.0,-2.92e-05,-4.17e-05,0.0,0.0016098,0.0172535,False
JPN225,1994-07-28,20247.8496,1994-08-03,20632.7305,4,6,0.1,0.00191,-2e-05,-2e-05,0.0,-2.92e-05,-4.17e-05,0.0,0.0017992,0.0190085,False
JPN225,1994-08-30,20592.1191,1994-09-05,20409.1797,4,6,0.1,-0.0008851,-2e-05,-2e-05,0.0,-2.92e-05,-4.17e-05,0.0,-0.0009959,-0.008884,False
JPN225,1994-09-29,19615.1191,1994-10-05,19751.5508,4,6,0.1,0.0006997,-2e-05,-2e-05,0.0,-2.92e-05,-4.17e-05,0.0,0.0005888,0.0069554,False
JPN225,1994-10-28,19805.1602,1994-11-04,19811.5605,4,7,0.1,4.13e-05,-2e-05,-2e-05,0.0,-3.4e-05,-4.86e-05,0.0,-8.14e-05,0.0003232,False
JPN225,1994-11-29,18926.4902,1994-12-05,19305.6602,4,6,0.1,0.0020002,-2e-05,-2e-05,0.0,-2.92e-05,-4.17e-05,0.0,0.0018893,0.0200338,False
JPN225,1994-12-29,19752.9805,1995-01-06,19519.4609,4,8,0.1,-0.0011871,-2e-05,-2e-05,0.0,-3.89e-05,-5.56e-05,0.0,-0.0013216,-0.011822,False
JPN225,1995-01-30,18752.8809,1995-02-03,18538.9707,4,4,0.1,-0.0011413,-2e-05,-2e-05,0.0,-1.94e-05,-2.78e-05,0.0,-0.0012286,-0.0114068,False
JPN225,1995-02-27,16808.6992,1995-03-03,17039.6191,4,4,0.1,0.0014302,-2e-05,-2e-05,0.0,-1.94e-05,-2.78e-05,0.0,0.001343,0.0137381,False
JPN225,1995-03-30,16512.2207,1995-04-05,15882.4902,4,6,0.1,-0.0037226,-2e-05,-2e-05,0.0,-2.92e-05,-4.17e-05,0.0,-0.0038335,-0.0381372,False
JPN225,1995-04-27,16883.9902,1995-05-08,17103.6895,4,11,0.1,0.0013074,-2e-05,-2e-05,0.0,-3.06e-05,-7.64e-05,0.0,0.0011604,0.0130123,False
JPN225,1995-05-30,15762.9697,1995-06-05,15897.3203,4,6,0.1,0.0008892,-2e-05,-2e-05,0.0,-1.67e-05,-4.17e-05,0.0,0.0007909,0.0085232,False
JPN225,1995-06-29,14507.1699,1995-07-05,14830.4404,4,6,0.1,0.0022226,-2e-05,-2e-05,0.0,-1.67e-05,-4.17e-05,0.0,0.0021243,0.0222835,False
JPN225,1995-07-28,16649.4492,1995-08-03,16893.7109,4,6,0.1,0.0015046,-2e-05,-2e-05,0.0,-1.67e-05,-4.17e-05,0.0,0.0014062,0.0146709,False
JPN225,1995-08-30,17983.8594,1995-09-05,17794.0391,4,6,0.1,-0.0010367,-2e-05,-2e-05,0.0,-1.67e-05,-4.17e-05,0.0,-0.001135,-0.010555,False
JPN225,1995-09-28,18022.8594,1995-10-04,18145.0801,4,6,0.1,0.0007079,-2e-05,-2e-05,0.0,-8.3e-06,-4.17e-05,0.0,0.0006179,0.0067814,False
JPN225,1995-10-30,17509.1699,1995-11-06,18036.9707,4,7,0.1,0.0030278,-2e-05,-2e-05,0.0,-9.7e-06,-4.86e-05,0.0,0.0029295,0.0301442,False
JPN225,1995-11-29,18533.9805,1995-12-05,18879.5293,4,6,0.1,0.0018554,-2e-05,-2e-05,0.0,-8.3e-06,-4.17e-05,0.0,0.0017654,0.0186441,False
JPN225,1995-12-28,19873.1309,1996-01-08,20563.5801,4,11,0.1,0.0034864,-2e-05,-2e-05,0.0,-1.53e-05,-7.64e-05,0.0,0.0033547,0.0347429,False
JPN225,1996-01-30,20722.4395,1996-02-05,20653.3809,4,6,0.1,-0.0003238,-2e-05,-2e-05,0.0,-8.3e-06,-4.17e-05,0.0,-0.0004138,-0.0033326,False
JPN225,1996-02-28,19919.9707,1996-03-05,20183.8691,4,6,0.1,0.0013247,-2e-05,-2e-05,0.0,-8.3e-06,-4.17e-05,0.0,0.0012347,0.0132479,False
JPN225,1996-03-28,21295.8203,1996-04-03,21464.7305,4,6,0.1,0.0007961,-2e-05,-2e-05,0.0,-8.3e-06,-4.17e-05,0.0,0.0007061,0.0079316,False
JPN225,1996-04-26,22235.0293,1996-05-07,21495.2793,4,11,0.1,-0.003369,-2e-05,-2e-05,0.0,-1.53e-05,-7.64e-05,0.0,-0.0035007,-0.0332696,False
JPN225,1996-05-30,21886.3496,1996-06-05,21881.4297,4,6,0.1,-0.0,-2e-05,-2e-05,0.0,-8.3e-06,-4.17e-05,0.0,-9e-05,-0.0002248,False
JPN225,1996-06-27,22501.6094,1996-07-03,22379.0195,4,6,0.1,-0.0005444,-2e-05,-2e-05,0.0,-8.3e-06,-4.17e-05,0.0,-0.0006344,-0.005448,False
JPN225,1996-07-30,20880.3301,1996-08-05,21077.4707,4,6,0.1,0.000956,-2e-05,-2e-05,0.0,-8.3e-06,-4.17e-05,0.0,0.000866,0.0094415,False
JPN225,1996-08-29,20553.1602,1996-09-04,20201.8691,4,6,0.1,-0.0017046,-2e-05,-2e-05,0.0,-8.3e-06,-4.17e-05,0.0,-0.0017946,-0.0170918,False
JPN225,1996-09-27,21547.0195,1996-10-03,21331.5,4,6,0.1,-0.0010011,-2e-05,-2e-05,0.0,-8.3e-06,-4.17e-05,0.0,-0.0010911,-0.0100023,False
JPN225,1996-10-30,20681.6699,1996-11-06,20991.5195,4,7,0.1,0.0015145,-2e-05,-2e-05,0.0,-9.7e-06,-4.86e-05,0.0,0.0014162,0.0149818,False
JPN225,1996-11-28,21035.5391,1996-12-04,20659.9102,4,6,0.1,-0.0017878,-2e-05,-2e-05,0.0,-8.3e-06,-4.17e-05,0.0,-0.0018778,-0.0178569,False
JPN225,1996-12-27,19369.0391,1997-01-08,18680.3809,4,12,0.1,-0.0035719,-2e-05,-2e-05,0.0,-1.67e-05,-8.33e-05,0.0,-0.0037119,-0.0355546,False
JPN225,1997-01-30,17864.0391,1997-02-05,18185.9707,4,6,0.1,0.0018388,-2e-05,-2e-05,0.0,-8.3e-06,-4.17e-05,0.0,0.0017488,0.0180212,False
JPN225,1997-02-27,19021.5605,1997-03-05,18273.5098,4,6,0.1,-0.0039642,-2e-05,-2e-05,0.0,-8.3e-06,-4.17e-05,0.0,-0.0040542,-0.0393265,False
JPN225,1997-03-28,18189.7207,1997-04-03,18129.3105,4,6,0.1,-0.0003189,-2e-05,-2e-05,0.0,-8.3e-06,-4.17e-05,0.0,-0.0004089,-0.0033211,False
JPN225,1997-04-28,18670.3691,1997-05-06,20180.9199,4,8,0.1,0.0078793,-2e-05,-2e-05,0.0,-1.11e-05,-5.56e-05,0.0,0.0077726,0.0809063,False
JPN225,1997-05-29,20312.2305,1997-06-04,20611.5605,4,6,0.1,0.0014899,-2e-05,-2e-05,0.0,-8.3e-06,-4.17e-05,0.0,0.0013999,0.0147364,False
JPN225,1997-06-27,20523.75,1997-07-03,20121.4102,4,6,0.1,-0.0019563,-2e-05,-2e-05,0.0,-8.3e-06,-4.17e-05,0.0,-0.0020463,-0.0196036,False
JPN225,1997-07-30,20212.8203,1997-08-05,19514.4492,4,6,0.1,-0.0034748,-2e-05,-2e-05,0.0,-8.3e-06,-4.17e-05,0.0,-0.0035648,-0.0345509,False
JPN225,1997-08-28,18451.4492,1997-09-03,18735.1699,4,6,0.1,0.0015907,-2e-05,-2e-05,0.0,-8.3e-06,-4.17e-05,0.0,0.0015007,0.0153766,False
JPN225,1997-09-29,17987.2109,1997-10-03,17647.4492,4,4,0.1,-0.0018752,-2e-05,-2e-05,0.0,-5.6e-06,-2.78e-05,0.0,-0.0019485,-0.0188891,False
JPN225,1997-10-30,16364.9404,1997-11-06,16533.8691,4,7,0.1,0.0010308,-2e-05,-2e-05,0.0,-9.7e-06,-4.86e-05,0.0,0.0009324,0.0103226,False
JPN225,1997-11-27,16603.1992,1997-12-03,16585.5098,4,6,0.1,-6.15e-05,-2e-05,-2e-05,0.0,-8.3e-06,-4.17e-05,0.0,-0.0001515,-0.0010654,False
JPN225,1997-12-29,14775.2197,1998-01-07,15028.1699,4,9,0.1,0.0017744,-2e-05,-2e-05,0.0,-1.25e-05,-6.25e-05,0.0,0.0016594,0.0171199,False
JPN225,1998-01-29,17014.5898,1998-02-04,16882.6191,4,6,0.1,-0.0007345,-2e-05,-2e-05,0.0,-8.3e-06,-4.17e-05,0.0,-0.0008245,-0.0077563,False
JPN225,1998-02-26,16501.6992,1998-03-04,17095.5996,4,6,0.1,0.0035904,-2e-05,-2e-05,0.0,-8.3e-06,-4.17e-05,0.0,0.0035004,0.0359903,False
JPN225,1998-03-30,16263.04,1998-04-03,15517.7803,4,4,0.1,-0.0045994,-2e-05,-2e-05,0.0,-5.6e-06,-2.78e-05,0.0,-0.0046728,-0.0458254,False
JPN225,1998-04-28,15395.4297,1998-05-07,15143.0303,4,9,0.1,-0.0016113,-2e-05,-2e-05,0.0,-1.25e-05,-6.25e-05,0.0,-0.0017263,-0.0163944,False
JPN225,1998-05-28,15796.5498,1998-06-03,15347.0,4,6,0.1,-0.0028382,-2e-05,-2e-05,0.0,-8.3e-06,-4.17e-05,0.0,-0.0029282,-0.0284587,False
JPN225,1998-06-29,15365.7305,1998-07-03,16511.2402,4,4,0.1,0.0072928,-2e-05,-2e-05,0.0,-5.6e-06,-2.78e-05,0.0,0.0072195,0.0745496,False
JPN225,1998-07-30,16201.5996,1998-08-05,15992.1602,4,6,0.1,-0.0012825,-2e-05,-2e-05,0.0,-8.3e-06,-4.17e-05,0.0,-0.0013725,-0.0129271,False
JPN225,1998-08-28,13915.6299,1998-09-03,14261.2402,4,6,0.1,0.002483,-2e-05,-2e-05,0.0,-8.3e-06,-4.17e-05,0.0,0.002393,0.0248361,False
JPN225,1998-09-29,13821.4297,1998-10-05,12948.1201,4,6,0.1,-0.0064464,-2e-05,-2e-05,0.0,-4.2e-06,-4.17e-05,0.0,-0.0065323,-0.0631852,False
JPN225,1998-10-29,13668.7197,1998-11-05,14341.3701,4,7,0.1,0.0049379,-2e-05,-2e-05,0.0,-4.9e-06,-4.86e-05,0.0,0.0048445,0.0492109,False
JPN225,1998-11-27,15069.3896,1998-12-03,14697.0801,4,6,0.1,-0.0024694,-2e-05,-2e-05,0.0,-4.2e-06,-4.17e-05,0.0,-0.0025553,-0.0247063,False
JPN225,1998-12-29,13846.9004,1999-01-06,13468.46,4,8,0.1,-0.0026976,-2e-05,-2e-05,0.0,-5.6e-06,-5.56e-05,0.0,-0.0027987,-0.0273303,False
JPN225,1999-01-28,14342.3203,1999-02-03,14161.3096,4,6,0.1,-0.001252,-2e-05,-2e-05,0.0,-4.2e-06,-4.17e-05,0.0,-0.0013378,-0.0126207,False
JPN225,2000-08-30,16901.6699,2000-09-05,16452.2695,4,6,0.1,-0.0026814,-2e-05,-2e-05,0.0,-4.2e-06,-4.17e-05,0.0,-0.0027673,-0.0265891,False
JPN225,2000-09-28,15626.96,2000-10-04,16149.0801,4,6,0.1,0.0033053,-2e-05,-2e-05,0.0,-4.2e-06,-4.17e-05,0.0,0.0032195,0.0334115,False
JPN225,2000-10-30,14464.5596,2000-11-06,15371.4404,4,7,0.1,0.0061716,-2e-05,-2e-05,0.0,-4.9e-06,-4.86e-05,0.0,0.0060781,0.0626967,False
JPN225,2000-11-29,14507.6396,2000-12-05,14695.0498,4,6,0.1,0.0013148,-2e-05,-2e-05,0.0,-4.2e-06,-4.17e-05,0.0,0.0012289,0.012918,False
JPN225,2000-12-28,13946.96,2001-01-09,13610.5098,4,12,0.1,-0.0024072,-2e-05,-2e-05,0.0,-8.3e-06,-8.33e-05,0.0,-0.0025389,-0.0241236,False
JPN225,2001-01-30,13826.6504,2001-02-05,13385.5195,4,6,0.1,-0.0032124,-2e-05,-2e-05,0.0,-4.2e-06,-4.17e-05,0.0,-0.0032982,-0.0319044,False
JPN225,2001-02-27,13059.8604,2001-03-05,12322.1602,4,6,0.1,-0.0057356,-2e-05,-2e-05,0.0,-2.8e-06,-4.17e-05,0.0,-0.00582,-0.0564861,False
JPN225,2006-03-30,17045.3398,2006-04-05,17243.9805,4,6,0.1,0.0011721,-2e-05,-2e-05,0.0,0.0,-4.17e-05,0.0,0.0010904,0.0116537,False
JPN225,2006-04-27,17114.5391,2006-05-08,17291.6699,4,11,0.1,0.0010494,-2e-05,-2e-05,0.0,0.0,-7.64e-05,0.0,0.000933,0.0103497,False
JPN225,2006-05-30,15859.4502,2006-06-05,15668.3096,4,6,0.1,-0.0011615,-2e-05,-2e-05,0.0,0.0,-4.17e-05,0.0,-0.0012431,-0.0120522,False
JPN225,2006-06-29,15121.1504,2006-07-05,15523.9404,4,6,0.1,0.0026651,-2e-05,-2e-05,0.0,0.0,-4.17e-05,0.0,0.0025835,0.0266375,False
JPN225,2006-07-28,15342.8701,2006-08-03,15470.3701,4,6,0.1,0.0008305,-2e-05,-2e-05,0.0,-4.2e-06,-4.17e-05,0.0,0.0007447,0.00831,False
JPN225,2006-08-30,15872.0195,2006-09-05,16385.9609,4,6,0.1,0.0032106,-2e-05,-2e-05,0.0,-4.2e-06,-4.17e-05,0.0,0.0031247,0.0323803,False
JPN225,2006-09-28,16024.8496,2006-10-04,16082.5498,4,6,0.1,0.0003694,-2e-05,-2e-05,0.0,-4.2e-06,-4.17e-05,0.0,0.0002836,0.0036007,False
JPN225,2006-10-30,16351.8496,2006-11-06,16364.7598,4,7,0.1,7.96e-05,-2e-05,-2e-05,0.0,-4.9e-06,-4.86e-05,0.0,-1.39e-05,0.0007895,False
JPN225,2006-11-29,16076.2002,2006-12-05,16265.7598,4,6,0.1,0.0011805,-2e-05,-2e-05,0.0,-4.2e-06,-4.17e-05,0.0,0.0010947,0.0117913,False
JPN225,2006-12-28,17224.8105,2007-01-09,17237.7695,4,12,0.1,9.31e-05,-2e-05,-2e-05,0.0,-8.3e-06,-8.33e-05,0.0,-3.86e-05,0.0007523,False
JPN225,2007-01-30,17490.1895,2007-02-05,17344.8008,4,6,0.1,-0.000823,-2e-05,-2e-05,0.0,-4.2e-06,-4.17e-05,0.0,-0.0009088,-0.0083126,False
JPN225,2007-02-27,18119.9199,2007-03-05,16642.25,4,6,0.1,-0.0083954,-2e-05,-2e-05,0.0,-8.3e-06,-4.17e-05,0.0,-0.0084854,-0.0815495,False
JPN225,2007-03-29,17263.9395,2007-04-04,17544.0898,4,6,0.1,0.0016441,-2e-05,-2e-05,0.0,-8.3e-06,-4.17e-05,0.0,0.0015541,0.0162275,False
JPN225,2007-04-26,17429.1699,2007-05-07,17669.8301,4,11,0.1,0.0013888,-2e-05,-2e-05,0.0,-1.53e-05,-7.64e-05,0.0,0.0012572,0.0138079,False
JPN225,2007-05-30,17588.2598,2007-06-05,18053.8105,4,6,0.1,0.0026278,-2e-05,-2e-05,0.0,-8.3e-06,-4.17e-05,0.0,0.0025378,0.0264694,False
JPN225,2007-06-28,17932.2695,2007-07-04,18168.7207,4,6,0.1,0.0013166,-2e-05,-2e-05,0.0,-8.3e-06,-4.17e-05,0.0,0.0012266,0.0131858,False
JPN225,2007-07-30,17289.3008,2007-08-03,16979.8594,4,4,0.1,-0.0017791,-2e-05,-2e-05,0.0,-5.6e-06,-2.78e-05,0.0,-0.0018525,-0.0178979,False
JPN225,2007-08-30,16153.8203,2007-09-05,16158.4502,4,6,0.1,7.64e-05,-2e-05,-2e-05,0.0,-8.3e-06,-4.17e-05,0.0,-1.36e-05,0.0002866,False
JPN225,2007-09-27,16832.2207,2007-10-03,17199.8906,4,6,0.1,0.0021729,-2e-05,-2e-05,0.0,-8.3e-06,-4.17e-05,0.0,0.0020829,0.0218432,False
JPN225,2007-10-30,16651.0098,2007-11-05,16268.9199,4,6,0.1,-0.0022833,-2e-05,-2e-05,0.0,-8.3e-06,-4.17e-05,0.0,-0.0023733,-0.0229469,False
JPN225,2007-11-29,15513.7402,2007-12-05,15608.8799,4,6,0.1,0.0006257,-2e-05,-2e-05,0.0,-8.3e-06,-4.17e-05,0.0,0.0005357,0.0061326,False
JPN225,2007-12-27,15564.6904,2008-01-08,14528.6699,4,12,0.1,-0.0067823,-2e-05,-2e-05,0.0,-1.67e-05,-8.33e-05,0.0,-0.0069223,-0.0665622,False
JPN225,2008-01-30,13345.0303,2008-02-05,13745.5,4,6,0.1,0.003015,-2e-05,-2e-05,0.0,-8.3e-06,-4.17e-05,0.0,0.002925,0.0300089,False
JPN225,2008-02-28,13925.5098,2008-03-05,12972.0596,4,6,0.1,-0.0069612,-2e-05,-2e-05,0.0,-8.3e-06,-4.17e-05,0.0,-0.0070512,-0.0684679,False
JPN225,2008-03-28,12820.4697,2008-04-03,13389.9004,4,6,0.1,0.0044757,-2e-05,-2e-05,0.0,-8.3e-06,-4.17e-05,0.0,0.0043857,0.0444157,False
JPN225,2008-04-28,13894.3701,2008-05-07,14102.4805,4,9,0.1,0.0015105,-2e-05,-2e-05,0.0,-1.25e-05,-6.25e-05,0.0,0.0013955,0.014978,False
JPN225,2008-05-29,14124.4697,2008-06-04,14435.5703,4,6,0.1,0.002218,-2e-05,-2e-05,0.0,-8.3e-06,-4.17e-05,0.0,0.002128,0.0220256,False
JPN225,2008-06-27,13544.3604,2008-07-03,13265.4004,4,6,0.1,-0.0020711,-2e-05,-2e-05,0.0,-8.3e-06,-4.17e-05,0.0,-0.0021611,-0.020596,False
JPN225,2008-07-30,13367.79,2008-08-05,12914.6602,4,6,0.1,-0.0034181,-2e-05,-2e-05,0.0,-8.3e-06,-4.17e-05,0.0,-0.0035081,-0.0338971,False
JPN225,2008-08-28,12768.25,2008-09-03,12689.5898,4,6,0.1,-0.0005556,-2e-05,-2e-05,0.0,-8.3e-06,-4.17e-05,0.0,-0.0006456,-0.0061606,False
JPN225,2008-09-29,11743.6104,2008-10-03,10938.1396,4,4,0.1,-0.0069765,-2e-05,-2e-05,0.0,-5.6e-06,-2.78e-05,0.0,-0.0070499,-0.068588,False
JPN225,2008-10-30,9029.7598,2008-11-06,8899.1396,4,7,0.1,-0.0008185,-2e-05,-2e-05,0.0,-6.4e-06,-4.86e-05,0.0,-0.0009135,-0.0144655,False
JPN225,2008-11-27,8373.3896,2008-12-03,8004.1001,4,6,0.1,-0.0042611,-2e-05,-2e-05,0.0,-5e-06,-4.17e-05,0.0,-0.0043478,-0.0441028,False
JPN225,2008-12-29,8747.1699,2009-01-07,9239.2402,4,9,0.1,0.0055182,-2e-05,-2e-05,0.0,-2.5e-06,-6.25e-05,0.0,0.0054132,0.0562548,False
JPN225,2009-01-29,8251.2402,2009-02-04,8038.9399,4,6,0.1,-0.0025072,-2e-05,-2e-05,0.0,-1.7e-06,-4.17e-05,0.0,-0.0025905,-0.0257295,False
JPN225,2009-02-26,7457.9302,2009-03-04,7290.96,4,6,0.1,-0.002173,-2e-05,-2e-05,0.0,-1.7e-06,-4.17e-05,0.0,-0.0022563,-0.0223883,False
JPN225,2009-03-30,8236.0801,2009-04-03,8749.8398,4,4,0.1,0.0062016,-2e-05,-2e-05,0.0,-1.1e-06,-2.78e-05,0.0,0.0061328,0.0623792,False
JPN225,2009-04-28,8493.7695,2009-05-08,9432.8301,4,10,0.1,0.0106777,-2e-05,-2e-05,0.0,-2.8e-06,-6.94e-05,0.0,0.0105654,0.1105588,False
JPN225,2009-05-28,9451.3896,2009-06-03,9741.6699,4,6,0.1,0.0030422,-2e-05,-2e-05,0.0,-1.7e-06,-4.17e-05,0.0,0.0029588,0.030713,False
JPN225,2009-06-29,9783.4697,2009-07-03,9816.0703,4,4,0.1,0.0003526,-2e-05,-2e-05,0.0,-1.1e-06,-2.78e-05,0.0,0.0002837,0.0033322,False
JPN225,2009-07-30,10165.21,2009-08-05,10252.5303,4,6,0.1,0.0008802,-2e-05,-2e-05,0.0,-1.7e-06,-4.17e-05,0.0,0.0007968,0.0085901,False
JPN225,2009-08-28,10534.1396,2009-09-04,10187.1104,4,7,0.1,-0.0033259,-2e-05,-2e-05,0.0,-1.9e-06,-4.86e-05,0.0,-0.0034165,-0.0329433,False
JPN225,2009-09-29,10100.2002,2009-10-05,9674.4902,4,6,0.1,-0.0042611,-2e-05,-2e-05,0.0,-1.7e-06,-4.17e-05,0.0,-0.0043445,-0.0421487,False
JPN225,2009-10-29,9891.0996,2009-11-05,9717.4404,4,7,0.1,-0.0017245,-2e-05,-2e-05,0.0,-1.9e-06,-4.86e-05,0.0,-0.0018151,-0.0175571,False
JPN225,2009-11-27,9081.5195,2009-12-03,9977.6699,4,6,0.1,0.0095537,-2e-05,-2e-05,0.0,-1.7e-06,-4.17e-05,0.0,0.0094704,0.0986785,False
JPN225,2009-12-29,10638.0596,2010-01-06,10731.4502,4,8,0.1,0.0008844,-2e-05,-2e-05,0.0,-2.2e-06,-5.56e-05,0.0,0.0007867,0.0087789,False
JPN225,2010-01-28,10414.29,2010-02-03,10404.3301,4,6,0.1,-6.02e-05,-2e-05,-2e-05,0.0,-1.7e-06,-4.17e-05,0.0,-0.0001435,-0.0009564,False
JPN225,2010-02-25,10101.96,2010-03-03,10253.1396,4,6,0.1,0.0014884,-2e-05,-2e-05,0.0,-1.7e-06,-4.17e-05,0.0,0.0014051,0.0149654,False
JPN225,2010-03-30,11097.1396,2010-04-05,11339.2998,4,6,0.1,0.0021701,-2e-05,-2e-05,0.0,-1.7e-06,-4.17e-05,0.0,0.0020868,0.0218219,False
JPN225,2010-04-28,10924.79,2010-05-10,10530.7002,4,12,0.1,-0.0035503,-2e-05,-2e-05,0.0,-3.3e-06,-8.33e-05,0.0,-0.003677,-0.036073,False
JPN225,2010-05-28,9762.9805,2010-06-03,9914.1904,4,6,0.1,0.0015963,-2e-05,-2e-05,0.0,-1.7e-06,-4.17e-05,0.0,0.0015129,0.0154881,False
JPN225,2010-06-29,9570.6699,2010-07-05,9266.7803,4,6,0.1,-0.0031837,-2e-05,-2e-05,0.0,-1.7e-06,-4.17e-05,0.0,-0.0032671,-0.0317522,False
JPN225,2010-07-29,9696.0195,2010-08-04,9489.3398,4,6,0.1,-0.0021096,-2e-05,-2e-05,0.0,-1.7e-06,-4.17e-05,0.0,-0.0021929,-0.0213159,False
JPN225,2010-08-30,9149.2598,2010-09-03,9114.1299,4,4,0.1,-0.0003002,-2e-05,-2e-05,0.0,-1.1e-06,-2.78e-05,0.0,-0.0003691,-0.0038396,False
JPN225,2010-09-29,9559.3799,2010-10-05,9518.7598,4,6,0.1,-0.0003941,-2e-05,-2e-05,0.0,-1.7e-06,-4.17e-05,0.0,-0.0004775,-0.0042492,False
JPN225,2010-10-28,9366.0303,2010-11-04,9358.7803,4,7,0.1,-3.74e-05,-2e-05,-2e-05,0.0,-1e-06,-4.86e-05,0.0,-0.000127,-0.0007741,False
JPN225,2010-11-29,10125.9902,2010-12-03,10178.3203,4,4,0.1,0.0005506,-2e-05,-2e-05,0.0,-6e-07,-2.78e-05,0.0,0.0004822,0.0051679,False
JPN225,2010-12-29,10344.54,2011-01-06,10529.7598,4,8,0.1,0.0018048,-2e-05,-2e-05,0.0,-1.1e-06,-5.56e-05,0.0,0.0017082,0.0179051,False
JPN225,2011-01-28,10360.3398,2011-02-03,10431.3604,4,6,0.1,0.0007068,-2e-05,-2e-05,0.0,-8e-07,-4.17e-05,0.0,0.0006243,0.006855,False
JPN225,2011-02-25,10526.7598,2011-03-03,10586.0195,4,6,0.1,0.0006071,-2e-05,-2e-05,0.0,-8e-07,-4.17e-05,0.0,0.0005246,0.0056294,False
JPN225,2011-03-30,9708.79,2011-04-05,9615.5498,4,6,0.1,-0.000957,-2e-05,-2e-05,0.0,-8e-07,-4.17e-05,0.0,-0.0010395,-0.0096037,False
JPN225,2011-04-27,9691.8398,2011-05-09,9794.3799,4,12,0.1,0.0010905,-2e-05,-2e-05,0.0,-1.7e-06,-8.33e-05,0.0,0.0009655,0.01058,False
JPN225,2011-05-30,9504.9697,2011-06-03,9492.21,4,4,0.1,-9.78e-05,-2e-05,-2e-05,0.0,-6e-07,-2.78e-05,0.0,-0.0001662,-0.0013424,False
JPN225,2011-06-29,9797.2598,2011-07-05,9972.46,4,6,0.1,0.0017789,-2e-05,-2e-05,0.0,-8e-07,-4.17e-05,0.0,0.0016964,0.0178826,False
JPN225,2011-07-28,9901.3496,2011-08-03,9637.1396,4,6,0.1,-0.0026635,-2e-05,-2e-05,0.0,-8e-07,-4.17e-05,0.0,-0.002746,-0.0266842,False
JPN225,2011-08-30,8953.9004,2011-09-05,8784.46,4,6,0.1,-0.0018787,-2e-05,-2e-05,0.0,-8e-07,-4.17e-05,0.0,-0.0019612,-0.0189236,False
JPN225,2011-09-29,8701.2305,2011-10-05,8382.9805,4,6,0.1,-0.0037008,-2e-05,-2e-05,0.0,-8e-07,-4.17e-05,0.0,-0.0037833,-0.0365753,False
JPN225,2011-10-28,9050.4697,2011-11-04,8801.4004,4,7,0.1,-0.0027317,-2e-05,-2e-05,0.0,-1e-06,-4.86e-05,0.0,-0.0028213,-0.02752,False
JPN225,2011-11-29,8477.8203,2011-12-05,8695.9805,4,6,0.1,0.0025637,-2e-05,-2e-05,0.0,-8e-07,-4.17e-05,0.0,0.0024812,0.025733,False
JPN225,2011-12-29,8398.8896,2012-01-06,8390.3496,4,8,0.1,-8.16e-05,-2e-05,-2e-05,0.0,-1.1e-06,-5.56e-05,0.0,-0.0001783,-0.0010168,False
JPN225,2012-01-30,8793.0498,2012-02-03,8831.9297,4,4,0.1,0.0004454,-2e-05,-2e-05,0.0,-6e-07,-2.78e-05,0.0,0.0003771,0.0044217,False
JPN225,2012-02-28,9722.5195,2012-03-05,9698.5898,4,6,0.1,-0.0002405,-2e-05,-2e-05,0.0,-8e-07,-4.17e-05,0.0,-0.000323,-0.0024613,False
JPN225,2012-03-29,10114.79,2012-04-04,9819.9902,4,6,0.1,-0.0029286,-2e-05,-2e-05,0.0,-8e-07,-4.17e-05,0.0,-0.0030111,-0.0291454,False
JPN225,2012-04-26,9561.8301,2012-05-07,9119.1396,4,11,0.1,-0.0046834,-2e-05,-2e-05,0.0,-1.5e-06,-7.64e-05,0.0,-0.0048013,-0.0462977,False
JPN225,2012-05-30,8633.1904,2012-06-05,8382.0,4,6,0.1,-0.0029197,-2e-05,-2e-05,0.0,-8e-07,-4.17e-05,0.0,-0.0030022,-0.0290959,False
JPN225,2012-06-28,8874.1104,2012-07-04,9104.1699,4,6,0.1,0.0025738,-2e-05,-2e-05,0.0,-8e-07,-4.17e-05,0.0,0.0024913,0.0259248,False
JPN225,2012-07-30,8635.4404,2012-08-03,8555.1104,4,4,0.1,-0.0009238,-2e-05,-2e-05,0.0,-6e-07,-2.78e-05,0.0,-0.0009921,-0.0093024,False
JPN225,2012-08-30,8983.7803,2012-09-05,8679.8203,4,6,0.1,-0.003421,-2e-05,-2e-05,0.0,-8e-07,-4.17e-05,0.0,-0.0035035,-0.0338343,False
JPN225,2012-09-27,8949.8701,2012-10-03,8746.8701,4,6,0.1,-0.0022858,-2e-05,-2e-05,0.0,-8e-07,-4.17e-05,0.0,-0.0023683,-0.0226819,False
JPN225,2012-10-30,8841.9805,2012-11-05,9007.4404,4,6,0.1,0.0018669,-2e-05,-2e-05,0.0,-8e-07,-4.17e-05,0.0,0.0017844,0.018713,False
JPN225,2012-11-29,9400.8799,2012-12-05,9468.8398,4,6,0.1,0.0007227,-2e-05,-2e-05,0.0,-8e-07,-4.17e-05,0.0,0.0006402,0.0072291,False
JPN225,2012-12-27,10322.9805,2013-01-08,10508.0596,4,12,0.1,0.0018256,-2e-05,-2e-05,0.0,-1.7e-06,-8.33e-05,0.0,0.0017006,0.0179288,False
JPN225,2013-01-30,11113.9502,2013-02-05,11046.9199,4,6,0.1,-0.0005835,-2e-05,-2e-05,0.0,-8e-07,-4.17e-05,0.0,-0.000666,-0.0060312,False
JPN225,2013-02-27,11253.9697,2013-03-05,11683.4502,4,6,0.1,0.0037834,-2e-05,-2e-05,0.0,-8e-07,-4.17e-05,0.0,0.0037009,0.0381626,False
JPN225,2013-03-28,12335.96,2013-04-03,12362.2002,4,6,0.1,0.0002863,-2e-05,-2e-05,0.0,-8e-07,-4.17e-05,0.0,0.0002038,0.0021271,False
JPN225,2016-09-29,16693.7109,2016-10-05,16819.2402,4,6,0.1,0.0007686,-2e-05,-2e-05,0.0,1.7e-06,-4.17e-05,0.0,0.0006886,0.0075196,False
JPN225,2016-10-28,17446.4102,2016-11-04,16905.3594,4,7,0.1,-0.0031254,-2e-05,-2e-05,0.0,1.9e-06,-4.86e-05,0.0,-0.0032121,-0.0310122,False
JPN225,2016-11-29,18307.0391,2016-12-05,18274.9902,4,6,0.1,-0.0001645,-2e-05,-2e-05,0.0,1.7e-06,-4.17e-05,0.0,-0.0002445,-0.0017506,False
JPN225,2016-12-29,19145.1406,2017-01-06,19454.3301,4,8,0.1,0.0016345,-2e-05,-2e-05,0.0,2.2e-06,-5.56e-05,0.0,0.0015411,0.0161498,False
JPN225,2017-01-30,19368.8496,2017-02-03,18918.1992,4,4,0.1,-0.0023306,-2e-05,-2e-05,0.0,1.1e-06,-2.78e-05,0.0,-0.0023973,-0.0232668,False
JPN225,2017-02-27,19107.4707,2017-03-03,19469.1699,4,4,0.1,0.0018906,-2e-05,-2e-05,0.0,1.1e-06,-2.78e-05,0.0,0.0018239,0.0189297,False
JPN225,2017-03-30,19063.2207,2017-04-05,18861.2695,4,6,0.1,-0.0010564,-2e-05,-2e-05,0.0,1.7e-06,-4.17e-05,0.0,-0.0011364,-0.0105938,False
JPN225,2017-04-27,19251.8691,2017-05-08,19895.6992,4,11,0.1,0.0033205,-2e-05,-2e-05,0.0,3.1e-06,-7.64e-05,0.0,0.0032072,0.0334425,False
JPN225,2017-05-30,19677.8496,2017-06-05,20170.8203,4,6,0.1,0.0024927,-2e-05,-2e-05,0.0,1.7e-06,-4.17e-05,0.0,0.0024127,0.0250521,False
JPN225,2017-06-29,20220.3008,2017-07-05,20081.6309,4,6,0.1,-0.0006834,-2e-05,-2e-05,0.0,1.7e-06,-4.17e-05,0.0,-0.0007634,-0.006858,False
JPN225,2017-07-28,19959.8398,2017-08-03,20029.2598,4,6,0.1,0.0003492,-2e-05,-2e-05,0.0,1.7e-06,-4.17e-05,0.0,0.0002692,0.003478,False
JPN225,2017-08-30,19506.5391,2017-09-05,19385.8105,4,6,0.1,-0.0006117,-2e-05,-2e-05,0.0,1.7e-06,-4.17e-05,0.0,-0.0006917,-0.0061891,False
JPN225,2017-09-28,20363.1094,2017-10-04,20626.6602,4,6,0.1,0.0012916,-2e-05,-2e-05,0.0,1.7e-06,-4.17e-05,0.0,0.0012116,0.0129426,False
JPN225,2017-10-30,22011.6699,2017-11-06,22548.3496,4,7,0.1,0.0024273,-2e-05,-2e-05,0.0,1.9e-06,-4.86e-05,0.0,0.0023407,0.0243816,False
JPN225,2017-11-29,22597.1992,2017-12-05,22622.3809,4,6,0.1,0.0001157,-2e-05,-2e-05,0.0,1.7e-06,-4.17e-05,0.0,3.57e-05,0.0011144,False
JPN225,2017-12-28,22783.9805,2018-01-09,23849.9902,4,12,0.1,0.0046301,-2e-05,-2e-05,0.0,3.3e-06,-8.33e-05,0.0,0.0045101,0.0467877,False
JPN225,2018-01-30,23291.9707,2018-02-05,22682.0801,4,6,0.1,-0.0025989,-2e-05,-2e-05,0.0,1.7e-06,-4.17e-05,0.0,-0.0026789,-0.0261846,False
JPN225,2018-02-27,22389.8594,2018-03-05,21042.0898,4,6,0.1,-0.0061517,-2e-05,-2e-05,0.0,1.7e-06,-4.17e-05,0.0,-0.0062317,-0.0601955,False
JPN225,2018-03-29,21159.0801,2018-04-04,21319.5508,4,6,0.1,0.0007668,-2e-05,-2e-05,0.0,1.7e-06,-4.17e-05,0.0,0.0006868,0.007584,False
JPN225,2018-04-26,22319.6094,2018-05-07,22467.1602,4,11,0.1,0.0006614,-2e-05,-2e-05,0.0,3.1e-06,-7.64e-05,0.0,0.0005481,0.0066108,False
JPN225,2018-05-30,22018.5195,2018-06-05,22539.5391,4,6,0.1,0.002352,-2e-05,-2e-05,0.0,1.7e-06,-4.17e-05,0.0,0.002272,0.0236628,False
JPN225,2018-06-28,22270.3906,2018-07-04,21717.0391,4,6,0.1,-0.0024906,-2e-05,-2e-05,0.0,1.7e-06,-4.17e-05,0.0,-0.0025706,-0.024847,False
JPN225,2018-07-30,22544.8398,2018-08-03,22525.1797,4,4,0.1,-7.82e-05,-2e-05,-2e-05,0.0,1.1e-06,-2.78e-05,0.0,-0.0001449,-0.000872,False
JPN225,2018-08-30,22869.5,2018-09-05,22580.8301,4,6,0.1,-0.0012666,-2e-05,-2e-05,0.0,1.7e-06,-4.17e-05,0.0,-0.0013466,-0.0126225,False
JPN225,2018-09-27,23796.7402,2018-10-03,24110.9609,4,6,0.1,0.0013245,-2e-05,-2e-05,0.0,1.7e-06,-4.17e-05,0.0,0.0012445,0.0132044,False
JPN225,2018-10-30,21457.2891,2018-11-05,21898.9902,4,6,0.1,0.0021107,-2e-05,-2e-05,0.0,1.7e-06,-4.17e-05,0.0,0.0020307,0.0205851,False
JPN225,2018-11-29,22262.5996,2018-12-05,21919.3301,4,6,0.1,-0.0015178,-2e-05,-2e-05,0.0,1.7e-06,-4.17e-05,0.0,-0.0015978,-0.0154191,False
JPN225,2018-12-27,20077.6191,2019-01-08,20204.0391,4,12,0.1,0.0006868,-2e-05,-2e-05,0.0,3.3e-06,-8.33e-05,0.0,0.0005668,0.0062966,False
JPN225,2019-01-30,20556.5391,2019-02-05,20844.4492,4,6,0.1,0.0013976,-2e-05,-2e-05,0.0,1.7e-06,-4.17e-05,0.0,0.0013176,0.0140058,False
JPN225,2019-02-27,21556.5098,2019-03-05,21726.2793,4,6,0.1,0.0007989,-2e-05,-2e-05,0.0,1.7e-06,-4.17e-05,0.0,0.0007189,0.0078756,False
JPN225,2019-03-28,21033.7598,2019-04-03,21713.2109,4,6,0.1,0.0031973,-2e-05,-2e-05,0.0,1.7e-06,-4.17e-05,0.0,0.0031173,0.0323029,False
JPN225,2019-04-25,22307.5801,2019-05-09,21402.1309,4,14,0.1,-0.0041168,-2e-05,-2e-05,0.0,3.9e-06,-9.72e-05,0.0,-0.0042501,-0.0405893,False
JPN225,2019-05-30,20942.5293,2019-06-05,20776.0996,4,6,0.1,-0.0007641,-2e-05,-2e-05,0.0,1.7e-06,-4.17e-05,0.0,-0.0008441,-0.007947,False
JPN225,2019-06-27,21338.1699,2019-07-03,21638.1602,4,6,0.1,0.0014205,-2e-05,-2e-05,0.0,1.7e-06,-4.17e-05,0.0,0.0013405,0.0140589,False
JPN225,2019-07-30,21709.3105,2019-08-05,20720.2891,4,6,0.1,-0.0046212,-2e-05,-2e-05,0.0,1.7e-06,-4.17e-05,0.0,-0.0047012,-0.0455575,False
JPN225,2019-08-29,20460.9297,2019-09-04,20649.1406,4,6,0.1,0.0009236,-2e-05,-2e-05,0.0,1.7e-06,-4.17e-05,0.0,0.0008436,0.0091986,False
JPN225,2019-09-27,21878.9004,2019-10-03,21341.7402,4,6,0.1,-0.0024609,-2e-05,-2e-05,0.0,1.7e-06,-4.17e-05,0.0,-0.0025409,-0.0245515,False
JPN225,2019-10-30,22843.1191,2019-11-06,23303.8203,4,7,0.1,0.0020134,-2e-05,-2e-05,0.0,1.9e-06,-4.86e-05,0.0,0.0019268,0.0201681,False
JPN225,2019-11-28,23409.1406,2019-12-04,23135.2305,4,6,0.1,-0.0011632,-2e-05,-2e-05,0.0,1.7e-06,-4.17e-05,0.0,-0.0012432,-0.011701,False
JPN225,2019-12-27,23837.7207,2020-01-08,23204.7598,4,12,0.1,-0.0026447,-2e-05,-2e-05,0.0,3.3e-06,-8.33e-05,0.0,-0.0027647,-0.0265529,False
JPN225,2020-01-30,22977.75,2020-02-05,23319.5605,4,6,0.1,0.0014929,-2e-05,-2e-05,0.0,1.7e-06,-4.17e-05,0.0,0.0014129,0.0148757,False
JPN225,2020-02-27,21948.2305,2020-03-04,21100.0605,4,6,0.1,-0.00386,-2e-05,-2e-05,0.0,1.7e-06,-4.17e-05,0.0,-0.00394,-0.0386441,False
JPN225,2020-03-30,19084.9707,2020-04-03,17820.1895,4,4,0.1,-0.0067391,-2e-05,-2e-05,0.0,1.1e-06,-2.78e-05,0.0,-0.0068058,-0.0662711,False
JPN225,2020-04-28,19771.1895,2020-05-08,20179.0898,4,10,0.1,0.0021386,-2e-05,-2e-05,0.0,2.8e-06,-6.94e-05,0.0,0.0020319,0.020631,False
JPN225,2020-05-28,21916.3105,2020-06-03,22613.7598,4,6,0.1,0.0031518,-2e-05,-2e-05,0.0,1.7e-06,-4.17e-05,0.0,0.0030718,0.0318233,False
JPN225,2020-06-29,21995.0391,2020-07-03,22306.4805,4,4,0.1,0.0014203,-2e-05,-2e-05,0.0,1.1e-06,-2.78e-05,0.0,0.0013536,0.0141596,False
JPN225,2020-07-30,22339.2305,2020-08-05,22514.8496,4,6,0.1,0.0008628,-2e-05,-2e-05,0.0,1.7e-06,-4.17e-05,0.0,0.0007828,0.0078615,False
JPN225,2020-08-28,22882.6504,2020-09-03,23465.5293,4,6,0.1,0.0025271,-2e-05,-2e-05,0.0,1.7e-06,-4.17e-05,0.0,0.0024471,0.0254725,False
JPN225,2020-09-29,23539.0996,2020-10-06,23433.7305,4,7,0.1,-0.0004262,-2e-05,-2e-05,0.0,1.9e-06,-4.86e-05,0.0,-0.0005128,-0.0044763,False
JPN225,2020-10-29,23331.9395,2020-11-05,24105.2793,4,7,0.1,0.0033113,-2e-05,-2e-05,0.0,1.9e-06,-4.86e-05,0.0,0.0032247,0.0331451,False
JPN225,2020-11-27,26644.7109,2020-12-03,26809.3691,4,6,0.1,0.0006281,-2e-05,-2e-05,0.0,1.7e-06,-4.17e-05,0.0,0.0005481,0.0061798,False
UK100,1989-12-28,2398.8,1990-01-04,2451.6001,4,7,0.1,0.0021918,-2e-05,-2e-05,0.0,-0.0002892,-4.86e-05,0.0,0.001814,0.022011,False
UK100,1990-01-30,2322.0,1990-02-05,2348.3999,4,6,0.1,0.0011345,-2e-05,-2e-05,0.0,-0.0002479,-4.17e-05,0.0,0.000805,0.0113695,False
UK100,1990-02-27,2254.8,1990-03-05,2230.5,4,6,0.1,-0.0010722,-2e-05,-2e-05,0.0,-0.0002479,-4.17e-05,0.0,-0.0014018,-0.010777,False
UK100,1990-03-29,2263.0,1990-04-04,2231.6001,4,6,0.1,-0.0013836,-2e-05,-2e-05,0.0,-0.0002479,-4.17e-05,0.0,-0.0017132,-0.0138753,False
UK100,1990-04-27,2106.6001,1990-05-03,2134.8999,4,6,0.1,0.0013413,-2e-05,-2e-05,0.0,-0.0002479,-4.17e-05,0.0,0.0010117,0.0134339,False
UK100,1990-05-30,2346.2,1990-06-05,2380.1001,4,6,0.1,0.0014413,-2e-05,-2e-05,0.0,-0.0002479,-4.17e-05,0.0,0.0011117,0.014449,False
UK100,1990-06-28,2355.7,1990-07-04,2355.5,4,6,0.1,-2.9e-06,-2e-05,-2e-05,0.0,-0.0002479,-4.17e-05,0.0,-0.0003325,-8.49e-05,False
UK100,1990-07-30,2316.5,1990-08-03,2284.6001,4,4,0.1,-0.0013695,-2e-05,-2e-05,0.0,-0.0001653,-2.78e-05,0.0,-0.0016026,-0.0137707,False
UK100,1990-08-30,2153.6001,1990-09-05,2152.2,4,6,0.1,-6.01e-05,-2e-05,-2e-05,0.0,-0.0002479,-4.17e-05,0.0,-0.0003897,-0.0006501,False
UK100,1990-09-27,2009.1,1990-10-03,2087.0,4,6,0.1,0.0038478,-2e-05,-2e-05,0.0,-0.0002479,-4.17e-05,0.0,0.0035182,0.0387736,False
UK100,1990-10-30,2033.9,1990-11-05,2050.1001,4,6,0.1,0.0008072,-2e-05,-2e-05,0.0,-0.0002313,-4.17e-05,0.0,0.0004942,0.007965,False
UK100,1990-11-29,2135.6001,1990-12-05,2152.6001,4,6,0.1,0.0008002,-2e-05,-2e-05,0.0,-0.0002313,-4.17e-05,0.0,0.0004873,0.0079603,False
UK100,1990-12-28,2160.3999,1991-01-04,2126.1001,4,7,0.1,-0.0015928,-2e-05,-2e-05,0.0,-0.0002698,-4.86e-05,0.0,-0.0019512,-0.0158766,False
UK100,1991-01-30,2152.6001,1991-02-05,2202.0,4,6,0.1,0.0022822,-2e-05,-2e-05,0.0,-0.0002313,-4.17e-05,0.0,0.0019693,0.0229489,False
UK100,1991-02-27,2348.0,1991-03-05,2420.1001,4,6,0.1,0.0030467,-2e-05,-2e-05,0.0,-0.0002146,-4.17e-05,0.0,0.0027505,0.030707,False
UK100,1991-03-27,2464.6001,1991-04-04,2524.5,4,8,0.1,0.002418,-2e-05,-2e-05,0.0,-0.000275,-5.56e-05,0.0,0.0020475,0.0243041,False
UK100,1991-04-29,2498.2,1991-05-03,2522.7,4,4,0.1,0.0009855,-2e-05,-2e-05,0.0,-0.0001319,-2.78e-05,0.0,0.0007858,0.0098071,False
UK100,1991-05-30,2491.2,1991-06-05,2521.5,4,6,0.1,0.0012143,-2e-05,-2e-05,0.0,-0.0001896,-4.17e-05,0.0,0.000943,0.0121628,False
UK100,1991-06-27,2452.5,1991-07-03,2448.2,4,6,0.1,-0.000153,-2e-05,-2e-05,0.0,-0.0001896,-4.17e-05,0.0,-0.0004243,-0.0017533,False
UK100,1991-07-30,2595.6001,1991-08-05,2585.3999,4,6,0.1,-0.0003906,-2e-05,-2e-05,0.0,-0.0001813,-4.17e-05,0.0,-0.0006536,-0.0039298,False
UK100,1991-08-29,2638.2,1991-09-04,2664.6001,4,6,0.1,0.0010052,-2e-05,-2e-05,0.0,-0.0001813,-4.17e-05,0.0,0.0007423,0.0100069,False
UK100,1991-09-27,2599.0,1991-10-03,2625.6001,4,6,0.1,0.0010287,-2e-05,-2e-05,0.0,-0.0001729,-4.17e-05,0.0,0.0007741,0.0102347,False
UK100,1991-10-30,2577.1001,1991-11-05,2540.8999,4,6,0.1,-0.0014067,-2e-05,-2e-05,0.0,-0.0001729,-4.17e-05,0.0,-0.0016612,-0.0140469,False
UK100,1991-11-28,2428.6001,1991-12-04,2423.8,4,6,0.1,-0.0001967,-2e-05,-2e-05,0.0,-0.0001729,-4.17e-05,0.0,-0.0004512,-0.0019765,False
UK100,1991-12-30,2420.0,1992-01-06,2493.2,4,7,0.1,0.0030266,-2e-05,-2e-05,0.0,-0.0002017,-4.86e-05,0.0,0.0027363,0.0302479,False
UK100,1992-01-30,2550.8,1992-02-05,2547.1001,4,6,0.1,-0.0001402,-2e-05,-2e-05,0.0,-0.0001729,-4.17e-05,0.0,-0.0003948,-0.0014505,False
UK100,1992-02-27,2562.0,1992-03-04,2558.3999,4,6,0.1,-0.0001388,-2e-05,-2e-05,0.0,-0.0001729,-4.17e-05,0.0,-0.0003934,-0.0014052,False
UK100,1992-03-30,2452.8999,1992-04-03,2382.7,4,4,0.1,-0.0028893,-2e-05,-2e-05,0.0,-0.0001153,-2.78e-05,0.0,-0.0030724,-0.0286192,False
UK100,1992-04-29,2664.8999,1992-05-06,2698.7,4,7,0.1,0.0012708,-2e-05,-2e-05,0.0,-0.0002003,-4.86e-05,0.0,0.0009818,0.0126834,False
UK100,1992-05-28,2694.2,1992-06-03,2680.8999,4,6,0.1,-0.0004882,-2e-05,-2e-05,0.0,-0.0001646,-4.17e-05,0.0,-0.0007344,-0.0049365,False
UK100,1992-06-29,2515.8,1992-07-03,2497.1001,4,4,0.1,-0.0007338,-2e-05,-2e-05,0.0,-0.0001097,-2.78e-05,0.0,-0.0009113,-0.007433,False
UK100,1992-07-30,2411.6001,1992-08-05,2392.8,4,6,0.1,-0.0007745,-2e-05,-2e-05,0.0,-0.0001646,-4.17e-05,0.0,-0.0010207,-0.0077957,False
UK100,1992-08-27,2311.6001,1992-09-03,2381.8999,4,7,0.1,0.0030433,-2e-05,-2e-05,0.0,-0.000192,-4.86e-05,0.0,0.0027626,0.0304118,False
UK100,1992-09-29,2565.5,1992-10-05,2446.3,4,6,0.1,-0.0046652,-2e-05,-2e-05,0.0,-0.0001479,-4.17e-05,0.0,-0.0048948,-0.0464627,False
UK100,1992-10-29,2642.3,1992-11-04,2691.7,4,6,0.1,0.0018638,-2e-05,-2e-05,0.0,-0.0001312,-4.17e-05,0.0,0.0016508,0.0186958,False
UK100,1992-11-27,2760.1001,1992-12-03,2771.0,4,6,0.1,0.0004029,-2e-05,-2e-05,0.0,-0.0001146,-4.17e-05,0.0,0.0002066,0.0039491,False
UK100,1992-12-30,2832.5,1993-01-06,2826.0,4,7,0.1,-0.000222,-2e-05,-2e-05,0.0,-0.0001337,-4.86e-05,0.0,-0.0004443,-0.0022948,False
UK100,1993-01-28,2816.8999,1993-02-03,2873.8,4,6,0.1,0.0020242,-2e-05,-2e-05,0.0,-9.79e-05,-4.17e-05,0.0,0.0018446,0.0201996,False
UK100,1993-02-25,2828.7,1993-03-03,2918.6001,4,6,0.1,0.0031474,-2e-05,-2e-05,0.0,-9.79e-05,-4.17e-05,0.0,0.0029678,0.0317814,False
UK100,1993-03-30,2861.0,1993-04-05,2838.8,4,6,0.1,-0.0007707,-2e-05,-2e-05,0.0,-9.79e-05,-4.17e-05,0.0,-0.0009503,-0.0077595,False
UK100,1993-04-29,2786.8,1993-05-06,2786.3,4,7,0.1,-1.12e-05,-2e-05,-2e-05,0.0,-0.0001142,-4.86e-05,0.0,-0.0002141,-0.0001794,False
UK100,1993-05-27,2855.3,1993-06-03,2852.8,4,7,0.1,-8.4e-05,-2e-05,-2e-05,0.0,-0.0001142,-4.86e-05,0.0,-0.0002869,-0.0008756,False
UK100,1993-06-29,2886.0,1993-07-05,2838.5,4,6,0.1,-0.0016495,-2e-05,-2e-05,0.0,-9.79e-05,-4.17e-05,0.0,-0.0018291,-0.0164588,False
UK100,1993-07-29,2917.6001,1993-08-04,2941.3,4,6,0.1,0.000811,-2e-05,-2e-05,0.0,-9.79e-05,-4.17e-05,0.0,0.0006314,0.0081231,False
UK100,1993-08-27,3100.6001,1993-09-03,3057.3,4,7,0.1,-0.0014031,-2e-05,-2e-05,0.0,-0.0001142,-4.86e-05,0.0,-0.001606,-0.0139651,False
UK100,1993-09-29,3030.1001,1993-10-05,3085.2,4,6,0.1,0.0018089,-2e-05,-2e-05,0.0,-9.79e-05,-4.17e-05,0.0,0.0016293,0.0181842,False
UK100,1993-10-28,3163.0,1993-11-03,3162.3,4,6,0.1,-2.16e-05,-2e-05,-2e-05,0.0,-9.79e-05,-4.17e-05,0.0,-0.0002012,-0.0002213,False
UK100,1993-11-29,3135.8,1993-12-03,3234.2,4,4,0.1,0.0031171,-2e-05,-2e-05,0.0,-5.97e-05,-2.78e-05,0.0,0.0029896,0.0313795,False
UK100,1993-12-30,3428.8,1994-01-06,3403.0,4,7,0.1,-0.0007482,-2e-05,-2e-05,0.0,-0.0001045,-4.86e-05,0.0,-0.0009414,-0.0075245,False
UK100,1994-01-28,3447.3999,1994-02-03,3491.5,4,6,0.1,0.0012893,-2e-05,-2e-05,0.0,-8.96e-05,-4.17e-05,0.0,0.0011181,0.0127923,False
UK100,1994-02-25,3281.2,1994-03-03,3246.5,4,6,0.1,-0.0010356,-2e-05,-2e-05,0.0,-8.54e-05,-4.17e-05,0.0,-0.0012026,-0.0105754,False
UK100,1994-03-30,3092.3999,1994-04-07,3129.0,4,8,0.1,0.0011827,-2e-05,-2e-05,0.0,-0.0001139,-5.56e-05,0.0,0.0009732,0.0118355,False
UK100,1994-04-28,3129.8999,1994-05-05,3106.0,4,7,0.1,-0.0007519,-2e-05,-2e-05,0.0,-9.97e-05,-4.86e-05,0.0,-0.0009402,-0.007636,False
UK100,1994-05-27,2966.3999,1994-06-03,2997.8,4,7,0.1,0.001077,-2e-05,-2e-05,0.0,-9.97e-05,-4.86e-05,0.0,0.0008887,0.0105853,False
UK100,1994-06-29,2946.3,1994-07-05,2965.0,4,6,0.1,0.0006455,-2e-05,-2e-05,0.0,-8.54e-05,-4.17e-05,0.0,0.0004784,0.0063469,False
UK100,1994-07-28,3095.8999,1994-08-03,3160.3999,4,6,0.1,0.0020827,-2e-05,-2e-05,0.0,-8.54e-05,-4.17e-05,0.0,0.0019156,0.020834,False
UK100,1994-08-30,3249.6001,1994-09-05,3241.5,4,6,0.1,-0.0002419,-2e-05,-2e-05,0.0,-8.54e-05,-4.17e-05,0.0,-0.000409,-0.0024926,False
UK100,1994-09-29,2992.5,1994-10-05,2956.3,4,6,0.1,-0.0011872,-2e-05,-2e-05,0.0,-9.38e-05,-4.17e-05,0.0,-0.0013626,-0.0120969,False
UK100,1994-10-28,3083.8,1994-11-03,3104.3999,4,6,0.1,0.0006707,-2e-05,-2e-05,0.0,-9.38e-05,-4.17e-05,0.0,0.0004953,0.00668,False
UK100,1994-11-29,3061.1001,1994-12-05,3033.5,4,6,0.1,-0.0008901,-2e-05,-2e-05,0.0,-9.38e-05,-4.17e-05,0.0,-0.0010655,-0.0090164,False
UK100,1994-12-29,3065.6001,1995-01-05,3032.3,4,7,0.1,-0.0010891,-2e-05,-2e-05,0.0,-0.0001191,-4.86e-05,0.0,-0.0012968,-0.0108625,False
UK100,1995-01-30,2995.8999,1995-02-03,3059.7,4,4,0.1,0.002116,-2e-05,-2e-05,0.0,-6.94e-05,-2.78e-05,0.0,0.0019788,0.0212958,False
UK100,1995-02-27,3025.3,1995-03-03,3025.1001,4,4,0.1,1.4e-06,-2e-05,-2e-05,0.0,-7.36e-05,-2.78e-05,0.0,-0.00014,-6.61e-05,False
UK100,1995-03-30,3176.2,1995-04-05,3190.2,4,6,0.1,0.0004575,-2e-05,-2e-05,0.0,-0.0001104,-4.17e-05,0.0,0.0002654,0.0044078,False
UK100,1995-04-27,3217.6001,1995-05-03,3262.6001,4,6,0.1,0.0013936,-2e-05,-2e-05,0.0,-0.0001104,-4.17e-05,0.0,0.0012015,0.0139856,False
UK100,1995-05-30,3309.8999,1995-06-05,3376.6001,4,6,0.1,0.0020021,-2e-05,-2e-05,0.0,-0.0001104,-4.17e-05,0.0,0.00181,0.0201517,False
UK100,1995-06-29,3294.0,1995-07-05,3394.8999,4,6,0.1,0.0030316,-2e-05,-2e-05,0.0,-0.0001104,-4.17e-05,0.0,0.0028396,0.0306314,False
UK100,1995-07-28,3468.8999,1995-08-03,3475.6001,4,6,0.1,0.0002067,-2e-05,-2e-05,0.0,-0.0001104,-4.17e-05,0.0,1.46e-05,0.0019315,False
UK100,1995-08-30,3504.0,1995-09-05,3532.3999,4,6,0.1,0.0008152,-2e-05,-2e-05,0.0,-0.0001104,-4.17e-05,0.0,0.0006232,0.008105,False
UK100,1995-09-28,3479.0,1995-10-04,3544.1001,4,6,0.1,0.0018597,-2e-05,-2e-05,0.0,-0.0001104,-4.17e-05,0.0,0.0016676,0.0187123,False
UK100,1995-10-30,3510.0,1995-11-03,3500.3999,4,4,0.1,-0.0002698,-2e-05,-2e-05,0.0,-7.36e-05,-2.78e-05,0.0,-0.0004112,-0.0027351,False
UK100,1995-11-29,3655.5,1995-12-05,3664.2,4,6,0.1,0.0002395,-2e-05,-2e-05,0.0,-0.0001104,-4.17e-05,0.0,4.74e-05,0.00238,False
UK100,1995-12-28,3676.7,1996-01-04,3714.1001,4,7,0.1,0.0010155,-2e-05,-2e-05,0.0,-0.000124,-4.86e-05,0.0,0.0008029,0.0101722,False
UK100,1996-01-30,3735.3,1996-02-05,3746.6001,4,6,0.1,0.0003114,-2e-05,-2e-05,0.0,-0.0001021,-4.17e-05,0.0,0.0001276,0.0030252,False
UK100,1996-02-28,3738.2,1996-03-05,3777.1001,4,6,0.1,0.001039,-2e-05,-2e-05,0.0,-0.0001021,-4.17e-05,0.0,0.0008553,0.0104061,False
UK100,1996-03-28,3672.6001,1996-04-03,3725.1001,4,6,0.1,0.0014238,-2e-05,-2e-05,0.0,-9.9e-05,-4.17e-05,0.0,0.0012432,0.014295,False
UK100,1996-04-29,3809.2,1996-05-03,3751.6001,4,4,0.1,-0.0015177,-2e-05,-2e-05,0.0,-6.6e-05,-2.78e-05,0.0,-0.0016515,-0.0151212,False
UK100,1996-05-30,3746.7,1996-06-05,3753.3999,4,6,0.1,0.0001799,-2e-05,-2e-05,0.0,-9.9e-05,-4.17e-05,0.0,-8e-07,0.0017882,False
UK100,1996-06-27,3678.8,1996-07-03,3714.1001,4,6,0.1,0.00096,-2e-05,-2e-05,0.0,-9.48e-05,-4.17e-05,0.0,0.0007836,0.0095955,False
UK100,1996-07-30,3668.5,1996-08-05,3788.3,4,6,0.1,0.0032272,-2e-05,-2e-05,0.0,-9.48e-05,-4.17e-05,0.0,0.0030507,0.0326564,False
UK100,1996-08-29,3885.0,1996-09-04,3872.7,4,6,0.1,-0.0003115,-2e-05,-2e-05,0.0,-9.48e-05,-4.17e-05,0.0,-0.000488,-0.003166,False
UK100,1996-09-27,3946.3999,1996-10-03,4000.0,4,6,0.1,0.0013563,-2e-05,-2e-05,0.0,-9.48e-05,-4.17e-05,0.0,0.0011798,0.013582,False
UK100,1996-10-30,3963.8999,1996-11-05,3921.1001,4,6,0.1,-0.0010804,-2e-05,-2e-05,0.0,-9.9e-05,-4.17e-05,0.0,-0.001261,-0.0107974,False
UK100,1996-11-28,4050.2,1996-12-04,4045.2,4,6,0.1,-0.0001198,-2e-05,-2e-05,0.0,-9.9e-05,-4.17e-05,0.0,-0.0003004,-0.0012345,False
UK100,1996-12-30,4115.7002,1997-01-06,4106.5,4,7,0.1,-0.0002087,-2e-05,-2e-05,0.0,-0.0001155,-4.86e-05,0.0,-0.0004127,-0.0022354,False
UK100,1997-01-30,4228.3999,1997-02-05,4281.5,4,6,0.1,0.0012563,-2e-05,-2e-05,0.0,-9.9e-05,-4.17e-05,0.0,0.0010757,0.012558,False
UK100,1997-02-27,4339.2002,1997-03-05,4360.1001,4,6,0.1,0.0004899,-2e-05,-2e-05,0.0,-9.9e-05,-4.17e-05,0.0,0.0003093,0.0048165,False
UK100,1997-03-26,4301.5,1997-04-03,4214.6001,4,8,0.1,-0.0020274,-2e-05,-2e-05,0.0,-0.0001319,-5.56e-05,0.0,-0.0022549,-0.0202022,False
UK100,1997-04-29,4433.2002,1997-05-06,4519.2998,4,7,0.1,0.0019342,-2e-05,-2e-05,0.0,-0.0001155,-4.86e-05,0.0,0.0017301,0.0194215,False
UK100,1997-05-29,4672.2998,1997-06-04,4557.1001,4,6,0.1,-0.0024824,-2e-05,-2e-05,0.0,-0.0001042,-4.17e-05,0.0,-0.0026682,-0.0246559,False
UK100,1997-06-27,4640.2998,1997-07-03,4831.7002,4,6,0.1,0.0040957,-2e-05,-2e-05,0.0,-0.0001083,-4.17e-05,0.0,0.0039057,0.0412474,False
UK100,1997-07-30,4927.2998,1997-08-05,4960.6001,4,6,0.1,0.0006832,-2e-05,-2e-05,0.0,-0.0001125,-4.17e-05,0.0,0.0004891,0.0067583,False
UK100,1997-08-28,4845.3999,1997-09-03,4976.8999,4,6,0.1,0.0027006,-2e-05,-2e-05,0.0,-0.0001167,-4.17e-05,0.0,0.0025023,0.0271391,False
UK100,1997-09-29,5220.2998,1997-10-03,5330.7998,4,4,0.1,0.0021082,-2e-05,-2e-05,0.0,-7.78e-05,-2.78e-05,0.0,0.0019626,0.0211674,False
UK100,1997-10-30,4801.8999,1997-11-05,4908.2998,4,6,0.1,0.0022042,-2e-05,-2e-05,0.0,-0.0001167,-4.17e-05,0.0,0.0020059,0.0221579,False
UK100,1997-11-27,4889.0,1997-12-03,4970.7002,4,6,0.1,0.0016878,-2e-05,-2e-05,0.0,-0.0001208,-4.17e-05,0.0,0.0014853,0.016711,False
UK100,1997-12-30,5132.3999,1998-01-06,5264.3999,4,7,0.1,0.0025545,-2e-05,-2e-05,0.0,-0.000141,-4.86e-05,0.0,0.0023249,0.025719,False
UK100,1998-01-29,5422.3999,1998-02-04,5595.7998,4,6,0.1,0.0031833,-2e-05,-2e-05,0.0,-0.0001208,-4.17e-05,0.0,0.0029808,0.0319784,False
UK100,1998-02-26,5764.7998,1998-03-04,5733.1001,4,6,0.1,-0.0005386,-2e-05,-2e-05,0.0,-0.0001208,-4.17e-05,0.0,-0.0007411,-0.0054988,False
UK100,1998-03-30,5911.8999,1998-04-03,6064.2002,4,4,0.1,0.0025563,-2e-05,-2e-05,0.0,-8.06e-05,-2.78e-05,0.0,0.0024079,0.0257616,False
UK100,1998-04-29,5833.1001,1998-05-06,5992.3999,4,7,0.1,0.0027178,-2e-05,-2e-05,0.0,-0.000141,-4.86e-05,0.0,0.0024882,0.0273096,False
UK100,1998-05-28,5862.2998,1998-06-03,5898.3999,4,6,0.1,0.0006202,-2e-05,-2e-05,0.0,-0.0001208,-4.17e-05,0.0,0.0004177,0.006158,False
UK100,1998-06-29,5884.5,1998-07-03,5988.3999,4,4,0.1,0.0017687,-2e-05,-2e-05,0.0,-8.33e-05,-2.78e-05,0.0,0.0016176,0.0176565,False
UK100,1998-07-30,5910.7002,1998-08-05,5632.5,4,6,0.1,-0.0047876,-2e-05,-2e-05,0.0,-0.000125,-4.17e-05,0.0,-0.0049942,-0.0470672,False
UK100,1998-08-27,5368.5,1998-09-03,5118.7002,4,7,0.1,-0.0046943,-2e-05,-2e-05,0.0,-0.0001458,-4.86e-05,0.0,-0.0049287,-0.0465307,False
UK100,1998-09-29,5108.7002,1998-10-05,4648.7002,4,6,0.1,-0.0093073,-2e-05,-2e-05,0.0,-0.000125,-4.17e-05,0.0,-0.009514,-0.0900425,False
UK100,1998-10-29,5358.5,1998-11-04,5622.8999,4,6,0.1,0.0048638,-2e-05,-2e-05,0.0,-0.0001208,-4.17e-05,0.0,0.0046613,0.0493421,False
UK100,1998-11-27,5844.2002,1998-12-03,5566.1001,4,6,0.1,-0.0047873,-2e-05,-2e-05,0.0,-0.0001125,-4.17e-05,0.0,-0.0049814,-0.0475857,False
UK100,1998-12-29,5941.5,1999-01-06,6148.7998,4,8,0.1,0.0034935,-2e-05,-2e-05,0.0,-0.0001389,-5.56e-05,0.0,0.003259,0.0348901,False
UK100,1999-01-28,5872.5,1999-02-03,5940.2998,4,6,0.1,0.0011753,-2e-05,-2e-05,0.0,-0.0001,-4.17e-05,0.0,0.0009937,0.0115453,False
UK100,1999-02-25,6206.5,1999-03-03,6048.2998,4,6,0.1,-0.0025632,-2e-05,-2e-05,0.0,-9.17e-05,-4.17e-05,0.0,-0.0027365,-0.0254894,False
UK100,1999-03-30,6264.2002,1999-04-07,6473.2002,4,8,0.1,0.0032978,-2e-05,-2e-05,0.0,-0.0001222,-5.56e-05,0.0,0.00308,0.0333642,False
UK100,1999-04-29,6497.6001,1999-05-06,6406.6001,4,7,0.1,-0.0013859,-2e-05,-2e-05,0.0,-0.0001021,-4.86e-05,0.0,-0.0015766,-0.0140052,False
UK100,1999-05-27,6199.5,1999-06-03,6348.6001,4,7,0.1,0.0023844,-2e-05,-2e-05,0.0,-0.0001021,-4.86e-05,0.0,0.0021937,0.0240503,False
UK100,1999-06-29,6307.1001,1999-07-05,6592.0,4,6,0.1,0.0044657,-2e-05,-2e-05,0.0,-8.33e-05,-4.17e-05,0.0,0.0043007,0.0451713,False
UK100,1999-07-29,6117.5,1999-08-04,6235.3999,4,6,0.1,0.0019324,-2e-05,-2e-05,0.0,-8.33e-05,-4.17e-05,0.0,0.0017674,0.0192726,False
UK100,1999-08-27,6375.2002,1999-09-03,6332.2002,4,7,0.1,-0.0006227,-2e-05,-2e-05,0.0,-9.72e-05,-4.86e-05,0.0,-0.0008085,-0.0067449,False
UK100,1999-09-29,6020.6001,1999-10-05,6084.5,4,6,0.1,0.0010715,-2e-05,-2e-05,0.0,-8.75e-05,-4.17e-05,0.0,0.0009023,0.0106135,False
UK100,1999-10-28,6149.1001,1999-11-03,6280.7998,4,6,0.1,0.0021374,-2e-05,-2e-05,0.0,-8.75e-05,-4.17e-05,0.0,0.0019682,0.0214177,False
UK100,1999-11-29,6692.2998,1999-12-03,6742.2002,4,4,0.1,0.0007646,-2e-05,-2e-05,0.0,-6.11e-05,-2.78e-05,0.0,0.0006357,0.0074564,False
UK100,1999-12-29,6835.8999,2000-01-06,6447.2002,4,8,0.1,-0.0057416,-2e-05,-2e-05,0.0,-0.0001222,-5.56e-05,0.0,-0.0059594,-0.0568615,False
UK100,2000-01-28,6375.6001,2000-02-03,6324.2998,4,6,0.1,-0.0007922,-2e-05,-2e-05,0.0,-9.58e-05,-4.17e-05,0.0,-0.0009697,-0.0080463,False
UK100,2000-02-28,6099.6001,2000-03-03,6487.5,4,4,0.1,0.0062203,-2e-05,-2e-05,0.0,-6.67e-05,-2.78e-05,0.0,0.0060858,0.0635943,False
UK100,2000-03-30,6445.2002,2000-04-05,6379.2998,4,6,0.1,-0.0010055,-2e-05,-2e-05,0.0,-0.0001,-4.17e-05,0.0,-0.0011872,-0.0102247,False
UK100,2000-04-27,6179.2998,2000-05-04,6199.6001,4,7,0.1,0.0004038,-2e-05,-2e-05,0.0,-0.0001167,-4.86e-05,0.0,0.0001986,0.0032852,False
UK100,2000-05-30,6359.6001,2000-06-05,6546.7002,4,6,0.1,0.0029505,-2e-05,-2e-05,0.0,-0.0001,-4.17e-05,0.0,0.0027688,0.0294201,False
UK100,2000-06-29,6239.0,2000-07-05,6382.5,4,6,0.1,0.0023165,-2e-05,-2e-05,0.0,-0.0001,-4.17e-05,0.0,0.0021348,0.0230005,False
UK100,2000-07-28,6335.7002,2000-08-03,6317.1001,4,6,0.1,-0.0002857,-2e-05,-2e-05,0.0,-0.0001,-4.17e-05,0.0,-0.0004674,-0.0029358,False
UK100,2000-08-30,6615.1001,2000-09-05,6752.5,4,6,0.1,0.0020784,-2e-05,-2e-05,0.0,-0.0001,-4.17e-05,0.0,0.0018968,0.0207706,False
UK100,2000-09-28,6264.1001,2000-10-04,6334.8999,4,6,0.1,0.0011299,-2e-05,-2e-05,0.0,-0.0001,-4.17e-05,0.0,0.0009482,0.0113025,False
UK100,2000-10-30,6388.3999,2000-11-03,6385.3999,4,4,0.1,-3.82e-05,-2e-05,-2e-05,0.0,-6.67e-05,-2.78e-05,0.0,-0.0001727,-0.0004696,False
UK100,2000-11-29,6164.8999,2000-12-05,6299.0,4,6,0.1,0.0021794,-2e-05,-2e-05,0.0,-0.0001,-4.17e-05,0.0,0.0019977,0.0217522,False
UK100,2000-12-28,6223.2002,2001-01-04,6185.6001,4,7,0.1,-0.0005502,-2e-05,-2e-05,0.0,-0.0001167,-4.86e-05,0.0,-0.0007555,-0.0060419,False
UK100,2001-01-30,6334.5,2001-02-05,6269.2002,4,6,0.1,-0.0010316,-2e-05,-2e-05,0.0,-0.0001,-4.17e-05,0.0,-0.0012133,-0.0103086,False
UK100,2001-02-27,5941.2002,2001-03-05,5931.2998,4,6,0.1,-0.0001546,-2e-05,-2e-05,0.0,-9.58e-05,-4.17e-05,0.0,-0.0003321,-0.0016664,False
UK100,2001-03-29,5588.3999,2001-04-04,5535.7002,4,6,0.1,-0.0008961,-2e-05,-2e-05,0.0,-9.58e-05,-4.17e-05,0.0,-0.0010736,-0.0094302,False
UK100,2001-04-27,5951.3999,2001-05-03,5765.7998,4,6,0.1,-0.0031371,-2e-05,-2e-05,0.0,-9.17e-05,-4.17e-05,0.0,-0.0033104,-0.031186,False
UK100,2001-05-30,5796.8999,2001-06-05,5922.6001,4,6,0.1,0.0021551,-2e-05,-2e-05,0.0,-8.75e-05,-4.17e-05,0.0,0.0019859,0.021684,False
UK100,2001-06-28,5638.3999,2001-07-04,5600.5,4,6,0.1,-0.0006543,-2e-05,-2e-05,0.0,-8.75e-05,-4.17e-05,0.0,-0.0008235,-0.0067217,False
UK100,2001-07-30,5446.7002,2001-08-03,5547.6001,4,4,0.1,0.0018519,-2e-05,-2e-05,0.0,-5.76e-05,-2.78e-05,0.0,0.0017265,0.018525,False
UK100,2001-08-30,5332.7002,2001-09-05,5316.1001,4,6,0.1,-0.0002946,-2e-05,-2e-05,0.0,-8.33e-05,-4.17e-05,0.0,-0.0004596,-0.0031129,False
UK100,2001-09-27,4763.6001,2001-10-03,4881.7998,4,6,0.1,0.0025325,-2e-05,-2e-05,0.0,-7.92e-05,-4.17e-05,0.0,0.0023717,0.0248131,False
UK100,2001-10-30,5003.6001,2001-11-05,5209.1001,4,6,0.1,0.004048,-2e-05,-2e-05,0.0,-7.5e-05,-4.17e-05,0.0,0.0038913,0.0410704,False
UK100,2001-11-29,5208.5,2001-12-05,5333.5,4,6,0.1,0.0024054,-2e-05,-2e-05,0.0,-6.67e-05,-4.17e-05,0.0,0.002257,0.0239992,False
UK100,2001-12-28,5242.3999,2002-01-04,5323.7998,4,7,0.1,0.0015603,-2e-05,-2e-05,0.0,-7.78e-05,-4.86e-05,0.0,0.0013939,0.0155272,False
UK100,2002-01-30,5089.2998,2002-02-05,5093.3999,4,6,0.1,0.0001038,-2e-05,-2e-05,0.0,-6.67e-05,-4.17e-05,0.0,-4.45e-05,0.0008056,False
UK100,2002-02-27,5178.3999,2002-03-05,5214.0,4,6,0.1,0.0007165,-2e-05,-2e-05,0.0,-6.67e-05,-4.17e-05,0.0,0.0005682,0.0068747,False
UK100,2002-03-27,5214.7002,2002-04-04,5209.5,4,8,0.1,-9.04e-05,-2e-05,-2e-05,0.0,-8.89e-05,-5.56e-05,0.0,-0.0002748,-0.0009972,False
UK100,2002-04-29,5153.8999,2002-05-03,5203.1001,4,4,0.1,0.0009594,-2e-05,-2e-05,0.0,-4.44e-05,-2.78e-05,0.0,0.0008472,0.0095462,False
UK100,2002-05-30,5040.7998,2002-06-07,4920.3999,4,8,0.1,-0.0023908,-2e-05,-2e-05,0.0,-8.89e-05,-5.56e-05,0.0,-0.0025752,-0.0238851,False
UK100,2002-06-27,4540.7002,2002-07-03,4392.6001,4,6,0.1,-0.0031784,-2e-05,-2e-05,0.0,-6.67e-05,-4.17e-05,0.0,-0.0033267,-0.0326161,False
UK100,2002-07-30,4180.8999,2002-08-05,3996.3999,4,6,0.1,-0.0043626,-2e-05,-2e-05,0.0,-6.67e-05,-4.17e-05,0.0,-0.0045109,-0.0441293,False
UK100,2002-08-29,4209.2998,2002-09-04,4027.0,4,6,0.1,-0.0043526,-2e-05,-2e-05,0.0,-6.67e-05,-4.17e-05,0.0,-0.0045009,-0.0433088,False
UK100,2002-09-27,3907.2,2002-10-03,3880.3,4,6,0.1,-0.0005125,-2e-05,-2e-05,0.0,-6.67e-05,-4.17e-05,0.0,-0.0006609,-0.0068847,False
UK100,2002-10-30,4002.7,2002-11-05,4146.1001,4,6,0.1,0.0035937,-2e-05,-2e-05,0.0,-6.67e-05,-4.17e-05,0.0,0.0034453,0.0358259,False
UK100,2002-11-28,4185.3999,2002-12-04,4048.6001,4,6,0.1,-0.0033013,-2e-05,-2e-05,0.0,-6.67e-05,-4.17e-05,0.0,-0.0034496,-0.032685,False
UK100,2002-12-30,3900.6001,2003-01-06,4001.3999,4,7,0.1,0.0025719,-2e-05,-2e-05,0.0,-7.78e-05,-4.86e-05,0.0,0.0024055,0.0258421,False
UK100,2003-01-30,3578.7,2003-02-05,3678.7,4,6,0.1,0.0028805,-2e-05,-2e-05,0.0,-6.67e-05,-4.17e-05,0.0,0.0027322,0.0279431,False
UK100,2003-02-27,3569.8999,2003-03-05,3563.5,4,6,0.1,-0.0001201,-2e-05,-2e-05,0.0,-6.25e-05,-4.17e-05,0.0,-0.0002643,-0.0017927,False
UK100,2003-03-28,3708.5,2003-04-03,3771.1001,4,6,0.1,0.001745,-2e-05,-2e-05,0.0,-6.25e-05,-4.17e-05,0.0,0.0016008,0.0168802,False
UK100,2003-04-29,3927.8,2003-05-06,4006.3999,4,7,0.1,0.0020147,-2e-05,-2e-05,0.0,-7.29e-05,-4.86e-05,0.0,0.0018532,0.0200112,False
UK100,2003-05-29,4083.6001,2003-06-04,4126.6001,4,6,0.1,0.001072,-2e-05,-2e-05,0.0,-6.25e-05,-4.17e-05,0.0,0.0009279,0.0105299,False
UK100,2003-06-27,4067.8,2003-07-03,4024.8,4,6,0.1,-0.0010377,-2e-05,-2e-05,0.0,-6.25e-05,-4.17e-05,0.0,-0.0011819,-0.0105708,False
UK100,2003-07-30,4141.2002,2003-08-05,4121.0,4,6,0.1,-0.0004769,-2e-05,-2e-05,0.0,-5.83e-05,-4.17e-05,0.0,-0.0006169,-0.0048779,False
UK100,2003-08-28,4198.0,2003-09-03,4262.1001,4,6,0.1,0.001534,-2e-05,-2e-05,0.0,-5.83e-05,-4.17e-05,0.0,0.001394,0.0152692,False
UK100,2003-09-29,4142.7002,2003-10-03,4274.0,4,4,0.1,0.0031622,-2e-05,-2e-05,0.0,-3.89e-05,-2.78e-05,0.0,0.0030555,0.0316943,False
UK100,2003-10-30,4300.8999,2003-11-05,4303.3999,4,6,0.1,6.6e-05,-2e-05,-2e-05,0.0,-5.83e-05,-4.17e-05,0.0,-7.4e-05,0.0005813,False
UK100,2003-11-27,4361.1001,2003-12-03,4392.0,4,6,0.1,0.0007218,-2e-05,-2e-05,0.0,-6.25e-05,-4.17e-05,0.0,0.0005776,0.0070853,False
UK100,2003-12-30,4470.3999,2004-01-06,4505.2002,4,7,0.1,0.0007785,-2e-05,-2e-05,0.0,-7.29e-05,-4.86e-05,0.0,0.000617,0.0077846,False
UK100,2004-01-29,4411.5,2004-02-04,4398.5,4,6,0.1,-0.0002934,-2e-05,-2e-05,0.0,-6.25e-05,-4.17e-05,0.0,-0.0004376,-0.0029468,False
UK100,2004-02-26,4515.8999,2004-03-03,4525.1001,4,6,0.1,0.0002104,-2e-05,-2e-05,0.0,-6.67e-05,-4.17e-05,0.0,6.21e-05,0.0020373,False
UK100,2004-03-30,4412.7998,2004-04-05,4480.7002,4,6,0.1,0.0015388,-2e-05,-2e-05,0.0,-6.67e-05,-4.17e-05,0.0,0.0013904,0.0153871,False
UK100,2004-04-29,4519.5,2004-05-06,4516.2002,4,7,0.1,-5.47e-05,-2e-05,-2e-05,0.0,-7.78e-05,-4.86e-05,0.0,-0.0002211,-0.0007301,False
UK100,2004-05-27,4453.6001,2004-06-03,4435.3999,4,7,0.1,-0.0004076,-2e-05,-2e-05,0.0,-8.26e-05,-4.86e-05,0.0,-0.0005789,-0.0040866,False
UK100,2004-06-29,4512.3999,2004-07-05,4403.2998,4,6,0.1,-0.002437,-2e-05,-2e-05,0.0,-7.5e-05,-4.17e-05,0.0,-0.0025937,-0.0241778,False
UK100,2004-07-29,4418.7002,2004-08-04,4408.1001,4,6,0.1,-0.0002384,-2e-05,-2e-05,0.0,-7.5e-05,-4.17e-05,0.0,-0.0003951,-0.0023989,False
UK100,2004-08-27,4490.1001,2004-09-03,4550.7998,4,7,0.1,0.0013529,-2e-05,-2e-05,0.0,-9.24e-05,-4.86e-05,0.0,0.001172,0.0135186,False
UK100,2004-09-29,4588.1001,2004-10-05,4707.1001,4,6,0.1,0.0025826,-2e-05,-2e-05,0.0,-7.92e-05,-4.17e-05,0.0,0.0024217,0.0259367,False
UK100,2004-10-28,4642.7998,2004-11-03,4718.5,4,6,0.1,0.0016262,-2e-05,-2e-05,0.0,-7.92e-05,-4.17e-05,0.0,0.0014653,0.0163049,False
UK100,2004-11-29,4749.7998,2004-12-03,4747.8999,4,4,0.1,-3.22e-05,-2e-05,-2e-05,0.0,-5.28e-05,-2.78e-05,0.0,-0.0001528,-0.0004,False
UK100,2004-12-30,4820.1001,2005-01-06,4824.2998,4,7,0.1,9.38e-05,-2e-05,-2e-05,0.0,-9.24e-05,-4.86e-05,0.0,-8.72e-05,0.0008713,False
UK100,2005-01-28,4832.7998,2005-02-03,4908.2998,4,6,0.1,0.0015574,-2e-05,-2e-05,0.0,-7.92e-05,-4.17e-05,0.0,0.0013966,0.0156224,False
UK100,2005-02-25,5006.7998,2005-03-03,5014.7998,4,6,0.1,0.0001657,-2e-05,-2e-05,0.0,-7.92e-05,-4.17e-05,0.0,4.9e-06,0.0015978,False
UK100,2005-03-30,4900.7002,2005-04-05,4942.8999,4,6,0.1,0.0008633,-2e-05,-2e-05,0.0,-7.92e-05,-4.17e-05,0.0,0.0007025,0.008611,False
UK100,2005-04-28,4790.2002,2005-05-05,4902.2998,4,7,0.1,0.0023229,-2e-05,-2e-05,0.0,-9.24e-05,-4.86e-05,0.0,0.0021419,0.0234019,False
UK100,2005-05-27,4986.2998,2005-06-03,4999.3999,4,7,0.1,0.000268,-2e-05,-2e-05,0.0,-9.24e-05,-4.86e-05,0.0,8.7e-05,0.0026272,False
UK100,2005-06-29,5109.1001,2005-07-05,5190.1001,4,6,0.1,0.0015784,-2e-05,-2e-05,0.0,-7.92e-05,-4.17e-05,0.0,0.0014176,0.0158541,False
UK100,2005-07-28,5270.2998,2005-08-03,5332.2998,4,6,0.1,0.0011724,-2e-05,-2e-05,0.0,-7.92e-05,-4.17e-05,0.0,0.0010115,0.011764,False
UK100,2005-08-30,5255.7998,2005-09-05,5337.7998,4,6,0.1,0.0015532,-2e-05,-2e-05,0.0,-7.5e-05,-4.17e-05,0.0,0.0013965,0.0156018,False
UK100,2005-09-29,5478.2002,2005-10-05,5427.7998,4,6,0.1,-0.0009158,-2e-05,-2e-05,0.0,-7.5e-05,-4.17e-05,0.0,-0.0010725,-0.0092002,False
UK100,2005-10-28,5213.3999,2005-11-03,5431.8999,4,6,0.1,0.0041362,-2e-05,-2e-05,0.0,-7.5e-05,-4.17e-05,0.0,0.0039795,0.0419112,False
UK100,2005-11-29,5491.0,2005-12-05,5510.3999,4,6,0.1,0.0003705,-2e-05,-2e-05,0.0,-7.5e-05,-4.17e-05,0.0,0.0002138,0.003533,False
UK100,2005-12-29,5638.2998,2006-01-05,5691.2002,4,7,0.1,0.0009432,-2e-05,-2e-05,0.0,-8.75e-05,-4.86e-05,0.0,0.0007671,0.0093823,False
UK100,2006-01-30,5779.7998,2006-02-03,5759.2998,4,4,0.1,-0.0003476,-2e-05,-2e-05,0.0,-5e-05,-2.78e-05,0.0,-0.0004653,-0.0035468,False
UK100,2006-02-27,5875.8999,2006-03-03,5858.7002,4,4,0.1,-0.0002775,-2e-05,-2e-05,0.0,-5e-05,-2.78e-05,0.0,-0.0003953,-0.0029272,False
UK100,2006-03-30,6015.2998,2006-04-05,6044.1001,4,6,0.1,0.0004889,-2e-05,-2e-05,0.0,-7.5e-05,-4.17e-05,0.0,0.0003322,0.0047878,False
UK100,2006-04-27,6060.0,2006-05-04,6036.8999,4,7,0.1,-0.0003672,-2e-05,-2e-05,0.0,-8.75e-05,-4.86e-05,0.0,-0.0005433,-0.0038119,False
UK100,2006-05-30,5652.0,2006-06-05,5762.1001,4,6,0.1,0.0019386,-2e-05,-2e-05,0.0,-7.5e-05,-4.17e-05,0.0,0.001782,0.0194798,False
UK100,2006-06-29,5791.5,2006-07-05,5826.7002,4,6,0.1,0.000617,-2e-05,-2e-05,0.0,-7.5e-05,-4.17e-05,0.0,0.0004604,0.0060779,False
UK100,2006-07-28,5974.8999,2006-08-03,5838.3999,4,6,0.1,-0.0022884,-2e-05,-2e-05,0.0,-7.5e-05,-4.17e-05,0.0,-0.002445,-0.0228456,False
UK100,2006-08-30,5929.2998,2006-09-05,5981.7002,4,6,0.1,0.0008853,-2e-05,-2e-05,0.0,-7.92e-05,-4.17e-05,0.0,0.0007245,0.0088375,False
UK100,2006-09-28,5971.2998,2006-10-04,5966.5,4,6,0.1,-7.84e-05,-2e-05,-2e-05,0.0,-7.92e-05,-4.17e-05,0.0,-0.0002393,-0.0008038,False
UK100,2006-10-30,6126.7998,2006-11-03,6148.1001,4,4,0.1,0.0003476,-2e-05,-2e-05,0.0,-5.28e-05,-2.78e-05,0.0,0.0002271,0.0034766,False
UK100,2006-11-29,6084.3999,2006-12-05,6086.3999,4,6,0.1,3.85e-05,-2e-05,-2e-05,0.0,-8.33e-05,-4.17e-05,0.0,-0.0001265,0.0003287,False
UK100,2006-12-28,6241.0,2007-01-04,6287.0,4,7,0.1,0.0007466,-2e-05,-2e-05,0.0,-9.72e-05,-4.86e-05,0.0,0.0005608,0.0073706,False
UK100,2007-01-30,6242.0,2007-02-05,6317.8999,4,6,0.1,0.0012197,-2e-05,-2e-05,0.0,-8.75e-05,-4.17e-05,0.0,0.0010506,0.0121595,False
UK100,2007-02-27,6286.1001,2007-03-05,6058.7002,4,6,0.1,-0.0036592,-2e-05,-2e-05,0.0,-8.75e-05,-4.17e-05,0.0,-0.0038284,-0.036175,False
UK100,2007-03-29,6324.2002,2007-04-04,6364.7002,4,6,0.1,0.0006419,-2e-05,-2e-05,0.0,-8.75e-05,-4.17e-05,0.0,0.0004728,0.006404,False
UK100,2007-04-27,6418.7002,2007-05-03,6537.7998,4,6,0.1,0.0018491,-2e-05,-2e-05,0.0,-8.75e-05,-4.17e-05,0.0,0.00168,0.0185551,False
UK100,2007-05-30,6602.1001,2007-06-05,6632.7998,4,6,0.1,0.0004691,-2e-05,-2e-05,0.0,-9.17e-05,-4.17e-05,0.0,0.0002958,0.00465,False
UK100,2007-06-28,6571.2998,2007-07-04,6673.1001,4,6,0.1,0.0015432,-2e-05,-2e-05,0.0,-9.17e-05,-4.17e-05,0.0,0.0013699,0.0154917,False
UK100,2007-07-30,6206.1001,2007-08-03,6224.2998,4,4,0.1,0.0003486,-2e-05,-2e-05,0.0,-6.39e-05,-2.78e-05,0.0,0.0002169,0.0029326,False
UK100,2007-08-30,6212.0,2007-09-05,6270.7002,4,6,0.1,0.0009701,-2e-05,-2e-05,0.0,-9.58e-05,-4.17e-05,0.0,0.0007926,0.0094495,False
UK100,2007-09-27,6486.3999,2007-10-03,6535.2002,4,6,0.1,0.0007533,-2e-05,-2e-05,0.0,-9.58e-05,-4.17e-05,0.0,0.0005758,0.0075235,False
UK100,2007-10-30,6659.0,2007-11-05,6461.3999,4,6,0.1,-0.0029781,-2e-05,-2e-05,0.0,-9.58e-05,-4.17e-05,0.0,-0.0031556,-0.0296741,False
UK100,2007-11-29,6349.1001,2007-12-05,6493.7998,4,6,0.1,0.0023101,-2e-05,-2e-05,0.0,-9.58e-05,-4.17e-05,0.0,0.0021326,0.0227906,False
UK100,2007-12-28,6476.8999,2008-01-04,6348.5,4,7,0.1,-0.0019745,-2e-05,-2e-05,0.0,-0.0001069,-4.86e-05,0.0,-0.00217,-0.0198243,False
UK100,2008-01-30,5837.2998,2008-02-05,5868.0,4,6,0.1,0.000594,-2e-05,-2e-05,0.0,-9.17e-05,-4.17e-05,0.0,0.0004207,0.0052593,False
UK100,2008-02-28,5965.7002,2008-03-05,5853.5,4,6,0.1,-0.0018682,-2e-05,-2e-05,0.0,-8.75e-05,-4.17e-05,0.0,-0.0020374,-0.0188075,False
UK100,2008-03-28,5692.8999,2008-04-03,5891.2998,4,6,0.1,0.0034667,-2e-05,-2e-05,0.0,-8.75e-05,-4.17e-05,0.0,0.0032976,0.0348504,False
UK100,2008-04-29,6089.3999,2008-05-06,6215.2998,4,7,0.1,0.0020683,-2e-05,-2e-05,0.0,-9.72e-05,-4.86e-05,0.0,0.0018825,0.0206753,False
UK100,2008-05-29,6068.1001,2008-06-04,5970.1001,4,6,0.1,-0.001611,-2e-05,-2e-05,0.0,-8.33e-05,-4.17e-05,0.0,-0.001776,-0.01615,False
UK100,2008-06-27,5530.0,2008-07-03,5476.6001,4,6,0.1,-0.0009121,-2e-05,-2e-05,0.0,-8.33e-05,-4.17e-05,0.0,-0.0010771,-0.0096564,False
UK100,2008-07-30,5420.7002,2008-08-05,5454.5,4,6,0.1,0.0006608,-2e-05,-2e-05,0.0,-8.33e-05,-4.17e-05,0.0,0.0004958,0.0062353,False
UK100,2008-08-28,5601.2002,2008-09-03,5499.7002,4,6,0.1,-0.0018009,-2e-05,-2e-05,0.0,-8.33e-05,-4.17e-05,0.0,-0.0019659,-0.0181211,False
UK100,2008-09-29,4818.7998,2008-10-03,4980.2998,4,4,0.1,0.0033597,-2e-05,-2e-05,0.0,-5.56e-05,-2.78e-05,0.0,0.0032364,0.0335146,False
UK100,2008-10-30,4291.7002,2008-11-05,4530.7002,4,6,0.1,0.0055729,-2e-05,-2e-05,0.0,-7.5e-05,-4.17e-05,0.0,0.0054162,0.0556889,False
UK100,2008-11-27,4226.1001,2008-12-03,4170.0,4,6,0.1,-0.0011699,-2e-05,-2e-05,0.0,-5e-05,-4.17e-05,0.0,-0.0013016,-0.0132747,False
UK100,2008-12-30,4392.7002,2009-01-06,4638.8999,4,7,0.1,0.0055074,-2e-05,-2e-05,0.0,-3.89e-05,-4.86e-05,0.0,0.0053799,0.0560475,False
UK100,2009-01-29,4190.1001,2009-02-04,4228.6001,4,6,0.1,0.0009685,-2e-05,-2e-05,0.0,-2.5e-05,-4.17e-05,0.0,0.0008618,0.0091883,False
UK100,2009-02-26,3915.6001,2009-03-04,3645.8999,4,6,0.1,-0.0068438,-2e-05,-2e-05,0.0,-1.67e-05,-4.17e-05,0.0,-0.0069421,-0.0688784,False
UK100,2009-03-30,3762.8999,2009-04-03,4029.7,4,4,0.1,0.0070607,-2e-05,-2e-05,0.0,-5.6e-06,-2.78e-05,0.0,0.0069874,0.0709028,False
UK100,2009-04-29,4189.6001,2009-05-06,4396.5,4,7,0.1,0.004862,-2e-05,-2e-05,0.0,-9.7e-06,-4.86e-05,0.0,0.0047637,0.0493842,False
UK100,2009-05-28,4387.5,2009-06-03,4383.3999,4,6,0.1,-4.71e-05,-2e-05,-2e-05,0.0,-8.3e-06,-4.17e-05,0.0,-0.0001371,-0.0009345,False
UK100,2009-06-29,4294.0,2009-07-03,4236.2998,4,4,0.1,-0.001294,-2e-05,-2e-05,0.0,-5.6e-06,-2.78e-05,0.0,-0.0013673,-0.0134374,False
UK100,2009-07-30,4631.6001,2009-08-05,4647.1001,4,6,0.1,0.0003498,-2e-05,-2e-05,0.0,-8.3e-06,-4.17e-05,0.0,0.0002598,0.0033466,False
UK100,2009-08-27,4869.3999,2009-09-03,4796.7998,4,7,0.1,-0.0014812,-2e-05,-2e-05,0.0,-9.7e-06,-4.86e-05,0.0,-0.0015796,-0.0149095,False
UK100,2009-09-29,5159.7002,2009-10-05,5024.2998,4,6,0.1,-0.0026343,-2e-05,-2e-05,0.0,-8.3e-06,-4.17e-05,0.0,-0.0027243,-0.0262419,False
UK100,2009-10-29,5137.7002,2009-11-04,5107.8999,4,6,0.1,-0.0005396,-2e-05,-2e-05,0.0,-8.3e-06,-4.17e-05,0.0,-0.0006296,-0.0058003,False
UK100,2009-11-27,5245.7002,2009-12-03,5313.0,4,6,0.1,0.0013081,-2e-05,-2e-05,0.0,-8.3e-06,-4.17e-05,0.0,0.0012181,0.0128295,False
UK100,2009-12-30,5397.8999,2010-01-06,5530.0,4,7,0.1,0.002432,-2e-05,-2e-05,0.0,-9.7e-06,-4.86e-05,0.0,0.0023336,0.0244725,False
UK100,2010-01-28,5145.7002,2010-02-03,5253.2002,4,6,0.1,0.0020814,-2e-05,-2e-05,0.0,-8.3e-06,-4.17e-05,0.0,0.0019914,0.0208912,False
UK100,2010-02-25,5278.2002,2010-03-03,5533.2002,4,6,0.1,0.0047474,-2e-05,-2e-05,0.0,-8.3e-06,-4.17e-05,0.0,0.0046574,0.0483119,False
UK100,2010-03-30,5672.2998,2010-04-07,5762.1001,4,8,0.1,0.0015798,-2e-05,-2e-05,0.0,-1.11e-05,-5.56e-05,0.0,0.0014731,0.0158314,False
UK100,2010-04-29,5617.7998,2010-05-06,5261.0,4,7,0.1,-0.0065021,-2e-05,-2e-05,0.0,-9.7e-06,-4.86e-05,0.0,-0.0066004,-0.0635124,False
UK100,2010-05-27,5195.2002,2010-06-03,5211.2002,4,7,0.1,0.0003157,-2e-05,-2e-05,0.0,-9.7e-06,-4.86e-05,0.0,0.0002174,0.0030798,False
UK100,2010-06-29,4914.2002,2010-07-05,4823.5,4,6,0.1,-0.0018343,-2e-05,-2e-05,0.0,-8.3e-06,-4.17e-05,0.0,-0.0019243,-0.0184568,False
UK100,2010-07-29,5314.0,2010-08-04,5386.2002,4,6,0.1,0.0013897,-2e-05,-2e-05,0.0,-8.3e-06,-4.17e-05,0.0,0.0012997,0.0135868,False
UK100,2010-08-27,5201.6001,2010-09-03,5428.2002,4,7,0.1,0.0043067,-2e-05,-2e-05,0.0,-9.7e-06,-4.86e-05,0.0,0.0042084,0.0435635,False
UK100,2010-09-29,5569.2998,2010-10-05,5635.7998,4,6,0.1,0.0012032,-2e-05,-2e-05,0.0,-8.3e-06,-4.17e-05,0.0,0.0011132,0.0119405,False
UK100,2010-10-28,5677.8999,2010-11-03,5749.0,4,6,0.1,0.0012512,-2e-05,-2e-05,0.0,-8.3e-06,-4.17e-05,0.0,0.0011612,0.0125223,False
UK100,2010-11-29,5551.0,2010-12-03,5745.2998,4,4,0.1,0.0034873,-2e-05,-2e-05,0.0,-5.6e-06,-2.78e-05,0.0,0.0034139,0.0350027,False
UK100,2010-12-30,5971.0,2011-01-06,6019.5,4,7,0.1,0.0008366,-2e-05,-2e-05,0.0,-9.7e-06,-4.86e-05,0.0,0.0007383,0.0081226,False
UK100,2011-01-28,5881.3999,2011-02-03,5983.2998,4,6,0.1,0.0017341,-2e-05,-2e-05,0.0,-8.3e-06,-4.17e-05,0.0,0.0016441,0.0173258,False
UK100,2011-02-25,6001.2002,2011-03-03,6005.1001,4,6,0.1,8.19e-05,-2e-05,-2e-05,0.0,-8.3e-06,-4.17e-05,0.0,-8.1e-06,0.0006499,False
UK100,2011-03-30,5948.2998,2011-04-05,6007.1001,4,6,0.1,0.0010006,-2e-05,-2e-05,0.0,-8.3e-06,-4.17e-05,0.0,0.0009106,0.0098852,False
UK100,2011-04-27,6068.2002,2011-05-05,5920.0,4,8,0.1,-0.0024532,-2e-05,-2e-05,0.0,-1.11e-05,-5.56e-05,0.0,-0.0025599,-0.0244224,False
UK100,2011-05-27,5938.8999,2011-06-03,5855.0,4,7,0.1,-0.0014044,-2e-05,-2e-05,0.0,-9.7e-06,-4.86e-05,0.0,-0.0015027,-0.0141272,False
UK100,2011-06-29,5856.0,2011-07-05,6024.0,4,6,0.1,0.0028439,-2e-05,-2e-05,0.0,-8.3e-06,-4.17e-05,0.0,0.0027539,0.0286885,False
UK100,2011-07-28,5873.2002,2011-08-03,5584.5,4,6,0.1,-0.0050005,-2e-05,-2e-05,0.0,-8.3e-06,-4.17e-05,0.0,-0.0050905,-0.0491555,False
UK100,2011-08-30,5268.7002,2011-09-05,5102.6001,4,6,0.1,-0.0030809,-2e-05,-2e-05,0.0,-8.3e-06,-4.17e-05,0.0,-0.0031709,-0.0315258,False
UK100,2011-09-29,5196.7998,2011-10-05,5102.2002,4,6,0.1,-0.0017392,-2e-05,-2e-05,0.0,-8.3e-06,-4.17e-05,0.0,-0.0018292,-0.0182034,False
UK100,2011-10-28,5702.2002,2011-11-03,5545.6001,4,6,0.1,-0.002708,-2e-05,-2e-05,0.0,-8.3e-06,-4.17e-05,0.0,-0.002798,-0.0274631,False
UK100,2011-11-29,5337.0,2011-12-05,5568.0,4,6,0.1,0.0042933,-2e-05,-2e-05,0.0,-8.3e-06,-4.17e-05,0.0,0.0042033,0.0432827,False
UK100,2011-12-29,5566.7998,2012-01-05,5624.2998,4,7,0.1,0.0010581,-2e-05,-2e-05,0.0,-9.7e-06,-4.86e-05,0.0,0.0009597,0.0103291,False
UK100,2012-01-30,5671.1001,2012-02-03,5901.1001,4,4,0.1,0.0040102,-2e-05,-2e-05,0.0,-5.6e-06,-2.78e-05,0.0,0.0039369,0.0405565,False
UK100,2012-02-28,5927.8999,2012-03-05,5874.7998,4,6,0.1,-0.0008876,-2e-05,-2e-05,0.0,-8.3e-06,-4.17e-05,0.0,-0.0009776,-0.0089577,False
UK100,2012-03-29,5742.0,2012-04-04,5703.7998,4,6,0.1,-0.0006207,-2e-05,-2e-05,0.0,-8.3e-06,-4.17e-05,0.0,-0.0007107,-0.0066528,False
UK100,2012-04-27,5777.1001,2012-05-03,5766.6001,4,6,0.1,-0.0001668,-2e-05,-2e-05,0.0,-8.3e-06,-4.17e-05,0.0,-0.0002568,-0.0018175,False
UK100,2012-05-30,5297.2998,2012-06-07,5447.7998,4,8,0.1,0.0028433,-2e-05,-2e-05,0.0,-1.11e-05,-5.56e-05,0.0,0.0027366,0.0284107,False
UK100,2012-06-28,5493.1001,2012-07-04,5684.5,4,6,0.1,0.0034462,-2e-05,-2e-05,0.0,-8.3e-06,-4.17e-05,0.0,0.0033562,0.0348437,False
UK100,2012-07-30,5693.6001,2012-08-03,5787.2998,4,4,0.1,0.0016749,-2e-05,-2e-05,0.0,-5.6e-06,-2.78e-05,0.0,0.0016016,0.016457,False
UK100,2012-08-30,5719.5,2012-09-05,5657.8999,4,6,0.1,-0.0010677,-2e-05,-2e-05,0.0,-8.3e-06,-4.17e-05,0.0,-0.0011577,-0.0107702,False
UK100,2012-09-27,5779.3999,2012-10-03,5825.7998,4,6,0.1,0.0008115,-2e-05,-2e-05,0.0,-8.3e-06,-4.17e-05,0.0,0.0007215,0.0080285,False
UK100,2012-10-30,5849.8999,2012-11-05,5839.1001,4,6,0.1,-0.0001675,-2e-05,-2e-05,0.0,-8.3e-06,-4.17e-05,0.0,-0.0002575,-0.0018462,False
UK100,2012-11-29,5870.2998,2012-12-05,5892.1001,4,6,0.1,0.0003715,-2e-05,-2e-05,0.0,-8.3e-06,-4.17e-05,0.0,0.0002815,0.0037137,False
UK100,2012-12-28,5925.3999,2013-01-04,6089.7998,4,7,0.1,0.0027646,-2e-05,-2e-05,0.0,-9.7e-06,-4.86e-05,0.0,0.0026663,0.0277449,False
UK100,2013-01-30,6323.1001,2013-02-05,6282.7998,4,6,0.1,-0.0006162,-2e-05,-2e-05,0.0,-8.3e-06,-4.17e-05,0.0,-0.0007062,-0.0063735,False
UK100,2013-02-27,6325.8999,2013-03-05,6432.0,4,6,0.1,0.0016758,-2e-05,-2e-05,0.0,-8.3e-06,-4.17e-05,0.0,0.0015858,0.0167723,False
UK100,2013-03-27,6387.6001,2013-04-04,6344.1001,4,8,0.1,-0.0006621,-2e-05,-2e-05,0.0,-1.11e-05,-5.56e-05,0.0,-0.0007687,-0.0068101,False
UK100,2013-04-29,6458.0,2013-05-03,6521.5,4,4,0.1,0.0009845,-2e-05,-2e-05,0.0,-5.6e-06,-2.78e-05,0.0,0.0009111,0.0098328,False
UK100,2013-05-30,6657.0,2013-06-05,6419.2998,4,6,0.1,-0.0036017,-2e-05,-2e-05,0.0,-8.3e-06,-4.17e-05,0.0,-0.0036917,-0.0357068,False
UK100,2013-06-27,6243.3999,2013-07-03,6229.8999,4,6,0.1,-0.0001976,-2e-05,-2e-05,0.0,-8.3e-06,-4.17e-05,0.0,-0.0002876,-0.0021623,False
UK100,2013-07-30,6571.0,2013-08-05,6619.6001,4,6,0.1,0.0007462,-2e-05,-2e-05,0.0,-8.3e-06,-4.17e-05,0.0,0.0006562,0.0073961,False
UK100,2013-08-29,6483.1001,2013-09-04,6474.7002,4,6,0.1,-0.0001115,-2e-05,-2e-05,0.0,-8.3e-06,-4.17e-05,0.0,-0.0002015,-0.0012957,False
UK100,2013-09-27,6512.7002,2013-10-03,6449.0,4,6,0.1,-0.0009791,-2e-05,-2e-05,0.0,-8.3e-06,-4.17e-05,0.0,-0.0010691,-0.0097809,False
UK100,2013-10-30,6777.7002,2013-11-05,6746.7998,4,6,0.1,-0.0004534,-2e-05,-2e-05,0.0,-8.3e-06,-4.17e-05,0.0,-0.0005434,-0.0045591,False
UK100,2013-11-28,6654.5,2013-12-04,6510.0,4,6,0.1,-0.0021867,-2e-05,-2e-05,0.0,-8.3e-06,-4.17e-05,0.0,-0.0022767,-0.0217146,False
UK100,2013-12-30,6731.2998,2014-01-06,6730.7002,4,7,0.1,-7.3e-06,-2e-05,-2e-05,0.0,-9.7e-06,-4.86e-05,0.0,-0.0001056,-8.91e-05,False
UK100,2014-01-30,6538.5,2014-02-05,6457.8999,4,6,0.1,-0.0012367,-2e-05,-2e-05,0.0,-8.3e-06,-4.17e-05,0.0,-0.0013267,-0.012327,False
UK100,2014-02-27,6810.2998,2014-03-05,6775.3999,4,6,0.1,-0.0004854,-2e-05,-2e-05,0.0,-8.3e-06,-4.17e-05,0.0,-0.0005754,-0.0051246,False
UK100,2014-03-28,6615.6001,2014-04-03,6649.1001,4,6,0.1,0.000509,-2e-05,-2e-05,0.0,-8.3e-06,-4.17e-05,0.0,0.000419,0.0050638,False
UK100,2014-04-29,6769.8999,2014-05-06,6798.6001,4,7,0.1,0.0004249,-2e-05,-2e-05,0.0,-9.7e-06,-4.86e-05,0.0,0.0003265,0.0042394,False
UK100,2014-05-29,6871.2998,2014-06-04,6818.6001,4,6,0.1,-0.0007676,-2e-05,-2e-05,0.0,-8.3e-06,-4.17e-05,0.0,-0.0008576,-0.0076695,False
UK100,2014-06-27,6757.7998,2014-07-03,6865.2002,4,6,0.1,0.0015835,-2e-05,-2e-05,0.0,-8.3e-06,-4.17e-05,0.0,0.0014935,0.0158928,False
UK100,2014-07-30,6773.3999,2014-08-05,6682.5,4,6,0.1,-0.0013461,-2e-05,-2e-05,0.0,-8.3e-06,-4.17e-05,0.0,-0.0014361,-0.0134201,False
UK100,2014-08-28,6805.7998,2014-09-03,6873.6001,4,6,0.1,0.0009936,-2e-05,-2e-05,0.0,-8.3e-06,-4.17e-05,0.0,0.0009036,0.0099621,False
UK100,2014-09-29,6646.6001,2014-10-03,6527.8999,4,4,0.1,-0.001774,-2e-05,-2e-05,0.0,-5.6e-06,-2.78e-05,0.0,-0.0018474,-0.0178588,False
UK100,2014-10-30,6463.6001,2014-11-05,6539.1001,4,6,0.1,0.0011835,-2e-05,-2e-05,0.0,-8.3e-06,-4.17e-05,0.0,0.0010935,0.0116808,False
UK100,2014-11-27,6723.3999,2014-12-03,6716.6001,4,6,0.1,-8.74e-05,-2e-05,-2e-05,0.0,-8.3e-06,-4.17e-05,0.0,-0.0001774,-0.0010114,False
UK100,2014-12-30,6547.0,2015-01-06,6366.5,4,7,0.1,-0.0027716,-2e-05,-2e-05,0.0,-9.7e-06,-4.86e-05,0.0,-0.0028699,-0.0275699,False
UK100,2015-01-29,6810.6001,2015-02-04,6860.0,4,6,0.1,0.0007367,-2e-05,-2e-05,0.0,-8.3e-06,-4.17e-05,0.0,0.0006467,0.0072534,False
UK100,2015-02-26,6949.7002,2015-03-04,6919.2002,4,6,0.1,-0.0004361,-2e-05,-2e-05,0.0,-8.3e-06,-4.17e-05,0.0,-0.0005261,-0.0043887,False
UK100,2015-03-30,6891.3999,2015-04-07,6961.7998,4,8,0.1,0.0010508,-2e-05,-2e-05,0.0,-1.11e-05,-5.56e-05,0.0,0.0009441,0.0102156,False
UK100,2015-04-29,6946.2998,2015-05-06,6933.7002,4,7,0.1,-0.0001771,-2e-05,-2e-05,0.0,-9.7e-06,-4.86e-05,0.0,-0.0002755,-0.0018139,False
UK100,2015-05-28,7040.8999,2015-06-03,6950.5,4,6,0.1,-0.0012869,-2e-05,-2e-05,0.0,-8.3e-06,-4.17e-05,0.0,-0.0013769,-0.0128393,False
UK100,2015-06-29,6620.5,2015-07-03,6585.7998,4,4,0.1,-0.0005023,-2e-05,-2e-05,0.0,-5.6e-06,-2.78e-05,0.0,-0.0005757,-0.0052413,False
UK100,2015-07-30,6668.8999,2015-08-05,6752.3999,4,6,0.1,0.00125,-2e-05,-2e-05,0.0,-8.3e-06,-4.17e-05,0.0,0.00116,0.0125208,False
UK100,2015-08-27,6192.0,2015-09-03,6194.1001,4,7,0.1,0.0001021,-2e-05,-2e-05,0.0,-9.7e-06,-4.86e-05,0.0,3.7e-06,0.0003392,False
UK100,2015-09-29,5909.2002,2015-10-05,6298.8999,4,6,0.1,0.006461,-2e-05,-2e-05,0.0,-8.3e-06,-4.17e-05,0.0,0.006371,0.065948,False
UK100,2015-10-29,6395.7998,2015-11-04,6412.8999,4,6,0.1,0.0002701,-2e-05,-2e-05,0.0,-8.3e-06,-4.17e-05,0.0,0.0001801,0.0026736,False
UK100,2015-11-27,6375.2002,2015-12-03,6275.0,4,6,0.1,-0.0015548,-2e-05,-2e-05,0.0,-8.3e-06,-4.17e-05,0.0,-0.0016448,-0.0157172,False
UK100,2015-12-30,6274.1001,2016-01-06,6073.3999,4,7,0.1,-0.0032129,-2e-05,-2e-05,0.0,-9.7e-06,-4.86e-05,0.0,-0.0033113,-0.0319887,False
UK100,2016-01-28,5931.7998,2016-02-03,5837.1001,4,6,0.1,-0.0015396,-2e-05,-2e-05,0.0,-8.3e-06,-4.17e-05,0.0,-0.0016296,-0.0159648,False
UK100,2016-02-26,6096.0,2016-03-03,6130.5,4,6,0.1,0.0005689,-2e-05,-2e-05,0.0,-8.3e-06,-4.17e-05,0.0,0.0004789,0.0056594,False
UK100,2016-03-30,6203.2002,2016-04-05,6091.2002,4,6,0.1,-0.0018123,-2e-05,-2e-05,0.0,-8.3e-06,-4.17e-05,0.0,-0.0019023,-0.0180552,False
UK100,2016-04-28,6322.3999,2016-05-05,6117.2998,4,7,0.1,-0.0032784,-2e-05,-2e-05,0.0,-9.7e-06,-4.86e-05,0.0,-0.0033767,-0.0324402,False
UK100,2016-05-27,6270.7998,2016-06-03,6209.6001,4,7,0.1,-0.0009759,-2e-05,-2e-05,0.0,-9.7e-06,-4.86e-05,0.0,-0.0010743,-0.0097595,False
UK100,2016-06-29,6360.1001,2016-07-05,6545.3999,4,6,0.1,0.0029077,-2e-05,-2e-05,0.0,-8.3e-06,-4.17e-05,0.0,0.0028177,0.0291347,False
UK100,2016-07-28,6721.1001,2016-08-03,6634.3999,4,6,0.1,-0.0012945,-2e-05,-2e-05,0.0,-8.3e-06,-4.17e-05,0.0,-0.0013845,-0.0128997,False
UK100,2016-08-30,6820.7998,2016-09-05,6879.3999,4,6,0.1,0.0008827,-2e-05,-2e-05,0.0,-4.2e-06,-4.17e-05,0.0,0.0007968,0.0085914,False
UK100,2016-09-29,6919.3999,2016-10-05,7033.2998,4,6,0.1,0.0016506,-2e-05,-2e-05,0.0,-4.2e-06,-4.17e-05,0.0,0.0015647,0.016461,False
UK100,2016-10-28,6996.2998,2016-11-03,6790.5,4,6,0.1,-0.0029738,-2e-05,-2e-05,0.0,-4.2e-06,-4.17e-05,0.0,-0.0030596,-0.0294155,False
UK100,2016-11-29,6772.0,2016-12-05,6746.7998,4,6,0.1,-0.0003708,-2e-05,-2e-05,0.0,-4.2e-06,-4.17e-05,0.0,-0.0004566,-0.0037212,False
UK100,2016-12-29,7120.2998,2017-01-05,7195.2998,4,7,0.1,0.0010497,-2e-05,-2e-05,0.0,-4.9e-06,-4.86e-05,0.0,0.0009562,0.0105333,False
UK100,2017-01-30,7118.5,2017-02-03,7188.2998,4,4,0.1,0.0009795,-2e-05,-2e-05,0.0,-2.8e-06,-2.78e-05,0.0,0.0009089,0.0098054,False
UK100,2017-02-27,7253.0,2017-03-03,7374.2998,4,4,0.1,0.0016721,-2e-05,-2e-05,0.0,-2.8e-06,-2.78e-05,0.0,0.0016016,0.0167241,False
UK100,2017-03-30,7369.5,2017-04-05,7331.7002,4,6,0.1,-0.0005092,-2e-05,-2e-05,0.0,-4.2e-06,-4.17e-05,0.0,-0.000595,-0.0051292,False
UK100,2017-04-27,7237.2002,2017-05-04,7248.1001,4,7,0.1,0.000154,-2e-05,-2e-05,0.0,-4.9e-06,-4.86e-05,0.0,6.05e-05,0.0015061,False
UK100,2017-05-30,7526.5,2017-06-05,7525.7998,4,6,0.1,-8.3e-06,-2e-05,-2e-05,0.0,-4.2e-06,-4.17e-05,0.0,-9.42e-05,-9.3e-05,False
UK100,2017-06-29,7350.2998,2017-07-05,7367.6001,4,6,0.1,0.0002407,-2e-05,-2e-05,0.0,-4.2e-06,-4.17e-05,0.0,0.0001549,0.0023537,False
UK100,2017-07-28,7368.3999,2017-08-03,7474.7998,4,6,0.1,0.0014399,-2e-05,-2e-05,0.0,-4.2e-06,-4.17e-05,0.0,0.0013541,0.01444,False
UK100,2017-08-30,7365.2998,2017-09-05,7372.8999,4,6,0.1,0.0001091,-2e-05,-2e-05,0.0,-4.2e-06,-4.17e-05,0.0,2.33e-05,0.0010319,False
UK100,2017-09-28,7322.7998,2017-10-04,7467.6001,4,6,0.1,0.0019652,-2e-05,-2e-05,0.0,-4.2e-06,-4.17e-05,0.0,0.0018793,0.0197739,False
UK100,2017-10-30,7487.7998,2017-11-03,7560.3999,4,4,0.1,0.000969,-2e-05,-2e-05,0.0,-3.5e-06,-2.78e-05,0.0,0.0008977,0.0096958,False
UK100,2017-11-29,7393.6001,2017-12-05,7327.5,4,6,0.1,-0.0008918,-2e-05,-2e-05,0.0,-8.3e-06,-4.17e-05,0.0,-0.0009818,-0.0089402,False
UK100,2017-12-28,7622.8999,2018-01-04,7695.8999,4,7,0.1,0.000959,-2e-05,-2e-05,0.0,-9.7e-06,-4.86e-05,0.0,0.0008607,0.0095764,False
UK100,2018-01-30,7588.0,2018-02-05,7335.0,4,6,0.1,-0.0033741,-2e-05,-2e-05,0.0,-8.3e-06,-4.17e-05,0.0,-0.0034641,-0.0333421,False
UK100,2018-02-27,7282.5,2018-03-05,7116.0,4,6,0.1,-0.0022943,-2e-05,-2e-05,0.0,-8.3e-06,-4.17e-05,0.0,-0.0023843,-0.022863,False
UK100,2018-03-28,7044.7002,2018-04-05,7199.5,4,8,0.1,0.0022017,-2e-05,-2e-05,0.0,-1.11e-05,-5.56e-05,0.0,0.002095,0.0219739,False
UK100,2018-04-27,7502.2002,2018-05-03,7502.7002,4,6,0.1,8.7e-06,-2e-05,-2e-05,0.0,-8.3e-06,-4.17e-05,0.0,-8.13e-05,6.66e-05,False
UK100,2018-05-30,7689.6001,2018-06-05,7686.7998,4,6,0.1,-3.2e-05,-2e-05,-2e-05,0.0,-8.3e-06,-4.17e-05,0.0,-0.000122,-0.0003642,False
UK100,2018-06-28,7615.6001,2018-07-04,7573.1001,4,6,0.1,-0.0005502,-2e-05,-2e-05,0.0,-8.3e-06,-4.17e-05,0.0,-0.0006402,-0.0055807,False
UK100,2018-07-30,7700.8999,2018-08-03,7659.1001,4,4,0.1,-0.0005235,-2e-05,-2e-05,0.0,-6.3e-06,-2.78e-05,0.0,-0.0005976,-0.0054279,False
UK100,2018-08-30,7516.0,2018-09-05,7383.2998,4,6,0.1,-0.0017634,-2e-05,-2e-05,0.0,-1.25e-05,-4.17e-05,0.0,-0.0018576,-0.0176557,False
UK100,2018-09-27,7545.3999,2018-10-03,7510.2998,4,6,0.1,-0.0004635,-2e-05,-2e-05,0.0,-1.25e-05,-4.17e-05,0.0,-0.0005576,-0.0046519,False
UK100,2018-10-30,7035.8999,2018-11-05,7103.7998,4,6,0.1,0.0009696,-2e-05,-2e-05,0.0,-1.25e-05,-4.17e-05,0.0,0.0008755,0.0096505,False
UK100,2018-11-29,7039.0,2018-12-05,6921.7998,4,6,0.1,-0.0016566,-2e-05,-2e-05,0.0,-1.25e-05,-4.17e-05,0.0,-0.0017508,-0.0166501,False
UK100,2018-12-28,6734.0,2019-01-03,6692.7002,3,6,0.1,-0.0006132,-2e-05,-2e-05,0.0,-1.25e-05,-4.17e-05,0.0,-0.0007074,-0.006133,False
UK100,2019-01-30,6941.6001,2019-02-05,7177.3999,4,6,0.1,0.0033646,-2e-05,-2e-05,0.0,-1.25e-05,-4.17e-05,0.0,0.0032705,0.0339691,False
UK100,2019-02-27,7107.2002,2019-03-05,7183.3999,4,6,0.1,0.0010716,-2e-05,-2e-05,0.0,-1.25e-05,-4.17e-05,0.0,0.0009774,0.0107215,False
UK100,2019-03-28,7234.2998,2019-04-03,7418.2998,4,6,0.1,0.0025206,-2e-05,-2e-05,0.0,-1.25e-05,-4.17e-05,0.0,0.0024265,0.0254344,False
UK100,2019-04-29,7440.7002,2019-05-03,7380.6001,4,4,0.1,-0.0008077,-2e-05,-2e-05,0.0,-8.3e-06,-2.78e-05,0.0,-0.0008838,-0.0080772,False
UK100,2019-05-30,7218.2002,2019-06-05,7220.2002,4,6,0.1,3.22e-05,-2e-05,-2e-05,0.0,-1.25e-05,-4.17e-05,0.0,-6.2e-05,0.0002771,False
UK100,2019-06-27,7402.2998,2019-07-03,7609.2998,4,6,0.1,0.0027687,-2e-05,-2e-05,0.0,-1.25e-05,-4.17e-05,0.0,0.0026746,0.0279643,False
UK100,2019-07-30,7646.7998,2019-08-05,7223.8999,4,6,0.1,-0.0056271,-2e-05,-2e-05,0.0,-1.25e-05,-4.17e-05,0.0,-0.0057213,-0.0553042,False
UK100,2019-08-29,7184.2998,2019-09-04,7311.2998,4,6,0.1,0.0017601,-2e-05,-2e-05,0.0,-1.25e-05,-4.17e-05,0.0,0.0016659,0.0176774,False
UK100,2019-09-27,7426.2002,2019-10-03,7077.6001,4,6,0.1,-0.0047502,-2e-05,-2e-05,0.0,-1.25e-05,-4.17e-05,0.0,-0.0048444,-0.0469419,False
UK100,2019-10-30,7330.7998,2019-11-05,7388.1001,4,6,0.1,0.0007923,-2e-05,-2e-05,0.0,-1.25e-05,-4.17e-05,0.0,0.0006981,0.0078164,False
UK100,2019-11-28,7416.3999,2019-12-04,7188.5,4,6,0.1,-0.003097,-2e-05,-2e-05,0.0,-1.25e-05,-4.17e-05,0.0,-0.0031911,-0.0307292,False
UK100,2019-12-30,7587.1001,2020-01-06,7575.2998,4,7,0.1,-0.0001484,-2e-05,-2e-05,0.0,-1.46e-05,-4.86e-05,0.0,-0.0002516,-0.0015553,False
UK100,2020-01-30,7382.0,2020-02-05,7482.5,4,6,0.1,0.0013758,-2e-05,-2e-05,0.0,-1.25e-05,-4.17e-05,0.0,0.0012816,0.0136142,False
UK100,2020-02-27,6796.3999,2020-03-04,6815.6001,4,6,0.1,0.0003548,-2e-05,-2e-05,0.0,-1.25e-05,-4.17e-05,0.0,0.0002607,0.0028251,False
UK100,2020-03-30,5563.7002,2020-04-03,5415.5,4,4,0.1,-0.0025976,-2e-05,-2e-05,0.0,-1.1e-06,-2.78e-05,0.0,-0.0026665,-0.026637,False
UK100,2020-04-29,6115.2998,2020-05-05,5849.3999,4,6,0.1,-0.0043411,-2e-05,-2e-05,0.0,-1.7e-06,-4.17e-05,0.0,-0.0044244,-0.0434811,False
UK100,2020-05-28,6218.7998,2020-06-03,6382.3999,4,6,0.1,0.0026713,-2e-05,-2e-05,0.0,-1.7e-06,-4.17e-05,0.0,0.002588,0.0263073,False
UK100,2020-06-29,6225.7998,2020-07-03,6157.2998,4,4,0.1,-0.0010843,-2e-05,-2e-05,0.0,-1.1e-06,-2.78e-05,0.0,-0.0011532,-0.0110026,False
UK100,2020-07-30,5990.0,2020-08-05,6104.7002,4,6,0.1,0.001941,-2e-05,-2e-05,0.0,-1.7e-06,-4.17e-05,0.0,0.0018577,0.0191486,False
UK100,2020-08-27,6000.0,2020-09-03,5850.8999,4,7,0.1,-0.0024793,-2e-05,-2e-05,0.0,-1.9e-06,-4.86e-05,0.0,-0.0025699,-0.02485,False
UK100,2020-09-29,5897.5,2020-10-05,5942.8999,4,6,0.1,0.0007717,-2e-05,-2e-05,0.0,-1.7e-06,-4.17e-05,0.0,0.0006883,0.0076982,False
UK100,2020-10-29,5581.7998,2020-11-04,5883.2998,4,6,0.1,0.0053108,-2e-05,-2e-05,0.0,-1.7e-06,-4.17e-05,0.0,0.0052275,0.0540148,False
UK100,2020-11-27,6367.6001,2020-12-03,6490.2998,4,6,0.1,0.0019475,-2e-05,-2e-05,0.0,-1.7e-06,-4.17e-05,0.0,0.0018641,0.0192694,False
GER40,1989-12-27,1732.88,1990-01-04,1830.92,4,8,0.1,0.0056512,-2e-05,-2e-05,0.0,-0.0001633,-5.56e-05,0.0,0.0053924,0.0565764,False
GER40,1990-01-30,1815.2,1990-02-05,1939.8199,4,6,0.1,0.0067129,-2e-05,-2e-05,0.0,-0.0001283,-4.17e-05,0.0,0.0065029,0.0686536,False
GER40,1990-02-27,1797.04,1990-03-05,1838.1801,4,6,0.1,0.0022845,-2e-05,-2e-05,0.0,-0.0001303,-4.17e-05,0.0,0.0020726,0.0228932,False
GER40,1990-03-29,1955.88,1990-04-04,1960.89,4,6,0.1,0.0002831,-2e-05,-2e-05,0.0,-0.0001308,-4.17e-05,0.0,7.06e-05,0.0025615,False
GER40,1990-04-27,1817.8,1990-05-04,1904.85,4,7,0.1,0.0047209,-2e-05,-2e-05,0.0,-0.0001517,-4.86e-05,0.0,0.0044806,0.0478875,False
GER40,1990-05-30,1843.3199,1990-06-06,1857.95,4,7,0.1,0.0008146,-2e-05,-2e-05,0.0,-0.0001517,-4.86e-05,0.0,0.0005743,0.0079368,False
GER40,1990-06-28,1911.08,1990-07-04,1927.1899,4,6,0.1,0.0008625,-2e-05,-2e-05,0.0,-0.00013,-4.17e-05,0.0,0.0006508,0.0084298,False
GER40,1990-07-30,1909.2,1990-08-03,1848.5,4,4,0.1,-0.003201,-2e-05,-2e-05,0.0,-8.78e-05,-2.78e-05,0.0,-0.0033566,-0.0317934,False
GER40,1990-08-30,1653.55,1990-09-05,1581.66,4,6,0.1,-0.0044112,-2e-05,-2e-05,0.0,-0.0001325,-4.17e-05,0.0,-0.0046253,-0.0434762,False
GER40,1990-09-27,1399.5,1990-10-04,1413.38,4,7,0.1,0.001362,-2e-05,-2e-05,0.0,-0.0001556,-4.86e-05,0.0,0.0011179,0.0099178,False
GER40,1990-10-30,1439.72,1990-11-05,1422.83,4,6,0.1,-0.0011749,-2e-05,-2e-05,0.0,-0.0001333,-4.17e-05,0.0,-0.0013899,-0.0117315,False
GER40,1990-11-29,1424.41,1990-12-05,1459.9,4,6,0.1,0.0025062,-2e-05,-2e-05,0.0,-0.0001333,-4.17e-05,0.0,0.0022912,0.0249156,False
GER40,1990-12-27,1413.3199,1991-01-04,1390.08,4,8,0.1,-0.0016063,-2e-05,-2e-05,0.0,-0.00019,-5.56e-05,0.0,-0.0018919,-0.0164435,False
GER40,1991-01-30,1395.54,1991-02-05,1442.73,4,6,0.1,0.0033631,-2e-05,-2e-05,0.0,-0.0001422,-4.17e-05,0.0,0.0031392,0.0338148,False
GER40,1991-02-27,1553.99,1991-03-05,1546.61,4,6,0.1,-0.0004273,-2e-05,-2e-05,0.0,-0.0001417,-4.17e-05,0.0,-0.0006506,-0.0047491,False
GER40,1991-03-27,1514.86,1991-04-04,1568.4,4,8,0.1,0.0035082,-2e-05,-2e-05,0.0,-0.0001889,-5.56e-05,0.0,0.0032238,0.0353432,False
GER40,1991-04-29,1633.85,1991-05-06,1625.86,4,7,0.1,-0.0004641,-2e-05,-2e-05,0.0,-0.0001672,-4.86e-05,0.0,-0.0007199,-0.0048903,False
GER40,1991-05-29,1686.42,1991-06-05,1705.74,4,7,0.1,0.001156,-2e-05,-2e-05,0.0,-0.0001672,-4.86e-05,0.0,0.0009001,0.0114562,False
GER40,1991-06-27,1668.61,1991-07-03,1606.51,4,6,0.1,-0.0037501,-2e-05,-2e-05,0.0,-0.0001458,-4.17e-05,0.0,-0.0039776,-0.0372166,False
GER40,1991-07-30,1616.67,1991-08-05,1623.0699,4,6,0.1,0.0003955,-2e-05,-2e-05,0.0,-0.0001467,-4.17e-05,0.0,0.0001671,0.0039587,False
GER40,1991-08-29,1651.55,1991-09-04,1649.55,4,6,0.1,-0.0001194,-2e-05,-2e-05,0.0,-0.00015,-4.17e-05,0.0,-0.0003511,-0.001211,False
GER40,1991-09-27,1612.8,1991-10-04,1604.89,4,7,0.1,-0.0004901,-2e-05,-2e-05,0.0,-0.000175,-4.86e-05,0.0,-0.0007538,-0.0049045,False
GER40,1991-10-30,1586.01,1991-11-05,1578.21,4,6,0.1,-0.0004887,-2e-05,-2e-05,0.0,-0.00015,-4.17e-05,0.0,-0.0007204,-0.004918,False
GER40,1991-11-28,1587.92,1991-12-04,1554.65,4,6,0.1,-0.002102,-2e-05,-2e-05,0.0,-0.0001508,-4.17e-05,0.0,-0.0023345,-0.0209519,False
GER40,1991-12-27,1564.27,1992-01-06,1604.6899,4,10,0.1,0.002564,-2e-05,-2e-05,0.0,-0.000264,-6.94e-05,0.0,0.0021905,0.0258395,False
GER40,1992-01-30,1683.0601,1992-02-05,1685.85,4,6,0.1,0.0001675,-2e-05,-2e-05,0.0,-0.0001567,-4.17e-05,0.0,-7.09e-05,0.0016576,False
GER40,1992-02-27,1745.17,1992-03-04,1762.27,4,6,0.1,0.0009787,-2e-05,-2e-05,0.0,-0.0001575,-4.17e-05,0.0,0.0007395,0.0097985,False
GER40,1992-03-30,1714.76,1992-04-03,1716.1801,4,4,0.1,9.09e-05,-2e-05,-2e-05,0.0,-0.0001061,-2.78e-05,0.0,-8.3e-05,0.0008281,False
GER40,1992-04-29,1731.1801,1992-05-06,1745.78,4,7,0.1,0.0008426,-2e-05,-2e-05,0.0,-0.0001867,-4.86e-05,0.0,0.0005673,0.0084335,False
GER40,1992-05-27,1792.8,1992-06-03,1786.1899,4,7,0.1,-0.0003622,-2e-05,-2e-05,0.0,-0.0001876,-4.86e-05,0.0,-0.0006385,-0.003687,False
GER40,1992-06-29,1755.98,1992-07-03,1776.5,4,4,0.1,0.0011667,-2e-05,-2e-05,0.0,-0.0001072,-2.78e-05,0.0,0.0009917,0.0116858,False
GER40,1992-07-30,1622.2,1992-08-05,1624.9399,4,6,0.1,0.0001775,-2e-05,-2e-05,0.0,-0.0001617,-4.17e-05,0.0,-6.59e-05,0.0016891,False
GER40,1992-08-28,1519.6899,1992-09-03,1543.89,4,6,0.1,0.0016034,-2e-05,-2e-05,0.0,-0.0001617,-4.17e-05,0.0,0.0013601,0.0159243,False
GER40,1992-09-29,1483.83,1992-10-05,1402.34,4,6,0.1,-0.0055103,-2e-05,-2e-05,0.0,-0.0001533,-4.17e-05,0.0,-0.0057453,-0.0549187,False
GER40,1992-10-29,1493.54,1992-11-04,1470.5699,4,6,0.1,-0.0015446,-2e-05,-2e-05,0.0,-0.0001458,-4.17e-05,0.0,-0.0017721,-0.0153796,False
GER40,1992-11-27,1529.6899,1992-12-03,1530.65,4,6,0.1,7.54e-05,-2e-05,-2e-05,0.0,-0.0001459,-4.17e-05,0.0,-0.0001522,0.0006276,False
GER40,1992-12-29,1545.8199,1993-01-06,1551.17,4,8,0.1,0.0003522,-2e-05,-2e-05,0.0,-0.0001944,-5.56e-05,0.0,6.22e-05,0.003461,False
GER40,1993-01-28,1572.6801,1993-02-03,1605.91,4,6,0.1,0.0021064,-2e-05,-2e-05,0.0,-0.0001432,-4.17e-05,0.0,0.0018816,0.0211295,False
GER40,1993-02-25,1661.96,1993-03-03,1690.48,4,6,0.1,0.0017135,-2e-05,-2e-05,0.0,-0.0001417,-4.17e-05,0.0,0.0014902,0.0171605,False
GER40,1993-03-30,1686.64,1993-04-05,1658.36,4,6,0.1,-0.0016853,-2e-05,-2e-05,0.0,-0.0001366,-4.17e-05,0.0,-0.0019036,-0.0167671,False
GER40,1993-04-29,1618.6,1993-05-05,1628.88,4,6,0.1,0.0006392,-2e-05,-2e-05,0.0,-0.0001292,-4.17e-05,0.0,0.0004283,0.0063512,False
GER40,1993-05-27,1633.1801,1993-06-03,1630.5601,4,7,0.1,-0.0001596,-2e-05,-2e-05,0.0,-0.0001478,-4.86e-05,0.0,-0.000396,-0.0016042,False
GER40,1993-06-29,1703.05,1993-07-05,1694.83,4,6,0.1,-0.0004835,-2e-05,-2e-05,0.0,-0.0001264,-4.17e-05,0.0,-0.0006916,-0.0048267,False
GER40,1993-07-29,1823.4,1993-08-04,1861.22,4,6,0.1,0.0020765,-2e-05,-2e-05,0.0,-0.0001158,-4.17e-05,0.0,0.001879,0.0207414,False
GER40,1993-08-30,1929.5601,1993-09-03,1920.4301,4,4,0.1,-0.0004721,-2e-05,-2e-05,0.0,-7.56e-05,-2.78e-05,0.0,-0.0006154,-0.0047317,False
GER40,1993-09-29,1908.97,1993-10-05,1973.45,4,6,0.1,0.0033457,-2e-05,-2e-05,0.0,-0.0001117,-4.17e-05,0.0,0.0031524,0.0337774,False
GER40,1993-10-28,2053.6599,1993-11-03,2086.22,4,6,0.1,0.0015784,-2e-05,-2e-05,0.0,-0.0001067,-4.17e-05,0.0,0.0013901,0.0158546,False
GER40,1993-11-29,2052.0901,1993-12-03,2128.3,4,4,0.1,0.0036727,-2e-05,-2e-05,0.0,-6.94e-05,-2.78e-05,0.0,0.0035355,0.0371377,False
GER40,1993-12-29,2229.6201,1994-01-05,2223.6101,4,7,0.1,-0.0002469,-2e-05,-2e-05,0.0,-0.0001167,-4.86e-05,0.0,-0.0004521,-0.0026955,False
GER40,1994-01-28,2156.6101,1994-02-03,2137.0801,4,6,0.1,-0.0008712,-2e-05,-2e-05,0.0,-0.0001,-4.17e-05,0.0,-0.0010529,-0.0090559,False
GER40,1994-02-25,2075.3301,1994-03-03,2044.45,4,6,0.1,-0.00144,-2e-05,-2e-05,0.0,-9.99e-05,-4.17e-05,0.0,-0.0016215,-0.0148796,False
GER40,1994-03-30,2151.8401,1994-04-07,2202.5701,4,8,0.1,0.0023475,-2e-05,-2e-05,0.0,-0.0001279,-5.56e-05,0.0,0.0021241,0.0235752,False
GER40,1994-04-28,2237.8201,1994-05-04,2241.8501,4,6,0.1,0.0001882,-2e-05,-2e-05,0.0,-9.12e-05,-4.17e-05,0.0,1.53e-05,0.0018009,False
GER40,1994-05-30,2129.76,1994-06-06,2163.5901,4,7,0.1,0.0016056,-2e-05,-2e-05,0.0,-0.0001005,-4.86e-05,0.0,0.0014166,0.0158845,False
GER40,1994-06-29,2042.45,1994-07-05,2034.64,4,6,0.1,-0.0003587,-2e-05,-2e-05,0.0,-8.28e-05,-4.17e-05,0.0,-0.0005232,-0.0038238,False
GER40,1994-07-28,2134.1201,1994-08-03,2190.8301,4,6,0.1,0.0026381,-2e-05,-2e-05,0.0,-8.08e-05,-4.17e-05,0.0,0.0024756,0.026573,False
GER40,1994-08-30,2205.8201,1994-09-05,2173.6001,4,6,0.1,-0.0014594,-2e-05,-2e-05,0.0,-8.08e-05,-4.17e-05,0.0,-0.0016219,-0.0146068,False
GER40,1994-09-29,2016.08,1994-10-06,1965.41,4,7,0.1,-0.0025132,-2e-05,-2e-05,0.0,-9.43e-05,-4.86e-05,0.0,-0.0026961,-0.0251329,False
GER40,1994-10-28,2064.8601,1994-11-03,2061.3701,4,6,0.1,-0.0001551,-2e-05,-2e-05,0.0,-8.08e-05,-4.17e-05,0.0,-0.0003176,-0.0016902,False
GER40,1994-11-29,2036.24,1994-12-05,2067.26,4,6,0.1,0.0015263,-2e-05,-2e-05,0.0,-8.08e-05,-4.17e-05,0.0,0.0013638,0.015234,False
GER40,1994-12-29,2074.6799,1995-01-04,2072.8999,4,6,0.1,-7.46e-05,-2e-05,-2e-05,0.0,-8.08e-05,-4.17e-05,0.0,-0.0002371,-0.000858,False
GER40,1995-01-30,2026.6801,1995-02-03,2077.9399,4,4,0.1,0.0025235,-2e-05,-2e-05,0.0,-5.39e-05,-2.78e-05,0.0,0.0024018,0.0252925,False
GER40,1995-02-27,2106.05,1995-03-03,2094.1599,4,4,0.1,-0.0005488,-2e-05,-2e-05,0.0,-5.39e-05,-2.78e-05,0.0,-0.0006705,-0.0056457,False
GER40,1995-03-30,1949.76,1995-04-05,1972.59,4,6,0.1,0.0011991,-2e-05,-2e-05,0.0,-8.08e-05,-4.17e-05,0.0,0.0010366,0.0117091,False
GER40,1995-04-27,2024.25,1995-05-04,2034.15,4,7,0.1,0.0004928,-2e-05,-2e-05,0.0,-8.77e-05,-4.86e-05,0.0,0.0003164,0.0048907,False
GER40,1995-05-30,2081.46,1995-06-06,2154.1699,4,7,0.1,0.0034487,-2e-05,-2e-05,0.0,-8.77e-05,-4.86e-05,0.0,0.0032724,0.0349322,False
GER40,1995-06-29,2094.6799,1995-07-05,2117.6299,4,6,0.1,0.0010932,-2e-05,-2e-05,0.0,-7.52e-05,-4.17e-05,0.0,0.0009364,0.0109563,False
GER40,1995-07-28,2217.9099,1995-08-03,2234.8601,4,6,0.1,0.0007799,-2e-05,-2e-05,0.0,-7.52e-05,-4.17e-05,0.0,0.000623,0.0076424,False
GER40,1995-08-30,2251.3,1995-09-05,2266.5701,4,6,0.1,0.0006838,-2e-05,-2e-05,0.0,-7.17e-05,-4.17e-05,0.0,0.0005305,0.0067828,False
GER40,1995-09-28,2184.24,1995-10-05,2191.54,4,7,0.1,0.0003432,-2e-05,-2e-05,0.0,-7.93e-05,-4.86e-05,0.0,0.0001753,0.0033421,False
GER40,1995-10-30,2149.71,1995-11-03,2169.6899,4,4,0.1,0.000932,-2e-05,-2e-05,0.0,-4.48e-05,-2.78e-05,0.0,0.0008194,0.0092943,False
GER40,1995-11-29,2249.75,1995-12-05,2269.3401,4,6,0.1,0.0008695,-2e-05,-2e-05,0.0,-6.63e-05,-4.17e-05,0.0,0.0007215,0.0087077,False
GER40,1995-12-28,2273.8999,1996-01-04,2332.8101,4,7,0.1,0.0025843,-2e-05,-2e-05,0.0,-7.29e-05,-4.86e-05,0.0,0.0024228,0.0259071,False
GER40,1996-01-30,2456.0901,1996-02-05,2416.8401,4,6,0.1,-0.0015931,-2e-05,-2e-05,0.0,-5.78e-05,-4.17e-05,0.0,-0.0017326,-0.0159807,False
GER40,1996-02-28,2486.95,1996-03-05,2472.52,4,6,0.1,-0.0005801,-2e-05,-2e-05,0.0,-5.5e-05,-4.17e-05,0.0,-0.0007168,-0.0058023,False
GER40,1996-03-28,2502.9399,1996-04-03,2489.52,4,6,0.1,-0.0005319,-2e-05,-2e-05,0.0,-5.5e-05,-4.17e-05,0.0,-0.0006686,-0.0053617,False
GER40,1996-04-29,2505.97,1996-05-06,2473.52,4,7,0.1,-0.0012956,-2e-05,-2e-05,0.0,-6.42e-05,-4.86e-05,0.0,-0.0014483,-0.0129491,False
GER40,1996-05-30,2535.78,1996-06-05,2551.03,4,6,0.1,0.0006042,-2e-05,-2e-05,0.0,-5.5e-05,-4.17e-05,0.0,0.0004675,0.0060139,False
GER40,1996-06-27,2551.8,1996-07-03,2566.3201,4,6,0.1,0.0005706,-2e-05,-2e-05,0.0,-5.5e-05,-4.17e-05,0.0,0.000434,0.0056901,False
GER40,1996-07-30,2466.8401,1996-08-05,2520.52,4,6,0.1,0.002161,-2e-05,-2e-05,0.0,-5.5e-05,-4.17e-05,0.0,0.0020244,0.0217606,False
GER40,1996-08-29,2548.8401,1996-09-04,2526.1799,4,6,0.1,-0.0008905,-2e-05,-2e-05,0.0,-5e-05,-4.17e-05,0.0,-0.0010222,-0.0088904,False
GER40,1996-09-27,2659.8601,1996-10-04,2704.25,4,7,0.1,0.0016645,-2e-05,-2e-05,0.0,-5.83e-05,-4.86e-05,0.0,0.0015175,0.0166888,False
GER40,1996-10-30,2664.72,1996-11-05,2716.1599,4,6,0.1,0.0019225,-2e-05,-2e-05,0.0,-5e-05,-4.17e-05,0.0,0.0017909,0.0193041,False
GER40,1996-11-28,2829.6799,1996-12-04,2880.8899,4,6,0.1,0.0018119,-2e-05,-2e-05,0.0,-5e-05,-4.17e-05,0.0,0.0016803,0.0180974,False
GER40,1996-12-27,2859.22,1997-01-06,2890.2,4,10,0.1,0.0011174,-2e-05,-2e-05,0.0,-8.33e-05,-6.94e-05,0.0,0.0009246,0.0108351,False
GER40,1997-01-30,3018.5801,1997-02-05,3114.73,4,6,0.1,0.0031533,-2e-05,-2e-05,0.0,-5e-05,-4.17e-05,0.0,0.0030216,0.0318527,False
GER40,1997-02-27,3272.5801,1997-03-05,3375.45,4,6,0.1,0.0031342,-2e-05,-2e-05,0.0,-5e-05,-4.17e-05,0.0,0.0030026,0.0314339,False
GER40,1997-03-26,3439.22,1997-04-03,3212.8201,4,8,0.1,-0.0067114,-2e-05,-2e-05,0.0,-6.67e-05,-5.56e-05,0.0,-0.0068736,-0.0658289,False
GER40,1997-04-29,3425.8601,1997-05-06,3548.52,4,7,0.1,0.0035539,-2e-05,-2e-05,0.0,-5.83e-05,-4.86e-05,0.0,0.0034069,0.0358041,False
GER40,1997-05-29,3635.3799,1997-06-04,3651.5901,4,6,0.1,0.000483,-2e-05,-2e-05,0.0,-5e-05,-4.17e-05,0.0,0.0003514,0.004459,False
GER40,1997-06-27,3809.9199,1997-07-03,3939.73,4,6,0.1,0.0033937,-2e-05,-2e-05,0.0,-5e-05,-4.17e-05,0.0,0.0032621,0.0340716,False
GER40,1997-07-30,4458.6602,1997-08-05,4325.8599,4,6,0.1,-0.0029997,-2e-05,-2e-05,0.0,-5e-05,-4.17e-05,0.0,-0.0031314,-0.0297848,False
GER40,1997-08-28,3897.4299,1997-09-03,4062.1299,4,6,0.1,0.004223,-2e-05,-2e-05,0.0,-5e-05,-4.17e-05,0.0,0.0040913,0.0422586,False
GER40,1997-09-29,4116.52,1997-10-06,4326.3501,4,7,0.1,0.0050191,-2e-05,-2e-05,0.0,-5.83e-05,-4.86e-05,0.0,0.0048721,0.0509727,False
GER40,1997-10-30,3748.8799,1997-11-05,3841.3899,4,6,0.1,0.0024933,-2e-05,-2e-05,0.0,-5.5e-05,-4.17e-05,0.0,0.0023566,0.0246767,False
GER40,1997-11-27,3961.97,1997-12-03,4074.55,4,6,0.1,0.0028793,-2e-05,-2e-05,0.0,-5.5e-05,-4.17e-05,0.0,0.0027427,0.0284152,False
GER40,1997-12-29,4266.02,1998-01-06,4360.0498,4,8,0.1,0.0022544,-2e-05,-2e-05,0.0,-7.33e-05,-5.56e-05,0.0,0.0020855,0.0220416,False
GER40,1998-01-29,4444.5298,1998-02-04,4509.25,4,6,0.1,0.0014657,-2e-05,-2e-05,0.0,-5.5e-05,-4.17e-05,0.0,0.0013291,0.0145618,False
GER40,1998-02-26,4695.7798,1998-03-04,4690.52,4,6,0.1,-8.31e-05,-2e-05,-2e-05,0.0,-5.5e-05,-4.17e-05,0.0,-0.0002198,-0.0011201,False
GER40,1998-03-30,5069.8901,1998-04-03,5254.3198,4,4,0.1,0.0035914,-2e-05,-2e-05,0.0,-3.67e-05,-2.78e-05,0.0,0.003487,0.0363775,False
GER40,1998-04-29,5083.7998,1998-05-06,5264.6201,4,7,0.1,0.0035836,-2e-05,-2e-05,0.0,-6.42e-05,-4.86e-05,0.0,0.0034308,0.0355679,False
GER40,1998-05-28,5507.3599,1998-06-04,5605.3799,4,7,0.1,0.0017764,-2e-05,-2e-05,0.0,-6.42e-05,-4.86e-05,0.0,0.0016236,0.017798,False
GER40,1998-06-29,5933.73,1998-07-03,5961.4502,4,4,0.1,0.0004896,-2e-05,-2e-05,0.0,-3.67e-05,-2.78e-05,0.0,0.0003852,0.0046716,False
GER40,1998-07-30,5906.3301,1998-08-05,5614.77,4,6,0.1,-0.005027,-2e-05,-2e-05,0.0,-5.5e-05,-4.17e-05,0.0,-0.0051637,-0.049364,False
GER40,1998-08-28,4925.7998,1998-09-03,4797.1299,4,6,0.1,-0.0025494,-2e-05,-2e-05,0.0,-5.5e-05,-4.17e-05,0.0,-0.0026861,-0.0261216,False
GER40,1998-09-29,4600.3301,1998-10-05,3970.99,4,6,0.1,-0.0143139,-2e-05,-2e-05,0.0,-5.5e-05,-4.17e-05,0.0,-0.0144505,-0.1368032,False
GER40,1998-10-29,4569.73,1998-11-04,4878.2402,4,6,0.1,0.0066482,-2e-05,-2e-05,0.0,-5.5e-05,-4.17e-05,0.0,0.0065116,0.0675117,False
GER40,1998-11-27,5159.21,1998-12-03,4812.3398,4,6,0.1,-0.0067677,-2e-05,-2e-05,0.0,-5.5e-05,-4.17e-05,0.0,-0.0069043,-0.0672332,False
GER40,1998-12-29,5056.2002,1999-01-06,5442.8999,4,8,0.1,0.0075875,-2e-05,-2e-05,0.0,-6.67e-05,-5.56e-05,0.0,0.0074253,0.0764803,False
GER40,1999-01-28,5080.9302,1999-02-03,5090.0698,4,6,0.1,0.000226,-2e-05,-2e-05,0.0,-5e-05,-4.17e-05,0.0,9.43e-05,0.0017988,False
GER40,1999-02-25,4918.5498,1999-03-03,4668.52,4,6,0.1,-0.005146,-2e-05,-2e-05,0.0,-5e-05,-4.17e-05,0.0,-0.0052776,-0.050834,False
GER40,1999-03-30,4841.2002,1999-04-07,5027.25,4,8,0.1,0.0038048,-2e-05,-2e-05,0.0,-6.67e-05,-5.56e-05,0.0,0.0036426,0.0384305,False
GER40,1999-04-29,5323.0601,1999-05-05,5295.2202,4,6,0.1,-0.0005092,-2e-05,-2e-05,0.0,-4.17e-05,-4.17e-05,0.0,-0.0006325,-0.00523,False
GER40,1999-05-28,5070.98,1999-06-04,5124.1299,4,7,0.1,0.0010647,-2e-05,-2e-05,0.0,-4.86e-05,-4.86e-05,0.0,0.0009274,0.0104812,False
GER40,1999-06-29,5359.5298,1999-07-05,5625.6201,4,6,0.1,0.0048847,-2e-05,-2e-05,0.0,-4.17e-05,-4.17e-05,0.0,0.0047613,0.0496481,False
GER40,1999-07-29,5052.3198,1999-08-04,5119.3701,4,6,0.1,0.0013258,-2e-05,-2e-05,0.0,-4.17e-05,-4.17e-05,0.0,0.0012025,0.0132712,False
GER40,1999-08-30,5392.5298,1999-09-03,5336.2202,4,4,0.1,-0.0009519,-2e-05,-2e-05,0.0,-2.78e-05,-2.78e-05,0.0,-0.0010475,-0.0104421,False
GER40,1999-09-29,5135.6201,1999-10-05,5301.8501,4,6,0.1,0.0032164,-2e-05,-2e-05,0.0,-4.17e-05,-4.17e-05,0.0,0.003093,0.032368,False
GER40,1999-10-28,5478.8901,1999-11-03,5560.8701,4,6,0.1,0.0014899,-2e-05,-2e-05,0.0,-4.17e-05,-4.17e-05,0.0,0.0013666,0.0149629,False
GER40,1999-11-29,5888.8799,1999-12-03,6119.1699,4,4,0.1,0.0038842,-2e-05,-2e-05,0.0,-3.33e-05,-2.78e-05,0.0,0.0037831,0.0391059,False
GER40,1999-12-29,6859.5801,2000-01-05,6502.0698,4,7,0.1,-0.0052587,-2e-05,-2e-05,0.0,-5.83e-05,-4.86e-05,0.0,-0.0054057,-0.0521184,False
GER40,2000-01-28,7066.6001,2000-02-03,7354.2598,4,6,0.1,0.0041395,-2e-05,-2e-05,0.0,-5e-05,-4.17e-05,0.0,0.0040078,0.0407069,False
GER40,2000-02-28,7587.1299,2000-03-03,7960.0298,4,4,0.1,0.0048459,-2e-05,-2e-05,0.0,-3.61e-05,-2.78e-05,0.0,0.004742,0.049149,False
GER40,2000-03-30,7644.8901,2000-04-05,7330.77,4,6,0.1,-0.0041274,-2e-05,-2e-05,0.0,-5.83e-05,-4.17e-05,0.0,-0.0042674,-0.0410889,False
GER40,2000-04-27,7221.7402,2000-05-04,7386.71,4,7,0.1,0.0023402,-2e-05,-2e-05,0.0,-7.22e-05,-4.86e-05,0.0,0.0021794,0.0228435,False
GER40,2000-05-30,7119.2598,2000-06-05,7408.02,4,6,0.1,0.0040285,-2e-05,-2e-05,0.0,-6.25e-05,-4.17e-05,0.0,0.0038844,0.0405604,False
GER40,2000-06-29,6874.54,2000-07-05,6961.73,4,6,0.1,0.0012653,-2e-05,-2e-05,0.0,-7.08e-05,-4.17e-05,0.0,0.0011128,0.012683,False
GER40,2000-07-28,7128.2998,2000-08-03,7037.9102,4,6,0.1,-0.0012638,-2e-05,-2e-05,0.0,-7.08e-05,-4.17e-05,0.0,-0.0014163,-0.0126804,False
GER40,2000-08-30,7185.5601,2000-09-05,7395.0698,4,6,0.1,0.0029022,-2e-05,-2e-05,0.0,-7.36e-05,-4.17e-05,0.0,0.0027469,0.0291571,False
GER40,2000-09-28,6832.7598,2000-10-05,6892.4902,4,7,0.1,0.0008828,-2e-05,-2e-05,0.0,-8.75e-05,-4.86e-05,0.0,0.0007067,0.0087418,False
GER40,2000-10-30,6926.5698,2000-11-03,7128.27,4,4,0.1,0.0028965,-2e-05,-2e-05,0.0,-5.28e-05,-2.78e-05,0.0,0.002776,0.0291198,False
GER40,2000-11-29,6598.3198,2000-12-05,6637.0898,4,6,0.1,0.0007453,-2e-05,-2e-05,0.0,-7.92e-05,-4.17e-05,0.0,0.0005845,0.0058757,False
GER40,2000-12-28,6371.6401,2001-01-04,6376.54,4,7,0.1,0.0001373,-2e-05,-2e-05,0.0,-9.24e-05,-4.86e-05,0.0,-4.37e-05,0.000769,False
GER40,2001-01-30,6739.2998,2001-02-05,6628.0698,4,6,0.1,-0.0016468,-2e-05,-2e-05,0.0,-7.92e-05,-4.17e-05,0.0,-0.0018077,-0.0165047,False
GER40,2001-02-27,6220.48,2001-03-05,6216.3799,4,6,0.1,-5.03e-05,-2e-05,-2e-05,0.0,-7.92e-05,-4.17e-05,0.0,-0.0002111,-0.0006591,False
GER40,2001-03-29,5879.2998,2001-04-04,5597.6602,4,6,0.1,-0.0048288,-2e-05,-2e-05,0.0,-7.92e-05,-4.17e-05,0.0,-0.0049896,-0.0479036,False
GER40,2001-04-27,6175.2402,2001-05-04,6138.2798,4,7,0.1,-0.0005631,-2e-05,-2e-05,0.0,-9.24e-05,-4.86e-05,0.0,-0.000744,-0.0059853,False
GER40,2001-05-30,6041.2202,2001-06-05,6242.1299,4,6,0.1,0.0032897,-2e-05,-2e-05,0.0,-7.5e-05,-4.17e-05,0.0,0.0031331,0.0332565,False
GER40,2001-06-28,5971.77,2001-07-04,6015.7202,4,6,0.1,0.0007533,-2e-05,-2e-05,0.0,-7.5e-05,-4.17e-05,0.0,0.0005966,0.0073597,False
GER40,2001-07-30,5792.1899,2001-08-03,5735.8799,4,4,0.1,-0.0009614,-2e-05,-2e-05,0.0,-5e-05,-2.78e-05,0.0,-0.0010791,-0.0097217,False
GER40,2001-08-30,5162.3999,2001-09-05,5048.0801,4,6,0.1,-0.0021486,-2e-05,-2e-05,0.0,-7.15e-05,-4.17e-05,0.0,-0.0023018,-0.0221447,False
GER40,2001-09-27,4184.5,2001-10-03,4436.6602,4,6,0.1,0.0059647,-2e-05,-2e-05,0.0,-6.25e-05,-4.17e-05,0.0,0.0058205,0.0602605,False
GER40,2001-10-30,4543.98,2001-11-05,4755.1099,4,6,0.1,0.0046314,-2e-05,-2e-05,0.0,-6.25e-05,-4.17e-05,0.0,0.0044872,0.0464636,False
GER40,2001-11-29,4936.0801,2001-12-05,5262.75,4,6,0.1,0.0065346,-2e-05,-2e-05,0.0,-5.42e-05,-4.17e-05,0.0,0.0063987,0.06618,False
GER40,2001-12-27,5117.1299,2002-01-04,5318.73,4,8,0.1,0.0038913,-2e-05,-2e-05,0.0,-7.22e-05,-5.56e-05,0.0,0.0037235,0.0393971,False
GER40,2002-01-30,5052.2002,2002-02-05,4936.75,4,6,0.1,-0.0022761,-2e-05,-2e-05,0.0,-5.42e-05,-4.17e-05,0.0,-0.0024119,-0.0228515,False
GER40,2002-02-27,4960.2202,2002-03-05,5228.6699,4,6,0.1,0.005332,-2e-05,-2e-05,0.0,-5.42e-05,-4.17e-05,0.0,0.0051961,0.0541205,False
GER40,2002-03-27,5348.0,2002-04-04,5254.9502,4,8,0.1,-0.0017353,-2e-05,-2e-05,0.0,-7.22e-05,-5.56e-05,0.0,-0.0019031,-0.017399,False
GER40,2002-04-29,5008.04,2002-05-06,4880.6699,4,7,0.1,-0.0025486,-2e-05,-2e-05,0.0,-6.32e-05,-4.86e-05,0.0,-0.0027004,-0.0254331,False
GER40,2002-05-30,4761.96,2002-06-05,4624.3101,4,6,0.1,-0.0028818,-2e-05,-2e-05,0.0,-5.42e-05,-4.17e-05,0.0,-0.0030177,-0.0289061,False
GER40,2002-06-27,4259.4302,2002-07-03,4138.1499,4,6,0.1,-0.0027588,-2e-05,-2e-05,0.0,-5.42e-05,-4.17e-05,0.0,-0.0028947,-0.0284734,False
GER40,2002-07-30,3878.9399,2002-08-05,3332.6499,4,6,0.1,-0.0148495,-2e-05,-2e-05,0.0,-5.42e-05,-4.17e-05,0.0,-0.0149854,-0.1408349,False
GER40,2002-08-29,3660.95,2002-09-04,3425.8999,4,6,0.1,-0.0064063,-2e-05,-2e-05,0.0,-5.42e-05,-4.17e-05,0.0,-0.0065421,-0.0642047,False
GER40,2002-09-27,2918.8999,2002-10-03,2813.3,4,6,0.1,-0.0033895,-2e-05,-2e-05,0.0,-5.42e-05,-4.17e-05,0.0,-0.0035254,-0.036178,False
GER40,2002-10-30,3113.5901,2002-11-05,3351.3201,4,6,0.1,0.0074968,-2e-05,-2e-05,0.0,-5.42e-05,-4.17e-05,0.0,0.0073609,0.0763524,False
GER40,2002-11-28,3360.76,2002-12-04,3320.75,4,6,0.1,-0.0011224,-2e-05,-2e-05,0.0,-5.42e-05,-4.17e-05,0.0,-0.0012583,-0.011905,False
GER40,2002-12-27,2840.0,2003-01-06,3157.25,4,10,0.1,0.0108859,-2e-05,-2e-05,0.0,-7.64e-05,-6.94e-05,0.0,0.0107,0.1117077,False
GER40,2003-01-30,2693.78,2003-02-05,2725.8799,4,6,0.1,0.0013617,-2e-05,-2e-05,0.0,-4.58e-05,-4.17e-05,0.0,0.0012342,0.0119163,False
GER40,2003-02-27,2513.22,2003-03-05,2498.02,4,6,0.1,-0.0005791,-2e-05,-2e-05,0.0,-4.58e-05,-4.17e-05,0.0,-0.0007066,-0.006048,False
GER40,2003-03-28,2520.8401,2003-04-03,2569.8101,4,6,0.1,0.0021641,-2e-05,-2e-05,0.0,-4.17e-05,-4.17e-05,0.0,0.0020407,0.0194261,False
GER40,2003-04-29,2908.96,2003-05-06,3066.95,4,7,0.1,0.0053262,-2e-05,-2e-05,0.0,-4.86e-05,-4.86e-05,0.0,0.0051889,0.0543115,False
GER40,2003-05-29,2906.71,2003-06-04,3080.02,4,6,0.1,0.0058849,-2e-05,-2e-05,0.0,-4.17e-05,-4.17e-05,0.0,0.0057616,0.0596241,False
GER40,2003-06-27,3224.6599,2003-07-03,3241.9199,4,6,0.1,0.0006049,-2e-05,-2e-05,0.0,-3.33e-05,-4.17e-05,0.0,0.0004899,0.0053525,False
GER40,2003-07-30,3429.03,2003-08-05,3438.3601,4,6,0.1,0.0003057,-2e-05,-2e-05,0.0,-3.33e-05,-4.17e-05,0.0,0.0001907,0.0027209,False
GER40,2003-08-28,3492.6699,2003-09-03,3647.51,4,6,0.1,0.0043935,-2e-05,-2e-05,0.0,-3.33e-05,-4.17e-05,0.0,0.0042785,0.0443329,False
GER40,2003-09-29,3323.3799,2003-10-03,3419.0,4,4,0.1,0.0029863,-2e-05,-2e-05,0.0,-2.22e-05,-2.78e-05,0.0,0.0028963,0.0287719,False
GER40,2003-10-30,3639.6599,2003-11-05,3717.7,4,6,0.1,0.0021534,-2e-05,-2e-05,0.0,-3.33e-05,-4.17e-05,0.0,0.0020384,0.0214416,False
GER40,2003-11-27,3744.99,2003-12-03,3875.6599,4,6,0.1,0.0034651,-2e-05,-2e-05,0.0,-3.33e-05,-4.17e-05,0.0,0.0033501,0.0348919,False
GER40,2003-12-29,3952.72,2004-01-06,4035.4399,4,8,0.1,0.0020815,-2e-05,-2e-05,0.0,-4.44e-05,-5.56e-05,0.0,0.0019415,0.0209274,False
GER40,2004-01-29,4095.71,2004-02-04,4028.3701,4,6,0.1,-0.00165,-2e-05,-2e-05,0.0,-3.33e-05,-4.17e-05,0.0,-0.001765,-0.0164416,False
GER40,2004-02-26,4007.8101,2004-03-03,4071.7,4,6,0.1,0.0015948,-2e-05,-2e-05,0.0,-3.33e-05,-4.17e-05,0.0,0.0014798,0.0159413,False
GER40,2004-03-30,3874.04,2004-04-05,4048.6001,4,6,0.1,0.0044509,-2e-05,-2e-05,0.0,-3.33e-05,-4.17e-05,0.0,0.0043359,0.0450589,False
GER40,2004-04-29,4008.9099,2004-05-05,4022.1001,4,6,0.1,0.0003358,-2e-05,-2e-05,0.0,-3.33e-05,-4.17e-05,0.0,0.0002208,0.0032902,False
GER40,2004-05-28,3902.72,2004-06-03,3917.0801,4,6,0.1,0.0003838,-2e-05,-2e-05,0.0,-3.33e-05,-4.17e-05,0.0,0.0002688,0.0036795,False
GER40,2004-06-29,4069.73,2004-07-05,3995.73,4,6,0.1,-0.0018291,-2e-05,-2e-05,0.0,-3.33e-05,-4.17e-05,0.0,-0.0019441,-0.018183,False
GER40,2004-07-29,3889.6799,2004-08-04,3823.74,4,6,0.1,-0.0016957,-2e-05,-2e-05,0.0,-3.33e-05,-4.17e-05,0.0,-0.0018107,-0.0169525,False
GER40,2004-08-30,3838.8501,2004-09-03,3866.99,4,4,0.1,0.0007485,-2e-05,-2e-05,0.0,-2.22e-05,-2.78e-05,0.0,0.0006585,0.0073303,False
GER40,2004-09-29,3920.3601,2004-10-05,4048.71,4,6,0.1,0.003263,-2e-05,-2e-05,0.0,-3.33e-05,-4.17e-05,0.0,0.003148,0.0327393,False
GER40,2004-10-28,3959.5901,2004-11-03,4039.04,4,6,0.1,0.0019973,-2e-05,-2e-05,0.0,-3.33e-05,-4.17e-05,0.0,0.0018823,0.0200652,False
GER40,2004-11-29,4146.98,2004-12-03,4208.8701,4,4,0.1,0.0014959,-2e-05,-2e-05,0.0,-2.22e-05,-2.78e-05,0.0,0.0014059,0.0149241,False
GER40,2004-12-29,4247.75,2005-01-05,4258.2402,4,7,0.1,0.0002531,-2e-05,-2e-05,0.0,-3.89e-05,-4.86e-05,0.0,0.0001256,0.0024696,False
GER40,2005-01-28,4201.8101,2005-02-03,4281.6401,4,6,0.1,0.001893,-2e-05,-2e-05,0.0,-3.33e-05,-4.17e-05,0.0,0.001778,0.018999,False
GER40,2005-02-25,4348.6401,2005-03-03,4373.27,4,6,0.1,0.000569,-2e-05,-2e-05,0.0,-3.33e-05,-4.17e-05,0.0,0.000454,0.0056638,False
GER40,2005-03-30,4347.52,2005-04-05,4362.6099,4,6,0.1,0.000352,-2e-05,-2e-05,0.0,-3.33e-05,-4.17e-05,0.0,0.000237,0.0034709,False
GER40,2005-04-28,4178.1001,2005-05-04,4264.3501,4,6,0.1,0.0020501,-2e-05,-2e-05,0.0,-3.33e-05,-4.17e-05,0.0,0.0019351,0.0206434,False
GER40,2005-05-30,4480.4302,2005-06-03,4510.3901,4,4,0.1,0.0006797,-2e-05,-2e-05,0.0,-2.22e-05,-2.78e-05,0.0,0.0005897,0.0066868,False
GER40,2005-06-29,4583.6299,2005-07-05,4603.6499,4,6,0.1,0.0004391,-2e-05,-2e-05,0.0,-3.33e-05,-4.17e-05,0.0,0.0003241,0.0043677,False
GER40,2005-07-28,4892.5,2005-08-03,4923.1201,4,6,0.1,0.0006279,-2e-05,-2e-05,0.0,-3.33e-05,-4.17e-05,0.0,0.0005129,0.0062586,False
GER40,2005-08-30,4791.7202,2005-09-05,4909.8901,4,6,0.1,0.0024508,-2e-05,-2e-05,0.0,-3.33e-05,-4.17e-05,0.0,0.0023358,0.0246613,False
GER40,2005-09-29,5021.1699,2005-10-05,5069.4199,4,6,0.1,0.0009752,-2e-05,-2e-05,0.0,-3.33e-05,-4.17e-05,0.0,0.0008602,0.0096093,False
GER40,2005-10-28,4825.6401,2005-11-03,5011.0,4,6,0.1,0.0038005,-2e-05,-2e-05,0.0,-3.33e-05,-4.17e-05,0.0,0.0036855,0.0384115,False
GER40,2005-11-29,5199.48,2005-12-05,5266.8599,4,6,0.1,0.0013036,-2e-05,-2e-05,0.0,-3.33e-05,-4.17e-05,0.0,0.0011886,0.012959,False
GER40,2005-12-29,5458.5801,2006-01-04,5523.6201,4,6,0.1,0.0011985,-2e-05,-2e-05,0.0,-3.75e-05,-4.17e-05,0.0,0.0010793,0.0119152,False
GER40,2006-01-30,5660.0298,2006-02-03,5657.1201,4,4,0.1,-3.77e-05,-2e-05,-2e-05,0.0,-2.5e-05,-2.78e-05,0.0,-0.0001305,-0.0005141,False
GER40,2006-02-27,5915.1499,2006-03-03,5721.46,4,4,0.1,-0.0032855,-2e-05,-2e-05,0.0,-2.5e-05,-2.78e-05,0.0,-0.0033782,-0.0327447,False
GER40,2006-03-30,5984.1899,2006-04-05,6029.2002,4,6,0.1,0.0007541,-2e-05,-2e-05,0.0,-4.17e-05,-4.17e-05,0.0,0.0006308,0.0075215,False
GER40,2006-04-27,6067.7402,2006-05-04,6039.3198,4,7,0.1,-0.0004463,-2e-05,-2e-05,0.0,-4.86e-05,-4.86e-05,0.0,-0.0005835,-0.0046839,False
GER40,2006-05-30,5622.4302,2006-06-05,5621.1899,4,6,0.1,-6.5e-06,-2e-05,-2e-05,0.0,-4.17e-05,-4.17e-05,0.0,-0.0001299,-0.0002206,False
GER40,2006-06-29,5581.6699,2006-07-05,5625.6299,4,6,0.1,0.0008191,-2e-05,-2e-05,0.0,-4.58e-05,-4.17e-05,0.0,0.0006916,0.0078758,False
GER40,2006-07-28,5705.4199,2006-08-03,5640.0298,4,6,0.1,-0.0011268,-2e-05,-2e-05,0.0,-4.58e-05,-4.17e-05,0.0,-0.0012543,-0.0114611,False
GER40,2006-08-30,5867.5298,2006-09-05,5884.0698,4,6,0.1,0.0002845,-2e-05,-2e-05,0.0,-5e-05,-4.17e-05,0.0,0.0001529,0.0028189,False
GER40,2006-09-28,5989.1602,2006-10-04,6046.3701,4,6,0.1,0.0009552,-2e-05,-2e-05,0.0,-5e-05,-4.17e-05,0.0,0.0008235,0.0095523,False
GER40,2006-10-30,6258.1899,2006-11-03,6241.1499,4,4,0.1,-0.0002654,-2e-05,-2e-05,0.0,-3.61e-05,-2.78e-05,0.0,-0.0003693,-0.0027228,False
GER40,2006-11-29,6363.7998,2006-12-05,6372.7998,4,6,0.1,0.0001622,-2e-05,-2e-05,0.0,-5.42e-05,-4.17e-05,0.0,2.63e-05,0.0014142,False
GER40,2006-12-28,6611.8101,2007-01-04,6674.3999,4,7,0.1,0.000951,-2e-05,-2e-05,0.0,-6.81e-05,-4.86e-05,0.0,0.0007943,0.0094664,False
GER40,2007-01-30,6788.23,2007-02-05,6874.0601,4,6,0.1,0.001262,-2e-05,-2e-05,0.0,-5.83e-05,-4.17e-05,0.0,0.001122,0.012644,False
GER40,2007-02-27,6819.6499,2007-03-05,6534.5698,4,6,0.1,-0.004245,-2e-05,-2e-05,0.0,-5.83e-05,-4.17e-05,0.0,-0.004385,-0.0418027,False
GER40,2007-03-29,6897.0801,2007-04-04,7073.9102,4,6,0.1,0.0025453,-2e-05,-2e-05,0.0,-6.25e-05,-4.17e-05,0.0,0.0024011,0.0256384,False
GER40,2007-04-27,7378.1201,2007-05-04,7516.7598,4,7,0.1,0.0018663,-2e-05,-2e-05,0.0,-7.29e-05,-4.86e-05,0.0,0.0017048,0.0187906,False
GER40,2007-05-30,7764.9702,2007-06-05,7919.8301,4,6,0.1,0.0019976,-2e-05,-2e-05,0.0,-6.25e-05,-4.17e-05,0.0,0.0018534,0.0199434,False
GER40,2007-06-28,7921.3599,2007-07-04,8075.2598,4,6,0.1,0.0019391,-2e-05,-2e-05,0.0,-6.67e-05,-4.17e-05,0.0,0.0017908,0.0194285,False
GER40,2007-07-30,7456.3101,2007-08-03,7435.6699,4,4,0.1,-0.0002402,-2e-05,-2e-05,0.0,-4.44e-05,-2.78e-05,0.0,-0.0003524,-0.0027681,False
GER40,2007-08-30,7519.9399,2007-09-05,7588.0298,4,6,0.1,0.0009334,-2e-05,-2e-05,0.0,-6.67e-05,-4.17e-05,0.0,0.0007851,0.0090546,False
GER40,2007-09-27,7853.79,2007-10-03,7955.2998,4,6,0.1,0.0012878,-2e-05,-2e-05,0.0,-6.67e-05,-4.17e-05,0.0,0.0011394,0.0129249,False
GER40,2007-10-30,7977.9399,2007-11-05,7807.5498,4,6,0.1,-0.0021403,-2e-05,-2e-05,0.0,-6.67e-05,-4.17e-05,0.0,-0.0022886,-0.0213577,False
GER40,2007-11-29,7765.1899,2007-12-05,7944.77,4,6,0.1,0.0023119,-2e-05,-2e-05,0.0,-6.67e-05,-4.17e-05,0.0,0.0021636,0.0231263,False
GER40,2007-12-27,8038.6001,2008-01-04,7808.6899,4,8,0.1,-0.002881,-2e-05,-2e-05,0.0,-8.89e-05,-5.56e-05,0.0,-0.0030654,-0.0286008,False
GER40,2008-01-30,6875.3501,2008-02-05,6765.25,4,6,0.1,-0.0015406,-2e-05,-2e-05,0.0,-6.67e-05,-4.17e-05,0.0,-0.0016889,-0.0160137,False
GER40,2008-02-28,6862.52,2008-03-05,6683.71,4,6,0.1,-0.0025764,-2e-05,-2e-05,0.0,-6.67e-05,-4.17e-05,0.0,-0.0027248,-0.026056,False
GER40,2008-03-28,6559.8999,2008-04-03,6741.7202,4,6,0.1,0.0027792,-2e-05,-2e-05,0.0,-6.67e-05,-4.17e-05,0.0,0.0026308,0.0277169,False
GER40,2008-04-29,6885.3398,2008-05-06,7017.1001,4,7,0.1,0.0019102,-2e-05,-2e-05,0.0,-7.78e-05,-4.86e-05,0.0,0.0017439,0.0191363,False
GER40,2008-05-29,7055.0298,2008-06-04,6965.4302,4,6,0.1,-0.0012656,-2e-05,-2e-05,0.0,-6.67e-05,-4.17e-05,0.0,-0.0014139,-0.0127001,False
GER40,2008-06-27,6421.9102,2008-07-03,6353.7402,4,6,0.1,-0.0010513,-2e-05,-2e-05,0.0,-6.67e-05,-4.17e-05,0.0,-0.0011996,-0.0106152,False
GER40,2008-07-30,6460.1201,2008-08-05,6518.7002,4,6,0.1,0.0009489,-2e-05,-2e-05,0.0,-7.08e-05,-4.17e-05,0.0,0.0007964,0.009068,False
GER40,2008-08-28,6420.54,2008-09-03,6467.4902,4,6,0.1,0.0007429,-2e-05,-2e-05,0.0,-7.08e-05,-4.17e-05,0.0,0.0005904,0.0073125,False
GER40,2008-09-29,5807.0801,2008-10-03,5797.0298,4,4,0.1,-0.0001109,-2e-05,-2e-05,0.0,-4.72e-05,-2.78e-05,0.0,-0.0002259,-0.0017307,False
GER40,2008-10-30,4869.2998,2008-11-05,5166.8701,4,6,0.1,0.0061073,-2e-05,-2e-05,0.0,-6.25e-05,-4.17e-05,0.0,0.0059631,0.0611115,False
GER40,2008-11-27,4665.27,2008-12-03,4567.2402,4,6,0.1,-0.0018929,-2e-05,-2e-05,0.0,-5.42e-05,-4.17e-05,0.0,-0.0020287,-0.0210127,False
GER40,2008-12-29,4704.8599,2009-01-06,5026.3101,4,8,0.1,0.0066936,-2e-05,-2e-05,0.0,-5.56e-05,-5.56e-05,0.0,0.0065425,0.068323,False
GER40,2009-01-29,4428.1099,2009-02-04,4492.79,4,6,0.1,0.0015479,-2e-05,-2e-05,0.0,-3.33e-05,-4.17e-05,0.0,0.0014329,0.0146067,False
GER40,2009-02-26,3942.6201,2009-03-04,3890.9399,4,6,0.1,-0.0010822,-2e-05,-2e-05,0.0,-3.33e-05,-4.17e-05,0.0,-0.0011972,-0.0131081,False
GER40,2009-03-30,3989.23,2009-04-03,4384.9902,4,4,0.1,0.0096708,-2e-05,-2e-05,0.0,-1.67e-05,-2.78e-05,0.0,0.0095863,0.0992072,False
GER40,2009-04-29,4704.5601,2009-05-06,4880.71,4,7,0.1,0.0037302,-2e-05,-2e-05,0.0,-2.43e-05,-4.86e-05,0.0,0.0036173,0.0374424,False
GER40,2009-05-28,4932.8799,2009-06-03,5054.5298,4,6,0.1,0.0025328,-2e-05,-2e-05,0.0,-1.67e-05,-4.17e-05,0.0,0.0024345,0.024661,False
GER40,2009-06-29,4885.0898,2009-07-03,4708.21,4,4,0.1,-0.0035809,-2e-05,-2e-05,0.0,-1.11e-05,-2.78e-05,0.0,-0.0036598,-0.0362081,False
GER40,2009-07-30,5360.6602,2009-08-05,5353.0098,4,6,0.1,-0.0001186,-2e-05,-2e-05,0.0,-1.67e-05,-4.17e-05,0.0,-0.0002169,-0.0014271,False
GER40,2009-08-28,5517.3501,2009-09-03,5301.4199,4,6,0.1,-0.0039549,-2e-05,-2e-05,0.0,-1.67e-05,-4.17e-05,0.0,-0.0040532,-0.0391366,False
GER40,2009-09-29,5713.52,2009-10-05,5508.8501,4,6,0.1,-0.0036077,-2e-05,-2e-05,0.0,-1.67e-05,-4.17e-05,0.0,-0.003706,-0.035822,False
GER40,2009-10-29,5587.4502,2009-11-04,5444.23,4,6,0.1,-0.0025231,-2e-05,-2e-05,0.0,-1.67e-05,-4.17e-05,0.0,-0.0026214,-0.0256325,False
GER40,2009-11-27,5685.6099,2009-12-03,5770.3501,4,6,0.1,0.0015204,-2e-05,-2e-05,0.0,-1.67e-05,-4.17e-05,0.0,0.0014221,0.0149043,False
GER40,2009-12-29,6011.5498,2010-01-06,6034.3301,4,8,0.1,0.0003942,-2e-05,-2e-05,0.0,-2.22e-05,-5.56e-05,0.0,0.0002764,0.0037894,False
GER40,2010-01-28,5540.3301,2010-02-03,5672.0898,4,6,0.1,0.0023681,-2e-05,-2e-05,0.0,-1.67e-05,-4.17e-05,0.0,0.0022698,0.0237819,False
GER40,2010-02-25,5532.3301,2010-03-03,5817.8799,4,6,0.1,0.0050692,-2e-05,-2e-05,0.0,-1.67e-05,-4.17e-05,0.0,0.0049709,0.0516147,False
GER40,2010-03-30,6142.4502,2010-04-07,6222.4102,4,8,0.1,0.0013038,-2e-05,-2e-05,0.0,-2.22e-05,-5.56e-05,0.0,0.001186,0.0130176,False
GER40,2010-04-29,6144.9102,2010-05-05,5958.4502,4,6,0.1,-0.0030424,-2e-05,-2e-05,0.0,-1.67e-05,-4.17e-05,0.0,-0.0031408,-0.0303438,False
GER40,2010-05-28,5946.1802,2010-06-03,6054.6299,4,6,0.1,0.0018158,-2e-05,-2e-05,0.0,-1.67e-05,-4.17e-05,0.0,0.0017174,0.0182386,False
GER40,2010-06-29,5952.0298,2010-07-05,5816.2002,4,6,0.1,-0.0022904,-2e-05,-2e-05,0.0,-1.67e-05,-4.17e-05,0.0,-0.0023887,-0.0228207,False
GER40,2010-07-29,6134.7002,2010-08-04,6331.3301,4,6,0.1,0.0031832,-2e-05,-2e-05,0.0,-1.67e-05,-4.17e-05,0.0,0.0030849,0.0320521,False
GER40,2010-08-30,5912.4102,2010-09-03,6134.6201,4,4,0.1,0.0037284,-2e-05,-2e-05,0.0,-1.11e-05,-2.78e-05,0.0,0.0036495,0.0375837,False
GER40,2010-09-29,6246.9199,2010-10-05,6215.8301,4,6,0.1,-0.0004816,-2e-05,-2e-05,0.0,-1.67e-05,-4.17e-05,0.0,-0.0005799,-0.0049768,False
GER40,2010-10-28,6595.2798,2010-11-03,6617.7998,4,6,0.1,0.0003452,-2e-05,-2e-05,0.0,-1.67e-05,-4.17e-05,0.0,0.0002469,0.0034146,False
GER40,2010-11-29,6697.9702,2010-12-03,6947.7202,4,4,0.1,0.0037047,-2e-05,-2e-05,0.0,-1.11e-05,-2.78e-05,0.0,0.0036258,0.0372874,False
GER40,2010-12-29,6995.4702,2011-01-05,6939.8198,4,7,0.1,-0.0007845,-2e-05,-2e-05,0.0,-1.94e-05,-4.86e-05,0.0,-0.0008925,-0.0079552,False
GER40,2011-01-28,7102.7998,2011-02-03,7193.6802,4,6,0.1,0.0012834,-2e-05,-2e-05,0.0,-1.67e-05,-4.17e-05,0.0,0.0011851,0.012795,False
GER40,2011-02-25,7185.1699,2011-03-03,7225.96,4,6,0.1,0.0005793,-2e-05,-2e-05,0.0,-1.67e-05,-4.17e-05,0.0,0.000481,0.005677,False
GER40,2011-03-30,7057.1499,2011-04-05,7175.3101,4,6,0.1,0.0016798,-2e-05,-2e-05,0.0,-1.67e-05,-4.17e-05,0.0,0.0015815,0.0167433,False
GER40,2011-04-28,7475.2202,2011-05-04,7373.9302,4,6,0.1,-0.0013477,-2e-05,-2e-05,0.0,-2.08e-05,-4.17e-05,0.0,-0.0014502,-0.0135501,False
GER40,2011-05-30,7160.2998,2011-06-03,7109.0298,4,4,0.1,-0.0006748,-2e-05,-2e-05,0.0,-1.39e-05,-2.78e-05,0.0,-0.0007564,-0.0071603,False
GER40,2011-06-29,7294.1401,2011-07-05,7439.4399,4,6,0.1,0.0019809,-2e-05,-2e-05,0.0,-2.08e-05,-4.17e-05,0.0,0.0018784,0.0199201,False
GER40,2011-07-28,7190.0601,2011-08-03,6640.5898,4,6,0.1,-0.0078545,-2e-05,-2e-05,0.0,-2.5e-05,-4.17e-05,0.0,-0.0079611,-0.0764208,False
GER40,2011-08-30,5643.9199,2011-09-05,5246.1802,4,6,0.1,-0.007071,-2e-05,-2e-05,0.0,-2.5e-05,-4.17e-05,0.0,-0.0071776,-0.0704723,False
GER40,2011-09-29,5639.5801,2011-10-06,5645.25,4,7,0.1,0.0004354,-2e-05,-2e-05,0.0,-2.92e-05,-4.86e-05,0.0,0.0003176,0.0010054,False
GER40,2011-10-28,6346.1899,2011-11-03,6133.1802,4,6,0.1,-0.0031682,-2e-05,-2e-05,0.0,-2.5e-05,-4.17e-05,0.0,-0.0032748,-0.033565,False
GER40,2011-11-29,5799.9102,2011-12-05,6106.0898,4,6,0.1,0.0052719,-2e-05,-2e-05,0.0,-2.08e-05,-4.17e-05,0.0,0.0051694,0.0527904,False
GER40,2011-12-29,5848.7798,2012-01-04,6111.5498,4,6,0.1,0.0044577,-2e-05,-2e-05,0.0,-1.67e-05,-4.17e-05,0.0,0.0043593,0.0449273,False
GER40,2012-01-30,6444.4502,2012-02-03,6766.6699,4,4,0.1,0.0049241,-2e-05,-2e-05,0.0,-1.11e-05,-2.78e-05,0.0,0.0048452,0.0499996,False
GER40,2012-02-28,6887.6299,2012-03-05,6866.46,4,6,0.1,-0.0002954,-2e-05,-2e-05,0.0,-1.67e-05,-4.17e-05,0.0,-0.0003938,-0.0030736,False
GER40,2012-03-29,6875.1499,2012-04-04,6784.0601,4,6,0.1,-0.0012693,-2e-05,-2e-05,0.0,-1.67e-05,-4.17e-05,0.0,-0.0013677,-0.0132491,False
GER40,2012-04-27,6801.3198,2012-05-04,6561.4702,4,7,0.1,-0.0035654,-2e-05,-2e-05,0.0,-1.94e-05,-4.86e-05,0.0,-0.0036734,-0.0352652,False
GER40,2012-05-30,6280.7998,2012-06-05,5969.3999,4,6,0.1,-0.0050177,-2e-05,-2e-05,0.0,-1.67e-05,-4.17e-05,0.0,-0.0051161,-0.0495797,False
GER40,2012-06-28,6149.9102,2012-07-04,6564.7998,4,6,0.1,0.0066354,-2e-05,-2e-05,0.0,-1.67e-05,-4.17e-05,0.0,0.0065371,0.0674627,False
GER40,2012-07-30,6774.0601,2012-08-03,6865.6602,4,4,0.1,0.0014432,-2e-05,-2e-05,0.0,-8.3e-06,-2.78e-05,0.0,0.0013671,0.0135222,False
GER40,2012-08-30,6895.4902,2012-09-05,6964.6899,4,6,0.1,0.0010145,-2e-05,-2e-05,0.0,-1.25e-05,-4.17e-05,0.0,0.0009203,0.0100355,False
GER40,2012-09-27,7290.02,2012-10-04,7305.21,4,7,0.1,0.0002253,-2e-05,-2e-05,0.0,-1.46e-05,-4.86e-05,0.0,0.0001222,0.0020837,False
GER40,2012-10-30,7284.3999,2012-11-05,7326.4702,4,6,0.1,0.0005837,-2e-05,-2e-05,0.0,-1.25e-05,-4.17e-05,0.0,0.0004896,0.0057754,False
GER40,2012-11-29,7400.96,2012-12-05,7454.5498,4,6,0.1,0.0007226,-2e-05,-2e-05,0.0,-1.25e-05,-4.17e-05,0.0,0.0006285,0.0072409,False
GER40,2012-12-27,7655.8799,2013-01-04,7776.3701,4,8,0.1,0.0015875,-2e-05,-2e-05,0.0,-1.67e-05,-5.56e-05,0.0,0.0014753,0.0157383,False
GER40,2013-01-30,7811.3101,2013-02-05,7664.6602,4,6,0.1,-0.0018594,-2e-05,-2e-05,0.0,-1.25e-05,-4.17e-05,0.0,-0.0019535,-0.018774,False
GER40,2013-02-27,7675.8301,2013-03-05,7870.3101,4,6,0.1,0.0025335,-2e-05,-2e-05,0.0,-1.25e-05,-4.17e-05,0.0,0.0024393,0.0253367,False
GER40,2013-03-27,7789.0898,2013-04-04,7817.3901,4,8,0.1,0.0003871,-2e-05,-2e-05,0.0,-1.67e-05,-5.56e-05,0.0,0.0002749,0.0036333,False
GER40,2013-04-29,7873.5,2013-05-06,8112.0801,4,7,0.1,0.0030084,-2e-05,-2e-05,0.0,-1.46e-05,-4.86e-05,0.0,0.0029052,0.0303017,False
GER40,2013-05-30,8400.2002,2013-06-05,8196.1797,4,6,0.1,-0.0024466,-2e-05,-2e-05,0.0,-8.3e-06,-4.17e-05,0.0,-0.0025366,-0.0242876,False
GER40,2013-06-27,7990.75,2013-07-03,7829.3198,4,6,0.1,-0.0020301,-2e-05,-2e-05,0.0,-8.3e-06,-4.17e-05,0.0,-0.0021201,-0.0202021,False
GER40,2013-07-30,8271.0195,2013-08-05,8398.3799,4,6,0.1,0.0015413,-2e-05,-2e-05,0.0,-8.3e-06,-4.17e-05,0.0,0.0014513,0.0153984,False
GER40,2013-08-29,8194.5498,2013-09-04,8195.9199,4,6,0.1,4.1e-05,-2e-05,-2e-05,0.0,-8.3e-06,-4.17e-05,0.0,-4.9e-05,0.0001672,False
GER40,2013-09-27,8661.5098,2013-10-04,8622.9697,4,7,0.1,-0.0004345,-2e-05,-2e-05,0.0,-9.7e-06,-4.86e-05,0.0,-0.0005328,-0.0044496,False
GER40,2013-10-30,9010.2695,2013-11-05,9009.1104,4,6,0.1,-1.11e-05,-2e-05,-2e-05,0.0,-8.3e-06,-4.17e-05,0.0,-0.0001011,-0.0001287,False
GER40,2013-11-28,9387.3701,2013-12-04,9140.6299,4,6,0.1,-0.0026411,-2e-05,-2e-05,0.0,-4.2e-06,-4.17e-05,0.0,-0.0027269,-0.0262843,False
GER40,2013-12-27,9589.3896,2014-01-06,9428.0,4,10,0.1,-0.001683,-2e-05,-2e-05,0.0,-6.9e-06,-6.94e-05,0.0,-0.0017994,-0.01683,False
GER40,2014-01-30,9373.4805,2014-02-05,9116.3203,4,6,0.1,-0.0027688,-2e-05,-2e-05,0.0,-4.2e-06,-4.17e-05,0.0,-0.0028546,-0.0274349,False
GER40,2014-02-27,9588.3301,2014-03-05,9542.0195,4,6,0.1,-0.0003869,-2e-05,-2e-05,0.0,-4.2e-06,-4.17e-05,0.0,-0.0004727,-0.0048299,False
GER40,2014-03-28,9587.1904,2014-04-03,9628.8203,4,6,0.1,0.0004353,-2e-05,-2e-05,0.0,-4.2e-06,-4.17e-05,0.0,0.0003495,0.0043422,False
GER40,2014-04-29,9584.1201,2014-05-06,9467.5303,4,7,0.1,-0.00122,-2e-05,-2e-05,0.0,-4.9e-06,-4.86e-05,0.0,-0.0013135,-0.0121649,False
GER40,2014-05-29,9938.9004,2014-06-04,9926.6699,4,6,0.1,-0.0001226,-2e-05,-2e-05,0.0,-4.2e-06,-4.17e-05,0.0,-0.0002084,-0.0012306,False
GER40,2014-06-27,9815.1699,2014-07-03,10029.4297,4,6,0.1,0.0021692,-2e-05,-2e-05,0.0,-2.5e-06,-4.17e-05,0.0,0.002085,0.0218295,False
GER40,2014-07-30,9593.6797,2014-08-05,9189.7402,4,6,0.1,-0.0042577,-2e-05,-2e-05,0.0,-2.5e-06,-4.17e-05,0.0,-0.0043418,-0.0421047,False
GER40,2014-08-28,9462.5596,2014-09-03,9626.4902,4,6,0.1,0.0017259,-2e-05,-2e-05,0.0,-2.5e-06,-4.17e-05,0.0,0.0016418,0.0173241,False
GER40,2014-09-29,9422.9102,2014-10-06,9209.5098,4,7,0.1,-0.0022644,-2e-05,-2e-05,0.0,-1e-06,-4.86e-05,0.0,-0.002354,-0.022647,False
GER40,2014-10-30,9114.8398,2014-11-05,9315.4805,4,6,0.1,0.0022246,-2e-05,-2e-05,0.0,-8e-07,-4.17e-05,0.0,0.0021421,0.0220125,False
GER40,2014-11-27,9974.8701,2014-12-03,9971.79,4,6,0.1,-2.96e-05,-2e-05,-2e-05,0.0,-8e-07,-4.17e-05,0.0,-0.0001121,-0.0003088,False
GER40,2014-12-29,9927.1299,2015-01-06,9469.6602,4,8,0.1,-0.0046639,-2e-05,-2e-05,0.0,-1.1e-06,-5.56e-05,0.0,-0.0047606,-0.0460828,False
GER40,2015-01-29,10737.8701,2015-02-04,10911.3203,4,6,0.1,0.0016128,-2e-05,-2e-05,0.0,-8e-07,-4.17e-05,0.0,0.0015303,0.0161531,False
GER40,2015-02-26,11327.1904,2015-03-04,11390.3799,4,6,0.1,0.0005698,-2e-05,-2e-05,0.0,-8e-07,-4.17e-05,0.0,0.0004873,0.0055786,False
GER40,2015-03-30,12086.0098,2015-04-07,12123.5195,4,8,0.1,0.0003241,-2e-05,-2e-05,0.0,-1.1e-06,-5.56e-05,0.0,0.0002274,0.0031036,False
GER40,2015-04-29,11432.7197,2015-05-06,11350.1504,4,7,0.1,-0.000682,-2e-05,-2e-05,0.0,-1e-06,-4.86e-05,0.0,-0.0007716,-0.0072222,False
GER40,2015-05-28,11677.5703,2015-06-03,11419.6201,4,6,0.1,-0.0022,-2e-05,-2e-05,0.0,-8e-07,-4.17e-05,0.0,-0.0022825,-0.0220894,False
GER40,2015-06-29,11083.2002,2015-07-03,11058.3896,4,4,0.1,-0.0001901,-2e-05,-2e-05,0.0,-6e-07,-2.78e-05,0.0,-0.0002584,-0.0022386,False
GER40,2015-07-30,11257.1504,2015-08-05,11636.2998,4,6,0.1,0.003333,-2e-05,-2e-05,0.0,-8e-07,-4.17e-05,0.0,0.0032505,0.0336808,False
GER40,2015-08-28,10298.5303,2015-09-03,10317.8398,4,6,0.1,0.0002527,-2e-05,-2e-05,0.0,-8e-07,-4.17e-05,0.0,0.0001702,0.001875,False
GER40,2015-09-29,9450.4004,2015-10-05,9814.79,4,6,0.1,0.003858,-2e-05,-2e-05,0.0,-8e-07,-4.17e-05,0.0,0.0037755,0.0385581,False
GER40,2015-10-29,10800.8398,2015-11-04,10845.2402,4,6,0.1,0.0004203,-2e-05,-2e-05,0.0,-8e-07,-4.17e-05,0.0,0.0003378,0.0041108,False
GER40,2015-11-27,11293.7598,2015-12-03,10789.2402,4,6,0.1,-0.0044936,-2e-05,-2e-05,0.0,-8e-07,-4.17e-05,0.0,-0.0045761,-0.0446724,False
GER40,2015-12-29,10860.1396,2016-01-06,10214.0195,4,8,0.1,-0.006029,-2e-05,-2e-05,0.0,-1.1e-06,-5.56e-05,0.0,-0.0061257,-0.0594946,False
GER40,2016-01-28,9639.5898,2016-02-03,9434.8203,4,6,0.1,-0.0021045,-2e-05,-2e-05,0.0,-8e-07,-4.17e-05,0.0,-0.002187,-0.0212426,False
GER40,2016-02-26,9513.2998,2016-03-03,9751.9199,4,6,0.1,0.0025066,-2e-05,-2e-05,0.0,-8e-07,-4.17e-05,0.0,0.0024241,0.0250828,False
GER40,2016-03-30,10046.6104,2016-04-05,9563.3604,4,6,0.1,-0.0048758,-2e-05,-2e-05,0.0,0.0,-4.17e-05,0.0,-0.0049574,-0.0481008,False
GER40,2016-04-28,10321.1504,2016-05-04,9828.25,4,6,0.1,-0.0048278,-2e-05,-2e-05,0.0,0.0,-4.17e-05,0.0,-0.0049095,-0.0477563,False
GER40,2016-05-30,10333.2305,2016-06-03,10103.2598,4,4,0.1,-0.0022414,-2e-05,-2e-05,0.0,0.0,-2.78e-05,0.0,-0.0023092,-0.0222555,False
GER40,2016-06-29,9612.2695,2016-07-05,9532.6104,4,6,0.1,-0.0008057,-2e-05,-2e-05,0.0,0.0,-4.17e-05,0.0,-0.0008874,-0.0082872,False
GER40,2016-07-28,10274.9297,2016-08-03,10170.21,4,6,0.1,-0.0010058,-2e-05,-2e-05,0.0,0.0,-4.17e-05,0.0,-0.0010874,-0.0101918,False
GER40,2016-08-30,10657.6396,2016-09-05,10672.2197,4,6,0.1,0.0001501,-2e-05,-2e-05,0.0,0.0,-4.17e-05,0.0,6.85e-05,0.001368,False
GER40,2016-09-29,10405.54,2016-10-06,10568.7998,4,7,0.1,0.0015678,-2e-05,-2e-05,0.0,0.0,-4.86e-05,0.0,0.0014792,0.0156897,False
GER40,2016-10-28,10696.1904,2016-11-03,10325.8799,4,6,0.1,-0.0035025,-2e-05,-2e-05,0.0,0.0,-4.17e-05,0.0,-0.0035842,-0.0346208,False
GER40,2016-11-29,10620.4902,2016-12-05,10684.8301,4,6,0.1,0.0006225,-2e-05,-2e-05,0.0,0.0,-4.17e-05,0.0,0.0005409,0.0060581,False
GER40,2016-12-29,11451.0498,2017-01-04,11584.3096,4,6,0.1,0.0011626,-2e-05,-2e-05,0.0,0.0,-4.17e-05,0.0,0.0010809,0.0116373,False
GER40,2017-01-30,11681.8896,2017-02-03,11651.4902,4,4,0.1,-0.0002463,-2e-05,-2e-05,0.0,0.0,-2.78e-05,0.0,-0.0003141,-0.0026023,False
GER40,2017-02-27,11822.6699,2017-03-03,12027.3604,4,4,0.1,0.001736,-2e-05,-2e-05,0.0,0.0,-2.78e-05,0.0,0.0016683,0.0173134,False
GER40,2017-03-30,12256.4297,2017-04-05,12217.54,4,6,0.1,-0.0003141,-2e-05,-2e-05,0.0,0.0,-4.17e-05,0.0,-0.0003958,-0.003173,False
GER40,2017-04-27,12443.79,2017-05-04,12647.7803,4,7,0.1,0.0016323,-2e-05,-2e-05,0.0,0.0,-4.86e-05,0.0,0.0015437,0.0163929,False
GER40,2017-05-30,12598.6797,2017-06-06,12690.1201,4,7,0.1,0.0007372,-2e-05,-2e-05,0.0,0.0,-4.86e-05,0.0,0.0006485,0.0072579,False
GER40,2017-06-29,12416.1904,2017-07-05,12453.6797,4,6,0.1,0.0003121,-2e-05,-2e-05,0.0,0.0,-4.17e-05,0.0,0.0002304,0.0030194,False
GER40,2017-07-28,12162.7002,2017-08-03,12154.7197,4,6,0.1,-5.71e-05,-2e-05,-2e-05,0.0,0.0,-4.17e-05,0.0,-0.0001388,-0.0006561,False
GER40,2017-08-30,12002.4697,2017-09-05,12123.71,4,6,0.1,0.0010093,-2e-05,-2e-05,0.0,0.0,-4.17e-05,0.0,0.0009277,0.0101013,False
GER40,2017-09-28,12704.6504,2017-10-05,12968.0498,4,7,0.1,0.0020598,-2e-05,-2e-05,0.0,0.0,-4.86e-05,0.0,0.0019712,0.0207325,False
GER40,2017-10-27,13217.54,2017-11-03,13478.8604,4,7,0.1,0.0019741,-2e-05,-2e-05,0.0,0.0,-4.86e-05,0.0,0.0018855,0.0197707,False
GER40,2017-11-29,13061.8701,2017-12-05,13048.54,4,6,0.1,-8.22e-05,-2e-05,-2e-05,0.0,0.0,-4.17e-05,0.0,-0.0001639,-0.0010205,False
GER40,2017-12-28,12979.9404,2018-01-04,13167.8896,4,7,0.1,0.0014534,-2e-05,-2e-05,0.0,0.0,-4.86e-05,0.0,0.0013648,0.01448,False
GER40,2018-01-30,13197.71,2018-02-05,12687.4902,4,6,0.1,-0.0039154,-2e-05,-2e-05,0.0,0.0,-4.17e-05,0.0,-0.0039971,-0.0386597,False
GER40,2018-02-27,12490.7305,2018-03-05,12090.8701,4,6,0.1,-0.0031958,-2e-05,-2e-05,0.0,0.0,-4.17e-05,0.0,-0.0032775,-0.0320126,False
GER40,2018-03-28,11940.71,2018-04-05,12305.1904,4,8,0.1,0.0030603,-2e-05,-2e-05,0.0,0.0,-5.56e-05,0.0,0.0029648,0.0305242,False
GER40,2018-04-27,12580.8701,2018-05-04,12819.5996,4,7,0.1,0.0019004,-2e-05,-2e-05,0.0,0.0,-4.86e-05,0.0,0.0018118,0.0189756,False
GER40,2018-05-30,12783.7598,2018-06-05,12787.1299,4,6,0.1,4.14e-05,-2e-05,-2e-05,0.0,0.0,-4.17e-05,0.0,-4.02e-05,0.0002636,False
GER40,2018-06-28,12177.2305,2018-07-04,12317.6104,4,6,0.1,0.0011577,-2e-05,-2e-05,0.0,0.0,-4.17e-05,0.0,0.001076,0.0115281,False
GER40,2018-07-30,12798.2002,2018-08-03,12615.7598,4,4,0.1,-0.0014215,-2e-05,-2e-05,0.0,0.0,-2.78e-05,0.0,-0.0014893,-0.0142552,False
GER40,2018-08-30,12494.2402,2018-09-05,12040.46,4,6,0.1,-0.0036781,-2e-05,-2e-05,0.0,0.0,-4.17e-05,0.0,-0.0037597,-0.0363192,False
GER40,2018-09-27,12435.5898,2018-10-04,12244.1396,4,7,0.1,-0.0015355,-2e-05,-2e-05,0.0,0.0,-4.86e-05,0.0,-0.0016241,-0.0153953,False
GER40,2018-10-30,11287.3896,2018-11-05,11494.96,4,6,0.1,0.0018336,-2e-05,-2e-05,0.0,0.0,-4.17e-05,0.0,0.0017519,0.0183896,False
GER40,2018-11-29,11298.2305,2018-12-05,11200.2402,4,6,0.1,-0.0008399,-2e-05,-2e-05,0.0,0.0,-4.17e-05,0.0,-0.0009215,-0.0086731,False
GER40,2018-12-27,10381.5098,2019-01-04,10767.6904,4,8,0.1,0.0037346,-2e-05,-2e-05,0.0,0.0,-5.56e-05,0.0,0.0036391,0.0371989,False
GER40,2019-01-30,11181.6602,2019-02-05,11367.9805,4,6,0.1,0.0016671,-2e-05,-2e-05,0.0,0.0,-4.17e-05,0.0,0.0015855,0.016663,False
GER40,2019-02-27,11487.3301,2019-03-05,11620.7402,4,6,0.1,0.0011581,-2e-05,-2e-05,0.0,0.0,-4.17e-05,0.0,0.0010764,0.0116137,False
GER40,2019-03-28,11428.1602,2019-04-03,11954.4004,4,6,0.1,0.0045308,-2e-05,-2e-05,0.0,0.0,-4.17e-05,0.0,0.0044491,0.0460477,False
GER40,2019-04-29,12328.0195,2019-05-06,12286.8799,4,7,0.1,-0.0003275,-2e-05,-2e-05,0.0,0.0,-4.86e-05,0.0,-0.0004161,-0.0033371,False
GER40,2019-05-30,11902.0801,2019-06-05,11980.8096,4,6,0.1,0.0006832,-2e-05,-2e-05,0.0,0.0,-4.17e-05,0.0,0.0006015,0.0066148,False
GER40,2019-06-27,12271.0303,2019-07-03,12616.2402,4,6,0.1,0.0027872,-2e-05,-2e-05,0.0,0.0,-4.17e-05,0.0,0.0027055,0.0281321,False
GER40,2019-07-30,12147.2402,2019-08-05,11658.5098,4,6,0.1,-0.0040389,-2e-05,-2e-05,0.0,0.0,-4.17e-05,0.0,-0.0041205,-0.0402339,False
GER40,2019-08-29,11838.8799,2019-09-04,12025.04,4,6,0.1,0.0015691,-2e-05,-2e-05,0.0,0.0,-4.17e-05,0.0,0.0014874,0.0157245,False
GER40,2019-09-27,12380.9404,2019-10-04,12012.8096,4,7,0.1,-0.0029674,-2e-05,-2e-05,0.0,0.0,-4.86e-05,0.0,-0.003056,-0.0297337,False
GER40,2019-10-30,12910.2305,2019-11-05,13148.5,4,6,0.1,0.0018411,-2e-05,-2e-05,0.0,0.0,-4.17e-05,0.0,0.0017594,0.0184559,False
GER40,2019-11-28,13245.5801,2019-12-04,13140.5703,4,6,0.1,-0.0007677,-2e-05,-2e-05,0.0,0.0,-4.17e-05,0.0,-0.0008493,-0.0079279,False
GER40,2019-12-27,13337.1104,2020-01-06,13126.9902,4,10,0.1,-0.0015702,-2e-05,-2e-05,0.0,0.0,-6.94e-05,0.0,-0.0016797,-0.0157545,False
GER40,2020-01-30,13157.1201,2020-02-05,13478.3301,4,6,0.1,0.0024492,-2e-05,-2e-05,0.0,0.0,-4.17e-05,0.0,0.0023676,0.0244134,False
GER40,2020-02-27,12367.46,2020-03-04,12127.6904,4,6,0.1,-0.0018683,-2e-05,-2e-05,0.0,0.0,-4.17e-05,0.0,-0.0019499,-0.0193871,False
GER40,2020-03-30,9815.9697,2020-04-03,9525.7695,4,4,0.1,-0.0029126,-2e-05,-2e-05,0.0,0.0,-2.78e-05,0.0,-0.0029803,-0.0295641,False
GER40,2020-04-29,11107.7402,2020-05-06,10606.2002,4,7,0.1,-0.0044901,-2e-05,-2e-05,0.0,0.0,-4.86e-05,0.0,-0.0045787,-0.0451523,False
GER40,2020-05-28,11781.1299,2020-06-04,12430.5596,4,7,0.1,0.0055225,-2e-05,-2e-05,0.0,0.0,-4.86e-05,0.0,0.0054339,0.0551246,False
GER40,2020-06-29,12232.1201,2020-07-03,12528.1797,4,4,0.1,0.002436,-2e-05,-2e-05,0.0,0.0,-2.78e-05,0.0,0.0023682,0.0242035,False
GER40,2020-07-30,12379.6504,2020-08-05,12660.25,4,6,0.1,0.0022806,-2e-05,-2e-05,0.0,0.0,-4.17e-05,0.0,0.0021989,0.0226662,False
GER40,2020-08-28,13033.2002,2020-09-03,13057.7695,4,6,0.1,0.000222,-2e-05,-2e-05,0.0,0.0,-4.17e-05,0.0,0.0001403,0.0018851,False
GER40,2020-09-29,12825.8203,2020-10-05,12828.3096,4,6,0.1,2.75e-05,-2e-05,-2e-05,0.0,0.0,-4.17e-05,0.0,-5.42e-05,0.0001941,False
GER40,2020-10-29,11598.0703,2020-11-04,12324.2197,4,6,0.1,0.0061439,-2e-05,-2e-05,0.0,0.0,-4.17e-05,0.0,0.0060623,0.0626095,False
GER40,2020-11-27,13335.6797,2020-12-03,13252.8604,4,6,0.1,-0.0006177,-2e-05,-2e-05,0.0,0.0,-4.17e-05,0.0,-0.0006994,-0.0062104,False
FRA40,1990-03-29,1947.0,1990-04-04,2001.0,4,6,0.1,0.002774,-2e-05,-2e-05,0.0,-0.000166,-4.17e-05,0.0,0.0025264,0.027735,False
FRA40,1990-04-27,2066.0,1990-05-04,2099.0,4,7,0.1,0.0016068,-2e-05,-2e-05,0.0,-0.0001847,-4.86e-05,0.0,0.0013334,0.0159729,False
FRA40,1990-05-30,2121.0,1990-06-06,2045.0,4,7,0.1,-0.0036317,-2e-05,-2e-05,0.0,-0.0001847,-4.86e-05,0.0,-0.0039051,-0.0358322,False
FRA40,1990-06-28,2038.0,1990-07-04,2032.0,4,6,0.1,-0.0002945,-2e-05,-2e-05,0.0,-0.0001583,-4.17e-05,0.0,-0.0005345,-0.0029441,False
FRA40,1990-07-30,1955.0,1990-08-03,1869.0,4,4,0.1,-0.0044409,-2e-05,-2e-05,0.0,-0.0001056,-2.78e-05,0.0,-0.0046142,-0.0439898,False
FRA40,1990-08-30,1723.0,1990-09-05,1638.0,4,6,0.1,-0.0049874,-2e-05,-2e-05,0.0,-0.0001583,-4.17e-05,0.0,-0.0052274,-0.0493326,False
FRA40,1990-09-27,1524.0,1990-10-03,1567.0,4,6,0.1,0.0028566,-2e-05,-2e-05,0.0,-0.0001583,-4.17e-05,0.0,0.0026166,0.0282152,False
FRA40,1990-10-30,1613.0,1990-11-06,1613.0,4,7,0.1,2.78e-05,-2e-05,-2e-05,0.0,-0.0001819,-4.86e-05,0.0,-0.0002428,0.0,False
FRA40,1990-11-29,1607.0,1990-12-05,1660.0,4,6,0.1,0.0032791,-2e-05,-2e-05,0.0,-0.0001542,-4.17e-05,0.0,0.0030433,0.0329807,False
FRA40,1990-12-27,1529.0,1991-01-04,1547.0,4,8,0.1,0.0012058,-2e-05,-2e-05,0.0,-0.0002056,-5.56e-05,0.0,0.0009047,0.0117724,False
FRA40,1991-01-30,1582.0,1991-02-05,1606.0,4,6,0.1,0.0015184,-2e-05,-2e-05,0.0,-0.0001542,-4.17e-05,0.0,0.0012826,0.0151707,False
FRA40,1991-02-27,1731.0,1991-03-05,1800.0,4,6,0.1,0.0039495,-2e-05,-2e-05,0.0,-0.0001542,-4.17e-05,0.0,0.0037137,0.0398614,False
FRA40,1991-03-27,1797.0,1991-04-04,1836.0,4,8,0.1,0.0021675,-2e-05,-2e-05,0.0,-0.0002,-5.56e-05,0.0,0.0018719,0.0217028,False
FRA40,1991-04-29,1797.0,1991-05-06,1828.0,4,7,0.1,0.0017481,-2e-05,-2e-05,0.0,-0.000175,-4.86e-05,0.0,0.0014845,0.017251,False
FRA40,1991-05-30,1837.1,1991-06-05,1862.9,4,6,0.1,0.0014087,-2e-05,-2e-05,0.0,-0.00015,-4.17e-05,0.0,0.0011771,0.0140439,False
FRA40,1991-06-27,1768.0,1991-07-03,1718.0,4,6,0.1,-0.0028264,-2e-05,-2e-05,0.0,-0.00015,-4.17e-05,0.0,-0.003058,-0.0282805,False
FRA40,1991-07-30,1756.6,1991-08-05,1762.2,4,6,0.1,0.000321,-2e-05,-2e-05,0.0,-0.00015,-4.17e-05,0.0,8.93e-05,0.003188,False
FRA40,1991-08-29,1857.7,1991-09-04,1860.8,4,6,0.1,0.0001709,-2e-05,-2e-05,0.0,-0.00015,-4.17e-05,0.0,-6.07e-05,0.0016688,False
FRA40,1991-09-27,1883.8,1991-10-03,1867.1,4,6,0.1,-0.0008867,-2e-05,-2e-05,0.0,-0.00015,-4.17e-05,0.0,-0.0011184,-0.0088651,False
FRA40,1991-10-30,1861.8,1991-11-06,1836.1,4,7,0.1,-0.0013841,-2e-05,-2e-05,0.0,-0.0001701,-4.86e-05,0.0,-0.0016429,-0.0138039,False
FRA40,1991-11-28,1754.9,1991-12-04,1713.9,4,6,0.1,-0.0023401,-2e-05,-2e-05,0.0,-0.0001542,-4.17e-05,0.0,-0.0025759,-0.0233632,False
FRA40,1991-12-30,1741.9,1992-01-06,1787.6,4,7,0.1,0.0026145,-2e-05,-2e-05,0.0,-0.0001867,-4.86e-05,0.0,0.0023392,0.0262357,False
FRA40,1992-01-30,1873.9,1992-02-05,1865.8,4,6,0.1,-0.0004271,-2e-05,-2e-05,0.0,-0.00016,-4.17e-05,0.0,-0.0006688,-0.0043225,False
FRA40,1992-02-27,1985.1,1992-03-04,1988.1,4,6,0.1,0.0001517,-2e-05,-2e-05,0.0,-0.00016,-4.17e-05,0.0,-9e-05,0.0015113,False
FRA40,1992-03-30,1943.8,1992-04-03,1942.7,4,4,0.1,-5.13e-05,-2e-05,-2e-05,0.0,-0.0001067,-2.78e-05,0.0,-0.0002257,-0.000566,False
FRA40,1992-04-29,2036.7,1992-05-06,2047.2,4,7,0.1,0.0005163,-2e-05,-2e-05,0.0,-0.0001867,-4.86e-05,0.0,0.000241,0.0051554,False
FRA40,1992-05-27,2014.1,1992-06-03,1992.6,4,7,0.1,-0.0010521,-2e-05,-2e-05,0.0,-0.0001867,-4.86e-05,0.0,-0.0013274,-0.0106747,False
FRA40,1992-06-29,1907.3,1992-07-03,1883.6,4,4,0.1,-0.0012421,-2e-05,-2e-05,0.0,-0.0001067,-2.78e-05,0.0,-0.0014166,-0.012426,False
FRA40,1992-07-30,1782.6,1992-08-05,1798.0,4,6,0.1,0.0008886,-2e-05,-2e-05,0.0,-0.00016,-4.17e-05,0.0,0.0006469,0.0086391,False
FRA40,1992-08-28,1687.5,1992-09-03,1780.5,4,6,0.1,0.0054705,-2e-05,-2e-05,0.0,-0.00016,-4.17e-05,0.0,0.0052288,0.0551111,False
FRA40,1992-09-29,1731.9,1992-10-05,1611.0,4,6,0.1,-0.00711,-2e-05,-2e-05,0.0,-0.00016,-4.17e-05,0.0,-0.0073517,-0.0698077,False
FRA40,1992-10-29,1730.9,1992-11-05,1804.7,4,7,0.1,0.0042142,-2e-05,-2e-05,0.0,-0.0001853,-4.86e-05,0.0,0.0039403,0.0426367,False
FRA40,1992-11-27,1749.7,1992-12-03,1799.4,4,6,0.1,0.0028207,-2e-05,-2e-05,0.0,-0.0001517,-4.17e-05,0.0,0.0025874,0.0284049,False
FRA40,1992-12-30,1858.8,1993-01-06,1859.6,4,7,0.1,4.82e-05,-2e-05,-2e-05,0.0,-0.0001769,-4.86e-05,0.0,-0.0002174,0.0004303,False
FRA40,1993-01-28,1780.6,1993-02-03,1824.1,4,6,0.1,0.0024387,-2e-05,-2e-05,0.0,-0.0001517,-4.17e-05,0.0,0.0022053,0.02443,False
FRA40,1993-02-25,1944.6,1993-03-03,1995.2,4,6,0.1,0.0025922,-2e-05,-2e-05,0.0,-0.0001517,-4.17e-05,0.0,0.0023589,0.0260208,False
FRA40,1993-03-30,2035.9,1993-04-05,1974.7,4,6,0.1,-0.0030378,-2e-05,-2e-05,0.0,-0.0001517,-4.17e-05,0.0,-0.0032712,-0.0300605,False
FRA40,1993-04-29,1920.6,1993-05-05,1926.3,4,6,0.1,0.0003035,-2e-05,-2e-05,0.0,-0.0001382,-4.17e-05,0.0,8.36e-05,0.0029679,False
FRA40,1993-05-27,1904.6,1993-06-03,1867.9,4,7,0.1,-0.0019376,-2e-05,-2e-05,0.0,-0.0001458,-4.86e-05,0.0,-0.0021721,-0.0192691,False
FRA40,1993-06-29,1977.5,1993-07-05,1925.4,4,6,0.1,-0.0026597,-2e-05,-2e-05,0.0,-0.0001167,-4.17e-05,0.0,-0.0028581,-0.0263464,False
FRA40,1993-07-29,2036.0,1993-08-04,2101.3999,4,6,0.1,0.003217,-2e-05,-2e-05,0.0,-0.0001125,-4.17e-05,0.0,0.0030228,0.0321218,False
FRA40,1993-08-30,2205.7,1993-09-03,2156.1001,4,4,0.1,-0.0022576,-2e-05,-2e-05,0.0,-7.5e-05,-2.78e-05,0.0,-0.0024004,-0.0224871,False
FRA40,1993-09-29,2126.8,1993-10-05,2158.8,4,6,0.1,0.0015066,-2e-05,-2e-05,0.0,-0.0001125,-4.17e-05,0.0,0.0013124,0.0150461,False
FRA40,1993-10-28,2196.0,1993-11-04,2136.0,4,7,0.1,-0.0027533,-2e-05,-2e-05,0.0,-0.0001254,-4.86e-05,0.0,-0.0029673,-0.0273224,False
FRA40,1993-11-29,2119.3,1993-12-03,2188.3999,4,4,0.1,0.0032395,-2e-05,-2e-05,0.0,-7.17e-05,-2.78e-05,0.0,0.0031,0.032605,False
FRA40,1993-12-30,2281.2,1994-01-05,2249.6001,4,6,0.1,-0.00138,-2e-05,-2e-05,0.0,-0.0001033,-4.17e-05,0.0,-0.001565,-0.0138523,False
FRA40,1994-01-28,2313.2,1994-02-03,2322.0,4,6,0.1,0.0003999,-2e-05,-2e-05,0.0,-0.0001033,-4.17e-05,0.0,0.0002149,0.0038043,False
FRA40,1994-02-25,2199.0,1994-03-04,2178.7,4,7,0.1,-0.000853,-2e-05,-2e-05,0.0,-0.0001186,-4.86e-05,0.0,-0.0010602,-0.0092315,False
FRA40,1994-03-30,2083.8999,1994-04-07,2119.6001,4,8,0.1,0.0017121,-2e-05,-2e-05,0.0,-0.0001328,-5.56e-05,0.0,0.0014838,0.0171314,False
FRA40,1994-04-28,2150.3,1994-05-04,2141.6001,4,6,0.1,-0.000383,-2e-05,-2e-05,0.0,-9.53e-05,-4.17e-05,0.0,-0.0005599,-0.0040459,False
FRA40,1994-05-30,2052.5,1994-06-03,2041.7,4,4,0.1,-0.0004662,-2e-05,-2e-05,0.0,-6e-05,-2.78e-05,0.0,-0.000594,-0.0052619,False
FRA40,1994-06-29,1936.3,1994-07-05,1878.7,4,6,0.1,-0.0029853,-2e-05,-2e-05,0.0,-8.56e-05,-4.17e-05,0.0,-0.0031525,-0.0297475,False
FRA40,1994-07-28,2053.3999,1994-08-03,2115.0,4,6,0.1,0.0029877,-2e-05,-2e-05,0.0,-8.36e-05,-4.17e-05,0.0,0.0028225,0.0299991,False
FRA40,1994-08-30,2060.3999,1994-09-05,1998.2,4,6,0.1,-0.003042,-2e-05,-2e-05,0.0,-8.33e-05,-4.17e-05,0.0,-0.003207,-0.0301883,False
FRA40,1994-09-29,1876.2,1994-10-05,1833.7,4,6,0.1,-0.0022473,-2e-05,-2e-05,0.0,-8.33e-05,-4.17e-05,0.0,-0.0024123,-0.0226522,False
FRA40,1994-10-27,1858.1,1994-11-04,1931.7,4,8,0.1,0.0039567,-2e-05,-2e-05,0.0,-0.0001111,-5.56e-05,0.0,0.0037501,0.0396103,False
FRA40,1994-11-29,1940.0,1994-12-05,1973.7,4,6,0.1,0.0017465,-2e-05,-2e-05,0.0,-8.33e-05,-4.17e-05,0.0,0.0015815,0.0173711,False
FRA40,1994-12-29,1894.2,1995-01-05,1871.5,4,7,0.1,-0.0011866,-2e-05,-2e-05,0.0,-9.72e-05,-4.86e-05,0.0,-0.0013724,-0.0119839,False
FRA40,1995-01-30,1813.4,1995-02-03,1842.4,4,4,0.1,0.0016163,-2e-05,-2e-05,0.0,-5.56e-05,-2.78e-05,0.0,0.001493,0.0159921,False
FRA40,1995-02-27,1802.2,1995-03-03,1795.2,4,4,0.1,-0.0003614,-2e-05,-2e-05,0.0,-5.56e-05,-2.78e-05,0.0,-0.0004847,-0.0038841,False
FRA40,1995-03-30,1893.0,1995-04-05,1872.9,4,6,0.1,-0.0010449,-2e-05,-2e-05,0.0,-8.33e-05,-4.17e-05,0.0,-0.0012099,-0.0106181,False
FRA40,1995-04-27,1931.0,1995-05-04,1946.2,4,7,0.1,0.0008142,-2e-05,-2e-05,0.0,-9.72e-05,-4.86e-05,0.0,0.0006284,0.0078715,False
FRA40,1995-05-30,1927.3,1995-06-06,1965.9,4,7,0.1,0.0019927,-2e-05,-2e-05,0.0,-9.72e-05,-4.86e-05,0.0,0.0018069,0.020028,False
FRA40,1995-06-29,1861.9,1995-07-05,1907.8,4,6,0.1,0.0024478,-2e-05,-2e-05,0.0,-8.33e-05,-4.17e-05,0.0,0.0022828,0.0246522,False
FRA40,1995-07-28,1932.8,1995-08-03,1950.8,4,6,0.1,0.0009542,-2e-05,-2e-05,0.0,-8.33e-05,-4.17e-05,0.0,0.0007892,0.0093129,False
FRA40,1995-08-30,1921.4,1995-09-05,1902.5,4,6,0.1,-0.0009637,-2e-05,-2e-05,0.0,-8.33e-05,-4.17e-05,0.0,-0.0011287,-0.0098366,False
FRA40,1995-09-28,1767.6,1995-10-04,1803.9,4,6,0.1,0.002047,-2e-05,-2e-05,0.0,-8.33e-05,-4.17e-05,0.0,0.001882,0.0205363,False
FRA40,1995-10-30,1795.3,1995-11-06,1822.6,4,7,0.1,0.0015194,-2e-05,-2e-05,0.0,-9.72e-05,-4.86e-05,0.0,0.0013335,0.0152063,False
FRA40,1995-11-29,1857.3,1995-12-05,1814.9,4,6,0.1,-0.0022387,-2e-05,-2e-05,0.0,-8e-05,-4.17e-05,0.0,-0.0024004,-0.0228289,False
FRA40,1995-12-28,1879.1,1996-01-04,1931.2,4,7,0.1,0.0027723,-2e-05,-2e-05,0.0,-8.65e-05,-4.86e-05,0.0,0.0025972,0.027726,False
FRA40,1996-01-30,2003.1,1996-02-05,1985.6,4,6,0.1,-0.0008568,-2e-05,-2e-05,0.0,-6.88e-05,-4.17e-05,0.0,-0.0010072,-0.0087365,False
FRA40,1996-02-28,1996.9,1996-03-05,2001.9,4,6,0.1,0.0002615,-2e-05,-2e-05,0.0,-6.5e-05,-4.17e-05,0.0,0.0001149,0.0025039,False
FRA40,1996-03-28,2020.0,1996-04-03,2064.0,4,6,0.1,0.0021668,-2e-05,-2e-05,0.0,-6.33e-05,-4.17e-05,0.0,0.0020218,0.0217822,False
FRA40,1996-04-29,2130.8,1996-05-06,2090.3999,4,7,0.1,-0.0018982,-2e-05,-2e-05,0.0,-7.19e-05,-4.86e-05,0.0,-0.0020588,-0.0189601,False
FRA40,1996-05-30,2108.3999,1996-06-05,2115.3999,4,6,0.1,0.0003342,-2e-05,-2e-05,0.0,-6.17e-05,-4.17e-05,0.0,0.0001909,0.0033201,False
FRA40,1996-06-27,2112.8999,1996-07-03,2114.0,4,6,0.1,5.42e-05,-2e-05,-2e-05,0.0,-6e-05,-4.17e-05,0.0,-8.74e-05,0.0005207,False
FRA40,1996-07-30,1968.5,1996-08-05,2013.2,4,6,0.1,0.0022609,-2e-05,-2e-05,0.0,-5.92e-05,-4.17e-05,0.0,0.0021201,0.0227076,False
FRA40,1996-08-29,1977.6,1996-09-04,1984.8,4,6,0.1,0.0003673,-2e-05,-2e-05,0.0,-5.58e-05,-4.17e-05,0.0,0.0002298,0.0036408,False
FRA40,1996-09-27,2107.1001,1996-10-03,2136.1001,4,6,0.1,0.0013795,-2e-05,-2e-05,0.0,-5.42e-05,-4.17e-05,0.0,0.0012436,0.013763,False
FRA40,1996-10-30,2124.8,1996-11-06,2213.3999,4,7,0.1,0.0041169,-2e-05,-2e-05,0.0,-6.31e-05,-4.86e-05,0.0,0.0039652,0.041698,False
FRA40,1996-11-28,2290.3,1996-12-04,2308.7,4,6,0.1,0.0008299,-2e-05,-2e-05,0.0,-5.33e-05,-4.17e-05,0.0,0.0006949,0.0080338,False
FRA40,1996-12-30,2318.6001,1997-01-06,2306.7,4,7,0.1,-0.0004699,-2e-05,-2e-05,0.0,-6.12e-05,-4.86e-05,0.0,-0.0006197,-0.0051325,False
FRA40,1997-01-30,2503.1001,1997-02-05,2541.3,4,6,0.1,0.0015283,-2e-05,-2e-05,0.0,-5.18e-05,-4.17e-05,0.0,0.0013948,0.0152611,False
FRA40,1997-02-27,2629.3999,1997-03-05,2666.2,4,6,0.1,0.0014144,-2e-05,-2e-05,0.0,-5.17e-05,-4.17e-05,0.0,0.0012811,0.0139956,False
FRA40,1997-03-26,2648.7,1997-04-03,2514.5,4,8,0.1,-0.0051364,-2e-05,-2e-05,0.0,-6.89e-05,-5.56e-05,0.0,-0.0053009,-0.0506663,False
FRA40,1997-04-29,2602.8999,1997-05-06,2651.8999,4,7,0.1,0.0018818,-2e-05,-2e-05,0.0,-6.03e-05,-4.86e-05,0.0,0.0017329,0.0188252,False
FRA40,1997-05-29,2579.2,1997-06-04,2635.3999,4,6,0.1,0.0021628,-2e-05,-2e-05,0.0,-5.17e-05,-4.17e-05,0.0,0.0020295,0.0217897,False
FRA40,1997-06-27,2891.0,1997-07-03,2937.0,4,6,0.1,0.0016405,-2e-05,-2e-05,0.0,-5.17e-05,-4.17e-05,0.0,0.0015072,0.0159114,False
FRA40,1997-07-30,3069.3,1997-08-05,2984.1001,4,6,0.1,-0.0027931,-2e-05,-2e-05,0.0,-5.17e-05,-4.17e-05,0.0,-0.0029265,-0.0277588,False
FRA40,1997-08-28,2828.3999,1997-09-03,2918.0,4,6,0.1,0.0032304,-2e-05,-2e-05,0.0,-5.17e-05,-4.17e-05,0.0,0.0030971,0.0316787,False
FRA40,1997-09-29,2989.0,1997-10-03,3094.0,4,4,0.1,0.0034759,-2e-05,-2e-05,0.0,-3.44e-05,-2.78e-05,0.0,0.0033737,0.0351288,False
FRA40,1997-10-30,2739.5,1997-11-05,2822.3999,4,6,0.1,0.0030124,-2e-05,-2e-05,0.0,-5.5e-05,-4.17e-05,0.0,0.0028758,0.030261,False
FRA40,1997-11-27,2829.0,1997-12-03,2902.3999,4,6,0.1,0.0025912,-2e-05,-2e-05,0.0,-5.5e-05,-4.17e-05,0.0,0.0024545,0.0259455,False
FRA40,1997-12-30,2975.5,1998-01-06,3037.7,4,7,0.1,0.0020935,-2e-05,-2e-05,0.0,-6.42e-05,-4.86e-05,0.0,0.0019407,0.020904,False
FRA40,1998-01-29,3133.8,1998-02-04,3166.3,4,6,0.1,0.0010427,-2e-05,-2e-05,0.0,-5.5e-05,-4.17e-05,0.0,0.0009061,0.0103708,False
FRA40,1998-02-26,3397.0,1998-03-04,3381.3,4,6,0.1,-0.0004488,-2e-05,-2e-05,0.0,-5.5e-05,-4.17e-05,0.0,-0.0005855,-0.0046217,False
FRA40,1998-03-30,3800.2,1998-04-03,3932.0,4,4,0.1,0.0034381,-2e-05,-2e-05,0.0,-3.67e-05,-2.78e-05,0.0,0.0033336,0.0346824,False
FRA40,1998-04-29,3733.9299,1998-05-06,3947.45,4,7,0.1,0.0056676,-2e-05,-2e-05,0.0,-6.42e-05,-4.86e-05,0.0,0.0055148,0.0571837,False
FRA40,1998-05-28,4014.9199,1998-06-04,4119.0298,4,7,0.1,0.0025828,-2e-05,-2e-05,0.0,-6.42e-05,-4.86e-05,0.0,0.00243,0.0259307,False
FRA40,1998-06-29,4248.2402,1998-07-03,4304.3799,4,4,0.1,0.0013353,-2e-05,-2e-05,0.0,-3.67e-05,-2.78e-05,0.0,0.0012309,0.0132148,False
FRA40,1998-07-30,4197.6401,1998-08-05,3976.3999,4,6,0.1,-0.0053713,-2e-05,-2e-05,0.0,-5.5e-05,-4.17e-05,0.0,-0.0055079,-0.0527059,False
FRA40,1998-08-28,3708.97,1998-09-03,3646.46,4,6,0.1,-0.0015864,-2e-05,-2e-05,0.0,-5.5e-05,-4.17e-05,0.0,-0.001723,-0.0168537,False
FRA40,1998-09-29,3337.05,1998-10-05,2979.8899,4,6,0.1,-0.0110821,-2e-05,-2e-05,0.0,-5.5e-05,-4.17e-05,0.0,-0.0112187,-0.1070287,False
FRA40,1998-10-29,3483.4299,1998-11-04,3684.1599,4,6,0.1,0.005657,-2e-05,-2e-05,0.0,-5.5e-05,-4.17e-05,0.0,0.0055203,0.0576242,False
FRA40,1998-11-27,3950.9399,1998-12-03,3715.6699,4,6,0.1,-0.0059966,-2e-05,-2e-05,0.0,-5.5e-05,-4.17e-05,0.0,-0.0061333,-0.0595479,False
FRA40,1998-12-29,3891.1001,1999-01-06,4294.8198,4,8,0.1,0.0100438,-2e-05,-2e-05,0.0,-6.67e-05,-5.56e-05,0.0,0.0098816,0.1037546,False
FRA40,1999-01-28,4199.6699,1999-02-03,4188.8398,4,6,0.1,-0.0002248,-2e-05,-2e-05,0.0,-5e-05,-4.17e-05,0.0,-0.0003565,-0.0025788,False
FRA40,1999-02-25,4152.5601,1999-03-03,4004.1599,4,6,0.1,-0.0036106,-2e-05,-2e-05,0.0,-5e-05,-4.17e-05,0.0,-0.0037423,-0.035737,False
FRA40,1999-03-30,4141.98,1999-04-07,4318.04,4,8,0.1,0.0041906,-2e-05,-2e-05,0.0,-6.67e-05,-5.56e-05,0.0,0.0040283,0.0425063,False
FRA40,1999-04-29,4371.5298,1999-05-05,4368.1699,4,6,0.1,-5.76e-05,-2e-05,-2e-05,0.0,-4.17e-05,-4.17e-05,0.0,-0.0001809,-0.0007686,False
FRA40,1999-05-28,4315.04,1999-06-03,4354.52,4,6,0.1,0.0009221,-2e-05,-2e-05,0.0,-4.17e-05,-4.17e-05,0.0,0.0007988,0.0091494,False
FRA40,1999-06-29,4503.8301,1999-07-05,4697.8398,4,6,0.1,0.0042469,-2e-05,-2e-05,0.0,-4.17e-05,-4.17e-05,0.0,0.0041236,0.0430766,False
FRA40,1999-07-29,4306.3999,1999-08-04,4326.2002,4,6,0.1,0.0004776,-2e-05,-2e-05,0.0,-4.17e-05,-4.17e-05,0.0,0.0003543,0.0045979,False
FRA40,1999-08-30,4657.4399,1999-09-03,4672.3701,4,4,0.1,0.0003868,-2e-05,-2e-05,0.0,-2.78e-05,-2.78e-05,0.0,0.0002913,0.0032057,False
FRA40,1999-09-29,4535.0801,1999-10-05,4661.1299,4,6,0.1,0.0027676,-2e-05,-2e-05,0.0,-4.17e-05,-4.17e-05,0.0,0.0026443,0.0277944,False
FRA40,1999-10-28,4748.6201,1999-11-04,4943.7402,4,7,0.1,0.0040718,-2e-05,-2e-05,0.0,-4.86e-05,-4.86e-05,0.0,0.0039346,0.0410899,False
FRA40,1999-11-29,5373.9102,1999-12-03,5468.0498,4,4,0.1,0.0017648,-2e-05,-2e-05,0.0,-3.33e-05,-2.78e-05,0.0,0.0016637,0.0175179,False
FRA40,1999-12-29,5837.75,2000-01-05,5479.7002,4,7,0.1,-0.0061589,-2e-05,-2e-05,0.0,-5.83e-05,-4.86e-05,0.0,-0.0063058,-0.0613335,False
FRA40,2000-01-28,5731.0498,2000-02-03,6149.6699,4,6,0.1,0.0071787,-2e-05,-2e-05,0.0,-5e-05,-4.17e-05,0.0,0.0070471,0.0730442,False
FRA40,2000-02-28,6102.73,2000-03-03,6514.1099,4,4,0.1,0.006602,-2e-05,-2e-05,0.0,-3.61e-05,-2.78e-05,0.0,0.0064981,0.0674092,False
FRA40,2000-03-30,6313.8198,2000-04-05,6036.9399,4,6,0.1,-0.004396,-2e-05,-2e-05,0.0,-5.83e-05,-4.17e-05,0.0,-0.004536,-0.043853,False
FRA40,2000-04-27,6247.8599,2000-05-04,6491.7402,4,7,0.1,0.0039133,-2e-05,-2e-05,0.0,-7.22e-05,-4.86e-05,0.0,0.0037525,0.0390342,False
FRA40,2000-05-30,6325.4902,2000-06-05,6656.2598,4,6,0.1,0.0051519,-2e-05,-2e-05,0.0,-6.25e-05,-4.17e-05,0.0,0.0050077,0.0522915,False
FRA40,2000-06-29,6400.8198,2000-07-05,6462.7002,4,6,0.1,0.0009707,-2e-05,-2e-05,0.0,-7.08e-05,-4.17e-05,0.0,0.0008182,0.0096676,False
FRA40,2000-07-28,6415.7202,2000-08-03,6354.9302,4,6,0.1,-0.0008961,-2e-05,-2e-05,0.0,-7.08e-05,-4.17e-05,0.0,-0.0010486,-0.0094752,False
FRA40,2000-08-30,6634.6201,2000-09-05,6856.7598,4,6,0.1,0.0033502,-2e-05,-2e-05,0.0,-7.36e-05,-4.17e-05,0.0,0.0031949,0.0334819,False
FRA40,2000-09-28,6311.0298,2000-10-04,6296.1299,4,6,0.1,-0.0002086,-2e-05,-2e-05,0.0,-7.5e-05,-4.17e-05,0.0,-0.0003653,-0.0023609,False
FRA40,2000-10-30,6296.8398,2000-11-03,6398.9199,4,4,0.1,0.0016211,-2e-05,-2e-05,0.0,-5.28e-05,-2.78e-05,0.0,0.0015005,0.0162113,False
FRA40,2000-11-29,6060.6499,2000-12-05,5994.8901,4,6,0.1,-0.0009793,-2e-05,-2e-05,0.0,-7.92e-05,-4.17e-05,0.0,-0.0011401,-0.0108503,False
FRA40,2000-12-28,5920.6001,2001-01-04,5815.9902,4,7,0.1,-0.0017127,-2e-05,-2e-05,0.0,-9.24e-05,-4.86e-05,0.0,-0.0018937,-0.0176688,False
FRA40,2001-01-30,5917.1499,2001-02-05,5823.4902,4,6,0.1,-0.0015646,-2e-05,-2e-05,0.0,-7.92e-05,-4.17e-05,0.0,-0.0017255,-0.0158285,False
FRA40,2001-02-27,5437.7598,2001-03-05,5368.8301,4,6,0.1,-0.0012513,-2e-05,-2e-05,0.0,-7.92e-05,-4.17e-05,0.0,-0.0014122,-0.0126761,False
FRA40,2001-03-29,5157.9199,2001-04-04,5071.8198,4,6,0.1,-0.001591,-2e-05,-2e-05,0.0,-7.92e-05,-4.17e-05,0.0,-0.0017518,-0.0166928,False
FRA40,2001-04-27,5575.9702,2001-05-04,5455.5498,4,7,0.1,-0.0021477,-2e-05,-2e-05,0.0,-9.24e-05,-4.86e-05,0.0,-0.0023287,-0.0215963,False
FRA40,2001-05-30,5444.27,2001-06-06,5496.4902,4,7,0.1,0.0009679,-2e-05,-2e-05,0.0,-8.75e-05,-4.86e-05,0.0,0.0007918,0.0095918,False
FRA40,2001-06-28,5133.5601,2001-07-04,5175.1299,4,6,0.1,0.0008481,-2e-05,-2e-05,0.0,-7.5e-05,-4.17e-05,0.0,0.0006914,0.0080977,False
FRA40,2001-07-30,5033.71,2001-08-03,5031.29,4,4,0.1,-3.41e-05,-2e-05,-2e-05,0.0,-5e-05,-2.78e-05,0.0,-0.0001519,-0.0004807,False
FRA40,2001-08-30,4703.8701,2001-09-05,4571.5601,4,6,0.1,-0.0028156,-2e-05,-2e-05,0.0,-7.15e-05,-4.17e-05,0.0,-0.0029688,-0.0281279,False
FRA40,2001-09-27,4013.23,2001-10-03,4024.25,4,6,0.1,0.0003106,-2e-05,-2e-05,0.0,-6.25e-05,-4.17e-05,0.0,0.0001665,0.0027459,False
FRA40,2001-10-30,4251.9302,2001-11-05,4485.3398,4,6,0.1,0.0054023,-2e-05,-2e-05,0.0,-6.25e-05,-4.17e-05,0.0,0.0052581,0.054895,False
FRA40,2001-11-29,4445.8701,2001-12-05,4677.5498,4,6,0.1,0.0051456,-2e-05,-2e-05,0.0,-5.42e-05,-4.17e-05,0.0,0.0050098,0.0521112,False
FRA40,2001-12-27,4591.1602,2002-01-04,4682.79,4,8,0.1,0.0020072,-2e-05,-2e-05,0.0,-7.22e-05,-5.56e-05,0.0,0.0018394,0.0199579,False
FRA40,2002-01-30,4407.27,2002-02-05,4307.75,4,6,0.1,-0.0022466,-2e-05,-2e-05,0.0,-5.42e-05,-4.17e-05,0.0,-0.0023824,-0.0225809,False
FRA40,2002-02-27,4424.71,2002-03-05,4580.75,4,6,0.1,0.0035083,-2e-05,-2e-05,0.0,-5.42e-05,-4.17e-05,0.0,0.0033725,0.0352656,False
FRA40,2002-03-27,4623.2002,2002-04-04,4538.3101,4,8,0.1,-0.0018141,-2e-05,-2e-05,0.0,-7.22e-05,-5.56e-05,0.0,-0.0019819,-0.0183618,False
FRA40,2002-04-29,4430.3799,2002-05-06,4367.2598,4,7,0.1,-0.0014161,-2e-05,-2e-05,0.0,-6.32e-05,-4.86e-05,0.0,-0.001568,-0.0142471,False
FRA40,2002-05-30,4260.1401,2002-06-05,4079.51,4,6,0.1,-0.0042505,-2e-05,-2e-05,0.0,-5.42e-05,-4.17e-05,0.0,-0.0043863,-0.0424,False
FRA40,2002-06-27,3742.78,2002-07-03,3623.3301,4,6,0.1,-0.0030252,-2e-05,-2e-05,0.0,-5.42e-05,-4.17e-05,0.0,-0.003161,-0.0319148,False
FRA40,2002-07-30,3379.8501,2002-08-05,3115.3799,4,6,0.1,-0.0079246,-2e-05,-2e-05,0.0,-5.42e-05,-4.17e-05,0.0,-0.0080604,-0.0782491,False
FRA40,2002-08-29,3331.77,2002-09-04,3168.7,4,6,0.1,-0.0048619,-2e-05,-2e-05,0.0,-5.42e-05,-4.17e-05,0.0,-0.0049977,-0.048944,False
FRA40,2002-09-27,2950.52,2002-10-03,2861.04,4,6,0.1,-0.0027696,-2e-05,-2e-05,0.0,-5.42e-05,-4.17e-05,0.0,-0.0029054,-0.0303269,False
FRA40,2002-10-30,3084.22,2002-11-05,3247.3899,4,6,0.1,0.0052503,-2e-05,-2e-05,0.0,-5.42e-05,-4.17e-05,0.0,0.0051144,0.0529048,False
FRA40,2002-11-28,3329.99,2002-12-04,3199.8401,4,6,0.1,-0.0039535,-2e-05,-2e-05,0.0,-5.42e-05,-4.17e-05,0.0,-0.0040894,-0.0390842,False
FRA40,2002-12-30,3025.1399,2003-01-06,3210.27,4,7,0.1,0.0060396,-2e-05,-2e-05,0.0,-5.35e-05,-4.86e-05,0.0,0.0058976,0.0611972,False
FRA40,2003-01-30,2914.1299,2003-02-05,2884.6201,4,6,0.1,-0.0009576,-2e-05,-2e-05,0.0,-4.58e-05,-4.17e-05,0.0,-0.0010851,-0.0101264,False
FRA40,2003-02-27,2715.8,2003-03-05,2655.0701,4,6,0.1,-0.0021987,-2e-05,-2e-05,0.0,-4.58e-05,-4.17e-05,0.0,-0.0023262,-0.0223617,False
FRA40,2003-03-28,2733.0,2003-04-03,2788.6899,4,6,0.1,0.0022058,-2e-05,-2e-05,0.0,-4.17e-05,-4.17e-05,0.0,0.0020824,0.0203769,False
FRA40,2003-04-29,2940.8,2003-05-06,3057.5601,4,7,0.1,0.0039219,-2e-05,-2e-05,0.0,-4.86e-05,-4.86e-05,0.0,0.0037847,0.0397035,False
FRA40,2003-05-29,2969.1799,2003-06-04,3063.8501,4,6,0.1,0.0031628,-2e-05,-2e-05,0.0,-4.17e-05,-4.17e-05,0.0,0.0030395,0.0318843,False
FRA40,2003-06-27,3109.02,2003-07-03,3092.0901,4,6,0.1,-0.0004912,-2e-05,-2e-05,0.0,-3.33e-05,-4.17e-05,0.0,-0.0006062,-0.0054454,False
FRA40,2003-07-30,3172.51,2003-08-05,3187.6101,4,6,0.1,0.0005042,-2e-05,-2e-05,0.0,-3.33e-05,-4.17e-05,0.0,0.0003892,0.0047597,False
FRA40,2003-08-28,3322.95,2003-09-03,3422.78,4,6,0.1,0.0029859,-2e-05,-2e-05,0.0,-3.33e-05,-4.17e-05,0.0,0.0028709,0.0300426,False
FRA40,2003-09-29,3188.71,2003-10-03,3296.3601,4,4,0.1,0.0034017,-2e-05,-2e-05,0.0,-2.22e-05,-2.78e-05,0.0,0.0033117,0.0337598,False
FRA40,2003-10-30,3387.3601,2003-11-05,3393.25,4,6,0.1,0.0001986,-2e-05,-2e-05,0.0,-3.33e-05,-4.17e-05,0.0,8.36e-05,0.0017388,False
FRA40,2003-11-27,3431.6599,2003-12-03,3501.9299,4,6,0.1,0.0020504,-2e-05,-2e-05,0.0,-3.33e-05,-4.17e-05,0.0,0.0019354,0.020477,False
FRA40,2003-12-30,3529.1799,2004-01-06,3595.8201,4,7,0.1,0.001881,-2e-05,-2e-05,0.0,-3.89e-05,-4.86e-05,0.0,0.0017535,0.0188826,False
FRA40,2004-01-29,3662.3,2004-02-04,3607.5701,4,6,0.1,-0.0014947,-2e-05,-2e-05,0.0,-3.33e-05,-4.17e-05,0.0,-0.0016097,-0.0149442,False
FRA40,2004-02-26,3714.49,2004-03-03,3758.51,4,6,0.1,0.0011878,-2e-05,-2e-05,0.0,-3.33e-05,-4.17e-05,0.0,0.0010728,0.0118509,False
FRA40,2004-03-30,3620.1001,2004-04-05,3781.2,4,6,0.1,0.0043856,-2e-05,-2e-05,0.0,-3.33e-05,-4.17e-05,0.0,0.0042706,0.0445015,False
FRA40,2004-04-29,3689.3899,2004-05-05,3729.3799,4,6,0.1,0.0010856,-2e-05,-2e-05,0.0,-3.33e-05,-4.17e-05,0.0,0.0009706,0.0108392,False
FRA40,2004-05-28,3652.03,2004-06-03,3654.3701,4,6,0.1,7.49e-05,-2e-05,-2e-05,0.0,-3.33e-05,-4.17e-05,0.0,-4.01e-05,0.0006408,False
FRA40,2004-06-29,3756.48,2004-07-05,3688.1799,4,6,0.1,-0.0018284,-2e-05,-2e-05,0.0,-3.33e-05,-4.17e-05,0.0,-0.0019434,-0.0181819,False
FRA40,2004-07-29,3643.79,2004-08-04,3607.5801,4,6,0.1,-0.0009868,-2e-05,-2e-05,0.0,-3.33e-05,-4.17e-05,0.0,-0.0011018,-0.0099374,False
FRA40,2004-08-30,3636.71,2004-09-03,3665.9399,4,4,0.1,0.0008143,-2e-05,-2e-05,0.0,-2.22e-05,-2.78e-05,0.0,0.0007243,0.0080375,False
FRA40,2004-09-29,3682.6699,2004-10-05,3770.24,4,6,0.1,0.0023913,-2e-05,-2e-05,0.0,-3.33e-05,-4.17e-05,0.0,0.0022763,0.023779,False
FRA40,2004-10-28,3721.8201,2004-11-03,3769.9299,4,6,0.1,0.0012915,-2e-05,-2e-05,0.0,-3.33e-05,-4.17e-05,0.0,0.0011765,0.0129264,False
FRA40,2004-11-29,3780.6101,2004-12-03,3783.51,4,4,0.1,8.92e-05,-2e-05,-2e-05,0.0,-2.22e-05,-2.78e-05,0.0,-8e-07,0.000767,False
FRA40,2004-12-30,3827.95,2005-01-05,3829.3601,4,6,0.1,4.51e-05,-2e-05,-2e-05,0.0,-3.33e-05,-4.17e-05,0.0,-6.99e-05,0.0003684,False
FRA40,2005-01-28,3870.3501,2005-02-03,3928.9399,4,6,0.1,0.001513,-2e-05,-2e-05,0.0,-3.33e-05,-4.17e-05,0.0,0.001398,0.0151381,False
FRA40,2005-02-25,4034.5701,2005-03-03,4061.3501,4,6,0.1,0.0006643,-2e-05,-2e-05,0.0,-3.33e-05,-4.17e-05,0.0,0.0005493,0.0066376,False
FRA40,2005-03-30,4064.6101,2005-04-05,4087.9399,4,6,0.1,0.000579,-2e-05,-2e-05,0.0,-3.33e-05,-4.17e-05,0.0,0.000464,0.0057397,False
FRA40,2005-04-28,3911.45,2005-05-04,3987.6299,4,6,0.1,0.0019354,-2e-05,-2e-05,0.0,-3.33e-05,-4.17e-05,0.0,0.0018204,0.0194761,False
FRA40,2005-05-30,4134.8701,2005-06-03,4162.4702,4,4,0.1,0.0006769,-2e-05,-2e-05,0.0,-2.22e-05,-2.78e-05,0.0,0.0005869,0.006675,False
FRA40,2005-06-29,4231.8799,2005-07-05,4252.75,4,6,0.1,0.0004969,-2e-05,-2e-05,0.0,-3.33e-05,-4.17e-05,0.0,0.0003819,0.0049316,False
FRA40,2005-07-28,4462.2598,2005-08-03,4495.48,4,6,0.1,0.0007476,-2e-05,-2e-05,0.0,-3.33e-05,-4.17e-05,0.0,0.0006326,0.0074447,False
FRA40,2005-08-30,4356.6602,2005-09-05,4430.0898,4,6,0.1,0.0016803,-2e-05,-2e-05,0.0,-3.33e-05,-4.17e-05,0.0,0.0015653,0.0168546,False
FRA40,2005-09-29,4578.8599,2005-10-05,4594.1099,4,6,0.1,0.0003439,-2e-05,-2e-05,0.0,-3.33e-05,-4.17e-05,0.0,0.0002289,0.0033305,False
FRA40,2005-10-28,4326.71,2005-11-03,4502.02,4,6,0.1,0.0040168,-2e-05,-2e-05,0.0,-3.33e-05,-4.17e-05,0.0,0.0039018,0.0405181,False
FRA40,2005-11-29,4588.73,2005-12-05,4650.54,4,6,0.1,0.0013523,-2e-05,-2e-05,0.0,-3.33e-05,-4.17e-05,0.0,0.0012373,0.01347,False
FRA40,2005-12-29,4772.9302,2006-01-04,4838.52,4,6,0.1,0.001385,-2e-05,-2e-05,0.0,-3.75e-05,-4.17e-05,0.0,0.0012659,0.013742,False
FRA40,2006-01-30,4936.79,2006-02-03,4937.5601,4,4,0.1,3.17e-05,-2e-05,-2e-05,0.0,-2.5e-05,-2.78e-05,0.0,-6.1e-05,0.000156,False
FRA40,2006-02-27,5080.52,2006-03-03,4989.1499,4,4,0.1,-0.0017903,-2e-05,-2e-05,0.0,-2.5e-05,-2.78e-05,0.0,-0.0018831,-0.0179844,False
FRA40,2006-03-30,5240.1001,2006-04-05,5221.0298,4,6,0.1,-0.0003569,-2e-05,-2e-05,0.0,-4.17e-05,-4.17e-05,0.0,-0.0004802,-0.0036393,False
FRA40,2006-04-27,5213.5498,2006-05-04,5233.7002,4,7,0.1,0.0003991,-2e-05,-2e-05,0.0,-4.86e-05,-4.86e-05,0.0,0.0002618,0.003865,False
FRA40,2006-05-30,4893.8701,2006-06-05,4916.04,4,6,0.1,0.0004595,-2e-05,-2e-05,0.0,-4.17e-05,-4.17e-05,0.0,0.0003362,0.0045301,False
FRA40,2006-06-29,4880.3799,2006-07-05,4921.2998,4,6,0.1,0.0008586,-2e-05,-2e-05,0.0,-4.58e-05,-4.17e-05,0.0,0.0007311,0.0083846,False
FRA40,2006-07-28,5028.5098,2006-08-03,4983.6802,4,6,0.1,-0.0008714,-2e-05,-2e-05,0.0,-4.58e-05,-4.17e-05,0.0,-0.0009989,-0.0089151,False
FRA40,2006-08-30,5182.79,2006-09-05,5172.8501,4,6,0.1,-0.0001883,-2e-05,-2e-05,0.0,-5e-05,-4.17e-05,0.0,-0.00032,-0.0019179,False
FRA40,2006-09-28,5250.0098,2006-10-04,5256.5498,4,6,0.1,0.000128,-2e-05,-2e-05,0.0,-5e-05,-4.17e-05,0.0,-3.6e-06,0.0012457,False
FRA40,2006-10-30,5362.23,2006-11-03,5336.2998,4,4,0.1,-0.0004759,-2e-05,-2e-05,0.0,-3.61e-05,-2.78e-05,0.0,-0.0005798,-0.0048357,False
FRA40,2006-11-29,5381.25,2006-12-05,5359.6899,4,6,0.1,-0.0003765,-2e-05,-2e-05,0.0,-5.42e-05,-4.17e-05,0.0,-0.0005123,-0.0040065,False
FRA40,2006-12-28,5533.3599,2007-01-04,5574.5601,4,7,0.1,0.0007534,-2e-05,-2e-05,0.0,-6.81e-05,-4.86e-05,0.0,0.0005968,0.0074458,False
FRA40,2007-01-30,5645.5898,2007-02-05,5681.1099,4,6,0.1,0.0006344,-2e-05,-2e-05,0.0,-5.83e-05,-4.17e-05,0.0,0.0004944,0.0062916,False
FRA40,2007-02-27,5588.3901,2007-03-05,5385.0298,4,6,0.1,-0.0036883,-2e-05,-2e-05,0.0,-5.83e-05,-4.17e-05,0.0,-0.0038283,-0.0363898,False
FRA40,2007-03-29,5631.5298,2007-04-04,5739.0098,4,6,0.1,0.0018987,-2e-05,-2e-05,0.0,-6.25e-05,-4.17e-05,0.0,0.0017546,0.0190854,False
FRA40,2007-04-27,5930.77,2007-05-04,6068.8301,4,7,0.1,0.0023097,-2e-05,-2e-05,0.0,-7.29e-05,-4.86e-05,0.0,0.0021482,0.0232786,False
FRA40,2007-05-30,6042.1499,2007-06-05,6078.54,4,6,0.1,0.0006165,-2e-05,-2e-05,0.0,-6.25e-05,-4.17e-05,0.0,0.0004723,0.0060227,False
FRA40,2007-06-28,6006.3101,2007-07-04,6098.0801,4,6,0.1,0.0015243,-2e-05,-2e-05,0.0,-6.67e-05,-4.17e-05,0.0,0.0013759,0.0152789,False
FRA40,2007-07-30,5646.3599,2007-08-03,5597.8901,4,4,0.1,-0.0008185,-2e-05,-2e-05,0.0,-4.44e-05,-2.78e-05,0.0,-0.0009308,-0.0085842,False
FRA40,2007-08-30,5592.5298,2007-09-05,5551.5498,4,6,0.1,-0.0007036,-2e-05,-2e-05,0.0,-6.67e-05,-4.17e-05,0.0,-0.0008519,-0.0073276,False
FRA40,2007-09-27,5733.3701,2007-10-03,5806.1802,4,6,0.1,0.0012685,-2e-05,-2e-05,0.0,-6.67e-05,-4.17e-05,0.0,0.0011202,0.0126993,False
FRA40,2007-10-30,5803.9302,2007-11-05,5684.6201,4,6,0.1,-0.0020518,-2e-05,-2e-05,0.0,-6.67e-05,-4.17e-05,0.0,-0.0022001,-0.0205568,False
FRA40,2007-11-29,5598.1099,2007-12-05,5659.0698,4,6,0.1,0.0011248,-2e-05,-2e-05,0.0,-6.67e-05,-4.17e-05,0.0,0.0009765,0.0108894,False
FRA40,2007-12-28,5627.25,2008-01-04,5446.79,4,7,0.1,-0.0032364,-2e-05,-2e-05,0.0,-7.78e-05,-4.86e-05,0.0,-0.0034028,-0.0320689,False
FRA40,2008-01-30,4873.5698,2008-02-05,4776.8599,4,6,0.1,-0.0018995,-2e-05,-2e-05,0.0,-6.67e-05,-4.17e-05,0.0,-0.0020478,-0.0198438,False
FRA40,2008-02-28,4865.23,2008-03-05,4756.4199,4,6,0.1,-0.0022203,-2e-05,-2e-05,0.0,-6.67e-05,-4.17e-05,0.0,-0.0023686,-0.0223648,False
FRA40,2008-03-28,4695.9199,2008-04-03,4887.8701,4,6,0.1,0.0040679,-2e-05,-2e-05,0.0,-6.67e-05,-4.17e-05,0.0,0.0039196,0.040876,False
FRA40,2008-04-29,4977.1001,2008-05-06,5040.9199,4,7,0.1,0.0012866,-2e-05,-2e-05,0.0,-7.78e-05,-4.86e-05,0.0,0.0011202,0.0128227,False
FRA40,2008-05-29,4975.8999,2008-06-04,4915.0698,4,6,0.1,-0.0012001,-2e-05,-2e-05,0.0,-6.67e-05,-4.17e-05,0.0,-0.0013485,-0.0122249,False
FRA40,2008-06-27,4397.3198,2008-07-03,4343.9902,4,6,0.1,-0.0011825,-2e-05,-2e-05,0.0,-6.67e-05,-4.17e-05,0.0,-0.0013309,-0.0121277,False
FRA40,2008-07-30,4400.5498,2008-08-05,4386.3501,4,6,0.1,-0.000274,-2e-05,-2e-05,0.0,-7.08e-05,-4.17e-05,0.0,-0.0004265,-0.0032268,False
FRA40,2008-08-28,4461.4902,2008-09-03,4447.1299,4,6,0.1,-0.0002891,-2e-05,-2e-05,0.0,-7.08e-05,-4.17e-05,0.0,-0.0004416,-0.0032187,False
FRA40,2008-09-29,3953.48,2008-10-03,4080.75,4,4,0.1,0.0032583,-2e-05,-2e-05,0.0,-4.72e-05,-2.78e-05,0.0,0.0031433,0.0321919,False
FRA40,2008-10-30,3407.8201,2008-11-05,3618.1101,4,6,0.1,0.0061449,-2e-05,-2e-05,0.0,-6.25e-05,-4.17e-05,0.0,0.0060007,0.0617081,False
FRA40,2008-11-27,3250.3899,2008-12-03,3166.6499,4,6,0.1,-0.0024191,-2e-05,-2e-05,0.0,-5.42e-05,-4.17e-05,0.0,-0.0025549,-0.0257631,False
FRA40,2008-12-30,3217.1299,2009-01-06,3396.22,4,7,0.1,0.0055052,-2e-05,-2e-05,0.0,-4.86e-05,-4.86e-05,0.0,0.0053679,0.0556677,False
FRA40,2009-01-29,3009.75,2009-02-04,3068.99,4,6,0.1,0.0020244,-2e-05,-2e-05,0.0,-3.33e-05,-4.17e-05,0.0,0.0019094,0.0196827,False
FRA40,2009-02-26,2744.8401,2009-03-04,2675.6799,4,6,0.1,-0.0023221,-2e-05,-2e-05,0.0,-3.33e-05,-4.17e-05,0.0,-0.0024371,-0.0251964,False
FRA40,2009-03-30,2719.3401,2009-04-03,2958.74,4,4,0.1,0.0086406,-2e-05,-2e-05,0.0,-1.67e-05,-2.78e-05,0.0,0.0085562,0.088036,False
FRA40,2009-04-29,3116.9399,2009-05-06,3283.51,4,7,0.1,0.0052626,-2e-05,-2e-05,0.0,-2.43e-05,-4.86e-05,0.0,0.0051497,0.0534403,False
FRA40,2009-05-28,3263.7,2009-06-03,3309.6499,4,6,0.1,0.0014671,-2e-05,-2e-05,0.0,-1.67e-05,-4.17e-05,0.0,0.0013687,0.0140791,False
FRA40,2009-06-29,3193.6799,2009-07-03,3119.51,4,4,0.1,-0.0022565,-2e-05,-2e-05,0.0,-1.11e-05,-2.78e-05,0.0,-0.0023354,-0.023224,False
FRA40,2009-07-30,3435.49,2009-08-05,3458.53,4,6,0.1,0.0006813,-2e-05,-2e-05,0.0,-1.67e-05,-4.17e-05,0.0,0.000583,0.0067065,False
FRA40,2009-08-28,3693.1399,2009-09-03,3553.51,4,6,0.1,-0.0038278,-2e-05,-2e-05,0.0,-1.67e-05,-4.17e-05,0.0,-0.0039261,-0.0378079,False
FRA40,2009-09-29,3814.1001,2009-10-05,3675.01,4,6,0.1,-0.0036734,-2e-05,-2e-05,0.0,-1.67e-05,-4.17e-05,0.0,-0.0037717,-0.0364673,False
FRA40,2009-10-29,3714.02,2009-11-04,3670.3301,4,6,0.1,-0.0010977,-2e-05,-2e-05,0.0,-1.67e-05,-4.17e-05,0.0,-0.001196,-0.0117635,False
FRA40,2009-11-27,3721.45,2009-12-03,3799.1101,4,6,0.1,0.0021062,-2e-05,-2e-05,0.0,-1.67e-05,-4.17e-05,0.0,0.0020078,0.0208683,False
FRA40,2009-12-30,3935.5,2010-01-06,4017.6699,4,7,0.1,0.0020857,-2e-05,-2e-05,0.0,-1.94e-05,-4.86e-05,0.0,0.0019776,0.0208792,False
FRA40,2010-01-28,3688.79,2010-02-03,3793.47,4,6,0.1,0.0028194,-2e-05,-2e-05,0.0,-1.67e-05,-4.17e-05,0.0,0.0027211,0.0283779,False
FRA40,2010-02-25,3640.77,2010-03-03,3842.52,4,6,0.1,0.0054333,-2e-05,-2e-05,0.0,-1.67e-05,-4.17e-05,0.0,0.005335,0.0554141,False
FRA40,2010-03-30,3987.4099,2010-04-07,4026.97,4,8,0.1,0.0010026,-2e-05,-2e-05,0.0,-2.22e-05,-5.56e-05,0.0,0.0008848,0.0099212,False
FRA40,2010-04-29,3840.6201,2010-05-05,3636.03,4,6,0.1,-0.0053936,-2e-05,-2e-05,0.0,-1.67e-05,-4.17e-05,0.0,-0.0054919,-0.0532701,False
FRA40,2010-05-28,3515.0601,2010-06-03,3557.3401,4,6,0.1,0.0012086,-2e-05,-2e-05,0.0,-1.67e-05,-4.17e-05,0.0,0.0011102,0.0120283,False
FRA40,2010-06-29,3432.99,2010-07-05,3332.46,4,6,0.1,-0.0029246,-2e-05,-2e-05,0.0,-1.67e-05,-4.17e-05,0.0,-0.0030229,-0.0292835,False
FRA40,2010-07-29,3651.9099,2010-08-04,3760.72,4,6,0.1,0.0029808,-2e-05,-2e-05,0.0,-1.67e-05,-4.17e-05,0.0,0.0028825,0.0297954,False
FRA40,2010-08-30,3487.01,2010-09-03,3672.2,4,4,0.1,0.005252,-2e-05,-2e-05,0.0,-1.11e-05,-2.78e-05,0.0,0.0051731,0.0531085,False
FRA40,2010-09-29,3737.1201,2010-10-05,3731.9299,4,6,0.1,-0.0001038,-2e-05,-2e-05,0.0,-1.67e-05,-4.17e-05,0.0,-0.0002021,-0.0013888,False
FRA40,2010-10-28,3834.8401,2010-11-03,3842.9399,4,6,0.1,0.000215,-2e-05,-2e-05,0.0,-1.67e-05,-4.17e-05,0.0,0.0001167,0.0021122,False
FRA40,2010-11-29,3636.96,2010-12-03,3750.55,4,4,0.1,0.0031134,-2e-05,-2e-05,0.0,-1.11e-05,-2.78e-05,0.0,0.0030345,0.0312322,False
FRA40,2010-12-29,3890.6499,2011-01-05,3904.6101,4,7,0.1,0.000373,-2e-05,-2e-05,0.0,-1.94e-05,-4.86e-05,0.0,0.000265,0.0035881,False
FRA40,2011-01-28,4002.3201,2011-02-03,4036.5901,4,6,0.1,0.0008694,-2e-05,-2e-05,0.0,-1.67e-05,-4.17e-05,0.0,0.000771,0.0085625,False
FRA40,2011-02-25,4070.3799,2011-03-03,4060.76,4,6,0.1,-0.0002209,-2e-05,-2e-05,0.0,-1.67e-05,-4.17e-05,0.0,-0.0003192,-0.0023634,False
FRA40,2011-03-30,4024.4399,2011-04-05,4041.74,4,6,0.1,0.0004466,-2e-05,-2e-05,0.0,-1.67e-05,-4.17e-05,0.0,0.0003483,0.0042987,False
FRA40,2011-04-28,4104.8999,2011-05-04,4043.1299,4,6,0.1,-0.0015071,-2e-05,-2e-05,0.0,-2.08e-05,-4.17e-05,0.0,-0.0016096,-0.0150479,False
FRA40,2011-05-30,3942.53,2011-06-03,3890.6799,4,4,0.1,-0.001287,-2e-05,-2e-05,0.0,-1.39e-05,-2.78e-05,0.0,-0.0013687,-0.0131515,False
FRA40,2011-06-29,3924.23,2011-07-05,3978.8301,4,6,0.1,0.0013965,-2e-05,-2e-05,0.0,-2.08e-05,-4.17e-05,0.0,0.001294,0.0139136,False
FRA40,2011-07-28,3712.6599,2011-08-03,3454.9399,4,6,0.1,-0.007126,-2e-05,-2e-05,0.0,-2.5e-05,-4.17e-05,0.0,-0.0072326,-0.0694165,False
FRA40,2011-08-30,3159.74,2011-09-05,2999.54,4,6,0.1,-0.0049748,-2e-05,-2e-05,0.0,-2.5e-05,-4.17e-05,0.0,-0.0050814,-0.0507004,False
FRA40,2011-09-29,3027.6499,2011-10-05,2973.8999,4,6,0.1,-0.0016369,-2e-05,-2e-05,0.0,-2.5e-05,-4.17e-05,0.0,-0.0017435,-0.017753,False
FRA40,2011-10-28,3348.6299,2011-11-03,3195.47,4,6,0.1,-0.0044346,-2e-05,-2e-05,0.0,-2.5e-05,-4.17e-05,0.0,-0.0045412,-0.0457381,False
FRA40,2011-11-29,3026.76,2011-12-05,3201.28,4,6,0.1,0.0057084,-2e-05,-2e-05,0.0,-2.08e-05,-4.17e-05,0.0,0.0056059,0.057659,False
FRA40,2011-12-29,3127.5601,2012-01-05,3144.9099,4,7,0.1,0.0006191,-2e-05,-2e-05,0.0,-1.94e-05,-4.86e-05,0.0,0.0005111,0.0055474,False
FRA40,2012-01-30,3265.6399,2012-02-03,3427.9199,4,4,0.1,0.0048881,-2e-05,-2e-05,0.0,-1.11e-05,-2.78e-05,0.0,0.0048092,0.0496932,False
FRA40,2012-02-28,3453.99,2012-03-05,3487.54,4,6,0.1,0.0009767,-2e-05,-2e-05,0.0,-1.67e-05,-4.17e-05,0.0,0.0008784,0.0097134,False
FRA40,2012-03-29,3381.1201,2012-04-04,3313.47,4,6,0.1,-0.0019552,-2e-05,-2e-05,0.0,-1.67e-05,-4.17e-05,0.0,-0.0020536,-0.0200082,False
FRA40,2012-04-27,3266.27,2012-05-04,3161.97,4,7,0.1,-0.0032125,-2e-05,-2e-05,0.0,-1.94e-05,-4.86e-05,0.0,-0.0033206,-0.0319325,False
FRA40,2012-05-30,3015.5801,2012-06-05,2986.1001,4,6,0.1,-0.0009519,-2e-05,-2e-05,0.0,-1.67e-05,-4.17e-05,0.0,-0.0010503,-0.0097759,False
FRA40,2012-06-28,3051.6799,2012-07-04,3267.75,4,6,0.1,0.0069641,-2e-05,-2e-05,0.0,-1.67e-05,-4.17e-05,0.0,0.0068658,0.0708036,False
FRA40,2012-07-30,3320.71,2012-08-03,3374.1899,4,4,0.1,0.0017357,-2e-05,-2e-05,0.0,-8.3e-06,-2.78e-05,0.0,0.0016595,0.016105,False
FRA40,2012-08-30,3379.1101,2012-09-05,3405.79,4,6,0.1,0.0008114,-2e-05,-2e-05,0.0,-1.25e-05,-4.17e-05,0.0,0.0007172,0.0078955,False
FRA40,2012-09-27,3439.3201,2012-10-03,3406.02,4,6,0.1,-0.000912,-2e-05,-2e-05,0.0,-1.25e-05,-4.17e-05,0.0,-0.0010062,-0.0096822,False
FRA40,2012-10-30,3459.4399,2012-11-05,3448.5,4,6,0.1,-0.0002948,-2e-05,-2e-05,0.0,-1.25e-05,-4.17e-05,0.0,-0.0003889,-0.0031623,False
FRA40,2012-11-29,3568.8799,2012-12-05,3590.5,4,6,0.1,0.000606,-2e-05,-2e-05,0.0,-1.25e-05,-4.17e-05,0.0,0.0005118,0.006058,False
FRA40,2012-12-27,3674.26,2013-01-04,3730.02,4,8,0.1,0.0015663,-2e-05,-2e-05,0.0,-1.67e-05,-5.56e-05,0.0,0.001454,0.0151758,False
FRA40,2013-01-30,3765.52,2013-02-05,3694.7,4,6,0.1,-0.0018381,-2e-05,-2e-05,0.0,-1.25e-05,-4.17e-05,0.0,-0.0019323,-0.0188075,False
FRA40,2013-02-27,3691.49,2013-03-05,3787.1899,4,6,0.1,0.0025868,-2e-05,-2e-05,0.0,-1.25e-05,-4.17e-05,0.0,0.0024926,0.0259245,False
FRA40,2013-03-27,3711.6399,2013-04-04,3726.1599,4,8,0.1,0.000423,-2e-05,-2e-05,0.0,-1.67e-05,-5.56e-05,0.0,0.0003108,0.003912,False
FRA40,2013-04-29,3868.6799,2013-05-06,3907.04,4,7,0.1,0.000997,-2e-05,-2e-05,0.0,-1.46e-05,-4.86e-05,0.0,0.0008939,0.0099156,False
FRA40,2013-05-30,3996.3101,2013-06-05,3852.4399,4,6,0.1,-0.003639,-2e-05,-2e-05,0.0,-8.3e-06,-4.17e-05,0.0,-0.003729,-0.0360007,False
FRA40,2013-06-27,3762.1899,2013-07-03,3702.01,4,6,0.1,-0.0015996,-2e-05,-2e-05,0.0,-8.3e-06,-4.17e-05,0.0,-0.0016896,-0.015996,False
FRA40,2013-07-30,3986.6101,2013-08-05,4049.97,4,6,0.1,0.0015848,-2e-05,-2e-05,0.0,-8.3e-06,-4.17e-05,0.0,0.0014948,0.0158932,False
FRA40,2013-08-29,3986.3501,2013-09-04,3980.4199,4,6,0.1,-0.0001201,-2e-05,-2e-05,0.0,-8.3e-06,-4.17e-05,0.0,-0.0002101,-0.0014876,False
FRA40,2013-09-27,4186.77,2013-10-03,4127.98,4,6,0.1,-0.0013937,-2e-05,-2e-05,0.0,-8.3e-06,-4.17e-05,0.0,-0.0014837,-0.0140419,False
FRA40,2013-10-30,4274.1099,2013-11-05,4253.3398,4,6,0.1,-0.0004793,-2e-05,-2e-05,0.0,-8.3e-06,-4.17e-05,0.0,-0.0005693,-0.0048595,False
FRA40,2013-11-28,4302.4199,2013-12-04,4148.52,4,6,0.1,-0.003605,-2e-05,-2e-05,0.0,-4.2e-06,-4.17e-05,0.0,-0.0036908,-0.0357705,False
FRA40,2013-12-30,4275.71,2014-01-06,4227.54,4,7,0.1,-0.0011167,-2e-05,-2e-05,0.0,-4.9e-06,-4.86e-05,0.0,-0.0012101,-0.0112659,False
FRA40,2014-01-30,4180.02,2014-02-05,4117.79,4,6,0.1,-0.0014893,-2e-05,-2e-05,0.0,-4.2e-06,-4.17e-05,0.0,-0.0015751,-0.0148875,False
FRA40,2014-02-27,4396.3901,2014-03-05,4391.25,4,6,0.1,-5.11e-05,-2e-05,-2e-05,0.0,-4.2e-06,-4.17e-05,0.0,-0.0001369,-0.0011692,False
FRA40,2014-03-28,4411.2598,2014-04-03,4449.3301,4,6,0.1,0.0008644,-2e-05,-2e-05,0.0,-4.2e-06,-4.17e-05,0.0,0.0007786,0.0086303,False
FRA40,2014-04-29,4497.6802,2014-05-06,4428.0698,4,7,0.1,-0.0015543,-2e-05,-2e-05,0.0,-4.9e-06,-4.86e-05,0.0,-0.0016478,-0.0154769,False
FRA40,2014-05-29,4530.5098,2014-06-04,4501.0,4,6,0.1,-0.0006528,-2e-05,-2e-05,0.0,-4.2e-06,-4.17e-05,0.0,-0.0007386,-0.0065136,False
FRA40,2014-06-27,4436.9902,2014-07-03,4489.8799,4,6,0.1,0.001195,-2e-05,-2e-05,0.0,-2.5e-06,-4.17e-05,0.0,0.0011108,0.0119202,False
FRA40,2014-07-30,4312.2998,2014-08-05,4232.8799,4,6,0.1,-0.0018405,-2e-05,-2e-05,0.0,-2.5e-06,-4.17e-05,0.0,-0.0019246,-0.0184171,False
FRA40,2014-08-28,4366.04,2014-09-03,4421.8701,4,6,0.1,0.0012761,-2e-05,-2e-05,0.0,-2.5e-06,-4.17e-05,0.0,0.001192,0.0127873,False
FRA40,2014-09-29,4358.0698,2014-10-03,4281.7402,4,4,0.1,-0.001707,-2e-05,-2e-05,0.0,-6e-07,-2.78e-05,0.0,-0.0017754,-0.0175145,False
FRA40,2014-10-30,4141.2402,2014-11-05,4208.4199,4,6,0.1,0.0016671,-2e-05,-2e-05,0.0,-8e-07,-4.17e-05,0.0,0.0015846,0.0162221,False
FRA40,2014-11-27,4382.3398,2014-12-03,4391.8599,4,6,0.1,0.0002179,-2e-05,-2e-05,0.0,-8e-07,-4.17e-05,0.0,0.0001354,0.0021724,False
FRA40,2014-12-30,4245.54,2015-01-06,4083.5,4,7,0.1,-0.0038298,-2e-05,-2e-05,0.0,-1e-06,-4.86e-05,0.0,-0.0039194,-0.0381671,False
FRA40,2015-01-29,4631.4302,2015-02-04,4696.2998,4,6,0.1,0.0014006,-2e-05,-2e-05,0.0,-8e-07,-4.17e-05,0.0,0.0013181,0.0140064,False
FRA40,2015-02-26,4910.6201,2015-03-04,4917.3501,4,6,0.1,0.0001524,-2e-05,-2e-05,0.0,-8e-07,-4.17e-05,0.0,6.99e-05,0.0013705,False
FRA40,2015-03-30,5083.52,2015-04-07,5151.1899,4,8,0.1,0.0013405,-2e-05,-2e-05,0.0,-1.1e-06,-5.56e-05,0.0,0.0012439,0.0133116,False
FRA40,2015-04-29,5039.3901,2015-05-06,4981.5898,4,7,0.1,-0.0011281,-2e-05,-2e-05,0.0,-1e-06,-4.86e-05,0.0,-0.0012176,-0.0114697,False
FRA40,2015-05-28,5137.8301,2015-06-03,5034.1699,4,6,0.1,-0.0020025,-2e-05,-2e-05,0.0,-8e-07,-4.17e-05,0.0,-0.002085,-0.0201759,False
FRA40,2015-06-29,4869.8198,2015-07-03,4808.2202,4,4,0.1,-0.0012345,-2e-05,-2e-05,0.0,-6e-07,-2.78e-05,0.0,-0.0013028,-0.0126493,False
FRA40,2015-07-30,5046.4199,2015-08-05,5196.73,4,6,0.1,0.0029541,-2e-05,-2e-05,0.0,-8e-07,-4.17e-05,0.0,0.0028716,0.0297855,False
FRA40,2015-08-28,4675.1299,2015-09-03,4653.79,4,6,0.1,-0.0004034,-2e-05,-2e-05,0.0,-8e-07,-4.17e-05,0.0,-0.0004859,-0.0045645,False
FRA40,2015-09-29,4343.73,2015-10-05,4616.8999,4,6,0.1,0.0061975,-2e-05,-2e-05,0.0,-8e-07,-4.17e-05,0.0,0.006115,0.0628883,False
FRA40,2015-10-29,4885.8198,2015-11-04,4948.29,4,6,0.1,0.0012726,-2e-05,-2e-05,0.0,-8e-07,-4.17e-05,0.0,0.0011901,0.012786,False
FRA40,2015-11-27,4930.1401,2015-12-03,4730.21,4,6,0.1,-0.0040687,-2e-05,-2e-05,0.0,-8e-07,-4.17e-05,0.0,-0.0041512,-0.0405526,False
FRA40,2015-12-29,4701.3599,2016-01-06,4480.4702,4,8,0.1,-0.0047466,-2e-05,-2e-05,0.0,-1.1e-06,-5.56e-05,0.0,-0.0048432,-0.0469842,False
FRA40,2016-01-28,4322.1602,2016-02-03,4226.96,4,6,0.1,-0.0021621,-2e-05,-2e-05,0.0,-8e-07,-4.17e-05,0.0,-0.0022446,-0.0220261,False
FRA40,2016-02-26,4314.5698,2016-03-03,4416.0801,4,6,0.1,0.002338,-2e-05,-2e-05,0.0,-8e-07,-4.17e-05,0.0,0.0022555,0.0235273,False
FRA40,2016-03-30,4444.4199,2016-04-05,4250.2798,4,6,0.1,-0.0044215,-2e-05,-2e-05,0.0,0.0,-4.17e-05,0.0,-0.0045031,-0.0436818,False
FRA40,2016-04-28,4557.3599,2016-05-04,4324.23,4,6,0.1,-0.0051912,-2e-05,-2e-05,0.0,0.0,-4.17e-05,0.0,-0.0052728,-0.0511546,False
FRA40,2016-05-30,4529.3999,2016-06-03,4421.7798,4,4,0.1,-0.0023959,-2e-05,-2e-05,0.0,0.0,-2.78e-05,0.0,-0.0024637,-0.0237603,False
FRA40,2016-06-29,4195.3198,2016-07-05,4163.4199,4,6,0.1,-0.000736,-2e-05,-2e-05,0.0,0.0,-4.17e-05,0.0,-0.0008176,-0.0076037,False
FRA40,2016-07-28,4420.5801,2016-08-03,4321.0801,4,6,0.1,-0.0022559,-2e-05,-2e-05,0.0,0.0,-4.17e-05,0.0,-0.0023376,-0.0225084,False
FRA40,2016-08-30,4457.4902,2016-09-05,4541.0801,4,6,0.1,0.0018851,-2e-05,-2e-05,0.0,0.0,-4.17e-05,0.0,0.0018034,0.0187527,False
FRA40,2016-09-29,4443.8398,2016-10-05,4489.9502,4,6,0.1,0.001039,-2e-05,-2e-05,0.0,0.0,-4.17e-05,0.0,0.0009573,0.0103762,False
FRA40,2016-10-28,4548.5801,2016-11-03,4411.6802,4,6,0.1,-0.0030406,-2e-05,-2e-05,0.0,0.0,-4.17e-05,0.0,-0.0031223,-0.0300973,False
FRA40,2016-11-29,4551.46,2016-12-05,4574.3198,4,6,0.1,0.0005109,-2e-05,-2e-05,0.0,0.0,-4.17e-05,0.0,0.0004293,0.0050225,False
FRA40,2016-12-29,4838.4702,2017-01-04,4899.3999,4,6,0.1,0.0012541,-2e-05,-2e-05,0.0,0.0,-4.17e-05,0.0,0.0011724,0.0125928,False
FRA40,2017-01-30,4784.6401,2017-02-03,4825.4199,4,4,0.1,0.0008582,-2e-05,-2e-05,0.0,0.0,-2.78e-05,0.0,0.0007904,0.0085231,False
FRA40,2017-02-27,4845.1802,2017-03-03,4995.1299,4,4,0.1,0.0030721,-2e-05,-2e-05,0.0,0.0,-2.78e-05,0.0,0.0030043,0.0309482,False
FRA40,2017-03-30,5089.6401,2017-04-05,5091.8501,4,6,0.1,4.87e-05,-2e-05,-2e-05,0.0,0.0,-4.17e-05,0.0,-3.3e-05,0.0004342,False
FRA40,2017-04-27,5271.7002,2017-05-04,5372.4199,4,7,0.1,0.001904,-2e-05,-2e-05,0.0,0.0,-4.86e-05,0.0,0.0018154,0.0191057,False
FRA40,2017-05-30,5305.9399,2017-06-05,5307.8901,4,6,0.1,4.31e-05,-2e-05,-2e-05,0.0,0.0,-4.17e-05,0.0,-3.85e-05,0.0003675,False
FRA40,2017-06-29,5154.3501,2017-07-05,5180.1001,4,6,0.1,0.000512,-2e-05,-2e-05,0.0,0.0,-4.17e-05,0.0,0.0004303,0.0049958,False
FRA40,2017-07-28,5131.3901,2017-08-03,5130.4902,4,6,0.1,-1.09e-05,-2e-05,-2e-05,0.0,0.0,-4.17e-05,0.0,-9.26e-05,-0.0001754,False
FRA40,2017-08-30,5056.3398,2017-09-05,5086.5601,4,6,0.1,0.0006016,-2e-05,-2e-05,0.0,0.0,-4.17e-05,0.0,0.0005199,0.0059767,False
FRA40,2017-09-28,5293.77,2017-10-04,5363.23,4,6,0.1,0.0013072,-2e-05,-2e-05,0.0,0.0,-4.17e-05,0.0,0.0012255,0.0131211,False
FRA40,2017-10-30,5493.6299,2017-11-03,5517.9702,4,4,0.1,0.0004426,-2e-05,-2e-05,0.0,0.0,-2.78e-05,0.0,0.0003748,0.0044306,False
FRA40,2017-11-29,5398.0498,2017-12-05,5375.5298,4,6,0.1,-0.000402,-2e-05,-2e-05,0.0,0.0,-4.17e-05,0.0,-0.0004837,-0.0041719,False
FRA40,2017-12-28,5339.4199,2018-01-04,5413.6899,4,7,0.1,0.0013987,-2e-05,-2e-05,0.0,0.0,-4.86e-05,0.0,0.0013101,0.0139098,False
FRA40,2018-01-30,5473.7798,2018-02-05,5285.8301,4,6,0.1,-0.003468,-2e-05,-2e-05,0.0,0.0,-4.17e-05,0.0,-0.0035497,-0.0343364,False
FRA40,2018-02-27,5343.9302,2018-03-05,5167.23,4,6,0.1,-0.0033246,-2e-05,-2e-05,0.0,0.0,-4.17e-05,0.0,-0.0034063,-0.0330656,False
FRA40,2018-03-28,5130.4399,2018-04-05,5276.6699,4,8,0.1,0.0028474,-2e-05,-2e-05,0.0,0.0,-5.56e-05,0.0,0.0027518,0.0285024,False
FRA40,2018-04-27,5483.1899,2018-05-04,5516.0498,4,7,0.1,0.0006015,-2e-05,-2e-05,0.0,0.0,-4.86e-05,0.0,0.0005129,0.0059928,False
FRA40,2018-05-30,5427.3501,2018-06-05,5460.9502,4,6,0.1,0.0006266,-2e-05,-2e-05,0.0,0.0,-4.17e-05,0.0,0.0005449,0.0061909,False
FRA40,2018-06-28,5275.6401,2018-07-04,5320.5,4,6,0.1,0.0008576,-2e-05,-2e-05,0.0,0.0,-4.17e-05,0.0,0.0007759,0.0085032,False
FRA40,2018-07-30,5491.2202,2018-08-03,5478.98,4,4,0.1,-0.0002193,-2e-05,-2e-05,0.0,0.0,-2.78e-05,0.0,-0.0002871,-0.0022291,False
FRA40,2018-08-30,5478.0601,2018-09-05,5260.2202,4,6,0.1,-0.0040285,-2e-05,-2e-05,0.0,0.0,-4.17e-05,0.0,-0.0041101,-0.0397659,False
FRA40,2018-09-27,5540.4102,2018-10-03,5491.3999,4,6,0.1,-0.0008812,-2e-05,-2e-05,0.0,0.0,-4.17e-05,0.0,-0.0009629,-0.008846,False
FRA40,2018-10-30,4978.5298,2018-11-05,5101.3901,4,6,0.1,0.0024647,-2e-05,-2e-05,0.0,0.0,-4.17e-05,0.0,0.002383,0.024678,False
FRA40,2018-11-29,5006.25,2018-12-05,4944.3701,4,6,0.1,-0.001226,-2e-05,-2e-05,0.0,0.0,-4.17e-05,0.0,-0.0013077,-0.0123605,False
FRA40,2018-12-28,4678.7402,2019-01-04,4737.1201,4,7,0.1,0.0013004,-2e-05,-2e-05,0.0,0.0,-4.86e-05,0.0,0.0012118,0.0124777,False
FRA40,2019-01-30,4974.7598,2019-02-05,5083.3398,4,6,0.1,0.0021756,-2e-05,-2e-05,0.0,0.0,-4.17e-05,0.0,0.0020939,0.0218262,False
FRA40,2019-02-27,5225.3501,2019-03-05,5297.52,4,6,0.1,0.0013743,-2e-05,-2e-05,0.0,0.0,-4.17e-05,0.0,0.0012926,0.0138115,False
FRA40,2019-03-28,5296.54,2019-04-03,5468.9102,4,6,0.1,0.003217,-2e-05,-2e-05,0.0,0.0,-4.17e-05,0.0,0.0031353,0.0325439,False
FRA40,2019-04-29,5580.98,2019-05-06,5483.52,4,7,0.1,-0.0017509,-2e-05,-2e-05,0.0,0.0,-4.86e-05,0.0,-0.0018395,-0.0174629,False
FRA40,2019-05-30,5248.9102,2019-06-05,5292.0,4,6,0.1,0.0008251,-2e-05,-2e-05,0.0,0.0,-4.17e-05,0.0,0.0007434,0.0082093,False
FRA40,2019-06-27,5493.6099,2019-07-03,5618.8101,4,6,0.1,0.0022611,-2e-05,-2e-05,0.0,0.0,-4.17e-05,0.0,0.0021795,0.0227902,False
FRA40,2019-07-30,5511.0698,2019-08-05,5241.5498,4,6,0.1,-0.004922,-2e-05,-2e-05,0.0,0.0,-4.17e-05,0.0,-0.0050036,-0.0489052,False
FRA40,2019-08-29,5449.9702,2019-09-04,5532.0698,4,6,0.1,0.0015055,-2e-05,-2e-05,0.0,0.0,-4.17e-05,0.0,0.0014238,0.0150642,False
FRA40,2019-09-27,5640.5801,2019-10-03,5438.77,4,6,0.1,-0.0035809,-2e-05,-2e-05,0.0,0.0,-4.17e-05,0.0,-0.0036626,-0.0357782,False
FRA40,2019-10-30,5765.8701,2019-11-05,5846.8901,4,6,0.1,0.0014055,-2e-05,-2e-05,0.0,0.0,-4.17e-05,0.0,0.0013238,0.0140517,False
FRA40,2019-11-28,5912.7202,2019-12-04,5799.6802,4,6,0.1,-0.0018966,-2e-05,-2e-05,0.0,0.0,-4.17e-05,0.0,-0.0019783,-0.0191181,False
FRA40,2019-12-30,5982.2202,2020-01-06,6013.5898,4,7,0.1,0.0005299,-2e-05,-2e-05,0.0,0.0,-4.86e-05,0.0,0.0004413,0.0052438,False
FRA40,2020-01-30,5871.77,2020-02-05,5985.3999,4,6,0.1,0.0019428,-2e-05,-2e-05,0.0,0.0,-4.17e-05,0.0,0.0018612,0.0193519,False
FRA40,2020-02-27,5495.6001,2020-03-04,5464.8901,4,6,0.1,-0.000486,-2e-05,-2e-05,0.0,0.0,-4.17e-05,0.0,-0.0005677,-0.0055881,False
FRA40,2020-03-30,4378.5098,2020-04-03,4154.5801,4,4,0.1,-0.0051408,-2e-05,-2e-05,0.0,0.0,-2.78e-05,0.0,-0.0052086,-0.0511429,False
FRA40,2020-04-29,4671.1099,2020-05-06,4433.3799,4,7,0.1,-0.0050736,-2e-05,-2e-05,0.0,0.0,-4.86e-05,0.0,-0.0051623,-0.0508937,False
FRA40,2020-05-28,4771.3901,2020-06-03,5022.3799,4,6,0.1,0.0052251,-2e-05,-2e-05,0.0,0.0,-4.17e-05,0.0,0.0051434,0.0526031,False
FRA40,2020-06-29,4945.46,2020-07-03,5007.1401,4,4,0.1,0.0012737,-2e-05,-2e-05,0.0,0.0,-2.78e-05,0.0,0.001206,0.0124721,False
FRA40,2020-07-30,4852.9399,2020-08-05,4933.3398,4,6,0.1,0.0016762,-2e-05,-2e-05,0.0,0.0,-4.17e-05,0.0,0.0015945,0.0165673,False
FRA40,2020-08-28,5002.9399,2020-09-03,5009.52,4,6,0.1,0.0001566,-2e-05,-2e-05,0.0,0.0,-4.17e-05,0.0,7.49e-05,0.0013152,False
FRA40,2020-09-29,4832.0698,2020-10-05,4871.8701,4,6,0.1,0.0008277,-2e-05,-2e-05,0.0,0.0,-4.17e-05,0.0,0.000746,0.0082367,False
FRA40,2020-10-29,4569.6699,2020-11-04,4922.8501,4,6,0.1,0.0075266,-2e-05,-2e-05,0.0,0.0,-4.17e-05,0.0,0.007445,0.0772879,False
FRA40,2020-11-27,5598.1802,2020-12-03,5574.3599,4,6,0.1,-0.0004096,-2e-05,-2e-05,0.0,0.0,-4.17e-05,0.0,-0.0004913,-0.004255,False
AUS200,1992-11-27,1458.9,1992-12-03,1442.1,4,6,0.1,-0.0011564,-2e-05,-2e-05,0.0,-9.58e-05,-4.17e-05,0.0,-0.0013339,-0.0115156,False
AUS200,1992-12-30,1552.3,1993-01-06,1554.8,4,7,0.1,0.0001798,-2e-05,-2e-05,0.0,-0.0001118,-4.86e-05,0.0,-2.06e-05,0.0016105,False
AUS200,1993-01-28,1536.1,1993-02-03,1538.5,4,6,0.1,0.0001562,-2e-05,-2e-05,0.0,-9.58e-05,-4.17e-05,0.0,-2.13e-05,0.0015624,False
AUS200,1993-02-25,1617.0,1993-03-03,1637.3,4,6,0.1,0.0012761,-2e-05,-2e-05,0.0,-9.58e-05,-4.17e-05,0.0,0.0010986,0.0125541,False
AUS200,1993-03-30,1687.2,1993-04-05,1678.7,4,6,0.1,-0.0004944,-2e-05,-2e-05,0.0,-8.75e-05,-4.17e-05,0.0,-0.0006636,-0.0050379,False
AUS200,1993-04-29,1684.0,1993-05-05,1678.5,4,6,0.1,-0.0003203,-2e-05,-2e-05,0.0,-8.75e-05,-4.17e-05,0.0,-0.0004895,-0.003266,False
AUS200,1993-05-28,1762.5,1993-06-03,1741.2,4,6,0.1,-0.0012037,-2e-05,-2e-05,0.0,-8.75e-05,-4.17e-05,0.0,-0.0013728,-0.0120851,False
AUS200,1993-06-29,1716.8,1993-07-05,1759.6,4,6,0.1,0.0024755,-2e-05,-2e-05,0.0,-8.75e-05,-4.17e-05,0.0,0.0023063,0.0249301,False
AUS200,1993-07-29,1824.1,1993-08-04,1853.2,4,6,0.1,0.0015871,-2e-05,-2e-05,0.0,-8.06e-05,-4.17e-05,0.0,0.0014249,0.0159531,False
AUS200,1993-08-30,1955.0,1993-09-03,1953.0,4,4,0.1,-9.45e-05,-2e-05,-2e-05,0.0,-5.28e-05,-2.78e-05,0.0,-0.000215,-0.001023,False
AUS200,1993-09-29,1906.8,1993-10-05,1955.6,4,6,0.1,0.0025377,-2e-05,-2e-05,0.0,-7.92e-05,-4.17e-05,0.0,0.0023769,0.0255926,False
AUS200,1993-10-28,2033.9,1993-11-03,2065.7,4,6,0.1,0.0015772,-2e-05,-2e-05,0.0,-7.92e-05,-4.17e-05,0.0,0.0014164,0.015635,False
AUS200,1993-11-29,1952.8,1993-12-03,1991.9,4,4,0.1,0.0020085,-2e-05,-2e-05,0.0,-5.28e-05,-2.78e-05,0.0,0.0018879,0.0200225,False
AUS200,1993-12-30,2095.8,1994-01-06,2138.7,4,7,0.1,0.0020335,-2e-05,-2e-05,0.0,-9.24e-05,-4.86e-05,0.0,0.0018525,0.0204695,False
AUS200,1994-01-28,2191.7,1994-02-03,2275.6001,4,6,0.1,0.0037942,-2e-05,-2e-05,0.0,-7.92e-05,-4.17e-05,0.0,0.0036333,0.0382809,False
AUS200,1994-02-25,2079.0,1994-03-03,2082.3999,4,6,0.1,0.0001846,-2e-05,-2e-05,0.0,-7.92e-05,-4.17e-05,0.0,2.38e-05,0.0016354,False
AUS200,1994-03-30,2021.5,1994-04-07,2016.5,4,8,0.1,-0.0002119,-2e-05,-2e-05,0.0,-0.0001056,-5.56e-05,0.0,-0.000413,-0.0024734,False
AUS200,1994-04-28,2007.9,1994-05-04,1958.2,4,6,0.1,-0.0024938,-2e-05,-2e-05,0.0,-7.92e-05,-4.17e-05,0.0,-0.0026547,-0.0247523,False
AUS200,1994-05-30,2032.5,1994-06-03,2017.2,4,4,0.1,-0.0007459,-2e-05,-2e-05,0.0,-5.28e-05,-2.78e-05,0.0,-0.0008665,-0.0075277,False
AUS200,1994-06-29,1917.3,1994-07-05,1945.3,4,6,0.1,0.0014696,-2e-05,-2e-05,0.0,-7.92e-05,-4.17e-05,0.0,0.0013087,0.0146039,False
AUS200,1994-07-28,1982.3,1994-08-03,2016.2,4,6,0.1,0.00171,-2e-05,-2e-05,0.0,-7.92e-05,-4.17e-05,0.0,0.0015492,0.0171013,False
AUS200,1994-08-30,2059.8,1994-09-05,2036.5,4,6,0.1,-0.0011323,-2e-05,-2e-05,0.0,-9.17e-05,-4.17e-05,0.0,-0.0013057,-0.0113118,False
AUS200,1994-09-29,1970.6,1994-10-05,1919.9,4,6,0.1,-0.0025876,-2e-05,-2e-05,0.0,-9.17e-05,-4.17e-05,0.0,-0.002761,-0.0257282,False
AUS200,1994-10-28,1957.4,1994-11-03,1947.7,4,6,0.1,-0.0004833,-2e-05,-2e-05,0.0,-0.0001083,-4.17e-05,0.0,-0.0006733,-0.0049556,False
AUS200,1994-11-29,1834.2,1994-12-05,1844.2,4,6,0.1,0.000558,-2e-05,-2e-05,0.0,-0.0001083,-4.17e-05,0.0,0.000368,0.005452,False
AUS200,1994-12-29,1879.6,1995-01-05,1814.8,4,7,0.1,-0.0034915,-2e-05,-2e-05,0.0,-0.0001458,-4.86e-05,0.0,-0.0037259,-0.0344754,False
AUS200,1995-01-30,1810.7,1995-02-03,1805.4,4,4,0.1,-0.0002717,-2e-05,-2e-05,0.0,-8.33e-05,-2.78e-05,0.0,-0.0004228,-0.002927,False
AUS200,1995-02-27,1853.8,1995-03-03,1862.5,4,4,0.1,0.0004821,-2e-05,-2e-05,0.0,-8.33e-05,-2.78e-05,0.0,0.0003309,0.004693,False
AUS200,1995-03-30,1847.2,1995-04-05,1940.9,4,6,0.1,0.0050018,-2e-05,-2e-05,0.0,-0.000125,-4.17e-05,0.0,0.0047951,0.0507255,False
AUS200,1995-04-27,1989.0,1995-05-03,1995.8,4,6,0.1,0.0003507,-2e-05,-2e-05,0.0,-0.000125,-4.17e-05,0.0,0.000144,0.0034188,False
AUS200,1995-05-30,1983.3,1995-06-05,1976.4,4,6,0.1,-0.0003451,-2e-05,-2e-05,0.0,-0.000125,-4.17e-05,0.0,-0.0005518,-0.0034791,False
AUS200,1995-06-29,1999.2,1995-07-05,1990.5,4,6,0.1,-0.0004278,-2e-05,-2e-05,0.0,-0.000125,-4.17e-05,0.0,-0.0006344,-0.0043517,False
AUS200,1995-07-28,2087.8,1995-08-03,2108.2,4,6,0.1,0.0009771,-2e-05,-2e-05,0.0,-0.000125,-4.17e-05,0.0,0.0007704,0.009771,False
AUS200,1995-08-30,2094.8999,1995-09-05,2083.8999,4,6,0.1,-0.0005252,-2e-05,-2e-05,0.0,-0.000125,-4.17e-05,0.0,-0.0007319,-0.0052508,False
AUS200,1995-09-28,2075.1001,1995-10-04,2059.8999,4,6,0.1,-0.0007223,-2e-05,-2e-05,0.0,-0.000125,-4.17e-05,0.0,-0.0009289,-0.007325,False
AUS200,1995-10-30,2024.0,1995-11-03,2046.5,4,4,0.1,0.0011238,-2e-05,-2e-05,0.0,-8.33e-05,-2.78e-05,0.0,0.0009727,0.0111166,False
AUS200,1995-11-29,2115.0,1995-12-05,2160.8999,4,6,0.1,0.0021665,-2e-05,-2e-05,0.0,-0.000125,-4.17e-05,0.0,0.0019599,0.0217021,False
AUS200,1995-12-28,2153.2,1996-01-04,2208.6001,4,7,0.1,0.0025568,-2e-05,-2e-05,0.0,-0.0001458,-4.86e-05,0.0,0.0023223,0.0257292,False
AUS200,1996-01-30,2205.3999,1996-02-05,2210.5,4,6,0.1,0.0002411,-2e-05,-2e-05,0.0,-0.000125,-4.17e-05,0.0,3.45e-05,0.0023126,False
AUS200,1996-02-28,2206.5,1996-03-05,2244.0,4,6,0.1,0.0016975,-2e-05,-2e-05,0.0,-0.000125,-4.17e-05,0.0,0.0014908,0.0169952,False
AUS200,1996-03-28,2172.2,1996-04-03,2169.3,4,6,0.1,-0.0001321,-2e-05,-2e-05,0.0,-0.000125,-4.17e-05,0.0,-0.0003387,-0.001335,False
AUS200,1996-04-29,2251.8,1996-05-03,2231.1001,4,4,0.1,-0.0009165,-2e-05,-2e-05,0.0,-8.33e-05,-2.78e-05,0.0,-0.0010676,-0.0091926,False
AUS200,1996-05-30,2187.8,1996-06-05,2160.8999,4,6,0.1,-0.0012213,-2e-05,-2e-05,0.0,-0.000125,-4.17e-05,0.0,-0.001428,-0.0122955,False
AUS200,1996-06-27,2172.6001,1996-07-03,2165.0,4,6,0.1,-0.0003438,-2e-05,-2e-05,0.0,-0.000125,-4.17e-05,0.0,-0.0005504,-0.0034982,False
AUS200,1996-07-30,2064.8999,1996-08-05,2160.3,4,6,0.1,0.0045536,-2e-05,-2e-05,0.0,-0.0001181,-4.17e-05,0.0,0.0043539,0.0462009,False
AUS200,1996-08-29,2207.5,1996-09-04,2188.7,4,6,0.1,-0.0008488,-2e-05,-2e-05,0.0,-0.0001167,-4.17e-05,0.0,-0.0010472,-0.0085164,False
AUS200,1996-09-27,2213.7,1996-10-03,2243.7,4,6,0.1,0.0013552,-2e-05,-2e-05,0.0,-0.0001167,-4.17e-05,0.0,0.0011568,0.013552,False
AUS200,1996-10-30,2272.6001,1996-11-05,2296.8,4,6,0.1,0.0010651,-2e-05,-2e-05,0.0,-0.0001167,-4.17e-05,0.0,0.0008668,0.0106486,False
AUS200,1996-11-28,2323.3999,1996-12-04,2309.7,4,6,0.1,-0.0005904,-2e-05,-2e-05,0.0,-0.0001083,-4.17e-05,0.0,-0.0007804,-0.0058965,False
AUS200,1996-12-30,2357.8,1997-01-06,2356.2,4,7,0.1,-6.34e-05,-2e-05,-2e-05,0.0,-0.0001167,-4.86e-05,0.0,-0.0002687,-0.0006786,False
AUS200,1997-01-30,2365.1001,1997-02-05,2382.6001,4,6,0.1,0.0007474,-2e-05,-2e-05,0.0,-0.0001,-4.17e-05,0.0,0.0005657,0.0073993,False
AUS200,1997-02-27,2402.8,1997-03-05,2371.0,4,6,0.1,-0.0013216,-2e-05,-2e-05,0.0,-0.0001,-4.17e-05,0.0,-0.0015033,-0.0132346,False
AUS200,1997-03-26,2344.1001,1997-04-03,2302.8999,4,8,0.1,-0.0017296,-2e-05,-2e-05,0.0,-0.0001333,-5.56e-05,0.0,-0.0019585,-0.0175761,False
AUS200,1997-04-29,2414.5,1997-05-05,2428.0,4,6,0.1,0.0005587,-2e-05,-2e-05,0.0,-0.0001,-4.17e-05,0.0,0.0003771,0.0055912,False
AUS200,1997-05-29,2524.8,1997-06-04,2546.2,4,6,0.1,0.0008508,-2e-05,-2e-05,0.0,-9.17e-05,-4.17e-05,0.0,0.0006774,0.0084759,False
AUS200,1997-06-27,2641.8,1997-07-03,2681.3,4,6,0.1,0.0014927,-2e-05,-2e-05,0.0,-9.17e-05,-4.17e-05,0.0,0.0013194,0.0149519,False
AUS200,1997-07-30,2672.7,1997-08-05,2642.3,4,6,0.1,-0.00114,-2e-05,-2e-05,0.0,-8.33e-05,-4.17e-05,0.0,-0.001305,-0.0113742,False
AUS200,1997-08-28,2563.2,1997-09-03,2553.2,4,6,0.1,-0.000369,-2e-05,-2e-05,0.0,-8.33e-05,-4.17e-05,0.0,-0.000534,-0.0039014,False
AUS200,1997-09-29,2713.0,1997-10-03,2701.1001,4,4,0.1,-0.0004358,-2e-05,-2e-05,0.0,-5.56e-05,-2.78e-05,0.0,-0.0005591,-0.0043863,False
AUS200,1997-10-30,2389.1001,1997-11-05,2497.1001,4,6,0.1,0.0044577,-2e-05,-2e-05,0.0,-8.33e-05,-4.17e-05,0.0,0.0042927,0.0452053,False
AUS200,1997-11-27,2422.0,1997-12-03,2515.6001,4,6,0.1,0.0038215,-2e-05,-2e-05,0.0,-8.33e-05,-4.17e-05,0.0,0.0036565,0.0386458,False
AUS200,1997-12-30,2553.3999,1998-01-06,2637.0,4,7,0.1,0.0032454,-2e-05,-2e-05,0.0,-9.72e-05,-4.86e-05,0.0,0.0030596,0.0327407,False
AUS200,1998-01-29,2588.8,1998-02-04,2601.8999,4,6,0.1,0.000509,-2e-05,-2e-05,0.0,-8.33e-05,-4.17e-05,0.0,0.000344,0.0050602,False
AUS200,1998-02-26,2627.2,1998-03-04,2644.3,4,6,0.1,0.0006538,-2e-05,-2e-05,0.0,-8.33e-05,-4.17e-05,0.0,0.0004888,0.0065089,False
AUS200,1998-03-30,2683.3999,1998-04-03,2717.7,4,4,0.1,0.001273,-2e-05,-2e-05,0.0,-5.56e-05,-2.78e-05,0.0,0.0011497,0.0127823,False
AUS200,1998-04-29,2695.8,1998-05-05,2745.2,4,6,0.1,0.0018274,-2e-05,-2e-05,0.0,-8.33e-05,-4.17e-05,0.0,0.0016624,0.0183248,False
AUS200,1998-05-28,2654.5,1998-06-03,2604.6001,4,6,0.1,-0.0018908,-2e-05,-2e-05,0.0,-8.33e-05,-4.17e-05,0.0,-0.0020558,-0.0187982,False
AUS200,1998-06-29,2570.8,1998-07-03,2694.8999,4,4,0.1,0.0047538,-2e-05,-2e-05,0.0,-5.56e-05,-2.78e-05,0.0,0.0046305,0.0482729,False
AUS200,1998-07-30,2657.8999,1998-08-05,2597.6001,4,6,0.1,-0.0022758,-2e-05,-2e-05,0.0,-8.33e-05,-4.17e-05,0.0,-0.0024408,-0.022687,False
AUS200,1998-08-28,2470.6001,1998-09-03,2456.8,4,6,0.1,-0.0005158,-2e-05,-2e-05,0.0,-8.33e-05,-4.17e-05,0.0,-0.0006808,-0.0055857,False
AUS200,1998-09-29,2532.8999,1998-10-05,2427.6001,4,6,0.1,-0.0042207,-2e-05,-2e-05,0.0,-8.33e-05,-4.17e-05,0.0,-0.0043857,-0.0415728,False
AUS200,1998-10-29,2532.8,1998-11-04,2601.3999,4,6,0.1,0.0026854,-2e-05,-2e-05,0.0,-8.33e-05,-4.17e-05,0.0,0.0025204,0.0270846,False
AUS200,1998-11-27,2689.3,1998-12-03,2630.3999,4,6,0.1,-0.002186,-2e-05,-2e-05,0.0,-8.26e-05,-4.17e-05,0.0,-0.0023503,-0.0219017,False
AUS200,1998-12-30,2689.8,1999-01-06,2755.6001,4,7,0.1,0.0024354,-2e-05,-2e-05,0.0,-9.24e-05,-4.86e-05,0.0,0.0022545,0.0244628,False
AUS200,1999-01-28,2765.1001,1999-02-03,2803.6001,4,6,0.1,0.0013906,-2e-05,-2e-05,0.0,-7.92e-05,-4.17e-05,0.0,0.0012297,0.0139235,False
AUS200,1999-02-25,2790.8999,1999-03-03,2773.1001,4,6,0.1,-0.0006302,-2e-05,-2e-05,0.0,-7.92e-05,-4.17e-05,0.0,-0.0007911,-0.0063778,False
AUS200,1999-03-30,2894.0,1999-04-07,2938.3,4,8,0.1,0.0015497,-2e-05,-2e-05,0.0,-0.0001056,-5.56e-05,0.0,0.0013485,0.0153075,False
AUS200,1999-04-29,3031.6001,1999-05-05,2974.8,4,6,0.1,-0.0018765,-2e-05,-2e-05,0.0,-7.92e-05,-4.17e-05,0.0,-0.0020373,-0.018736,False
AUS200,1999-05-28,2820.7,1999-06-03,2883.3999,4,6,0.1,0.0022073,-2e-05,-2e-05,0.0,-7.92e-05,-4.17e-05,0.0,0.0020464,0.0222285,False
AUS200,1999-06-29,2930.8999,1999-07-05,3017.5,4,6,0.1,0.0029421,-2e-05,-2e-05,0.0,-7.92e-05,-4.17e-05,0.0,0.0027813,0.0295473,False
AUS200,1999-07-29,2989.2,1999-08-04,2940.6001,4,6,0.1,-0.0016193,-2e-05,-2e-05,0.0,-7.92e-05,-4.17e-05,0.0,-0.0017802,-0.0162585,False
AUS200,1999-08-30,2917.5,1999-09-03,2887.3,4,4,0.1,-0.0010121,-2e-05,-2e-05,0.0,-5.28e-05,-2.78e-05,0.0,-0.0011326,-0.0103513,False
AUS200,1999-09-29,2834.8999,1999-10-05,2854.6001,4,6,0.1,0.0007059,-2e-05,-2e-05,0.0,-7.92e-05,-4.17e-05,0.0,0.000545,0.0069492,False
AUS200,1999-10-28,2790.8999,1999-11-03,2872.8,4,6,0.1,0.002904,-2e-05,-2e-05,0.0,-7.92e-05,-4.17e-05,0.0,0.0027432,0.0293454,False
AUS200,1999-11-29,2996.8,1999-12-03,3039.5,4,4,0.1,0.0014312,-2e-05,-2e-05,0.0,-5.56e-05,-2.78e-05,0.0,0.0013079,0.0142485,False
AUS200,1999-12-29,3104.8999,2000-01-06,2999.3,4,8,0.1,-0.0034245,-2e-05,-2e-05,0.0,-0.0001111,-5.56e-05,0.0,-0.0036312,-0.0340107,False
AUS200,2000-01-28,3064.6001,2000-02-03,3142.3999,4,6,0.1,0.0025215,-2e-05,-2e-05,0.0,-8.47e-05,-4.17e-05,0.0,0.0023551,0.0253866,False
AUS200,2000-02-28,3106.7,2000-03-03,3232.6001,4,4,0.1,0.004,-2e-05,-2e-05,0.0,-6.11e-05,-2.78e-05,0.0,0.0038711,0.0405254,False
AUS200,2000-03-30,3194.1001,2000-04-05,3155.3999,4,6,0.1,-0.0011806,-2e-05,-2e-05,0.0,-9.17e-05,-4.17e-05,0.0,-0.001354,-0.0121161,False
AUS200,2000-04-27,3106.3,2000-05-03,3107.5,4,6,0.1,4.73e-05,-2e-05,-2e-05,0.0,-9.58e-05,-4.17e-05,0.0,-0.0001302,0.0003863,False
AUS200,2000-05-30,3050.6001,2000-06-05,3148.8,4,6,0.1,0.0031883,-2e-05,-2e-05,0.0,-0.0001,-4.17e-05,0.0,0.0030067,0.0321904,False
AUS200,2000-06-29,3254.5,2000-07-05,3320.5,4,6,0.1,0.0020232,-2e-05,-2e-05,0.0,-0.0001,-4.17e-05,0.0,0.0018416,0.0202796,False
AUS200,2000-07-28,3255.0,2000-08-03,3275.1001,4,6,0.1,0.0006171,-2e-05,-2e-05,0.0,-0.0001007,-4.17e-05,0.0,0.0004347,0.0061751,False
AUS200,2000-08-30,3357.8,2000-09-05,3347.3,4,6,0.1,-0.0002907,-2e-05,-2e-05,0.0,-0.0001042,-4.17e-05,0.0,-0.0004765,-0.003127,False
AUS200,2000-09-28,3290.7,2000-10-04,3318.6001,4,6,0.1,0.0008483,-2e-05,-2e-05,0.0,-0.0001042,-4.17e-05,0.0,0.0006625,0.0084785,False
AUS200,2000-10-30,3264.3999,2000-11-03,3321.8999,4,4,0.1,0.0017545,-2e-05,-2e-05,0.0,-6.94e-05,-2.78e-05,0.0,0.0016172,0.0176143,False
AUS200,2000-11-29,3275.6001,2000-12-05,3306.5,4,6,0.1,0.0009422,-2e-05,-2e-05,0.0,-0.0001042,-4.17e-05,0.0,0.0007564,0.0094334,False
AUS200,2000-12-28,3236.2,2001-01-04,3293.8,4,7,0.1,0.001802,-2e-05,-2e-05,0.0,-0.0001215,-4.86e-05,0.0,0.0015919,0.0177987,False
AUS200,2001-01-30,3334.8999,2001-02-05,3312.8,4,6,0.1,-0.000654,-2e-05,-2e-05,0.0,-0.0001042,-4.17e-05,0.0,-0.0008398,-0.0066268,False
AUS200,2001-02-27,3302.3999,2001-03-05,3342.8999,4,6,0.1,0.0012257,-2e-05,-2e-05,0.0,-9.58e-05,-4.17e-05,0.0,0.0010482,0.0122638,False
AUS200,2001-03-29,3177.8999,2001-04-04,3194.3,4,6,0.1,0.0005307,-2e-05,-2e-05,0.0,-9.17e-05,-4.17e-05,0.0,0.0003574,0.0051607,False
AUS200,2001-04-27,3293.8999,2001-05-03,3350.0,4,6,0.1,0.0016963,-2e-05,-2e-05,0.0,-8.33e-05,-4.17e-05,0.0,0.0015313,0.0170315,False
AUS200,2001-05-30,3399.8,2001-06-05,3422.2,4,6,0.1,0.0006647,-2e-05,-2e-05,0.0,-8.33e-05,-4.17e-05,0.0,0.0004997,0.0065886,False
AUS200,2001-06-28,3420.5,2001-07-04,3429.7,4,6,0.1,0.0003026,-2e-05,-2e-05,0.0,-8.33e-05,-4.17e-05,0.0,0.0001376,0.0026897,False
AUS200,2001-07-30,3316.6001,2001-08-03,3405.3999,4,4,0.1,0.0026575,-2e-05,-2e-05,0.0,-5.56e-05,-2.78e-05,0.0,0.0025342,0.0267743,False
AUS200,2001-08-30,3323.8999,2001-09-05,3288.3,4,6,0.1,-0.0010651,-2e-05,-2e-05,0.0,-8.33e-05,-4.17e-05,0.0,-0.0012301,-0.0107103,False
AUS200,2001-09-27,3000.7,2001-10-03,3126.2,4,6,0.1,0.0041335,-2e-05,-2e-05,0.0,-7.92e-05,-4.17e-05,0.0,0.0039726,0.0418236,False
AUS200,2001-10-30,3252.8,2001-11-05,3225.8,4,6,0.1,-0.0008321,-2e-05,-2e-05,0.0,-7.5e-05,-4.17e-05,0.0,-0.0009888,-0.0083005,False
AUS200,2001-11-29,3329.5,2001-12-05,3347.8,4,6,0.1,0.0005513,-2e-05,-2e-05,0.0,-7.5e-05,-4.17e-05,0.0,0.0003946,0.0054963,False
AUS200,2001-12-28,3427.1001,2002-01-04,3435.7,4,7,0.1,0.0002563,-2e-05,-2e-05,0.0,-8.26e-05,-4.86e-05,0.0,8.5e-05,0.0025094,False
AUS200,2002-01-30,3433.5,2002-02-05,3451.5,4,6,0.1,0.000531,-2e-05,-2e-05,0.0,-7.08e-05,-4.17e-05,0.0,0.0003785,0.0052425,False
AUS200,2002-02-27,3413.1001,2002-03-05,3435.6001,4,6,0.1,0.0006579,-2e-05,-2e-05,0.0,-7.08e-05,-4.17e-05,0.0,0.0005054,0.0065922,False
AUS200,2002-03-27,3411.5,2002-04-04,3372.6001,4,8,0.1,-0.001143,-2e-05,-2e-05,0.0,-9.44e-05,-5.56e-05,0.0,-0.001333,-0.0114026,False
AUS200,2002-04-29,3352.8,2002-05-03,3366.0,4,4,0.1,0.0003935,-2e-05,-2e-05,0.0,-4.72e-05,-2.78e-05,0.0,0.0002785,0.003937,False
AUS200,2002-05-30,3387.1001,2002-06-05,3350.2,4,6,0.1,-0.001091,-2e-05,-2e-05,0.0,-7.5e-05,-4.17e-05,0.0,-0.0012476,-0.0108943,False
AUS200,2002-06-27,3212.8999,2002-07-03,3185.8999,4,6,0.1,-0.0008386,-2e-05,-2e-05,0.0,-7.92e-05,-4.17e-05,0.0,-0.0009995,-0.0084036,False
AUS200,2002-07-30,3083.8,2002-08-05,3009.2,4,6,0.1,-0.0024347,-2e-05,-2e-05,0.0,-7.92e-05,-4.17e-05,0.0,-0.0025955,-0.024191,False
AUS200,2002-08-29,3130.8,2002-09-04,3093.2,4,6,0.1,-0.0011935,-2e-05,-2e-05,0.0,-7.92e-05,-4.17e-05,0.0,-0.0013543,-0.0120097,False
AUS200,2002-09-27,3008.8999,2002-10-03,2999.3,4,6,0.1,-0.0003093,-2e-05,-2e-05,0.0,-7.92e-05,-4.17e-05,0.0,-0.0004702,-0.0031905,False
AUS200,2002-10-30,3006.2,2002-11-05,3050.2,4,6,0.1,0.0014771,-2e-05,-2e-05,0.0,-7.92e-05,-4.17e-05,0.0,0.0013163,0.0146364,False
AUS200,2002-11-28,3043.5,2002-12-04,3027.2,4,6,0.1,-0.0005209,-2e-05,-2e-05,0.0,-7.92e-05,-4.17e-05,0.0,-0.0006818,-0.0053557,False
AUS200,2002-12-30,2992.7,2003-01-06,3075.3999,4,7,0.1,0.0027357,-2e-05,-2e-05,0.0,-9.24e-05,-4.86e-05,0.0,0.0025547,0.0276339,False
AUS200,2003-01-30,2964.2,2003-02-05,2918.7,4,6,0.1,-0.0015408,-2e-05,-2e-05,0.0,-7.92e-05,-4.17e-05,0.0,-0.0017016,-0.0153498,False
AUS200,2003-02-27,2796.2,2003-03-05,2776.0,4,6,0.1,-0.0007144,-2e-05,-2e-05,0.0,-7.92e-05,-4.17e-05,0.0,-0.0008753,-0.0072241,False
AUS200,2003-03-28,2897.7,2003-04-03,2908.6001,4,6,0.1,0.0003806,-2e-05,-2e-05,0.0,-7.92e-05,-4.17e-05,0.0,0.0002198,0.0037617,False
AUS200,2003-04-29,3011.2,2003-05-05,2977.3999,4,6,0.1,-0.0011242,-2e-05,-2e-05,0.0,-7.92e-05,-4.17e-05,0.0,-0.001285,-0.0112248,False
AUS200,2003-05-29,3016.0,2003-06-04,3032.7,4,6,0.1,0.0005574,-2e-05,-2e-05,0.0,-7.92e-05,-4.17e-05,0.0,0.0003965,0.0055371,False
AUS200,2003-06-27,3048.8,2003-07-03,3044.8,4,6,0.1,-0.0001268,-2e-05,-2e-05,0.0,-7.92e-05,-4.17e-05,0.0,-0.0002876,-0.001312,False
AUS200,2003-07-30,3091.2,2003-08-05,3137.3999,4,6,0.1,0.0014912,-2e-05,-2e-05,0.0,-7.92e-05,-4.17e-05,0.0,0.0013304,0.0149456,False
AUS200,2003-08-28,3197.0,2003-09-03,3210.8999,4,6,0.1,0.0004351,-2e-05,-2e-05,0.0,-7.92e-05,-4.17e-05,0.0,0.0002742,0.0043478,False
AUS200,2003-09-29,3164.3,2003-10-03,3203.3,4,4,0.1,0.0012337,-2e-05,-2e-05,0.0,-5.28e-05,-2.78e-05,0.0,0.0011132,0.012325,False
AUS200,2003-10-30,3273.8,2003-11-05,3240.7,4,6,0.1,-0.001012,-2e-05,-2e-05,0.0,-7.92e-05,-4.17e-05,0.0,-0.0011729,-0.0101106,False
AUS200,2003-11-27,3185.8,2003-12-03,3215.3,4,6,0.1,0.0009283,-2e-05,-2e-05,0.0,-8.33e-05,-4.17e-05,0.0,0.0007633,0.0092598,False
AUS200,2003-12-30,3295.1001,2004-01-06,3317.5,4,7,0.1,0.0006832,-2e-05,-2e-05,0.0,-0.0001021,-4.86e-05,0.0,0.0004925,0.0067979,False
AUS200,2004-01-29,3264.5,2004-02-04,3265.6001,4,6,0.1,3.45e-05,-2e-05,-2e-05,0.0,-8.75e-05,-4.17e-05,0.0,-0.0001346,0.000337,False
AUS200,2004-02-26,3346.8,2004-03-03,3388.5,4,6,0.1,0.0012414,-2e-05,-2e-05,0.0,-8.75e-05,-4.17e-05,0.0,0.0010722,0.0124596,False
AUS200,2004-03-30,3418.0,2004-04-05,3452.2,4,6,0.1,0.0010007,-2e-05,-2e-05,0.0,-8.75e-05,-4.17e-05,0.0,0.0008316,0.0100058,False
AUS200,2004-04-29,3401.3,2004-05-05,3407.6001,4,6,0.1,0.0001881,-2e-05,-2e-05,0.0,-8.75e-05,-4.17e-05,0.0,1.89e-05,0.0018522,False
AUS200,2004-05-28,3450.3999,2004-06-03,3467.3,4,6,0.1,0.0004911,-2e-05,-2e-05,0.0,-8.75e-05,-4.17e-05,0.0,0.0003219,0.004898,False
AUS200,2004-06-29,3521.5,2004-07-05,3537.0,4,6,0.1,0.0004398,-2e-05,-2e-05,0.0,-8.75e-05,-4.17e-05,0.0,0.0002707,0.0044015,False
AUS200,2004-07-29,3501.3,2004-08-04,3546.0,4,6,0.1,0.0012744,-2e-05,-2e-05,0.0,-8.75e-05,-4.17e-05,0.0,0.0011053,0.0127667,False
AUS200,2004-08-30,3554.1001,2004-09-03,3577.3,4,4,0.1,0.0006542,-2e-05,-2e-05,0.0,-5.83e-05,-2.78e-05,0.0,0.0005281,0.0065277,False
AUS200,2004-09-29,3656.6001,2004-10-05,3697.6001,4,6,0.1,0.0011197,-2e-05,-2e-05,0.0,-8.75e-05,-4.17e-05,0.0,0.0009506,0.0112126,False
AUS200,2004-10-28,3776.1001,2004-11-03,3832.8999,4,6,0.1,0.0014978,-2e-05,-2e-05,0.0,-8.75e-05,-4.17e-05,0.0,0.0013286,0.0150419,False
AUS200,2004-11-29,3926.8,2004-12-03,3939.5,4,4,0.1,0.0003322,-2e-05,-2e-05,0.0,-5.83e-05,-2.78e-05,0.0,0.0002061,0.0032342,False
AUS200,2004-12-30,4054.8999,2005-01-06,4029.8999,4,7,0.1,-0.0006168,-2e-05,-2e-05,0.0,-0.0001021,-4.86e-05,0.0,-0.0008075,-0.0061654,False
AUS200,2005-01-28,4098.8999,2005-02-03,4151.2998,4,6,0.1,0.0012727,-2e-05,-2e-05,0.0,-8.75e-05,-4.17e-05,0.0,0.0011036,0.0127839,False
AUS200,2005-02-25,4130.5,2005-03-03,4205.2002,4,6,0.1,0.0017986,-2e-05,-2e-05,0.0,-8.82e-05,-4.17e-05,0.0,0.0016288,0.018085,False
AUS200,2005-03-30,4095.2,2005-04-05,4132.3999,4,6,0.1,0.0009086,-2e-05,-2e-05,0.0,-9.17e-05,-4.17e-05,0.0,0.0007353,0.0090838,False
AUS200,2005-04-28,4011.6001,2005-05-04,3947.1001,4,6,0.1,-0.0016091,-2e-05,-2e-05,0.0,-9.17e-05,-4.17e-05,0.0,-0.0017824,-0.0160784,False
AUS200,2005-05-30,4132.7002,2005-06-03,4194.0,4,4,0.1,0.0014831,-2e-05,-2e-05,0.0,-6.11e-05,-2.78e-05,0.0,0.0013542,0.0148329,False
AUS200,2005-06-29,4263.0,2005-07-05,4301.7998,4,6,0.1,0.000908,-2e-05,-2e-05,0.0,-9.17e-05,-4.17e-05,0.0,0.0007347,0.0091015,False
AUS200,2005-07-28,4367.7998,2005-08-03,4369.1001,4,6,0.1,3.21e-05,-2e-05,-2e-05,0.0,-9.17e-05,-4.17e-05,0.0,-0.0001413,0.0002977,False
AUS200,2005-08-30,4438.6001,2005-09-05,4455.3999,4,6,0.1,0.0003867,-2e-05,-2e-05,0.0,-9.17e-05,-4.17e-05,0.0,0.0002134,0.0037849,False
AUS200,2005-09-29,4671.7002,2005-10-05,4543.5,4,6,0.1,-0.0027568,-2e-05,-2e-05,0.0,-9.17e-05,-4.17e-05,0.0,-0.0029302,-0.0274419,False
AUS200,2005-10-28,4383.0,2005-11-03,4513.7002,4,6,0.1,0.0029632,-2e-05,-2e-05,0.0,-9.17e-05,-4.17e-05,0.0,0.0027898,0.0298198,False
AUS200,2005-11-29,4639.0,2005-12-05,4624.6001,4,6,0.1,-0.0002994,-2e-05,-2e-05,0.0,-9.17e-05,-4.17e-05,0.0,-0.0004727,-0.0031041,False
AUS200,2005-12-29,4772.5,2006-01-05,4813.7002,4,7,0.1,0.0008645,-2e-05,-2e-05,0.0,-0.0001069,-4.86e-05,0.0,0.0006689,0.0086328,False
AUS200,2006-01-30,4943.3999,2006-02-03,4883.7998,4,4,0.1,-0.0012047,-2e-05,-2e-05,0.0,-6.11e-05,-2.78e-05,0.0,-0.0013336,-0.0120565,False
AUS200,2006-02-27,4924.1001,2006-03-03,4898.5,4,4,0.1,-0.0005048,-2e-05,-2e-05,0.0,-6.11e-05,-2.78e-05,0.0,-0.0006337,-0.0051989,False
AUS200,2006-03-30,5115.0,2006-04-05,5207.0,4,6,0.1,0.0017922,-2e-05,-2e-05,0.0,-9.17e-05,-4.17e-05,0.0,0.0016189,0.0179863,False
AUS200,2006-04-27,5300.2002,2006-05-03,5273.5,4,6,0.1,-0.0004947,-2e-05,-2e-05,0.0,-9.17e-05,-4.17e-05,0.0,-0.000668,-0.0050376,False
AUS200,2006-05-30,5105.3999,2006-06-05,5120.0,4,6,0.1,0.0003174,-2e-05,-2e-05,0.0,-9.58e-05,-4.17e-05,0.0,0.0001399,0.0028597,False
AUS200,2006-06-29,4997.2002,2006-07-05,5096.8999,4,6,0.1,0.0019882,-2e-05,-2e-05,0.0,-9.58e-05,-4.17e-05,0.0,0.0018107,0.0199511,False
AUS200,2006-07-28,4958.2998,2006-08-03,4997.5,4,6,0.1,0.000803,-2e-05,-2e-05,0.0,-9.65e-05,-4.17e-05,0.0,0.0006248,0.007906,False
AUS200,2006-08-30,5067.2998,2006-09-05,5150.6001,4,6,0.1,0.0016385,-2e-05,-2e-05,0.0,-0.0001,-4.17e-05,0.0,0.0014568,0.0164388,False
AUS200,2006-09-28,5113.8999,2006-10-04,5142.7002,4,6,0.1,0.0005691,-2e-05,-2e-05,0.0,-0.0001,-4.17e-05,0.0,0.0003874,0.0056318,False
AUS200,2006-10-30,5399.3999,2006-11-06,5444.1001,4,7,0.1,0.0008273,-2e-05,-2e-05,0.0,-0.0001167,-4.86e-05,0.0,0.000622,0.0082787,False
AUS200,2006-11-29,5452.6001,2006-12-05,5426.5,4,6,0.1,-0.0004734,-2e-05,-2e-05,0.0,-0.0001042,-4.17e-05,0.0,-0.0006593,-0.0047867,False
AUS200,2006-12-28,5660.5,2007-01-04,5584.7998,4,7,0.1,-0.001339,-2e-05,-2e-05,0.0,-0.0001215,-4.86e-05,0.0,-0.0015491,-0.0133734,False
AUS200,2007-01-30,5812.5,2007-02-05,5822.1001,4,6,0.1,0.0001703,-2e-05,-2e-05,0.0,-0.0001042,-4.17e-05,0.0,-1.55e-05,0.0016516,False
AUS200,2007-02-27,5993.7998,2007-03-05,5653.6001,4,6,0.1,-0.0057782,-2e-05,-2e-05,0.0,-0.0001042,-4.17e-05,0.0,-0.0059641,-0.0567586,False
AUS200,2007-03-29,5960.8999,2007-04-04,6097.2002,4,6,0.1,0.0022943,-2e-05,-2e-05,0.0,-0.0001042,-4.17e-05,0.0,0.0021085,0.0228657,False
AUS200,2007-04-27,6151.6001,2007-05-03,6245.6001,4,6,0.1,0.0015285,-2e-05,-2e-05,0.0,-0.0001042,-4.17e-05,0.0,0.0013426,0.0152806,False
AUS200,2007-05-30,6243.3999,2007-06-05,6370.7998,4,6,0.1,0.0020317,-2e-05,-2e-05,0.0,-0.0001042,-4.17e-05,0.0,0.0018459,0.0204055,False
AUS200,2007-06-28,6265.6001,2007-07-04,6298.6001,4,6,0.1,0.0005272,-2e-05,-2e-05,0.0,-0.0001042,-4.17e-05,0.0,0.0003414,0.0052669,False
AUS200,2007-07-30,6108.7998,2007-08-03,6021.0,4,4,0.1,-0.0013831,-2e-05,-2e-05,0.0,-6.94e-05,-2.78e-05,0.0,-0.0015203,-0.0143727,False
AUS200,2007-08-30,6135.0,2007-09-05,6262.7002,4,6,0.1,0.0020792,-2e-05,-2e-05,0.0,-0.0001083,-4.17e-05,0.0,0.0018892,0.020815,False
AUS200,2007-09-27,6538.1001,2007-10-03,6660.0,4,6,0.1,0.001859,-2e-05,-2e-05,0.0,-0.0001083,-4.17e-05,0.0,0.001669,0.0186445,False
AUS200,2007-10-30,6750.2002,2007-11-05,6582.2998,4,6,0.1,-0.002479,-2e-05,-2e-05,0.0,-0.0001083,-4.17e-05,0.0,-0.002669,-0.0248734,False
AUS200,2007-11-29,6444.5,2007-12-05,6508.1001,4,6,0.1,0.000992,-2e-05,-2e-05,0.0,-0.0001125,-4.17e-05,0.0,0.0007979,0.0098689,False
AUS200,2007-12-28,6339.8999,2008-01-04,6306.7998,4,7,0.1,-0.000518,-2e-05,-2e-05,0.0,-0.0001313,-4.86e-05,0.0,-0.0007379,-0.0052209,False
AUS200,2008-01-30,5618.7002,2008-02-05,5792.8999,4,6,0.1,0.0031207,-2e-05,-2e-05,0.0,-0.0001125,-4.17e-05,0.0,0.0029265,0.0310036,False
AUS200,2008-02-28,5651.2002,2008-03-05,5376.6001,4,6,0.1,-0.0049247,-2e-05,-2e-05,0.0,-0.0001167,-4.17e-05,0.0,-0.005123,-0.0485915,False
AUS200,2008-03-28,5351.1001,2008-04-03,5608.8999,4,6,0.1,0.004758,-2e-05,-2e-05,0.0,-0.0001208,-4.17e-05,0.0,0.0045555,0.048177,False
AUS200,2008-04-29,5606.8999,2008-05-05,5730.2998,4,6,0.1,0.0021995,-2e-05,-2e-05,0.0,-0.0001208,-4.17e-05,0.0,0.001997,0.0220086,False
AUS200,2008-05-29,5709.3999,2008-06-04,5584.5,4,6,0.1,-0.0021948,-2e-05,-2e-05,0.0,-0.0001208,-4.17e-05,0.0,-0.0023973,-0.0218762,False
AUS200,2008-06-27,5237.0,2008-07-03,4998.2998,4,6,0.1,-0.0046315,-2e-05,-2e-05,0.0,-0.0001208,-4.17e-05,0.0,-0.004834,-0.0455796,False
AUS200,2008-07-30,4936.7002,2008-08-05,4820.3999,4,6,0.1,-0.0023595,-2e-05,-2e-05,0.0,-0.0001208,-4.17e-05,0.0,-0.002562,-0.0235583,False
AUS200,2008-08-28,5066.5,2008-09-03,5060.0,4,6,0.1,-0.0001125,-2e-05,-2e-05,0.0,-0.0001208,-4.17e-05,0.0,-0.000315,-0.0012829,False
AUS200,2008-09-29,4807.3999,2008-10-03,4695.3999,4,4,0.1,-0.0021633,-2e-05,-2e-05,0.0,-7.78e-05,-2.78e-05,0.0,-0.0023089,-0.0232974,False
AUS200,2008-10-30,4001.1001,2008-11-05,4336.6001,4,6,0.1,0.008218,-2e-05,-2e-05,0.0,-0.0001,-4.17e-05,0.0,0.0080363,0.0838519,False
AUS200,2008-11-27,3588.0,2008-12-03,3533.8,4,6,0.1,-0.0013295,-2e-05,-2e-05,0.0,-8.75e-05,-4.17e-05,0.0,-0.0014986,-0.0151059,False
AUS200,2008-12-30,3654.2,2009-01-06,3742.7,4,7,0.1,0.0024243,-2e-05,-2e-05,0.0,-8.26e-05,-4.86e-05,0.0,0.0022531,0.0242187,False
AUS200,2009-01-29,3526.2,2009-02-04,3437.8999,4,6,0.1,-0.0025065,-2e-05,-2e-05,0.0,-7.08e-05,-4.17e-05,0.0,-0.002659,-0.0250411,False
AUS200,2009-02-26,3345.5,2009-03-04,3166.3999,4,6,0.1,-0.0054433,-2e-05,-2e-05,0.0,-5.42e-05,-4.17e-05,0.0,-0.0055792,-0.0535346,False
AUS200,2009-03-30,3604.3999,2009-04-03,3735.6001,4,4,0.1,0.0036272,-2e-05,-2e-05,0.0,-3.61e-05,-2.78e-05,0.0,0.0035233,0.0364,False
AUS200,2009-04-29,3695.3,2009-05-05,3890.3999,4,6,0.1,0.0052162,-2e-05,-2e-05,0.0,-5e-05,-4.17e-05,0.0,0.0050845,0.0527968,False
AUS200,2009-05-28,3755.7,2009-06-03,4017.2,4,6,0.1,0.0067886,-2e-05,-2e-05,0.0,-5e-05,-4.17e-05,0.0,0.006657,0.0696275,False
AUS200,2009-06-29,3886.8999,2009-07-03,3828.2,4,4,0.1,-0.0014773,-2e-05,-2e-05,0.0,-3.33e-05,-2.78e-05,0.0,-0.0015784,-0.015102,False
AUS200,2009-07-30,4190.5,2009-08-05,4264.5,4,6,0.1,0.0017708,-2e-05,-2e-05,0.0,-5e-05,-4.17e-05,0.0,0.0016391,0.017659,False
AUS200,2009-08-28,4489.6001,2009-09-03,4429.6001,4,6,0.1,-0.0013274,-2e-05,-2e-05,0.0,-5e-05,-4.17e-05,0.0,-0.001459,-0.0133642,False
AUS200,2009-09-29,4753.1001,2009-10-05,4573.2998,4,6,0.1,-0.0038274,-2e-05,-2e-05,0.0,-5e-05,-4.17e-05,0.0,-0.003959,-0.037828,False
AUS200,2009-10-29,4574.7002,2009-11-04,4540.1001,4,6,0.1,-0.0007229,-2e-05,-2e-05,0.0,-5.42e-05,-4.17e-05,0.0,-0.0008587,-0.0075634,False
AUS200,2009-11-27,4572.1001,2009-12-03,4774.6001,4,6,0.1,0.0043782,-2e-05,-2e-05,0.0,-5.9e-05,-4.17e-05,0.0,0.0042375,0.0442904,False
AUS200,2009-12-30,4833.2998,2010-01-06,4921.3999,4,7,0.1,0.0018142,-2e-05,-2e-05,0.0,-7.29e-05,-4.86e-05,0.0,0.0016527,0.0182277,False
AUS200,2010-01-28,4673.2998,2010-02-03,4647.8999,4,6,0.1,-0.0004948,-2e-05,-2e-05,0.0,-6.25e-05,-4.17e-05,0.0,-0.000639,-0.0054351,False
AUS200,2010-02-25,4594.1001,2010-03-03,4735.7002,4,6,0.1,0.0030488,-2e-05,-2e-05,0.0,-6.25e-05,-4.17e-05,0.0,0.0029046,0.0308222,False
AUS200,2010-03-30,4916.7998,2010-04-07,4960.8999,4,8,0.1,0.0009031,-2e-05,-2e-05,0.0,-8.89e-05,-5.56e-05,0.0,0.0007187,0.0089693,False
AUS200,2010-04-29,4785.6001,2010-05-05,4674.0,4,6,0.1,-0.0023434,-2e-05,-2e-05,0.0,-7.08e-05,-4.17e-05,0.0,-0.0024959,-0.02332,False
AUS200,2010-05-28,4457.5,2010-06-03,4486.0,4,6,0.1,0.0006709,-2e-05,-2e-05,0.0,-7.5e-05,-4.17e-05,0.0,0.0005143,0.0063937,False
AUS200,2010-06-29,4345.7002,2010-07-05,4222.1001,4,6,0.1,-0.0028683,-2e-05,-2e-05,0.0,-7.5e-05,-4.17e-05,0.0,-0.0030249,-0.0284419,False
AUS200,2010-07-29,4524.1001,2010-08-04,4542.1001,4,6,0.1,0.0004093,-2e-05,-2e-05,0.0,-7.5e-05,-4.17e-05,0.0,0.0002527,0.0039787,False
AUS200,2010-08-30,4452.7002,2010-09-03,4541.2002,4,4,0.1,0.0019989,-2e-05,-2e-05,0.0,-5e-05,-2.78e-05,0.0,0.0018811,0.0198756,False
AUS200,2010-09-29,4645.0,2010-10-05,4606.8999,4,6,0.1,-0.0008087,-2e-05,-2e-05,0.0,-7.5e-05,-4.17e-05,0.0,-0.0009654,-0.0082024,False
AUS200,2010-10-28,4684.8999,2010-11-03,4722.6001,4,6,0.1,0.0008069,-2e-05,-2e-05,0.0,-7.5e-05,-4.17e-05,0.0,0.0006502,0.0080472,False
AUS200,2010-11-29,4618.5,2010-12-03,4694.2002,4,4,0.1,0.0016481,-2e-05,-2e-05,0.0,-5.28e-05,-2.78e-05,0.0,0.0015275,0.0163906,False
AUS200,2010-12-30,4790.3999,2011-01-06,4725.0,4,7,0.1,-0.0013682,-2e-05,-2e-05,0.0,-9.24e-05,-4.86e-05,0.0,-0.0015492,-0.0136523,False
AUS200,2011-01-28,4774.8999,2011-02-03,4820.6001,4,6,0.1,0.0009591,-2e-05,-2e-05,0.0,-7.92e-05,-4.17e-05,0.0,0.0007983,0.0095709,False
AUS200,2011-02-25,4836.5,2011-03-03,4806.3999,4,6,0.1,-0.000623,-2e-05,-2e-05,0.0,-7.92e-05,-4.17e-05,0.0,-0.0007838,-0.0062235,False
AUS200,2011-03-30,4822.2002,2011-04-05,4900.1001,4,6,0.1,0.001606,-2e-05,-2e-05,0.0,-7.92e-05,-4.17e-05,0.0,0.0014451,0.0161544,False
AUS200,2011-04-28,4873.0,2011-05-04,4740.1001,4,6,0.1,-0.002752,-2e-05,-2e-05,0.0,-7.92e-05,-4.17e-05,0.0,-0.0029128,-0.0272727,False
AUS200,2011-05-30,4667.5,2011-06-03,4583.1001,4,4,0.1,-0.0017941,-2e-05,-2e-05,0.0,-5.28e-05,-2.78e-05,0.0,-0.0019147,-0.0180825,False
AUS200,2011-06-29,4529.5,2011-07-05,4598.1001,4,6,0.1,0.00152,-2e-05,-2e-05,0.0,-7.92e-05,-4.17e-05,0.0,0.0013591,0.0151452,False
AUS200,2011-07-28,4463.7998,2011-08-04,4276.5,4,7,0.1,-0.0042477,-2e-05,-2e-05,0.0,-9.24e-05,-4.86e-05,0.0,-0.0044287,-0.0419597,False
AUS200,2011-08-30,4269.2002,2011-09-05,4141.8999,4,6,0.1,-0.0029847,-2e-05,-2e-05,0.0,-7.92e-05,-4.17e-05,0.0,-0.0031455,-0.0298183,False
AUS200,2011-09-29,4008.3,2011-10-06,4069.8999,4,7,0.1,0.0016593,-2e-05,-2e-05,0.0,-9.24e-05,-4.86e-05,0.0,0.0014784,0.0153681,False
AUS200,2011-10-28,4353.2998,2011-11-04,4281.1001,4,7,0.1,-0.0015946,-2e-05,-2e-05,0.0,-9.1e-05,-4.86e-05,0.0,-0.0017742,-0.0165851,False
AUS200,2011-11-29,4102.1001,2011-12-05,4321.2998,4,6,0.1,0.0052537,-2e-05,-2e-05,0.0,-7.5e-05,-4.17e-05,0.0,0.005097,0.053436,False
AUS200,2011-12-29,4071.1001,2012-01-05,4142.7002,4,7,0.1,0.0017779,-2e-05,-2e-05,0.0,-8.26e-05,-4.86e-05,0.0,0.0016067,0.0175874,False
AUS200,2012-01-30,4272.7002,2012-02-03,4251.2002,4,4,0.1,-0.0004947,-2e-05,-2e-05,0.0,-4.72e-05,-2.78e-05,0.0,-0.0006097,-0.0050319,False
AUS200,2012-02-28,4262.7002,2012-03-05,4263.0,4,6,0.1,1.67e-05,-2e-05,-2e-05,0.0,-7.08e-05,-4.17e-05,0.0,-0.0001358,7.03e-05,False
AUS200,2012-03-29,4337.8999,2012-04-04,4333.8999,4,6,0.1,-9.2e-05,-2e-05,-2e-05,0.0,-7.08e-05,-4.17e-05,0.0,-0.0002445,-0.0009221,False
AUS200,2012-04-27,4362.1001,2012-05-03,4429.0,4,6,0.1,0.0015281,-2e-05,-2e-05,0.0,-6.94e-05,-4.17e-05,0.0,0.001377,0.0153366,False
AUS200,2012-05-30,4094.2,2012-06-05,4043.7,4,6,0.1,-0.0012099,-2e-05,-2e-05,0.0,-6.25e-05,-4.17e-05,0.0,-0.001354,-0.0123345,False
AUS200,2012-06-28,4044.8,2012-07-04,4172.2002,4,6,0.1,0.003119,-2e-05,-2e-05,0.0,-5.83e-05,-4.17e-05,0.0,0.002979,0.0314973,False
AUS200,2012-07-30,4245.7002,2012-08-03,4221.5,4,4,0.1,-0.0005635,-2e-05,-2e-05,0.0,-3.89e-05,-2.78e-05,0.0,-0.0006702,-0.0056999,False
AUS200,2012-08-30,4315.7002,2012-09-05,4278.7998,4,6,0.1,-0.0008547,-2e-05,-2e-05,0.0,-5.83e-05,-4.17e-05,0.0,-0.0009947,-0.0085503,False
AUS200,2012-09-27,4384.2002,2012-10-03,4438.6001,4,6,0.1,0.0012384,-2e-05,-2e-05,0.0,-5.83e-05,-4.17e-05,0.0,0.0010984,0.0124082,False
AUS200,2012-10-30,4485.7002,2012-11-05,4474.1001,4,6,0.1,-0.0002473,-2e-05,-2e-05,0.0,-5.42e-05,-4.17e-05,0.0,-0.0003831,-0.002586,False
AUS200,2012-11-29,4477.7002,2012-12-05,4520.3999,4,6,0.1,0.0009553,-2e-05,-2e-05,0.0,-5.42e-05,-4.17e-05,0.0,0.0008194,0.0095361,False
AUS200,2012-12-28,4671.2998,2013-01-04,4723.7998,4,7,0.1,0.0011295,-2e-05,-2e-05,0.0,-5.83e-05,-4.86e-05,0.0,0.0009826,0.0112388,False
AUS200,2013-01-30,4896.7002,2013-02-05,4882.7002,4,6,0.1,-0.0002802,-2e-05,-2e-05,0.0,-5e-05,-4.17e-05,0.0,-0.0004119,-0.0028591,False
AUS200,2013-02-27,5036.6001,2013-03-05,5075.3999,4,6,0.1,0.0007964,-2e-05,-2e-05,0.0,-5e-05,-4.17e-05,0.0,0.0006647,0.0077036,False
AUS200,2013-03-27,4995.0,2013-04-04,4913.5,4,8,0.1,-0.0016372,-2e-05,-2e-05,0.0,-6.67e-05,-5.56e-05,0.0,-0.0017994,-0.0163163,False
AUS200,2013-04-29,5125.7998,2013-05-03,5129.5,4,4,0.1,8.39e-05,-2e-05,-2e-05,0.0,-3.33e-05,-2.78e-05,0.0,-1.72e-05,0.0007219,False
AUS200,2013-05-30,4930.7002,2013-06-05,4835.2002,4,6,0.1,-0.0019434,-2e-05,-2e-05,0.0,-4.58e-05,-4.17e-05,0.0,-0.0020709,-0.0193684,False
AUS200,2013-06-27,4811.2998,2013-07-03,4744.1001,4,6,0.1,-0.0013363,-2e-05,-2e-05,0.0,-4.58e-05,-4.17e-05,0.0,-0.0014638,-0.0139671,False
AUS200,2013-07-30,5047.2002,2013-08-05,5111.2998,4,6,0.1,0.0012682,-2e-05,-2e-05,0.0,-4.58e-05,-4.17e-05,0.0,0.0011407,0.0127,False
AUS200,2013-08-29,5092.3999,2013-09-04,5161.6001,4,6,0.1,0.001361,-2e-05,-2e-05,0.0,-4.17e-05,-4.17e-05,0.0,0.0012376,0.0135889,False
AUS200,2013-09-27,5307.1001,2013-10-03,5234.8999,4,6,0.1,-0.0013547,-2e-05,-2e-05,0.0,-4.17e-05,-4.17e-05,0.0,-0.0014781,-0.0136045,False
AUS200,2013-10-30,5430.8999,2013-11-05,5432.0,4,6,0.1,2.43e-05,-2e-05,-2e-05,0.0,-4.17e-05,-4.17e-05,0.0,-9.9e-05,0.0002026,False
AUS200,2013-11-28,5334.2998,2013-12-04,5273.7998,4,6,0.1,-0.0011358,-2e-05,-2e-05,0.0,-4.17e-05,-4.17e-05,0.0,-0.0012592,-0.0113417,False
AUS200,2013-12-30,5356.7998,2014-01-06,5324.8999,4,7,0.1,-0.0005952,-2e-05,-2e-05,0.0,-4.86e-05,-4.86e-05,0.0,-0.0007324,-0.005955,False
AUS200,2014-01-30,5188.1001,2014-02-05,5070.2998,4,6,0.1,-0.0022799,-2e-05,-2e-05,0.0,-4.17e-05,-4.17e-05,0.0,-0.0024032,-0.0227059,False
AUS200,2014-02-27,5411.3999,2014-03-05,5446.2002,4,6,0.1,0.0006459,-2e-05,-2e-05,0.0,-4.17e-05,-4.17e-05,0.0,0.0005225,0.0064309,False
AUS200,2014-03-28,5366.8999,2014-04-03,5409.8999,4,6,0.1,0.0007998,-2e-05,-2e-05,0.0,-4.17e-05,-4.17e-05,0.0,0.0006765,0.0080121,False
AUS200,2014-04-29,5486.6001,2014-05-05,5462.2002,4,6,0.1,-0.0004428,-2e-05,-2e-05,0.0,-4.17e-05,-4.17e-05,0.0,-0.0005662,-0.0044472,False
AUS200,2014-05-29,5519.5,2014-06-04,5444.7998,4,6,0.1,-0.0013558,-2e-05,-2e-05,0.0,-4.17e-05,-4.17e-05,0.0,-0.0014791,-0.0135339,False
AUS200,2014-06-27,5445.1001,2014-07-03,5491.2002,4,6,0.1,0.0008609,-2e-05,-2e-05,0.0,-4.17e-05,-4.17e-05,0.0,0.0007375,0.0084663,False
AUS200,2014-07-30,5622.8999,2014-08-05,5518.6001,4,6,0.1,-0.0018617,-2e-05,-2e-05,0.0,-4.17e-05,-4.17e-05,0.0,-0.001985,-0.0185491,False
AUS200,2014-08-28,5624.3999,2014-09-03,5656.1001,4,6,0.1,0.0005634,-2e-05,-2e-05,0.0,-4.17e-05,-4.17e-05,0.0,0.00044,0.0056362,False
AUS200,2014-09-29,5264.2002,2014-10-03,5318.2002,4,4,0.1,0.0010282,-2e-05,-2e-05,0.0,-2.78e-05,-2.78e-05,0.0,0.0009326,0.010258,False
AUS200,2014-10-30,5476.2002,2014-11-05,5517.8999,4,6,0.1,0.0007637,-2e-05,-2e-05,0.0,-4.17e-05,-4.17e-05,0.0,0.0006404,0.0076147,False
AUS200,2014-11-27,5332.3999,2014-12-03,5321.7998,4,6,0.1,-0.0001656,-2e-05,-2e-05,0.0,-4.17e-05,-4.17e-05,0.0,-0.0002889,-0.0019879,False
AUS200,2014-12-30,5416.6001,2015-01-06,5364.7998,4,7,0.1,-0.000947,-2e-05,-2e-05,0.0,-4.86e-05,-4.86e-05,0.0,-0.0010843,-0.0095632,False
AUS200,2015-01-29,5569.5,2015-02-04,5777.2998,4,6,0.1,0.0036839,-2e-05,-2e-05,0.0,-4.17e-05,-4.17e-05,0.0,0.0035605,0.0373103,False
AUS200,2015-02-26,5908.5,2015-03-04,5901.6001,4,6,0.1,-0.0001126,-2e-05,-2e-05,0.0,-3.75e-05,-4.17e-05,0.0,-0.0002318,-0.0011678,False
AUS200,2015-03-30,5846.1001,2015-04-07,5926.0,4,8,0.1,0.001365,-2e-05,-2e-05,0.0,-5e-05,-5.56e-05,0.0,0.0012194,0.0136672,False
AUS200,2015-04-29,5838.6001,2015-05-05,5826.5,4,6,0.1,-0.0002028,-2e-05,-2e-05,0.0,-3.75e-05,-4.17e-05,0.0,-0.000322,-0.0020724,False
AUS200,2015-05-28,5713.1001,2015-06-03,5583.6001,4,6,0.1,-0.0022644,-2e-05,-2e-05,0.0,-3.33e-05,-4.17e-05,0.0,-0.0023794,-0.0226672,False
AUS200,2015-06-29,5422.5,2015-07-03,5538.2998,4,4,0.1,0.0021383,-2e-05,-2e-05,0.0,-2.22e-05,-2.78e-05,0.0,0.0020483,0.0213554,False
AUS200,2015-07-30,5669.5,2015-08-05,5674.0,4,6,0.1,8.27e-05,-2e-05,-2e-05,0.0,-3.33e-05,-4.17e-05,0.0,-3.23e-05,0.0007937,False
AUS200,2015-08-28,5263.6001,2015-09-03,5027.7998,4,6,0.1,-0.004544,-2e-05,-2e-05,0.0,-3.33e-05,-4.17e-05,0.0,-0.004659,-0.0447983,False
AUS200,2015-09-29,4918.3999,2015-10-05,5150.5,4,6,0.1,0.0046745,-2e-05,-2e-05,0.0,-3.33e-05,-4.17e-05,0.0,0.0045595,0.0471902,False
AUS200,2015-10-29,5266.8999,2015-11-04,5242.2998,4,6,0.1,-0.0004468,-2e-05,-2e-05,0.0,-3.33e-05,-4.17e-05,0.0,-0.0005618,-0.0046707,False
AUS200,2015-11-27,5202.6001,2015-12-03,5227.7002,4,6,0.1,0.0005039,-2e-05,-2e-05,0.0,-3.33e-05,-4.17e-05,0.0,0.0003889,0.0048245,False
AUS200,2015-12-30,5319.8999,2016-01-06,5123.1001,4,7,0.1,-0.0037468,-2e-05,-2e-05,0.0,-3.89e-05,-4.86e-05,0.0,-0.0038743,-0.0369931,False
AUS200,2016-01-28,4976.2002,2016-02-03,4876.7998,4,6,0.1,-0.0019805,-2e-05,-2e-05,0.0,-3.33e-05,-4.17e-05,0.0,-0.0020955,-0.0199752,False
AUS200,2016-02-26,4880.0,2016-03-03,5081.1001,4,6,0.1,0.0040688,-2e-05,-2e-05,0.0,-3.33e-05,-4.17e-05,0.0,0.0039538,0.041209,False
AUS200,2016-03-30,5010.2998,2016-04-05,4924.3999,4,6,0.1,-0.0016952,-2e-05,-2e-05,0.0,-3.33e-05,-4.17e-05,0.0,-0.0018102,-0.0171447,False
AUS200,2016-04-28,5225.3999,2016-05-04,5271.1001,4,6,0.1,0.0009063,-2e-05,-2e-05,0.0,-3.33e-05,-4.17e-05,0.0,0.0007913,0.0087458,False
AUS200,2016-05-30,5408.0,2016-06-03,5318.8999,4,4,0.1,-0.0016481,-2e-05,-2e-05,0.0,-1.94e-05,-2.78e-05,0.0,-0.0017353,-0.0164756,False
AUS200,2016-06-29,5142.3999,2016-07-05,5228.0,4,6,0.1,0.0016741,-2e-05,-2e-05,0.0,-2.92e-05,-4.17e-05,0.0,0.0015633,0.0166459,False
AUS200,2016-07-28,5556.6001,2016-08-03,5465.7002,4,6,0.1,-0.0016356,-2e-05,-2e-05,0.0,-2.92e-05,-4.17e-05,0.0,-0.0017464,-0.0163589,False
AUS200,2016-08-30,5478.2998,2016-09-05,5429.6001,4,6,0.1,-0.0008803,-2e-05,-2e-05,0.0,-2.5e-05,-4.17e-05,0.0,-0.000987,-0.0088896,False
AUS200,2016-09-29,5471.2998,2016-10-05,5452.8999,4,6,0.1,-0.00033,-2e-05,-2e-05,0.0,-2.5e-05,-4.17e-05,0.0,-0.0004367,-0.003363,False
AUS200,2016-10-28,5283.7998,2016-11-03,5225.6001,4,6,0.1,-0.0010974,-2e-05,-2e-05,0.0,-2.5e-05,-4.17e-05,0.0,-0.0012041,-0.0110147,False
AUS200,2016-11-29,5457.5,2016-12-05,5400.3999,4,6,0.1,-0.0010368,-2e-05,-2e-05,0.0,-2.5e-05,-4.17e-05,0.0,-0.0011435,-0.0104627,False
AUS200,2016-12-29,5699.1001,2017-01-05,5753.2998,4,7,0.1,0.0009557,-2e-05,-2e-05,0.0,-2.92e-05,-4.86e-05,0.0,0.0008379,0.0095102,False
AUS200,2017-01-30,5661.5,2017-02-03,5621.6001,4,4,0.1,-0.000702,-2e-05,-2e-05,0.0,-1.67e-05,-2.78e-05,0.0,-0.0007865,-0.0070476,False
AUS200,2017-02-27,5724.2002,2017-03-03,5729.6001,4,4,0.1,0.0001058,-2e-05,-2e-05,0.0,-1.67e-05,-2.78e-05,0.0,2.13e-05,0.0009433,False
AUS200,2017-03-30,5896.2002,2017-04-05,5876.2002,4,6,0.1,-0.0003373,-2e-05,-2e-05,0.0,-2.5e-05,-4.17e-05,0.0,-0.000444,-0.003392,False
AUS200,2017-04-27,5921.5,2017-05-03,5892.2998,4,6,0.1,-0.000488,-2e-05,-2e-05,0.0,-2.5e-05,-4.17e-05,0.0,-0.0005947,-0.0049312,False
AUS200,2017-05-30,5717.8999,2017-06-05,5754.8999,4,6,0.1,0.0006508,-2e-05,-2e-05,0.0,-2.5e-05,-4.17e-05,0.0,0.0005441,0.0064709,False
AUS200,2017-06-29,5818.1001,2017-07-05,5763.2998,4,6,0.1,-0.0009146,-2e-05,-2e-05,0.0,-2.5e-05,-4.17e-05,0.0,-0.0010213,-0.0094189,False
AUS200,2017-07-28,5702.7998,2017-08-03,5735.1001,4,6,0.1,0.0005707,-2e-05,-2e-05,0.0,-2.5e-05,-4.17e-05,0.0,0.000464,0.0056639,False
AUS200,2017-08-30,5669.7002,2017-09-06,5689.7002,4,7,0.1,0.0003563,-2e-05,-2e-05,0.0,-2.92e-05,-4.86e-05,0.0,0.0002386,0.0035275,False
AUS200,2017-09-28,5670.3999,2017-10-04,5652.1001,4,6,0.1,-0.0003146,-2e-05,-2e-05,0.0,-2.5e-05,-4.17e-05,0.0,-0.0004213,-0.0032273,False
AUS200,2017-10-30,5919.1001,2017-11-03,5959.8999,4,4,0.1,0.0006894,-2e-05,-2e-05,0.0,-1.67e-05,-2.78e-05,0.0,0.000605,0.0068929,False
AUS200,2017-11-29,6011.1001,2017-12-05,5971.7002,4,6,0.1,-0.0006544,-2e-05,-2e-05,0.0,-2.5e-05,-4.17e-05,0.0,-0.0007611,-0.0065545,False
AUS200,2017-12-28,6088.1001,2018-01-04,6077.1001,4,7,0.1,-0.0001799,-2e-05,-2e-05,0.0,-2.92e-05,-4.86e-05,0.0,-0.0002977,-0.0018068,False
AUS200,2018-01-30,6022.7998,2018-02-05,6026.2002,4,6,0.1,7.4e-05,-2e-05,-2e-05,0.0,-2.5e-05,-4.17e-05,0.0,-3.26e-05,0.0005646,False
AUS200,2018-02-27,6056.8999,2018-03-05,5959.5,4,6,0.1,-0.0016122,-2e-05,-2e-05,0.0,-2.5e-05,-4.17e-05,0.0,-0.0017189,-0.0160808,False
AUS200,2018-03-28,5789.5,2018-04-05,5788.7998,4,8,0.1,-9.4e-06,-2e-05,-2e-05,0.0,-3.33e-05,-5.56e-05,0.0,-0.0001383,-0.0001209,False
AUS200,2018-04-27,5953.6001,2018-05-03,6098.2998,4,6,0.1,0.0024089,-2e-05,-2e-05,0.0,-2.5e-05,-4.17e-05,0.0,0.0023022,0.0243046,False
AUS200,2018-05-30,5984.7002,2018-06-05,5994.8999,4,6,0.1,0.000175,-2e-05,-2e-05,0.0,-2.5e-05,-4.17e-05,0.0,6.83e-05,0.0017043,False
AUS200,2018-06-28,6215.3999,2018-07-04,6183.3999,4,6,0.1,-0.0005129,-2e-05,-2e-05,0.0,-2.5e-05,-4.17e-05,0.0,-0.0006196,-0.0051485,False
AUS200,2018-07-30,6278.3999,2018-08-03,6234.7998,4,4,0.1,-0.0006952,-2e-05,-2e-05,0.0,-1.67e-05,-2.78e-05,0.0,-0.0007797,-0.0069445,False
AUS200,2018-08-30,6351.7998,2018-09-05,6230.3999,4,6,0.1,-0.001923,-2e-05,-2e-05,0.0,-2.5e-05,-4.17e-05,0.0,-0.0020297,-0.0191127,False
AUS200,2018-09-27,6181.2002,2018-10-03,6146.1001,4,6,0.1,-0.0005636,-2e-05,-2e-05,0.0,-2.5e-05,-4.17e-05,0.0,-0.0006703,-0.0056785,False
AUS200,2018-10-30,5805.1001,2018-11-05,5818.1001,4,6,0.1,0.0002263,-2e-05,-2e-05,0.0,-2.5e-05,-4.17e-05,0.0,0.0001196,0.0022394,False
AUS200,2018-11-29,5758.3999,2018-12-05,5668.3999,4,6,0.1,-0.0015378,-2e-05,-2e-05,0.0,-2.5e-05,-4.17e-05,0.0,-0.0016445,-0.0156293,False
AUS200,2018-12-28,5654.2998,2019-01-04,5619.3999,4,7,0.1,-0.0005971,-2e-05,-2e-05,0.0,-2.92e-05,-4.86e-05,0.0,-0.0007149,-0.0061723,False
AUS200,2019-01-30,5886.7002,2019-02-05,6005.8999,4,6,0.1,0.0020253,-2e-05,-2e-05,0.0,-2.5e-05,-4.17e-05,0.0,0.0019186,0.020249,False
AUS200,2019-02-27,6150.2998,2019-03-05,6199.2998,4,6,0.1,0.000796,-2e-05,-2e-05,0.0,-2.5e-05,-4.17e-05,0.0,0.0006893,0.0079671,False
AUS200,2019-03-28,6176.1001,2019-04-03,6285.0,4,6,0.1,0.0017528,-2e-05,-2e-05,0.0,-2.5e-05,-4.17e-05,0.0,0.0016461,0.0176325,False
AUS200,2019-04-29,6359.5,2019-05-03,6335.7998,4,4,0.1,-0.000367,-2e-05,-2e-05,0.0,-1.67e-05,-2.78e-05,0.0,-0.0004515,-0.0037267,False
AUS200,2019-05-30,6392.1001,2019-06-05,6358.5,4,6,0.1,-0.0005188,-2e-05,-2e-05,0.0,-2.5e-05,-4.17e-05,0.0,-0.0006255,-0.0052565,False
AUS200,2019-06-27,6666.2998,2019-07-03,6685.5,4,6,0.1,0.0002923,-2e-05,-2e-05,0.0,-2.08e-05,-4.17e-05,0.0,0.0001898,0.0028802,False
AUS200,2019-07-30,6845.1001,2019-08-05,6640.2998,4,6,0.1,-0.0030172,-2e-05,-2e-05,0.0,-1.67e-05,-4.17e-05,0.0,-0.0031155,-0.0299193,False
AUS200,2019-08-29,6507.3999,2019-09-04,6553.0,4,6,0.1,0.0007105,-2e-05,-2e-05,0.0,-1.67e-05,-4.17e-05,0.0,0.0006122,0.0070074,False
AUS200,2019-09-27,6716.1001,2019-10-04,6517.1001,4,7,0.1,-0.0029746,-2e-05,-2e-05,0.0,-1.81e-05,-4.86e-05,0.0,-0.0030812,-0.0296303,False
AUS200,2019-10-30,6689.5,2019-11-05,6697.1001,4,6,0.1,0.0001148,-2e-05,-2e-05,0.0,-1.25e-05,-4.17e-05,0.0,2.07e-05,0.0011361,False
AUS200,2019-11-28,6864.0,2019-12-04,6606.5,4,6,0.1,-0.0037862,-2e-05,-2e-05,0.0,-1.25e-05,-4.17e-05,0.0,-0.0038804,-0.0375146,False
AUS200,2019-12-30,6804.8999,2020-01-06,6735.7002,4,7,0.1,-0.0010041,-2e-05,-2e-05,0.0,-1.46e-05,-4.86e-05,0.0,-0.0011073,-0.0101691,False
AUS200,2020-01-30,7008.3999,2020-02-05,6976.1001,4,6,0.1,-0.0004514,-2e-05,-2e-05,0.0,-1.25e-05,-4.17e-05,0.0,-0.0005455,-0.0046087,False
AUS200,2020-02-27,6657.8999,2020-03-04,6325.3999,4,6,0.1,-0.0050487,-2e-05,-2e-05,0.0,-1.25e-05,-4.17e-05,0.0,-0.0051429,-0.0499407,False
AUS200,2020-03-30,5181.3999,2020-04-03,5067.5,4,4,0.1,-0.0021052,-2e-05,-2e-05,0.0,-2.8e-06,-2.78e-05,0.0,-0.0021758,-0.0219825,False
AUS200,2020-04-29,5393.3999,2020-05-05,5407.1001,4,6,0.1,0.0004347,-2e-05,-2e-05,0.0,-4.2e-06,-4.17e-05,0.0,0.0003489,0.0025402,False
AUS200,2020-05-28,5851.1001,2020-06-03,5941.6001,4,6,0.1,0.0015712,-2e-05,-2e-05,0.0,-4.2e-06,-4.17e-05,0.0,0.0014854,0.0154672,False
AUS200,2020-06-29,5815.0,2020-07-03,6057.8999,4,4,0.1,0.0041187,-2e-05,-2e-05,0.0,-2.8e-06,-2.78e-05,0.0,0.0040481,0.0417713,False
AUS200,2020-07-30,6051.1001,2020-08-05,6001.2998,4,6,0.1,-0.0007861,-2e-05,-2e-05,0.0,-4.2e-06,-4.17e-05,0.0,-0.0008719,-0.00823,False
AUS200,2020-08-28,6073.7998,2020-09-03,6112.6001,4,6,0.1,0.0006729,-2e-05,-2e-05,0.0,-4.2e-06,-4.17e-05,0.0,0.0005871,0.0063881,False
AUS200,2020-09-29,5952.1001,2020-10-05,5941.6001,4,6,0.1,-0.0001025,-2e-05,-2e-05,0.0,-4.2e-06,-4.17e-05,0.0,-0.0001883,-0.0017641,False
AUS200,2020-10-29,5960.2998,2020-11-04,6062.1001,4,6,0.1,0.0017143,-2e-05,-2e-05,0.0,-4.2e-06,-4.17e-05,0.0,0.0016285,0.0170797,False
AUS200,2020-11-27,6601.1001,2020-12-03,6615.2998,4,6,0.1,0.0002295,-2e-05,-2e-05,0.0,-1.7e-06,-4.17e-05,0.0,0.0001461,0.0021511,False
HK50,1998-09-29,7837.6099,1998-10-08,7939.5098,4,9,0.1,0.0014366,-5e-05,-2e-05,0.0,-0.000172,-6.25e-05,0.0,0.0011321,0.0130014,False
HK50,1998-10-29,9931.46,1998-11-04,10508.25,4,6,0.1,0.0056977,-5e-05,-2e-05,0.0,-0.0001092,-4.17e-05,0.0,0.0054768,0.0580771,False
HK50,1998-11-27,10742.1104,1998-12-03,10046.1504,4,6,0.1,-0.0065574,-5e-05,-2e-05,0.0,-0.0001042,-4.17e-05,0.0,-0.0067733,-0.064788,False
HK50,1998-12-30,10121.4404,1999-01-06,10233.7998,4,7,0.1,0.0011976,-5e-05,-2e-05,0.0,-0.0001215,-4.86e-05,0.0,0.0009575,0.0111011,False
HK50,1999-01-28,9360.96,1999-02-03,9419.8496,4,6,0.1,0.0006528,-5e-05,-2e-05,0.0,-0.0001042,-4.17e-05,0.0,0.000437,0.006291,False
HK50,1999-02-25,9658.0703,1999-03-03,9922.4004,4,6,0.1,0.0027405,-5e-05,-2e-05,0.0,-0.0001042,-4.17e-05,0.0,0.0025246,0.0273688,False
HK50,1999-03-30,10940.21,1999-04-08,11727.8398,4,9,0.1,0.0070798,-5e-05,-2e-05,0.0,-0.0001563,-6.25e-05,0.0,0.0067911,0.071994,False
HK50,1999-04-29,13179.7002,1999-05-05,13586.21,4,6,0.1,0.0030585,-5e-05,-2e-05,0.0,-0.0001042,-4.17e-05,0.0,0.0028426,0.0308436,False
HK50,1999-05-28,12059.25,1999-06-03,12471.6104,4,6,0.1,0.0033836,-5e-05,-2e-05,0.0,-0.0001042,-4.17e-05,0.0,0.0031678,0.0341945,False
HK50,1999-06-29,13765.4902,1999-07-06,14372.6104,4,7,0.1,0.0044728,-5e-05,-2e-05,0.0,-0.0001243,-4.86e-05,0.0,0.0042299,0.0441045,False
HK50,1999-07-29,13117.8398,1999-08-04,13591.0195,4,6,0.1,0.0035667,-5e-05,-2e-05,0.0,-0.0001083,-4.17e-05,0.0,0.0033467,0.0360715,False
HK50,1999-08-30,13688.6602,1999-09-03,13178.3096,4,4,0.1,-0.0037684,-5e-05,-2e-05,0.0,-7.5e-05,-2.78e-05,0.0,-0.0039412,-0.0372827,False
HK50,1999-09-29,12834.8896,1999-10-06,13017.9805,4,7,0.1,0.0014305,-5e-05,-2e-05,0.0,-0.0001312,-4.86e-05,0.0,0.0011806,0.0142651,False
HK50,1999-10-28,12758.8799,1999-11-03,13257.3301,4,6,0.1,0.0039096,-5e-05,-2e-05,0.0,-0.0001125,-4.17e-05,0.0,0.0036854,0.0390669,False
HK50,1999-11-29,15461.1104,1999-12-03,15840.4102,4,4,0.1,0.0024438,-5e-05,-2e-05,0.0,-7.78e-05,-2.78e-05,0.0,0.0022683,0.0245325,False
HK50,1999-12-29,16660.8203,2000-01-05,15846.7197,4,7,0.1,-0.0046795,-5e-05,-2e-05,0.0,-0.0001361,-4.86e-05,0.0,-0.0049342,-0.0488632,False
HK50,2000-01-28,16185.9404,2000-02-03,15968.1201,4,6,0.1,-0.001258,-5e-05,-2e-05,0.0,-0.0001167,-4.17e-05,0.0,-0.0014863,-0.0134574,False
HK50,2000-02-28,16984.4395,2000-03-03,17285.2402,4,4,0.1,0.0018021,-5e-05,-2e-05,0.0,-8.06e-05,-2.78e-05,0.0,0.0016237,0.0177104,False
HK50,2000-03-30,17467.1504,2000-04-06,16491.3906,4,7,0.1,-0.0056386,-5e-05,-2e-05,0.0,-0.0001458,-4.86e-05,0.0,-0.005903,-0.0558626,False
HK50,2000-04-27,15192.8701,2000-05-04,15314.0703,4,7,0.1,0.0008617,-5e-05,-2e-05,0.0,-0.0001458,-4.86e-05,0.0,0.0005973,0.0079774,False
HK50,2000-05-30,13990.9004,2000-06-05,15861.6797,4,6,0.1,0.0127864,-5e-05,-2e-05,0.0,-0.0001333,-4.17e-05,0.0,0.0125414,0.133714,False
HK50,2000-06-29,16286.7998,2000-07-05,16474.2695,4,6,0.1,0.0011609,-5e-05,-2e-05,0.0,-0.0001333,-4.17e-05,0.0,0.0009159,0.0115105,False
HK50,2000-07-28,17183.9297,2000-08-03,17274.2793,4,6,0.1,0.0005701,-5e-05,-2e-05,0.0,-0.0001333,-4.17e-05,0.0,0.0003251,0.0052578,False
HK50,2000-08-30,17095.8809,2000-09-05,17595.2207,4,6,0.1,0.0029164,-5e-05,-2e-05,0.0,-0.0001333,-4.17e-05,0.0,0.0026714,0.0292082,False
HK50,2000-09-28,15415.75,2000-10-05,16184.6797,4,7,0.1,0.0049031,-5e-05,-2e-05,0.0,-0.0001556,-4.86e-05,0.0,0.0046289,0.0498795,False
HK50,2000-10-30,14799.9004,2000-11-03,15594.1201,4,4,0.1,0.0052949,-5e-05,-2e-05,0.0,-8.89e-05,-2.78e-05,0.0,0.0051082,0.0536639,False
HK50,2000-11-29,14169.0596,2000-12-05,14573.21,4,6,0.1,0.0028766,-5e-05,-2e-05,0.0,-0.0001333,-4.17e-05,0.0,0.0026316,0.0285234,False
HK50,2000-12-28,14796.5498,2001-01-04,15235.0303,4,7,0.1,0.0030648,-5e-05,-2e-05,0.0,-0.0001556,-4.86e-05,0.0,0.0027907,0.029634,False
HK50,2001-01-30,15893.0703,2001-02-05,15830.8398,4,6,0.1,-0.00037,-5e-05,-2e-05,0.0,-0.0001194,-4.17e-05,0.0,-0.0006012,-0.0039156,False
HK50,2001-02-27,14834.7305,2001-03-05,14135.2598,4,6,0.1,-0.0047412,-5e-05,-2e-05,0.0,-0.0001167,-4.17e-05,0.0,-0.0049695,-0.0471509,False
HK50,2001-03-29,12677.8896,2001-04-04,12063.71,4,6,0.1,-0.004869,-5e-05,-2e-05,0.0,-0.0001083,-4.17e-05,0.0,-0.005089,-0.0484449,False
HK50,2001-04-26,13293.1104,2001-05-04,13390.9902,4,8,0.1,0.0008175,-5e-05,-2e-05,0.0,-0.0001333,-5.56e-05,0.0,0.0005586,0.0073632,False
HK50,2001-05-30,13420.1299,2001-06-05,13451.8701,4,6,0.1,0.0002717,-5e-05,-2e-05,0.0,-9.17e-05,-4.17e-05,0.0,6.84e-05,0.0023651,False
HK50,2001-06-28,12827.8203,2001-07-05,12999.4805,4,7,0.1,0.0013618,-5e-05,-2e-05,0.0,-0.0001021,-4.86e-05,0.0,0.0011411,0.0133819,False
HK50,2001-07-30,12086.6602,2001-08-03,12269.0801,4,4,0.1,0.0015372,-5e-05,-2e-05,0.0,-5.83e-05,-2.78e-05,0.0,0.001381,0.0150927,False
HK50,2001-08-30,11315.6299,2001-09-05,10943.1396,4,6,0.1,-0.0032746,-5e-05,-2e-05,0.0,-8.33e-05,-4.17e-05,0.0,-0.0034696,-0.0329182,False
HK50,2001-09-27,9600.79,2001-10-05,10277.3799,4,8,0.1,0.0069517,-5e-05,-2e-05,0.0,-9.72e-05,-5.56e-05,0.0,0.0067289,0.0704723,False
HK50,2001-10-30,10076.4297,2001-11-05,10430.7197,4,6,0.1,0.0034879,-5e-05,-2e-05,0.0,-6.67e-05,-4.17e-05,0.0,0.0033096,0.0351603,False
HK50,2001-11-29,11090.7402,2001-12-05,11678.4404,4,6,0.1,0.0052369,-5e-05,-2e-05,0.0,-5.83e-05,-4.17e-05,0.0,0.0050669,0.0529902,False
HK50,2001-12-28,11431.5898,2002-01-04,11702.1504,4,7,0.1,0.0023718,-5e-05,-2e-05,0.0,-6.32e-05,-4.86e-05,0.0,0.00219,0.0236678,False
HK50,2002-01-30,10756.96,2002-02-05,10609.1904,4,6,0.1,-0.0013764,-5e-05,-2e-05,0.0,-5.42e-05,-4.17e-05,0.0,-0.0015422,-0.0137371,False
HK50,2002-02-27,10648.71,2002-03-05,10985.8398,4,6,0.1,0.0031998,-5e-05,-2e-05,0.0,-5.42e-05,-4.17e-05,0.0,0.003034,0.0316592,False
HK50,2002-03-27,10987.8799,2002-04-04,10831.3701,4,8,0.1,-0.001423,-5e-05,-2e-05,0.0,-7.22e-05,-5.56e-05,0.0,-0.0016208,-0.0142439,False
HK50,2002-04-29,11361.4902,2002-05-06,11736.2002,4,7,0.1,0.0032831,-5e-05,-2e-05,0.0,-6.32e-05,-4.86e-05,0.0,0.0031013,0.0329807,False
HK50,2002-05-30,11380.6104,2002-06-05,11402.3799,4,6,0.1,0.0001988,-5e-05,-2e-05,0.0,-5.42e-05,-4.17e-05,0.0,3.3e-05,0.0019129,False
HK50,2002-06-27,10518.0898,2002-07-04,10765.5801,4,7,0.1,0.0023526,-5e-05,-2e-05,0.0,-6.32e-05,-4.86e-05,0.0,0.0021707,0.02353,False
HK50,2002-07-30,10155.25,2002-08-05,9862.3301,4,6,0.1,-0.0028914,-5e-05,-2e-05,0.0,-5.42e-05,-4.17e-05,0.0,-0.0030572,-0.0288442,False
HK50,2002-08-29,10061.1504,2002-09-04,9820.3301,4,6,0.1,-0.0024055,-5e-05,-2e-05,0.0,-5.42e-05,-4.17e-05,0.0,-0.0025713,-0.0239357,False
HK50,2002-09-27,9294.46,2002-10-04,9051.3701,4,7,0.1,-0.0026081,-5e-05,-2e-05,0.0,-6.32e-05,-4.86e-05,0.0,-0.0027899,-0.0261543,False
HK50,2002-10-30,9560.46,2002-11-05,9655.3604,4,6,0.1,0.0010527,-5e-05,-2e-05,0.0,-5.42e-05,-4.17e-05,0.0,0.0008869,0.0099263,False
HK50,2002-11-28,10147.8398,2002-12-04,9995.7305,4,6,0.1,-0.0014722,-5e-05,-2e-05,0.0,-4.58e-05,-4.17e-05,0.0,-0.0016297,-0.0149893,False
HK50,2002-12-30,9272.3301,2003-01-06,9665.96,4,7,0.1,0.0041905,-5e-05,-2e-05,0.0,-5.35e-05,-4.86e-05,0.0,0.0040184,0.0424521,False
HK50,2003-01-29,9240.79,2003-02-06,9126.1504,4,8,0.1,-0.0012433,-5e-05,-2e-05,0.0,-6.11e-05,-5.56e-05,0.0,-0.00143,-0.0124058,False
HK50,2003-02-27,9134.2402,2003-03-05,9109.1797,4,6,0.1,-0.0002544,-5e-05,-2e-05,0.0,-4.58e-05,-4.17e-05,0.0,-0.0004119,-0.0027436,False
HK50,2003-03-28,8863.3604,2003-04-03,8648.1602,4,6,0.1,-0.0024128,-5e-05,-2e-05,0.0,-4.58e-05,-4.17e-05,0.0,-0.0025703,-0.0242798,False
HK50,2003-04-29,8744.2197,2003-05-06,8889.2197,4,7,0.1,0.0016585,-5e-05,-2e-05,0.0,-5.35e-05,-4.86e-05,0.0,0.0014864,0.0165824,False
HK50,2003-05-29,9508.5498,2003-06-05,9639.0098,4,7,0.1,0.001376,-5e-05,-2e-05,0.0,-5.35e-05,-4.86e-05,0.0,0.0012039,0.0137203,False
HK50,2003-06-27,9657.21,2003-07-04,9636.8096,4,7,0.1,-0.0002066,-5e-05,-2e-05,0.0,-4.86e-05,-4.86e-05,0.0,-0.0003738,-0.0021125,False
HK50,2003-07-30,10121.2197,2003-08-05,10177.3799,4,6,0.1,0.0005618,-5e-05,-2e-05,0.0,-4.17e-05,-4.17e-05,0.0,0.0004084,0.0055488,False
HK50,2003-08-28,10760.1201,2003-09-03,11102.3604,4,6,0.1,0.0031521,-5e-05,-2e-05,0.0,-4.17e-05,-4.17e-05,0.0,0.0029987,0.0318064,False
HK50,2003-09-29,11141.2803,2003-10-06,11734.4805,4,7,0.1,0.0052368,-5e-05,-2e-05,0.0,-4.86e-05,-4.86e-05,0.0,0.0050696,0.0532434,False
HK50,2003-10-30,12143.3496,2003-11-05,12438.9199,4,6,0.1,0.0024194,-5e-05,-2e-05,0.0,-4.17e-05,-4.17e-05,0.0,0.0022661,0.0243401,False
HK50,2003-11-27,12075.9902,2003-12-03,12361.1797,4,6,0.1,0.0023618,-5e-05,-2e-05,0.0,-4.17e-05,-4.17e-05,0.0,0.0022084,0.0236162,False
HK50,2003-12-30,12526.7402,2004-01-06,13036.3203,4,7,0.1,0.0040169,-5e-05,-2e-05,0.0,-4.86e-05,-4.86e-05,0.0,0.0038496,0.0406794,False
HK50,2004-01-29,13334.0098,2004-02-04,13086.7305,4,6,0.1,-0.0018449,-5e-05,-2e-05,0.0,-4.17e-05,-4.17e-05,0.0,-0.0019982,-0.018545,False
HK50,2004-02-26,13674.6396,2004-03-03,13454.0898,4,6,0.1,-0.0015819,-5e-05,-2e-05,0.0,-4.17e-05,-4.17e-05,0.0,-0.0017352,-0.0161284,False
HK50,2004-03-30,12641.3896,2004-04-06,12886.9697,4,7,0.1,0.0019329,-5e-05,-2e-05,0.0,-4.86e-05,-4.86e-05,0.0,0.0017657,0.0194267,False
HK50,2004-04-29,12005.5801,2004-05-05,11950.46,4,6,0.1,-0.0004437,-5e-05,-2e-05,0.0,-4.17e-05,-4.17e-05,0.0,-0.000597,-0.0045912,False
HK50,2004-05-28,12116.8701,2004-06-03,11929.9297,4,6,0.1,-0.0015214,-5e-05,-2e-05,0.0,-4.17e-05,-4.17e-05,0.0,-0.0016747,-0.0154281,False
HK50,2004-06-29,12116.2998,2004-07-06,12284.0801,4,7,0.1,0.0013871,-5e-05,-2e-05,0.0,-5.14e-05,-4.86e-05,0.0,0.0012171,0.0138475,False
HK50,2004-07-29,12183.0996,2004-08-04,12280.2598,4,6,0.1,0.0008058,-5e-05,-2e-05,0.0,-4.58e-05,-4.17e-05,0.0,0.0006483,0.007975,False
HK50,2004-08-30,12877.7803,2004-09-03,12948.0996,4,4,0.1,0.0005548,-5e-05,-2e-05,0.0,-3.33e-05,-2.78e-05,0.0,0.0004237,0.0054605,False
HK50,2004-09-28,12950.7998,2004-10-06,13271.5703,4,8,0.1,0.0024728,-5e-05,-2e-05,0.0,-7.22e-05,-5.56e-05,0.0,0.002275,0.0247684,False
HK50,2004-10-28,13113.1504,2004-11-03,13397.6699,4,6,0.1,0.0021635,-5e-05,-2e-05,0.0,-5.42e-05,-4.17e-05,0.0,0.0019976,0.0216973,False
HK50,2004-11-29,14066.9102,2004-12-03,14211.8398,4,4,0.1,0.0010307,-5e-05,-2e-05,0.0,-3.89e-05,-2.78e-05,0.0,0.0008941,0.0103029,False
HK50,2004-12-30,14163.5498,2005-01-05,13764.3604,4,6,0.1,-0.0028283,-5e-05,-2e-05,0.0,-6.25e-05,-4.17e-05,0.0,-0.0030025,-0.0281843,False
HK50,2005-01-28,13650.0596,2005-02-03,13515.3301,4,6,0.1,-0.0009845,-5e-05,-2e-05,0.0,-6.25e-05,-4.17e-05,0.0,-0.0011586,-0.0098702,False
HK50,2005-02-25,14157.0898,2005-03-03,13892.3701,4,6,0.1,-0.001871,-5e-05,-2e-05,0.0,-6.67e-05,-4.17e-05,0.0,-0.0020493,-0.0186987,False
HK50,2005-03-30,13425.75,2005-04-06,13562.2598,4,7,0.1,0.0010149,-5e-05,-2e-05,0.0,-8.26e-05,-4.86e-05,0.0,0.0008136,0.0101678,False
HK50,2005-04-28,13909.4199,2005-05-05,14061.7002,4,7,0.1,0.0010931,-5e-05,-2e-05,0.0,-8.33e-05,-4.86e-05,0.0,0.0008911,0.010948,False
HK50,2005-05-30,13845.0996,2005-06-03,13818.4502,4,4,0.1,-0.0001916,-5e-05,-2e-05,0.0,-5e-05,-2.78e-05,0.0,-0.0003394,-0.0019248,False
HK50,2005-06-29,14277.2803,2005-07-06,14149.9297,4,7,0.1,-0.0008936,-5e-05,-2e-05,0.0,-8.89e-05,-4.86e-05,0.0,-0.0011011,-0.0089198,False
HK50,2005-07-28,14813.3203,2005-08-03,15118.5,4,6,0.1,0.002048,-5e-05,-2e-05,0.0,-7.92e-05,-4.17e-05,0.0,0.0018572,0.0206017,False
HK50,2005-08-30,14922.2197,2005-09-05,15227.8301,4,6,0.1,0.0020416,-5e-05,-2e-05,0.0,-8.33e-05,-4.17e-05,0.0,0.0018466,0.0204802,False
HK50,2005-09-29,15431.25,2005-10-05,15161.0303,4,6,0.1,-0.0017559,-5e-05,-2e-05,0.0,-8.75e-05,-4.17e-05,0.0,-0.0019551,-0.0175112,False
HK50,2005-10-28,14215.8301,2005-11-03,14601.5898,4,6,0.1,0.002693,-5e-05,-2e-05,0.0,-8.82e-05,-4.17e-05,0.0,0.0024931,0.0271359,False
HK50,2005-11-29,15028.7598,2005-12-05,15158.8203,4,6,0.1,0.0008716,-5e-05,-2e-05,0.0,-9.17e-05,-4.17e-05,0.0,0.0006682,0.0086541,False
HK50,2005-12-29,15045.5898,2006-01-05,15271.1299,4,7,0.1,0.0015109,-5e-05,-2e-05,0.0,-0.0001118,-4.86e-05,0.0,0.0012804,0.0149904,False
HK50,2006-01-26,15520.0703,2006-02-03,15429.7305,4,8,0.1,-0.000558,-5e-05,-2e-05,0.0,-0.0001292,-5.56e-05,0.0,-0.0008127,-0.0058208,False
HK50,2006-02-27,15949.8896,2006-03-03,15802.0,4,4,0.1,-0.0009272,-5e-05,-2e-05,0.0,-6.67e-05,-2.78e-05,0.0,-0.0010917,-0.0092721,False
HK50,2006-03-30,15880.6904,2006-04-06,16411.1309,4,7,0.1,0.0033187,-5e-05,-2e-05,0.0,-0.0001215,-4.86e-05,0.0,0.0030785,0.0334016,False
HK50,2006-04-27,16742.8496,2006-05-04,17013.9297,4,7,0.1,0.0016194,-5e-05,-2e-05,0.0,-0.0001215,-4.86e-05,0.0,0.0013792,0.0161908,False
HK50,2006-05-29,15963.7695,2006-06-05,16016.2305,4,7,0.1,0.0003559,-5e-05,-2e-05,0.0,-0.0001264,-4.86e-05,0.0,0.0001109,0.0032862,False
HK50,2006-06-29,15865.2197,2006-07-05,16267.1797,4,6,0.1,0.0025366,-5e-05,-2e-05,0.0,-0.0001118,-4.17e-05,0.0,0.0023131,0.0253359,False
HK50,2006-07-28,16955.0391,2006-08-03,17048.4199,4,6,0.1,0.0005525,-5e-05,-2e-05,0.0,-0.0001125,-4.17e-05,0.0,0.0003284,0.0055076,False
HK50,2006-08-30,17284.7109,2006-09-05,17438.8008,4,6,0.1,0.0008919,-5e-05,-2e-05,0.0,-0.0001125,-4.17e-05,0.0,0.0006677,0.0089148,False
HK50,2006-09-28,17530.5703,2006-10-05,17907.6699,4,7,0.1,0.0021414,-5e-05,-2e-05,0.0,-0.0001312,-4.86e-05,0.0,0.0018915,0.021511,False
HK50,2006-10-27,18297.5508,2006-11-03,18749.6895,4,7,0.1,0.0024537,-5e-05,-2e-05,0.0,-0.0001312,-4.86e-05,0.0,0.0022038,0.0247103,False
HK50,2006-11-29,18780.9297,2006-12-05,18944.1895,4,6,0.1,0.0008886,-5e-05,-2e-05,0.0,-0.0001125,-4.17e-05,0.0,0.0006644,0.0086928,False
HK50,2006-12-28,20001.9102,2007-01-04,20025.5801,4,7,0.1,0.0001528,-5e-05,-2e-05,0.0,-0.0001312,-4.86e-05,0.0,-9.71e-05,0.0011834,False
HK50,2007-01-30,20460.4609,2007-02-05,20455.6191,4,6,0.1,7.8e-06,-5e-05,-2e-05,0.0,-0.0001125,-4.17e-05,0.0,-0.0002164,-0.0002366,False
HK50,2007-02-27,20147.8691,2007-03-05,18664.8809,4,6,0.1,-0.0075192,-5e-05,-2e-05,0.0,-0.0001125,-4.17e-05,0.0,-0.0077433,-0.0736052,False
HK50,2007-03-29,19821.7793,2007-04-04,20209.7109,4,6,0.1,0.0019483,-5e-05,-2e-05,0.0,-0.0001125,-4.17e-05,0.0,0.0017241,0.019571,False
HK50,2007-04-27,20526.5,2007-05-04,20841.0801,4,7,0.1,0.0015399,-5e-05,-2e-05,0.0,-0.0001313,-4.86e-05,0.0,0.00129,0.0153256,False
HK50,2007-05-30,20293.7598,2007-06-05,20842.1504,4,6,0.1,0.0026838,-5e-05,-2e-05,0.0,-0.0001125,-4.17e-05,0.0,0.0024596,0.0270226,False
HK50,2007-06-28,21938.2207,2007-07-05,22252.9902,4,7,0.1,0.001443,-5e-05,-2e-05,0.0,-0.0001312,-4.86e-05,0.0,0.0011931,0.014348,False
HK50,2007-07-30,22739.9004,2007-08-03,22538.4395,4,4,0.1,-0.0008195,-5e-05,-2e-05,0.0,-7.5e-05,-2.78e-05,0.0,-0.0009923,-0.0088594,False
HK50,2007-08-30,23484.5391,2007-09-05,24069.1699,4,6,0.1,0.0024848,-5e-05,-2e-05,0.0,-0.0001125,-4.17e-05,0.0,0.0022606,0.0248943,False
HK50,2007-09-27,27065.1504,2007-10-04,26973.9805,4,7,0.1,-0.0002128,-5e-05,-2e-05,0.0,-0.0001215,-4.86e-05,0.0,-0.0004529,-0.0033685,False
HK50,2007-10-30,31638.2207,2007-11-05,28942.3203,4,6,0.1,-0.0087171,-5e-05,-2e-05,0.0,-0.0001014,-4.17e-05,0.0,-0.0089302,-0.0852102,False
HK50,2007-11-29,28482.5391,2007-12-05,29345.4492,4,6,0.1,0.0030021,-5e-05,-2e-05,0.0,-0.0001,-4.17e-05,0.0,0.0027904,0.0302961,False
HK50,2007-12-28,27370.5996,2008-01-04,27519.6895,4,7,0.1,0.0006178,-5e-05,-2e-05,0.0,-0.0001118,-4.86e-05,0.0,0.0003874,0.0054471,False
HK50,2008-01-30,23653.6895,2008-02-05,24808.6992,4,6,0.1,0.004884,-5e-05,-2e-05,0.0,-7.64e-05,-4.17e-05,0.0,0.004696,0.04883,False
HK50,2008-02-28,24591.6895,2008-03-05,23114.3398,4,6,0.1,-0.0061221,-5e-05,-2e-05,0.0,-7.5e-05,-4.17e-05,0.0,-0.0063088,-0.0600752,False
HK50,2008-03-28,23285.9492,2008-04-03,24264.6309,4,6,0.1,0.0042054,-5e-05,-2e-05,0.0,-6.25e-05,-4.17e-05,0.0,0.0040313,0.0420288,False
HK50,2008-04-29,25914.1504,2008-05-06,26262.1309,4,7,0.1,0.001354,-5e-05,-2e-05,0.0,-7.01e-05,-4.86e-05,0.0,0.0011653,0.0134282,False
HK50,2008-05-29,24383.9902,2008-06-04,24123.25,4,6,0.1,-0.0010434,-5e-05,-2e-05,0.0,-5.83e-05,-4.17e-05,0.0,-0.0012134,-0.0106931,False
HK50,2008-06-27,22042.3496,2008-07-04,21423.8203,4,7,0.1,-0.0028029,-5e-05,-2e-05,0.0,-6.81e-05,-4.86e-05,0.0,-0.0029896,-0.028061,False
HK50,2008-07-30,22690.5996,2008-08-05,21949.75,4,6,0.1,-0.0032739,-5e-05,-2e-05,0.0,-5.83e-05,-4.17e-05,0.0,-0.0034439,-0.0326501,False
HK50,2008-08-28,20972.2891,2008-09-03,20585.0605,4,6,0.1,-0.001814,-5e-05,-2e-05,0.0,-5.83e-05,-4.17e-05,0.0,-0.001984,-0.0184638,False
HK50,2008-09-29,17880.6797,2008-10-06,16803.7598,4,7,0.1,-0.0060325,-5e-05,-2e-05,0.0,-6.81e-05,-4.86e-05,0.0,-0.0062191,-0.0602281,False
HK50,2008-10-30,14329.8496,2008-11-05,14840.1602,4,6,0.1,0.0036166,-5e-05,-2e-05,0.0,-2.5e-05,-4.17e-05,0.0,0.00348,0.0356117,False
HK50,2008-11-27,13552.0596,2008-12-03,13588.6602,4,6,0.1,0.0004501,-5e-05,-2e-05,0.0,-2.5e-05,-4.17e-05,0.0,0.0003134,0.0027007,False
HK50,2008-12-30,14235.5,2009-01-06,15509.5098,4,7,0.1,0.0087369,-5e-05,-2e-05,0.0,-9.7e-06,-4.86e-05,0.0,0.0086086,0.0894953,False
HK50,2009-01-29,13154.4297,2009-02-04,13063.8896,4,6,0.1,-0.0006089,-5e-05,-2e-05,0.0,-8.3e-06,-4.17e-05,0.0,-0.0007289,-0.0068829,False
HK50,2009-02-26,12894.9404,2009-03-04,12331.1504,4,6,0.1,-0.0043353,-5e-05,-2e-05,0.0,-8.3e-06,-4.17e-05,0.0,-0.0044553,-0.0437218,False
HK50,2009-03-30,13456.3301,2009-04-03,14545.6904,4,4,0.1,0.0080515,-5e-05,-2e-05,0.0,-5.6e-06,-2.78e-05,0.0,0.0079481,0.0809552,False
HK50,2009-04-29,14956.9502,2009-05-06,16834.5703,4,7,0.1,0.0120736,-5e-05,-2e-05,0.0,-9.7e-06,-4.86e-05,0.0,0.0119452,0.125535,False
HK50,2009-05-27,17885.2695,2009-06-03,18576.4707,4,7,0.1,0.0039212,-5e-05,-2e-05,0.0,-9.7e-06,-4.86e-05,0.0,0.0037929,0.0386464,False
HK50,2009-06-29,18528.5098,2009-07-06,17979.4102,4,7,0.1,-0.0029913,-5e-05,-2e-05,0.0,-9.7e-06,-4.86e-05,0.0,-0.0031197,-0.0296354,False
HK50,2009-07-30,20234.0801,2009-08-05,20494.7695,4,6,0.1,0.0013111,-5e-05,-2e-05,0.0,-8.3e-06,-4.17e-05,0.0,0.0011911,0.0128837,False
HK50,2009-08-28,20098.6191,2009-09-03,19761.6797,4,6,0.1,-0.0016471,-5e-05,-2e-05,0.0,-8.3e-06,-4.17e-05,0.0,-0.0017671,-0.0167643,False
HK50,2009-09-29,21013.1699,2009-10-06,20811.5293,4,7,0.1,-0.0009072,-5e-05,-2e-05,0.0,-9.7e-06,-4.86e-05,0.0,-0.0010355,-0.0095959,False
HK50,2009-10-29,21264.9902,2009-11-04,21614.7695,4,6,0.1,0.0016903,-5e-05,-2e-05,0.0,-8.3e-06,-4.17e-05,0.0,0.0015703,0.0164486,False
HK50,2009-11-27,21134.5,2009-12-03,22553.8691,4,6,0.1,0.0065707,-5e-05,-2e-05,0.0,-8.3e-06,-4.17e-05,0.0,0.0064507,0.0671589,False
HK50,2009-12-30,21496.6191,2010-01-06,22416.6699,4,7,0.1,0.0042297,-5e-05,-2e-05,0.0,-9.7e-06,-4.86e-05,0.0,0.0041014,0.0427998,False
HK50,2010-01-28,20356.3691,2010-02-03,20722.0801,4,6,0.1,0.0018135,-5e-05,-2e-05,0.0,-8.3e-06,-4.17e-05,0.0,0.0016935,0.0179654,False
HK50,2010-02-25,20399.5703,2010-03-03,20876.7891,4,6,0.1,0.0023436,-5e-05,-2e-05,0.0,-8.3e-06,-4.17e-05,0.0,0.0022236,0.0233936,False
HK50,2010-03-30,21374.7891,2010-04-08,21867.0391,4,9,0.1,0.0023053,-5e-05,-2e-05,0.0,-1.25e-05,-6.25e-05,0.0,0.0021603,0.0230295,False
HK50,2010-04-29,20778.9199,2010-05-05,20327.5391,4,6,0.1,-0.0021512,-5e-05,-2e-05,0.0,-8.3e-06,-4.17e-05,0.0,-0.0022712,-0.021723,False
HK50,2010-05-28,19766.7109,2010-06-03,19786.7109,4,6,0.1,0.0001234,-5e-05,-2e-05,0.0,-8.3e-06,-4.17e-05,0.0,3.4e-06,0.0010118,False
HK50,2010-06-29,20248.9004,2010-07-06,20084.1191,4,7,0.1,-0.0008013,-5e-05,-2e-05,0.0,-9.7e-06,-4.86e-05,0.0,-0.0009296,-0.0081378,False
HK50,2010-07-29,21093.8203,2010-08-04,21549.8809,4,6,0.1,0.002157,-5e-05,-2e-05,0.0,-8.3e-06,-4.17e-05,0.0,0.002037,0.0216206,False
HK50,2010-08-30,20737.2207,2010-09-03,20971.5,4,4,0.1,0.0011372,-5e-05,-2e-05,0.0,-5.6e-06,-2.78e-05,0.0,0.0010339,0.0112975,False
HK50,2010-09-29,22378.6699,2010-10-06,22880.4102,4,7,0.1,0.0022297,-5e-05,-2e-05,0.0,-9.7e-06,-4.86e-05,0.0,0.0021014,0.0224205,False
HK50,2010-10-28,23210.8594,2010-11-03,24144.6699,4,6,0.1,0.0039939,-5e-05,-2e-05,0.0,-8.3e-06,-4.17e-05,0.0,0.0038739,0.0402316,False
HK50,2010-11-29,23166.2207,2010-12-03,23320.5195,4,4,0.1,0.0006768,-5e-05,-2e-05,0.0,-5.6e-06,-2.78e-05,0.0,0.0005735,0.0066605,False
HK50,2010-12-30,22999.3398,2011-01-05,23757.8203,4,6,0.1,0.0032653,-5e-05,-2e-05,0.0,-8.3e-06,-4.17e-05,0.0,0.0031453,0.0329784,False
HK50,2011-01-28,23617.0195,2011-02-07,23553.5898,4,10,0.1,-0.0002388,-5e-05,-2e-05,0.0,-1.39e-05,-6.94e-05,0.0,-0.0003921,-0.0026858,False
HK50,2011-02-25,23012.3691,2011-03-03,23122.4199,4,6,0.1,0.000499,-5e-05,-2e-05,0.0,-8.3e-06,-4.17e-05,0.0,0.000379,0.0047822,False
HK50,2011-03-30,23451.4297,2011-04-06,24285.0508,4,7,0.1,0.0035124,-5e-05,-2e-05,0.0,-9.7e-06,-4.86e-05,0.0,0.0033841,0.0355467,False
HK50,2011-04-28,23805.6309,2011-05-05,23261.6094,4,7,0.1,-0.0023011,-5e-05,-2e-05,0.0,-9.7e-06,-4.86e-05,0.0,-0.0024294,-0.0228526,False
HK50,2011-05-30,23184.3203,2011-06-03,22949.5605,4,4,0.1,-0.0009733,-5e-05,-2e-05,0.0,-5.6e-06,-2.78e-05,0.0,-0.0010767,-0.0101258,False
HK50,2011-06-29,22061.1797,2011-07-06,22517.5508,4,7,0.1,0.002078,-5e-05,-2e-05,0.0,-9.7e-06,-4.86e-05,0.0,0.0019496,0.0206866,False
HK50,2011-07-28,22570.7402,2011-08-03,21992.7207,4,6,0.1,-0.0025634,-5e-05,-2e-05,0.0,-8.3e-06,-4.17e-05,0.0,-0.0026834,-0.0256092,False
HK50,2011-08-30,20204.1699,2011-09-05,19616.4004,4,6,0.1,-0.0028778,-5e-05,-2e-05,0.0,-8.3e-06,-4.17e-05,0.0,-0.0029978,-0.0290915,False
HK50,2011-09-28,18011.0605,2011-10-06,17172.2793,4,8,0.1,-0.0044285,-5e-05,-2e-05,0.0,-1.11e-05,-5.56e-05,0.0,-0.0045652,-0.0465703,False
HK50,2011-10-28,20019.2402,2011-11-03,19242.5,4,6,0.1,-0.0038738,-5e-05,-2e-05,0.0,-8.3e-06,-4.17e-05,0.0,-0.0039938,-0.0387997,False
HK50,2011-11-29,18256.1992,2011-12-05,19179.6895,4,6,0.1,0.0051012,-5e-05,-2e-05,0.0,-8.3e-06,-4.17e-05,0.0,0.0049812,0.050585,False
HK50,2011-12-29,18397.9199,2012-01-05,18813.4102,4,7,0.1,0.0022661,-5e-05,-2e-05,0.0,-9.7e-06,-4.86e-05,0.0,0.0021377,0.0225835,False
HK50,2012-01-30,20160.4102,2012-02-03,20756.9805,4,4,0.1,0.0029428,-5e-05,-2e-05,0.0,-5.6e-06,-2.78e-05,0.0,0.0028394,0.0295912,False
HK50,2012-02-28,21568.7305,2012-03-05,21265.3105,4,6,0.1,-0.0013934,-5e-05,-2e-05,0.0,-8.3e-06,-4.17e-05,0.0,-0.0015134,-0.0140676,False
HK50,2012-03-29,20609.3906,2012-04-05,20593.0,4,7,0.1,-6.6e-05,-5e-05,-2e-05,0.0,-9.7e-06,-4.86e-05,0.0,-0.0001944,-0.0007953,False
HK50,2012-04-27,20741.4492,2012-05-04,21086.0,4,7,0.1,0.0016703,-5e-05,-2e-05,0.0,-9.7e-06,-4.86e-05,0.0,0.001542,0.0166117,False
HK50,2012-05-30,18690.2207,2012-06-05,18259.0293,4,6,0.1,-0.0023116,-5e-05,-2e-05,0.0,-8.3e-06,-4.17e-05,0.0,-0.0024316,-0.0230704,False
HK50,2012-06-28,19025.2695,2012-07-05,19809.1309,4,7,0.1,0.0040738,-5e-05,-2e-05,0.0,-9.7e-06,-4.86e-05,0.0,0.0039454,0.0412011,False
HK50,2012-07-30,19585.4004,2012-08-03,19666.1797,4,4,0.1,0.0004197,-5e-05,-2e-05,0.0,-5.6e-06,-2.78e-05,0.0,0.0003164,0.0041245,False
HK50,2012-08-30,19552.9102,2012-09-05,19145.0703,4,6,0.1,-0.0020934,-5e-05,-2e-05,0.0,-8.3e-06,-4.17e-05,0.0,-0.0022134,-0.0208583,False
HK50,2012-09-27,20762.2891,2012-10-05,21012.3809,4,8,0.1,0.0011996,-5e-05,-2e-05,0.0,-1.11e-05,-5.56e-05,0.0,0.0010629,0.0120455,False
HK50,2012-10-30,21428.5801,2012-11-05,22006.4004,4,6,0.1,0.002679,-5e-05,-2e-05,0.0,-8.3e-06,-4.17e-05,0.0,0.002559,0.0269649,False
HK50,2012-11-29,21922.8906,2012-12-05,22270.9102,4,6,0.1,0.0016065,-5e-05,-2e-05,0.0,-8.3e-06,-4.17e-05,0.0,0.0014865,0.0158747,False
HK50,2012-12-28,22666.5898,2013-01-04,23331.0898,4,7,0.1,0.0029316,-5e-05,-2e-05,0.0,-9.7e-06,-4.86e-05,0.0,0.0028033,0.0293163,False
HK50,2013-01-30,23822.0605,2013-02-05,23148.5293,4,6,0.1,-0.0028412,-5e-05,-2e-05,0.0,-8.3e-06,-4.17e-05,0.0,-0.0029612,-0.0282734,False
HK50,2013-02-27,22577.0098,2013-03-05,22560.5,4,6,0.1,-4.09e-05,-5e-05,-2e-05,0.0,-8.3e-06,-4.17e-05,0.0,-0.0001609,-0.0007313,False
HK50,2013-03-27,22464.8203,2013-04-05,21726.9004,4,9,0.1,-0.0032986,-5e-05,-2e-05,0.0,-1.25e-05,-6.25e-05,0.0,-0.0034436,-0.0328478,False
HK50,2013-04-29,22580.7695,2013-05-06,22915.0898,4,7,0.1,0.0014775,-5e-05,-2e-05,0.0,-9.7e-06,-4.86e-05,0.0,0.0013491,0.0148055,False
HK50,2013-05-30,22484.3105,2013-06-05,22069.2402,4,6,0.1,-0.0018565,-5e-05,-2e-05,0.0,-8.3e-06,-4.17e-05,0.0,-0.0019765,-0.0184604,False
HK50,2013-06-27,20440.0801,2013-07-04,20468.6699,4,7,0.1,0.0002015,-5e-05,-2e-05,0.0,-9.7e-06,-4.86e-05,0.0,7.32e-05,0.0013987,False
HK50,2013-07-30,21953.9609,2013-08-05,22222.0098,4,6,0.1,0.0012196,-5e-05,-2e-05,0.0,-8.3e-06,-4.17e-05,0.0,0.0010996,0.0122096,False
HK50,2013-08-29,21704.7793,2013-09-04,22326.2207,4,6,0.1,0.0028489,-5e-05,-2e-05,0.0,-8.3e-06,-4.17e-05,0.0,0.0027289,0.0286315,False
HK50,2013-09-27,23207.0391,2013-10-04,23138.5391,4,7,0.1,-0.0002773,-5e-05,-2e-05,0.0,-9.7e-06,-4.86e-05,0.0,-0.0004056,-0.0029517,False
HK50,2013-10-30,23304.0195,2013-11-05,23038.9492,4,6,0.1,-0.0011405,-5e-05,-2e-05,0.0,-8.3e-06,-4.17e-05,0.0,-0.0012605,-0.0113744,False
HK50,2013-11-28,23789.0898,2013-12-04,23728.6992,4,6,0.1,-0.0002469,-5e-05,-2e-05,0.0,-8.3e-06,-4.17e-05,0.0,-0.0003669,-0.0025386,False
HK50,2013-12-30,23244.8691,2014-01-06,22684.1504,4,7,0.1,-0.0024142,-5e-05,-2e-05,0.0,-9.7e-06,-4.86e-05,0.0,-0.0025425,-0.0241223,False
HK50,2014-01-29,22141.6094,2014-02-06,21423.1309,4,8,0.1,-0.0032505,-5e-05,-2e-05,0.0,-1.11e-05,-5.56e-05,0.0,-0.0033872,-0.0324492,False
HK50,2014-02-27,22828.1797,2014-03-05,22579.7793,4,6,0.1,-0.0010801,-5e-05,-2e-05,0.0,-8.3e-06,-4.17e-05,0.0,-0.0012001,-0.0108813,False
HK50,2014-03-28,22065.5293,2014-04-03,22565.0801,4,6,0.1,0.0022491,-5e-05,-2e-05,0.0,-8.3e-06,-4.17e-05,0.0,0.0021291,0.0226394,False
HK50,2014-04-29,22453.8906,2014-05-07,21746.2598,4,8,0.1,-0.0031766,-5e-05,-2e-05,0.0,-1.11e-05,-5.56e-05,0.0,-0.0033133,-0.0315148,False
HK50,2014-05-29,23010.1406,2014-06-05,23109.6602,4,7,0.1,0.0004381,-5e-05,-2e-05,0.0,-9.7e-06,-4.86e-05,0.0,0.0003098,0.004325,False
HK50,2014-06-27,23221.5195,2014-07-04,23546.3594,4,7,0.1,0.0014012,-5e-05,-2e-05,0.0,-9.7e-06,-4.86e-05,0.0,0.0012728,0.0139887,False
HK50,2014-07-30,24732.2109,2014-08-05,24648.2598,4,6,0.1,-0.0003353,-5e-05,-2e-05,0.0,-8.3e-06,-4.17e-05,0.0,-0.0004553,-0.0033944,False
HK50,2014-08-28,24741.0,2014-09-03,25317.9492,4,6,0.1,0.0023312,-5e-05,-2e-05,0.0,-8.3e-06,-4.17e-05,0.0,0.0022112,0.0233196,False
HK50,2014-09-29,23229.2109,2014-10-07,23422.5195,4,8,0.1,0.0008455,-5e-05,-2e-05,0.0,-1.11e-05,-5.56e-05,0.0,0.0007088,0.0083218,False
HK50,2014-10-30,23702.0391,2014-11-05,23695.6191,4,6,0.1,-1.63e-05,-5e-05,-2e-05,0.0,-8.3e-06,-4.17e-05,0.0,-0.0001363,-0.0002709,False
HK50,2014-11-27,24004.2793,2014-12-03,23428.6191,4,6,0.1,-0.0023813,-5e-05,-2e-05,0.0,-8.3e-06,-4.17e-05,0.0,-0.0025013,-0.0239816,False
HK50,2014-12-30,23501.0996,2014-12-31,23605.0391,1,1,0.1,0.0004423,-5e-05,-2e-05,0.0,-1.4e-06,-6.9e-06,0.0,0.0003639,0.0044227,False
HK50,2015-01-02,23721.3008,2015-01-06,23485.4102,2,4,0.1,-0.0009944,-5e-05,-2e-05,0.0,-5.6e-06,-2.78e-05,0.0,-0.0010978,-0.0099443,False
HK50,2015-01-29,24595.8496,2015-02-04,24679.7598,4,6,0.1,0.000343,-5e-05,-2e-05,0.0,-8.3e-06,-4.17e-05,0.0,0.000223,0.0034116,False
HK50,2015-02-26,24902.0605,2015-03-04,24465.3809,4,6,0.1,-0.0017609,-5e-05,-2e-05,0.0,-8.3e-06,-4.17e-05,0.0,-0.0018809,-0.0175359,False
HK50,2015-03-30,24855.1191,2015-04-08,26236.8594,4,9,0.1,0.0054864,-5e-05,-2e-05,0.0,-1.25e-05,-6.25e-05,0.0,0.0053414,0.0555918,False
HK50,2015-04-29,28400.3398,2015-05-06,27640.9102,4,7,0.1,-0.0026964,-5e-05,-2e-05,0.0,-9.7e-06,-4.86e-05,0.0,-0.0028248,-0.0267402,False
HK50,2015-05-28,27454.3105,2015-06-03,27657.4707,4,6,0.1,0.0007428,-5e-05,-2e-05,0.0,-8.3e-06,-4.17e-05,0.0,0.0006228,0.0073999,False
HK50,2015-06-29,25966.9805,2015-07-06,25236.2793,4,7,0.1,-0.0027933,-5e-05,-2e-05,0.0,-9.7e-06,-4.86e-05,0.0,-0.0029217,-0.0281396,False
HK50,2015-07-30,24497.9805,2015-08-05,24514.1602,4,6,0.1,7.28e-05,-5e-05,-2e-05,0.0,-8.3e-06,-4.17e-05,0.0,-4.72e-05,0.0006604,False
HK50,2015-08-28,21612.3906,2015-09-02,20934.9395,3,5,0.1,-0.0031519,-5e-05,-2e-05,0.0,-6.9e-06,-3.47e-05,0.0,-0.0032635,-0.0313455,False
HK50,2015-09-29,20556.5996,2015-10-06,21831.6191,4,7,0.1,0.0060897,-5e-05,-2e-05,0.0,-9.7e-06,-4.86e-05,0.0,0.0059613,0.0620248,False
HK50,2015-10-30,22640.0391,2015-11-04,23053.5703,3,5,0.1,0.0018439,-5e-05,-2e-05,0.0,-6.9e-06,-3.47e-05,0.0,0.0017323,0.0182655,False
HK50,2015-11-27,22068.3203,2015-12-03,22417.0098,4,6,0.1,0.0015847,-5e-05,-2e-05,0.0,-8.3e-06,-4.17e-05,0.0,0.0014647,0.0158005,False
HK50,2015-12-30,21882.1504,2015-12-31,21914.4004,1,1,0.1,0.0001474,-5e-05,-2e-05,0.0,-2.1e-06,-6.9e-06,0.0,6.84e-05,0.0014738,False
HK50,2016-01-04,21327.1191,2016-01-06,20980.8105,2,2,0.1,-0.0016302,-5e-05,-2e-05,0.0,-4.2e-06,-1.39e-05,0.0,-0.0017182,-0.0162379,False
HK50,2016-01-28,19195.8301,2016-02-03,18991.5898,4,6,0.1,-0.0010063,-5e-05,-2e-05,0.0,-1.25e-05,-4.17e-05,0.0,-0.0011304,-0.0106398,False
HK50,2016-02-26,19364.1504,2016-03-03,19941.7598,4,6,0.1,0.0030063,-5e-05,-2e-05,0.0,-1.25e-05,-4.17e-05,0.0,0.0028822,0.0298288,False
HK50,2016-03-30,20803.3906,2016-04-06,20206.6699,4,7,0.1,-0.0028887,-5e-05,-2e-05,0.0,-1.46e-05,-4.86e-05,0.0,-0.0030218,-0.0286838,False
HK50,2016-04-28,21388.0293,2016-05-05,20449.8203,4,7,0.1,-0.0044536,-5e-05,-2e-05,0.0,-1.46e-05,-4.86e-05,0.0,-0.0045868,-0.0438661,False
HK50,2016-05-30,20629.3906,2016-06-03,20947.2402,4,4,0.1,0.0015354,-5e-05,-2e-05,0.0,-8.3e-06,-2.78e-05,0.0,0.0014293,0.0154076,False
HK50,2016-06-29,20436.1191,2016-07-06,20495.2891,4,7,0.1,0.0003308,-5e-05,-2e-05,0.0,-1.46e-05,-4.86e-05,0.0,0.0001976,0.0028954,False
HK50,2016-07-29,21891.3691,2016-08-04,21832.2305,3,6,0.1,-0.000248,-5e-05,-2e-05,0.0,-1.25e-05,-4.17e-05,0.0,-0.0003722,-0.0027015,False
HK50,2016-08-30,23016.1094,2016-09-05,23649.5508,4,6,0.1,0.0027328,-5e-05,-2e-05,0.0,-1.25e-05,-4.17e-05,0.0,0.0026086,0.0275217,False
HK50,2016-09-29,23739.4707,2016-10-05,23788.3105,4,6,0.1,0.0002325,-5e-05,-2e-05,0.0,-1.25e-05,-4.17e-05,0.0,0.0001083,0.0020573,False
HK50,2016-10-28,22954.8105,2016-11-03,22683.5098,4,6,0.1,-0.0011724,-5e-05,-2e-05,0.0,-1.25e-05,-4.17e-05,0.0,-0.0012966,-0.0118189,False
HK50,2016-11-29,22737.0703,2016-12-05,22505.5508,4,6,0.1,-0.0010126,-5e-05,-2e-05,0.0,-1.25e-05,-4.17e-05,0.0,-0.0011368,-0.0101825,False
HK50,2016-12-29,21790.9102,2017-01-05,22456.6895,4,7,0.1,0.003027,-5e-05,-2e-05,0.0,-1.94e-05,-4.86e-05,0.0,0.0028889,0.0305531,False
HK50,2017-01-26,23374.1699,2017-02-03,23129.2109,4,8,0.1,-0.0010514,-5e-05,-2e-05,0.0,-2.22e-05,-5.56e-05,0.0,-0.0011992,-0.0104799,False
HK50,2017-02-27,23925.0508,2017-03-03,23552.7207,4,4,0.1,-0.0015624,-5e-05,-2e-05,0.0,-1.11e-05,-2.78e-05,0.0,-0.0016713,-0.0155624,False
HK50,2017-03-30,24301.0898,2017-04-06,24273.7207,4,7,0.1,-0.0001047,-5e-05,-2e-05,0.0,-2.43e-05,-4.86e-05,0.0,-0.0002476,-0.0011263,False
HK50,2017-04-27,24698.4805,2017-05-05,24476.3496,4,8,0.1,-0.0008988,-5e-05,-2e-05,0.0,-2.78e-05,-5.56e-05,0.0,-0.0010521,-0.0089937,False
HK50,2017-05-29,25701.6309,2017-06-05,25862.9902,4,7,0.1,0.0006289,-5e-05,-2e-05,0.0,-2.43e-05,-4.86e-05,0.0,0.000486,0.0062782,False
HK50,2017-06-29,25965.4199,2017-07-05,25521.9707,4,6,0.1,-0.0017063,-5e-05,-2e-05,0.0,-2.5e-05,-4.17e-05,0.0,-0.001843,-0.0170785,False
HK50,2017-07-28,26979.3906,2017-08-03,27531.0098,4,6,0.1,0.0020359,-5e-05,-2e-05,0.0,-2.5e-05,-4.17e-05,0.0,0.0018992,0.0204459,False
HK50,2017-08-30,28094.6094,2017-09-05,27741.3496,4,6,0.1,-0.0012614,-5e-05,-2e-05,0.0,-2.5e-05,-4.17e-05,0.0,-0.0013981,-0.0125739,False
HK50,2017-09-28,27421.5996,2017-10-06,28458.0391,4,8,0.1,0.003739,-5e-05,-2e-05,0.0,-3.33e-05,-5.56e-05,0.0,0.0035801,0.0377965,False
HK50,2017-10-30,28336.1895,2017-11-03,28603.6094,4,4,0.1,0.0009482,-5e-05,-2e-05,0.0,-1.67e-05,-2.78e-05,0.0,0.0008337,0.0094374,False
HK50,2017-11-29,29623.8301,2017-12-05,28842.8008,4,6,0.1,-0.0026544,-5e-05,-2e-05,0.0,-2.5e-05,-4.17e-05,0.0,-0.002791,-0.0263649,False
HK50,2017-12-28,29863.7109,2018-01-04,30736.4805,4,7,0.1,0.0029021,-5e-05,-2e-05,0.0,-3.4e-05,-4.86e-05,0.0,0.0027495,0.0292251,False
HK50,2018-01-30,32607.2891,2018-02-05,32245.2207,4,6,0.1,-0.001104,-5e-05,-2e-05,0.0,-2.92e-05,-4.17e-05,0.0,-0.0012449,-0.0111039,False
HK50,2018-02-27,31268.6602,2018-03-05,29886.3906,4,6,0.1,-0.0044725,-5e-05,-2e-05,0.0,-2.92e-05,-4.17e-05,0.0,-0.0046133,-0.0442062,False
HK50,2018-03-28,30022.5293,2018-04-06,29844.9395,4,9,0.1,-0.0005622,-5e-05,-2e-05,0.0,-5e-05,-6.25e-05,0.0,-0.0007447,-0.0059152,False
HK50,2018-04-27,30280.6699,2018-05-04,29926.5,4,7,0.1,-0.0011439,-5e-05,-2e-05,0.0,-3.89e-05,-4.86e-05,0.0,-0.0013014,-0.0116962,False
HK50,2018-05-30,30056.7891,2018-06-05,31093.4492,4,6,0.1,0.0034142,-5e-05,-2e-05,0.0,-3.33e-05,-4.17e-05,0.0,0.0032692,0.03449,False
HK50,2018-06-28,28497.3203,2018-07-05,28182.0898,4,7,0.1,-0.0010835,-5e-05,-2e-05,0.0,-4.38e-05,-4.86e-05,0.0,-0.0012459,-0.0110618,False
HK50,2018-07-30,28733.1309,2018-08-03,27676.3203,4,4,0.1,-0.0037175,-5e-05,-2e-05,0.0,-2.5e-05,-2.78e-05,0.0,-0.0038403,-0.0367802,False
HK50,2018-08-30,28164.0508,2018-09-05,27243.8496,4,6,0.1,-0.003276,-5e-05,-2e-05,0.0,-3.75e-05,-4.17e-05,0.0,-0.0034252,-0.0326729,False
HK50,2018-09-27,27715.6699,2018-10-04,26623.8691,4,7,0.1,-0.0039746,-5e-05,-2e-05,0.0,-4.86e-05,-4.86e-05,0.0,-0.0041419,-0.0393929,False
HK50,2018-10-30,24585.5293,2018-11-05,25934.3906,4,6,0.1,0.0054773,-5e-05,-2e-05,0.0,-4.17e-05,-4.17e-05,0.0,0.0053239,0.054864,False
HK50,2018-11-29,26451.0293,2018-12-05,26819.6797,4,6,0.1,0.0014298,-5e-05,-2e-05,0.0,-4.17e-05,-4.17e-05,0.0,0.0012765,0.0139371,False
HK50,2018-12-28,25504.1992,2019-01-04,25626.0293,4,7,0.1,0.0005495,-5e-05,-2e-05,0.0,-5.35e-05,-4.86e-05,0.0,0.0003775,0.0047769,False
HK50,2019-01-30,27642.8496,2019-02-08,27946.3203,4,9,0.1,0.001098,-5e-05,-2e-05,0.0,-6.88e-05,-6.25e-05,0.0,0.0008968,0.0109783,False
HK50,2019-02-27,28757.4395,2019-03-05,28961.5996,4,6,0.1,0.0007116,-5e-05,-2e-05,0.0,-4.58e-05,-4.17e-05,0.0,0.0005541,0.0070994,False
HK50,2019-03-28,28775.2109,2019-04-03,29986.3906,4,6,0.1,0.0041504,-5e-05,-2e-05,0.0,-4.58e-05,-4.17e-05,0.0,0.0039929,0.0420911,False
HK50,2019-04-29,29892.8105,2019-05-06,29209.8203,4,7,0.1,-0.0022619,-5e-05,-2e-05,0.0,-5.35e-05,-4.86e-05,0.0,-0.002434,-0.022848,False
HK50,2019-05-30,27114.8809,2019-06-05,26895.4395,4,6,0.1,-0.000807,-5e-05,-2e-05,0.0,-4.58e-05,-4.17e-05,0.0,-0.0009645,-0.008093,False
HK50,2019-06-27,28621.4199,2019-07-04,28795.7695,4,7,0.1,0.0006147,-5e-05,-2e-05,0.0,-5.35e-05,-4.86e-05,0.0,0.0004426,0.0060916,False
HK50,2019-07-30,28146.5,2019-08-05,26151.3203,4,6,0.1,-0.0072713,-5e-05,-2e-05,0.0,-4.31e-05,-4.17e-05,0.0,-0.0074261,-0.0708855,False
HK50,2019-08-29,25703.5,2019-09-04,26523.2305,4,6,0.1,0.003215,-5e-05,-2e-05,0.0,-4.17e-05,-4.17e-05,0.0,0.0030617,0.0318918,False
HK50,2019-09-27,25954.8105,2019-10-04,25821.0293,4,7,0.1,-0.0005087,-5e-05,-2e-05,0.0,-4.38e-05,-4.86e-05,0.0,-0.000671,-0.0051544,False
HK50,2019-10-30,26667.7109,2019-11-05,27683.4004,4,6,0.1,0.0037592,-5e-05,-2e-05,0.0,-3.4e-05,-4.17e-05,0.0,0.0036135,0.0380869,False
HK50,2019-11-28,26893.7305,2019-12-04,26062.5605,4,6,0.1,-0.0031096,-5e-05,-2e-05,0.0,-3.33e-05,-4.17e-05,0.0,-0.0032546,-0.0309057,False
HK50,2019-12-30,28319.3906,2020-01-06,28226.1895,4,7,0.1,-0.0003171,-5e-05,-2e-05,0.0,-5.05e-05,-4.86e-05,0.0,-0.0004862,-0.0032911,False
HK50,2020-01-30,26449.1309,2020-01-31,26312.6309,1,1,0.1,-0.0005161,-5e-05,-2e-05,0.0,-5.6e-06,-6.9e-06,0.0,-0.0005986,-0.0051609,False
HK50,2020-02-03,26356.9805,2020-02-05,26786.7402,2,2,0.1,0.0016255,-5e-05,-2e-05,0.0,-1.11e-05,-1.39e-05,0.0,0.0015305,0.0163053,False
HK50,2020-02-27,26778.6191,2020-03-04,26222.0703,4,6,0.1,-0.0020682,-5e-05,-2e-05,0.0,-3.33e-05,-4.17e-05,0.0,-0.0022132,-0.0207833,False
HK50,2020-03-30,23175.1094,2020-04-03,23236.1094,4,4,0.1,0.0003079,-5e-05,-2e-05,0.0,-1.83e-05,-2.78e-05,0.0,0.0001918,0.0026321,False
HK50,2020-04-28,24575.9609,2020-05-06,24137.4805,4,8,0.1,-0.001698,-5e-05,-2e-05,0.0,-2.41e-05,-5.56e-05,0.0,-0.0018477,-0.0178418,False
HK50,2020-05-28,23132.7598,2020-06-03,24325.6191,4,6,0.1,0.0051014,-5e-05,-2e-05,0.0,-1.01e-05,-4.17e-05,0.0,0.0049797,0.0515658,False
HK50,2020-06-29,24301.2793,2020-07-06,26339.1602,4,7,0.1,0.0081696,-5e-05,-2e-05,0.0,-9.7e-06,-4.86e-05,0.0,0.0080413,0.083859,False
HK50,2020-07-30,24710.5898,2020-08-05,25102.5391,4,6,0.1,0.001598,-5e-05,-2e-05,0.0,-8.3e-06,-4.17e-05,0.0,0.001478,0.0158616,False
HK50,2020-08-28,25422.0605,2020-09-03,25007.5996,4,6,0.1,-0.0016377,-5e-05,-2e-05,0.0,-8.3e-06,-4.17e-05,0.0,-0.0017577,-0.0163032,False
HK50,2020-09-29,23275.5293,2020-10-07,24242.8594,4,8,0.1,0.0040936,-5e-05,-2e-05,0.0,-1.11e-05,-5.56e-05,0.0,0.0039569,0.04156,False
HK50,2020-10-29,24586.5996,2020-11-04,24886.1406,4,6,0.1,0.00126,-5e-05,-2e-05,0.0,-8.3e-06,-4.17e-05,0.0,0.00114,0.0121831,False
HK50,2020-11-27,26894.6797,2020-12-03,26728.5,4,6,0.1,-0.0005919,-5e-05,-2e-05,0.0,-8.3e-06,-4.17e-05,0.0,-0.0007119,-0.0061789,False
CAN60,1989-12-28,3932.2,1990-01-04,4000.8999,4,7,0.1,0.0017407,-5e-05,-2e-05,0.0,-0.0002425,-4.86e-05,0.0,0.0013796,0.0174711,False
CAN60,1990-01-30,3707.0,1990-02-05,3767.2,4,6,0.1,0.0016195,-5e-05,-2e-05,0.0,-0.0002082,-4.17e-05,0.0,0.0012997,0.0162395,False
CAN60,1990-02-27,3660.3,1990-03-05,3712.0,4,6,0.1,0.0014061,-5e-05,-2e-05,0.0,-0.0002226,-4.17e-05,0.0,0.0010718,0.0141245,False
CAN60,1990-03-29,3665.8999,1990-04-04,3635.0,4,6,0.1,-0.0008355,-5e-05,-2e-05,0.0,-0.0002252,-4.17e-05,0.0,-0.0011723,-0.008429,False
CAN60,1990-04-27,3336.1001,1990-05-03,3346.7,4,6,0.1,0.0003179,-5e-05,-2e-05,0.0,-0.00023,-4.17e-05,0.0,-2.38e-05,0.0031773,False
CAN60,1990-05-30,3565.6001,1990-06-05,3596.7,4,6,0.1,0.0008703,-5e-05,-2e-05,0.0,-0.0002324,-4.17e-05,0.0,0.0005263,0.0087222,False
CAN60,1990-06-28,3529.8999,1990-07-05,3551.3,4,7,0.1,0.0006093,-5e-05,-2e-05,0.0,-0.0002689,-4.86e-05,0.0,0.0002218,0.0060625,False
CAN60,1990-07-30,3540.7,1990-08-03,3516.8999,4,4,0.1,-0.000667,-5e-05,-2e-05,0.0,-0.0001496,-2.78e-05,0.0,-0.0009144,-0.0067218,False
CAN60,1990-08-30,3329.8,1990-09-06,3312.8,4,7,0.1,-0.000508,-5e-05,-2e-05,0.0,-0.0002512,-4.86e-05,0.0,-0.0008778,-0.0051054,False
CAN60,1990-09-27,3161.5,1990-10-03,3179.5,4,6,0.1,0.000571,-5e-05,-2e-05,0.0,-0.0002108,-4.17e-05,0.0,0.0002485,0.0056935,False
CAN60,1990-10-30,3083.8999,1990-11-05,3095.2,4,6,0.1,0.0003664,-5e-05,-2e-05,0.0,-0.0002104,-4.17e-05,0.0,4.42e-05,0.0036642,False
CAN60,1990-11-29,3139.0,1990-12-05,3226.5,4,6,0.1,0.0027611,-5e-05,-2e-05,0.0,-0.0002043,-4.17e-05,0.0,0.0024451,0.0278751,False
CAN60,1990-12-28,3237.5,1991-01-04,3216.6001,4,7,0.1,-0.0006428,-5e-05,-2e-05,0.0,-0.0002273,-4.86e-05,0.0,-0.0009887,-0.0064556,False
CAN60,1991-01-30,3248.7,1991-02-05,3365.8,4,6,0.1,0.0035577,-5e-05,-2e-05,0.0,-0.0001793,-4.17e-05,0.0,0.0032667,0.0360452,False
CAN60,1991-02-27,3445.1001,1991-03-05,3561.8999,4,6,0.1,0.0033524,-5e-05,-2e-05,0.0,-0.0001663,-4.17e-05,0.0,0.0030744,0.0339032,False
CAN60,1991-03-27,3486.3,1991-04-03,3516.3999,4,7,0.1,0.0008639,-5e-05,-2e-05,0.0,-0.0001929,-4.86e-05,0.0,0.0005524,0.0086338,False
CAN60,1991-04-29,3472.2,1991-05-03,3491.3,4,4,0.1,0.0005517,-5e-05,-2e-05,0.0,-0.000105,-2.78e-05,0.0,0.0003489,0.0055009,False
CAN60,1991-05-30,3519.5,1991-06-05,3556.3,4,6,0.1,0.0010436,-5e-05,-2e-05,0.0,-0.000151,-4.17e-05,0.0,0.0007809,0.010456,False
CAN60,1991-06-27,3474.6001,1991-07-04,3485.3999,4,7,0.1,0.0003149,-5e-05,-2e-05,0.0,-0.0001731,-4.86e-05,0.0,2.32e-05,0.0031082,False
CAN60,1991-07-30,3548.8999,1991-08-06,3515.3999,4,7,0.1,-0.000947,-5e-05,-2e-05,0.0,-0.0001734,-4.86e-05,0.0,-0.001239,-0.0094395,False
CAN60,1991-08-29,3514.8999,1991-09-05,3485.5,4,7,0.1,-0.0008379,-5e-05,-2e-05,0.0,-0.0001707,-4.86e-05,0.0,-0.0011272,-0.0083644,False
CAN60,1991-09-27,3381.8,1991-10-03,3393.3,4,6,0.1,0.0003399,-5e-05,-2e-05,0.0,-0.0001432,-4.17e-05,0.0,8.51e-05,0.0034006,False
CAN60,1991-10-30,3497.6001,1991-11-05,3525.7,4,6,0.1,0.0008024,-5e-05,-2e-05,0.0,-0.0001344,-4.17e-05,0.0,0.0005563,0.008034,False
CAN60,1991-11-28,3436.8999,1991-12-04,3427.5,4,6,0.1,-0.0002702,-5e-05,-2e-05,0.0,-0.0001277,-4.17e-05,0.0,-0.0005095,-0.002735,False
CAN60,1991-12-30,3505.8999,1992-01-06,3524.8,4,7,0.1,0.0005418,-5e-05,-2e-05,0.0,-0.0001468,-4.86e-05,0.0,0.0002763,0.005391,False
CAN60,1992-01-30,3605.8,1992-02-05,3605.8999,4,6,0.1,5.9e-06,-5e-05,-2e-05,0.0,-0.0001215,-4.17e-05,0.0,-0.0002273,2.77e-05,False
CAN60,1992-02-27,3584.1001,1992-03-04,3587.6001,4,6,0.1,9.81e-05,-5e-05,-2e-05,0.0,-0.000125,-4.17e-05,0.0,-0.0001385,0.0009765,False
CAN60,1992-03-30,3406.7,1992-04-03,3385.5,4,4,0.1,-0.0006225,-5e-05,-2e-05,0.0,-8.3e-05,-2.78e-05,0.0,-0.0008033,-0.006223,False
CAN60,1992-04-29,3357.0,1992-05-05,3364.5,4,6,0.1,0.0002234,-5e-05,-2e-05,0.0,-0.0001158,-4.17e-05,0.0,-4.1e-06,0.0022341,False
CAN60,1992-05-28,3375.3,1992-06-03,3407.3,4,6,0.1,0.0009456,-5e-05,-2e-05,0.0,-0.0001055,-4.17e-05,0.0,0.0007285,0.0094806,False
CAN60,1992-06-29,3375.8,1992-07-06,3426.8999,4,7,0.1,0.0015056,-5e-05,-2e-05,0.0,-0.0001124,-4.86e-05,0.0,0.0012746,0.0151371,False
CAN60,1992-07-30,3425.6001,1992-08-06,3398.7,4,7,0.1,-0.0007838,-5e-05,-2e-05,0.0,-0.0001054,-4.86e-05,0.0,-0.0010078,-0.0078527,False
CAN60,1992-08-28,3403.0,1992-09-03,3453.2,4,6,0.1,0.0014693,-5e-05,-2e-05,0.0,-8.45e-05,-4.17e-05,0.0,0.0012731,0.0147517,False
CAN60,1992-09-29,3327.2,1992-10-05,3227.5,4,6,0.1,-0.0030269,-5e-05,-2e-05,0.0,-0.0001163,-4.17e-05,0.0,-0.0032548,-0.0299651,False
CAN60,1992-10-29,3336.0,1992-11-04,3344.8,4,6,0.1,0.0002742,-5e-05,-2e-05,0.0,-0.000105,-4.17e-05,0.0,5.76e-05,0.0026379,False
CAN60,1992-11-27,3276.5,1992-12-03,3264.8999,4,6,0.1,-0.0003538,-5e-05,-2e-05,0.0,-0.0001439,-4.17e-05,0.0,-0.0006094,-0.0035404,False
CAN60,1992-12-30,3326.8,1993-01-06,3353.0,4,7,0.1,0.000787,-5e-05,-2e-05,0.0,-0.0001429,-4.86e-05,0.0,0.0005255,0.0078754,False
CAN60,1993-01-28,3307.8999,1993-02-03,3344.0,4,6,0.1,0.0010883,-5e-05,-2e-05,0.0,-0.000113,-4.17e-05,0.0,0.0008637,0.0109133,False
CAN60,1993-02-25,3459.8999,1993-03-03,3467.2,4,6,0.1,0.0002152,-5e-05,-2e-05,0.0,-0.0001009,-4.17e-05,0.0,2.6e-06,0.0021099,False
CAN60,1993-03-30,3586.1001,1993-04-05,3604.3999,4,6,0.1,0.0005124,-5e-05,-2e-05,0.0,-8.93e-05,-4.17e-05,0.0,0.0003114,0.005103,False
CAN60,1993-04-29,3755.1001,1993-05-05,3788.8999,4,6,0.1,0.0009015,-5e-05,-2e-05,0.0,-9.27e-05,-4.17e-05,0.0,0.0006971,0.009001,False
CAN60,1993-05-28,3866.3999,1993-06-03,3875.0,4,6,0.1,0.0002261,-5e-05,-2e-05,0.0,-8.48e-05,-4.17e-05,0.0,2.96e-05,0.0022243,False
CAN60,1993-06-29,3963.2,1993-07-06,3984.3999,4,7,0.1,0.0005369,-5e-05,-2e-05,0.0,-9.31e-05,-4.86e-05,0.0,0.0003252,0.0053492,False
CAN60,1993-07-29,3957.6001,1993-08-05,3947.6001,4,7,0.1,-0.0002467,-5e-05,-2e-05,0.0,-8.53e-05,-4.86e-05,0.0,-0.0004505,-0.0025268,False
CAN60,1993-08-30,4138.7998,1993-09-03,4125.6001,4,4,0.1,-0.0003188,-5e-05,-2e-05,0.0,-5.52e-05,-2.78e-05,0.0,-0.0004718,-0.0031893,False
CAN60,1993-09-29,3983.2,1993-10-05,4014.1001,4,6,0.1,0.000774,-5e-05,-2e-05,0.0,-8.17e-05,-4.17e-05,0.0,0.0005807,0.0077576,False
CAN60,1993-10-28,4235.2002,1993-11-03,4244.7002,4,6,0.1,0.0002255,-5e-05,-2e-05,0.0,-7.68e-05,-4.17e-05,0.0,3.7e-05,0.0022431,False
CAN60,1993-11-29,4170.2998,1993-12-03,4239.3999,4,4,0.1,0.0016488,-5e-05,-2e-05,0.0,-4.83e-05,-2.78e-05,0.0,0.0015028,0.0165696,False
CAN60,1993-12-30,4329.8999,1994-01-06,4425.3999,4,7,0.1,0.002192,-5e-05,-2e-05,0.0,-7.95e-05,-4.86e-05,0.0,0.0019939,0.0220559,False
CAN60,1994-01-28,4492.2002,1994-02-03,4560.2998,4,6,0.1,0.0015186,-5e-05,-2e-05,0.0,-6.46e-05,-4.17e-05,0.0,0.0013423,0.0151595,False
CAN60,1994-02-25,4364.2002,1994-03-03,4370.2998,4,6,0.1,0.000154,-5e-05,-2e-05,0.0,-6.84e-05,-4.17e-05,0.0,-2.6e-05,0.0013976,False
CAN60,1994-03-30,4313.8999,1994-04-06,4313.2998,4,7,0.1,2.31e-05,-5e-05,-2e-05,0.0,-0.0001112,-4.86e-05,0.0,-0.0002068,-0.0001391,False
CAN60,1994-04-28,4270.7998,1994-05-04,4269.2002,4,6,0.1,-3.62e-05,-5e-05,-2e-05,0.0,-0.0001017,-4.17e-05,0.0,-0.0002496,-0.0003745,False
CAN60,1994-05-30,4320.6001,1994-06-03,4281.0,4,4,0.1,-0.0009167,-5e-05,-2e-05,0.0,-6.78e-05,-2.78e-05,0.0,-0.0010823,-0.0091654,False
CAN60,1994-06-29,4028.2,1994-07-06,4043.3999,4,7,0.1,0.0003794,-5e-05,-2e-05,0.0,-0.0001106,-4.86e-05,0.0,0.0001502,0.0037734,False
CAN60,1994-07-28,4149.7998,1994-08-04,4202.1001,4,7,0.1,0.001256,-5e-05,-2e-05,0.0,-0.0001049,-4.86e-05,0.0,0.0010325,0.0126031,False
CAN60,1994-08-30,4333.7002,1994-09-06,4347.2002,4,7,0.1,0.0003118,-5e-05,-2e-05,0.0,-0.0001023,-4.86e-05,0.0,9.09e-05,0.0031151,False
CAN60,1994-09-29,4362.1001,1994-10-05,4253.3999,4,6,0.1,-0.0025086,-5e-05,-2e-05,0.0,-8.33e-05,-4.17e-05,0.0,-0.0027036,-0.0249192,False
CAN60,1994-10-28,4288.6001,1994-11-03,4226.7998,4,6,0.1,-0.001446,-5e-05,-2e-05,0.0,-8.23e-05,-4.17e-05,0.0,-0.00164,-0.0144104,False
CAN60,1994-11-29,4103.7002,1994-12-05,4096.6001,4,6,0.1,-0.0001721,-5e-05,-2e-05,0.0,-9.05e-05,-4.17e-05,0.0,-0.0003743,-0.0017302,False
CAN60,1994-12-29,4202.7002,1995-01-05,4160.3999,4,7,0.1,-0.0010062,-5e-05,-2e-05,0.0,-0.0001104,-4.86e-05,0.0,-0.0012352,-0.010065,False
CAN60,1995-01-30,3991.3999,1995-02-03,4105.1001,4,4,0.1,0.0028222,-5e-05,-2e-05,0.0,-8.13e-05,-2.78e-05,0.0,0.0026432,0.0284863,False
CAN60,1995-02-27,4094.1001,1995-03-03,4097.0,4,4,0.1,7.93e-05,-5e-05,-2e-05,0.0,-9.02e-05,-2.78e-05,0.0,-0.0001087,0.0007083,False
CAN60,1995-03-30,4319.5,1995-04-05,4285.1001,4,6,0.1,-0.0007911,-5e-05,-2e-05,0.0,-0.0001343,-4.17e-05,0.0,-0.0010371,-0.0079639,False
CAN60,1995-04-27,4273.7998,1995-05-03,4300.2998,4,6,0.1,0.0006188,-5e-05,-2e-05,0.0,-0.0001329,-4.17e-05,0.0,0.0003742,0.0062006,False
CAN60,1995-05-30,4436.7998,1995-06-05,4463.5,4,6,0.1,0.0006009,-5e-05,-2e-05,0.0,-0.0001265,-4.17e-05,0.0,0.0003627,0.0060179,False
CAN60,1995-06-29,4521.1001,1995-07-06,4560.2002,4,7,0.1,0.0008622,-5e-05,-2e-05,0.0,-0.00014,-4.86e-05,0.0,0.0006036,0.0086484,False
CAN60,1995-07-28,4609.5,1995-08-03,4603.7998,4,6,0.1,-0.0001214,-5e-05,-2e-05,0.0,-0.0001092,-4.17e-05,0.0,-0.0003424,-0.0012366,False
CAN60,1995-08-30,4531.2002,1995-09-06,4572.1001,4,7,0.1,0.0009025,-5e-05,-2e-05,0.0,-0.0001214,-4.86e-05,0.0,0.0006625,0.0090263,False
CAN60,1995-09-28,4521.5,1995-10-04,4492.6001,4,6,0.1,-0.0006379,-5e-05,-2e-05,0.0,-0.0001032,-4.17e-05,0.0,-0.0008527,-0.0063917,False
CAN60,1995-10-30,4379.7998,1995-11-03,4536.5,4,4,0.1,0.0035404,-5e-05,-2e-05,0.0,-6.77e-05,-2.78e-05,0.0,0.0033749,0.0357779,False
CAN60,1995-11-29,4670.7998,1995-12-05,4722.7002,4,6,0.1,0.0011092,-5e-05,-2e-05,0.0,-9.9e-05,-4.17e-05,0.0,0.0008985,0.0111117,False
CAN60,1995-12-28,4689.1001,1996-01-04,4806.7998,4,7,0.1,0.0024932,-5e-05,-2e-05,0.0,-0.0001123,-4.86e-05,0.0,0.0022623,0.0251007,False
CAN60,1996-01-30,4987.8999,1996-02-05,5033.2998,4,6,0.1,0.0009114,-5e-05,-2e-05,0.0,-9.01e-05,-4.17e-05,0.0,0.0007096,0.009102,False
CAN60,1996-02-28,4947.2002,1996-03-05,4995.8999,4,6,0.1,0.0009826,-5e-05,-2e-05,0.0,-8.65e-05,-4.17e-05,0.0,0.0007845,0.0098439,False
CAN60,1996-03-28,4975.2002,1996-04-03,5021.5,4,6,0.1,0.0009293,-5e-05,-2e-05,0.0,-8.33e-05,-4.17e-05,0.0,0.0007343,0.0093061,False
CAN60,1996-04-29,5152.3999,1996-05-03,5124.5,4,4,0.1,-0.0005406,-5e-05,-2e-05,0.0,-5.28e-05,-2.78e-05,0.0,-0.0006911,-0.0054149,False
CAN60,1996-05-30,5225.3999,1996-06-05,5194.8999,4,6,0.1,-0.0005825,-5e-05,-2e-05,0.0,-7.92e-05,-4.17e-05,0.0,-0.0007734,-0.0058369,False
CAN60,1996-06-27,5011.6001,1996-07-04,5086.3999,4,7,0.1,0.0014848,-5e-05,-2e-05,0.0,-9.24e-05,-4.86e-05,0.0,0.0012738,0.0149253,False
CAN60,1996-07-30,4901.2002,1996-08-06,5024.2998,4,7,0.1,0.0024915,-5e-05,-2e-05,0.0,-8.75e-05,-4.86e-05,0.0,0.0022853,0.0251162,False
CAN60,1996-08-29,5162.7998,1996-09-05,5136.2998,4,7,0.1,-0.0005121,-5e-05,-2e-05,0.0,-7.78e-05,-4.86e-05,0.0,-0.0007085,-0.0051329,False
CAN60,1996-09-27,5301.1001,1996-10-03,5380.0,4,6,0.1,0.0014863,-5e-05,-2e-05,0.0,-6.6e-05,-4.17e-05,0.0,0.0013086,0.0148837,False
CAN60,1996-10-30,5590.7998,1996-11-05,5664.5,4,6,0.1,0.0013151,-5e-05,-2e-05,0.0,-5.42e-05,-4.17e-05,0.0,0.0011493,0.0131824,False
CAN60,1996-11-28,6018.7002,1996-12-04,5910.7002,4,6,0.1,-0.0018053,-5e-05,-2e-05,0.0,-5e-05,-4.17e-05,0.0,-0.0019669,-0.0179441,False
CAN60,1996-12-30,5954.2998,1997-01-06,5920.7002,4,7,0.1,-0.0005638,-5e-05,-2e-05,0.0,-5.83e-05,-4.86e-05,0.0,-0.0007407,-0.0056429,False
CAN60,1997-01-30,6085.1001,1997-02-05,6112.3999,4,6,0.1,0.0004512,-5e-05,-2e-05,0.0,-5e-05,-4.17e-05,0.0,0.0002896,0.0044863,False
CAN60,1997-02-27,6187.5,1997-03-05,6203.1001,4,6,0.1,0.0002563,-5e-05,-2e-05,0.0,-5e-05,-4.17e-05,0.0,9.46e-05,0.0025212,False
CAN60,1997-03-27,5931.7998,1997-04-03,5826.6001,4,7,0.1,-0.0017716,-5e-05,-2e-05,0.0,-5.83e-05,-4.86e-05,0.0,-0.0019486,-0.0177349,False
CAN60,1997-04-29,5903.6001,1997-05-05,6150.7002,4,6,0.1,0.0041249,-5e-05,-2e-05,0.0,-5e-05,-4.17e-05,0.0,0.0039633,0.0418558,False
CAN60,1997-05-29,6370.2998,1997-06-04,6428.6001,4,6,0.1,0.0009128,-5e-05,-2e-05,0.0,-5e-05,-4.17e-05,0.0,0.0007511,0.0091519,False
CAN60,1997-06-27,6426.3999,1997-07-04,6585.3999,4,7,0.1,0.0024608,-5e-05,-2e-05,0.0,-6.32e-05,-4.86e-05,0.0,0.002279,0.0247417,False
CAN60,1997-07-30,6850.6001,1997-08-06,6933.7002,4,7,0.1,0.0012111,-5e-05,-2e-05,0.0,-6.32e-05,-4.86e-05,0.0,0.0010293,0.0121303,False
CAN60,1997-08-28,6633.0,1997-09-04,6722.1001,4,7,0.1,0.0013406,-5e-05,-2e-05,0.0,-6.32e-05,-4.86e-05,0.0,0.0011588,0.0134329,False
CAN60,1997-09-29,7012.5,1997-10-03,7091.8999,4,4,0.1,0.0011281,-5e-05,-2e-05,0.0,-3.75e-05,-2.78e-05,0.0,0.0009929,0.0113226,False
CAN60,1997-10-30,6783.7002,1997-11-05,6976.6001,4,6,0.1,0.0028218,-5e-05,-2e-05,0.0,-5.83e-05,-4.17e-05,0.0,0.0026518,0.0284358,False
CAN60,1997-11-27,6450.0,1997-12-03,6681.2002,4,6,0.1,0.0035432,-5e-05,-2e-05,0.0,-6.25e-05,-4.17e-05,0.0,0.003369,0.035845,False
CAN60,1997-12-30,6691.2002,1998-01-06,6656.2998,4,7,0.1,-0.0005135,-5e-05,-2e-05,0.0,-8.26e-05,-4.86e-05,0.0,-0.0007148,-0.0052159,False
CAN60,1998-01-29,6719.0,1998-02-04,6762.6001,4,6,0.1,0.0006529,-5e-05,-2e-05,0.0,-7.78e-05,-4.17e-05,0.0,0.0004635,0.0064891,False
CAN60,1998-02-26,7087.7002,1998-03-04,7142.7998,4,6,0.1,0.0007755,-5e-05,-2e-05,0.0,-7.92e-05,-4.17e-05,0.0,0.0005846,0.007774,False
CAN60,1998-03-30,7567.8999,1998-04-03,7612.7002,4,4,0.1,0.0005955,-5e-05,-2e-05,0.0,-5.28e-05,-2.78e-05,0.0,0.000445,0.0059198,False
CAN60,1998-04-29,7609.5,1998-05-05,7720.1001,4,6,0.1,0.0014481,-5e-05,-2e-05,0.0,-7.92e-05,-4.17e-05,0.0,0.0012573,0.0145345,False
CAN60,1998-05-28,7579.6001,1998-06-03,7493.2002,4,6,0.1,-0.0011393,-5e-05,-2e-05,0.0,-7.92e-05,-4.17e-05,0.0,-0.0013301,-0.011399,False
CAN60,1998-06-29,7409.3999,1998-07-06,7434.5,4,7,0.1,0.0003424,-5e-05,-2e-05,0.0,-9.24e-05,-4.86e-05,0.0,0.0001314,0.0033876,False
CAN60,1998-07-30,7046.0,1998-08-06,6675.7998,4,7,0.1,-0.0053247,-5e-05,-2e-05,0.0,-9.24e-05,-4.86e-05,0.0,-0.0055357,-0.0525405,False
CAN60,1998-08-28,5766.2998,1998-09-03,5711.2002,4,6,0.1,-0.0008396,-5e-05,-2e-05,0.0,-9.58e-05,-4.17e-05,0.0,-0.0010471,-0.0095555,False
CAN60,1998-09-29,5762.1001,1998-10-05,5336.2002,4,6,0.1,-0.0075296,-5e-05,-2e-05,0.0,-9.17e-05,-4.17e-05,0.0,-0.0077329,-0.073914,False
CAN60,1998-10-29,6115.3999,1998-11-04,6365.7998,4,6,0.1,0.0040457,-5e-05,-2e-05,0.0,-8.75e-05,-4.17e-05,0.0,0.0038465,0.0409458,False
CAN60,1998-11-27,6468.2998,1998-12-03,6295.7998,4,6,0.1,-0.0026526,-5e-05,-2e-05,0.0,-8.33e-05,-4.17e-05,0.0,-0.0028476,-0.0266685,False
CAN60,1998-12-30,6430.1001,1999-01-06,6805.2998,4,7,0.1,0.0057167,-5e-05,-2e-05,0.0,-9.72e-05,-4.86e-05,0.0,0.0055009,0.0583505,False
CAN60,1999-01-28,6668.5,1999-02-03,6721.5,4,6,0.1,0.0008061,-5e-05,-2e-05,0.0,-8.33e-05,-4.17e-05,0.0,0.0006111,0.0079478,False
CAN60,1999-02-25,6306.7002,1999-03-03,6180.2998,4,6,0.1,-0.0020143,-5e-05,-2e-05,0.0,-8.33e-05,-4.17e-05,0.0,-0.0022093,-0.0200422,False
CAN60,1999-03-30,6575.8999,1999-04-06,6768.5,4,7,0.1,0.002904,-5e-05,-2e-05,0.0,-9.31e-05,-4.86e-05,0.0,0.0026923,0.0292888,False
CAN60,1999-04-29,7093.2998,1999-05-05,7023.6001,4,6,0.1,-0.000975,-5e-05,-2e-05,0.0,-7.85e-05,-4.17e-05,0.0,-0.0011651,-0.0098261,False
CAN60,1999-05-28,6802.7002,1999-06-03,6887.1001,4,6,0.1,0.0012362,-5e-05,-2e-05,0.0,-7.5e-05,-4.17e-05,0.0,0.0010495,0.0124068,False
CAN60,1999-06-29,6958.8999,1999-07-06,7235.0,4,7,0.1,0.0039236,-5e-05,-2e-05,0.0,-8.75e-05,-4.86e-05,0.0,0.0037175,0.0396758,False
CAN60,1999-07-29,7050.2998,1999-08-05,6906.6001,4,7,0.1,-0.0020477,-5e-05,-2e-05,0.0,-8.75e-05,-4.86e-05,0.0,-0.0022538,-0.0203821,False
CAN60,1999-08-30,7039.7002,1999-09-03,7006.1001,4,4,0.1,-0.0004581,-5e-05,-2e-05,0.0,-5e-05,-2.78e-05,0.0,-0.0006059,-0.0047729,False
CAN60,1999-09-29,6878.7998,1999-10-05,6990.5,4,6,0.1,0.0016334,-5e-05,-2e-05,0.0,-7.5e-05,-4.17e-05,0.0,0.0014468,0.0162383,False
CAN60,1999-10-28,7114.3999,1999-11-03,7233.7002,4,6,0.1,0.0016861,-5e-05,-2e-05,0.0,-7.5e-05,-4.17e-05,0.0,0.0014994,0.0167688,False
CAN60,1999-11-29,7772.1001,1999-12-03,7794.7002,4,4,0.1,0.0003656,-5e-05,-2e-05,0.0,-5.28e-05,-2.78e-05,0.0,0.0002151,0.0029078,False
CAN60,1999-12-30,8406.0996,2000-01-06,8114.2002,4,7,0.1,-0.0034969,-5e-05,-2e-05,0.0,-9.24e-05,-4.86e-05,0.0,-0.0037079,-0.0347247,False
CAN60,2000-01-28,8390.4004,2000-02-03,8894.4004,4,6,0.1,0.0058882,-5e-05,-2e-05,0.0,-7.92e-05,-4.17e-05,0.0,0.0056974,0.0600686,False
CAN60,2000-02-28,9223.4004,2000-03-03,9462.9004,4,4,0.1,0.0026234,-5e-05,-2e-05,0.0,-5.56e-05,-2.78e-05,0.0,0.0024701,0.0259666,False
CAN60,2000-03-30,9394.0,2000-04-05,9226.5,4,6,0.1,-0.0017565,-5e-05,-2e-05,0.0,-8.75e-05,-4.17e-05,0.0,-0.0019557,-0.0178305,False
CAN60,2000-04-27,9322.7002,2000-05-03,9291.2998,4,6,0.1,-0.0002917,-5e-05,-2e-05,0.0,-8.75e-05,-4.17e-05,0.0,-0.0004909,-0.0033682,False
CAN60,2000-05-30,9344.0996,2000-06-05,9679.7002,4,6,0.1,0.0036081,-5e-05,-2e-05,0.0,-9.58e-05,-4.17e-05,0.0,0.0034006,0.0359158,False
CAN60,2000-06-29,10111.0,2000-07-06,10242.5996,4,7,0.1,0.0013053,-5e-05,-2e-05,0.0,-0.0001118,-4.86e-05,0.0,0.0010749,0.0130155,False
CAN60,2000-07-28,10343.0,2000-08-03,10413.7002,4,6,0.1,0.0006855,-5e-05,-2e-05,0.0,-9.58e-05,-4.17e-05,0.0,0.000478,0.0068356,False
CAN60,2000-08-30,11173.5996,2000-09-06,11150.7002,4,7,0.1,-0.0001813,-5e-05,-2e-05,0.0,-0.0001118,-4.86e-05,0.0,-0.0004118,-0.0020494,False
CAN60,2000-09-28,10431.9004,2000-10-04,10524.7002,4,6,0.1,0.0008911,-5e-05,-2e-05,0.0,-9.58e-05,-4.17e-05,0.0,0.0006836,0.0088958,False
CAN60,2000-10-30,9253.0996,2000-11-03,9720.4004,4,4,0.1,0.0050183,-5e-05,-2e-05,0.0,-6.39e-05,-2.78e-05,0.0,0.0048567,0.0505021,False
CAN60,2000-11-29,8821.0996,2000-12-05,9279.0,4,6,0.1,0.0051383,-5e-05,-2e-05,0.0,-9.58e-05,-4.17e-05,0.0,0.0049308,0.0519097,False
CAN60,2000-12-28,8876.0996,2001-01-04,8905.7002,4,7,0.1,0.0004723,-5e-05,-2e-05,0.0,-0.0001118,-4.86e-05,0.0,0.0002419,0.0033349,False
CAN60,2001-01-30,9348.4004,2001-02-05,9306.0996,4,6,0.1,-0.0004462,-5e-05,-2e-05,0.0,-9.17e-05,-4.17e-05,0.0,-0.0006495,-0.0045249,False
CAN60,2001-02-27,8065.7002,2001-03-05,8099.2998,4,6,0.1,0.0004301,-5e-05,-2e-05,0.0,-9.17e-05,-4.17e-05,0.0,0.0002268,0.0041657,False
CAN60,2001-03-29,7444.7998,2001-04-04,7415.5,4,6,0.1,-0.0003346,-5e-05,-2e-05,0.0,-8.33e-05,-4.17e-05,0.0,-0.0005296,-0.0039356,False
CAN60,2001-04-27,7967.2998,2001-05-03,7955.5,4,6,0.1,-0.0001407,-5e-05,-2e-05,0.0,-7.92e-05,-4.17e-05,0.0,-0.0003315,-0.001481,False
CAN60,2001-05-30,8101.3999,2001-06-05,8258.7998,4,6,0.1,0.0019361,-5e-05,-2e-05,0.0,-7.5e-05,-4.17e-05,0.0,0.0017494,0.0194287,False
CAN60,2001-06-28,7600.1001,2001-07-05,7683.0,4,7,0.1,0.001103,-5e-05,-2e-05,0.0,-8.75e-05,-4.86e-05,0.0,0.0008969,0.0109077,False
CAN60,2001-07-30,7641.2998,2001-08-03,7744.2002,4,4,0.1,0.0013422,-5e-05,-2e-05,0.0,-4.72e-05,-2.78e-05,0.0,0.0011972,0.0134663,False
CAN60,2001-08-30,7417.7002,2001-09-06,7416.0,4,7,0.1,-1.79e-05,-5e-05,-2e-05,0.0,-7.78e-05,-4.86e-05,0.0,-0.0002143,-0.0002292,False
CAN60,2001-09-27,6669.5,2001-10-03,6903.7998,4,6,0.1,0.0034922,-5e-05,-2e-05,0.0,-5.83e-05,-4.17e-05,0.0,0.0033222,0.03513,False
CAN60,2001-10-30,6825.3999,2001-11-05,7079.2998,4,6,0.1,0.0036712,-5e-05,-2e-05,0.0,-4.58e-05,-4.17e-05,0.0,0.0035137,0.0371993,False
CAN60,2001-11-29,7400.5,2001-12-05,7620.2002,4,6,0.1,0.0029593,-5e-05,-2e-05,0.0,-3.75e-05,-4.17e-05,0.0,0.0028101,0.0296872,False
CAN60,2001-12-28,7675.0,2002-01-04,7833.2002,4,7,0.1,0.0020585,-5e-05,-2e-05,0.0,-4.38e-05,-4.86e-05,0.0,0.0018961,0.0206124,False
CAN60,2002-01-30,7548.7998,2002-02-05,7523.5,4,6,0.1,-0.0003132,-5e-05,-2e-05,0.0,-3.33e-05,-4.17e-05,0.0,-0.0004582,-0.0033515,False
CAN60,2002-02-27,7646.8999,2002-03-05,7856.1001,4,6,0.1,0.0027226,-5e-05,-2e-05,0.0,-3.33e-05,-4.17e-05,0.0,0.0025776,0.0273575,False
CAN60,2002-03-27,7835.8999,2002-04-03,7842.2998,4,7,0.1,8.51e-05,-5e-05,-2e-05,0.0,-3.89e-05,-4.86e-05,0.0,-7.24e-05,0.0008167,False
CAN60,2002-04-29,7582.5,2002-05-03,7663.8999,4,4,0.1,0.0010742,-5e-05,-2e-05,0.0,-2.5e-05,-2.78e-05,0.0,0.0009514,0.0107352,False
CAN60,2002-05-30,7580.6001,2002-06-05,7547.8999,4,6,0.1,-0.0004234,-5e-05,-2e-05,0.0,-3.82e-05,-4.17e-05,0.0,-0.0005733,-0.0043137,False
CAN60,2002-06-27,7073.7998,2002-07-04,7029.7998,4,7,0.1,-0.0006014,-5e-05,-2e-05,0.0,-4.86e-05,-4.86e-05,0.0,-0.0007686,-0.0062201,False
CAN60,2002-07-30,6511.2002,2002-08-06,6519.2002,4,7,0.1,0.0001372,-5e-05,-2e-05,0.0,-5.35e-05,-4.86e-05,0.0,-3.49e-05,0.0012287,False
CAN60,2002-08-29,6590.0,2002-09-05,6484.8999,4,7,0.1,-0.0015718,-5e-05,-2e-05,0.0,-5.35e-05,-4.86e-05,0.0,-0.0017438,-0.0159484,False
CAN60,2002-09-27,6111.1001,2002-10-03,6026.7998,4,6,0.1,-0.0013552,-5e-05,-2e-05,0.0,-4.58e-05,-4.17e-05,0.0,-0.0015127,-0.0137946,False
CAN60,2002-10-30,6330.3999,2002-11-05,6399.6001,4,6,0.1,0.0011189,-5e-05,-2e-05,0.0,-4.58e-05,-4.17e-05,0.0,0.0009614,0.0109314,False
CAN60,2002-11-28,6629.3999,2002-12-04,6610.3999,4,6,0.1,-0.000271,-5e-05,-2e-05,0.0,-4.58e-05,-4.17e-05,0.0,-0.0004285,-0.002866,False
CAN60,2002-12-30,6617.6001,2003-01-06,6837.2998,4,7,0.1,0.0032895,-5e-05,-2e-05,0.0,-5.35e-05,-4.86e-05,0.0,0.0031174,0.0331993,False
CAN60,2003-01-30,6546.2998,2003-02-05,6521.0,4,6,0.1,-0.0003825,-5e-05,-2e-05,0.0,-4.58e-05,-4.17e-05,0.0,-0.00054,-0.0038647,False
CAN60,2003-02-27,6582.2002,2003-03-05,6389.8999,4,6,0.1,-0.0029519,-5e-05,-2e-05,0.0,-4.65e-05,-4.17e-05,0.0,-0.0031101,-0.0292152,False
CAN60,2003-03-28,6379.5,2003-04-03,6396.6001,4,6,0.1,0.0002768,-5e-05,-2e-05,0.0,-5e-05,-4.17e-05,0.0,0.0001151,0.0026805,False
CAN60,2003-04-29,6545.3999,2003-05-05,6659.7002,4,6,0.1,0.0017382,-5e-05,-2e-05,0.0,-5.42e-05,-4.17e-05,0.0,0.0015723,0.0174627,False
CAN60,2003-05-29,6836.6001,2003-06-04,7001.2998,4,6,0.1,0.0023931,-5e-05,-2e-05,0.0,-5.42e-05,-4.17e-05,0.0,0.0022272,0.0240909,False
CAN60,2003-06-27,6979.1001,2003-07-04,7001.8999,4,7,0.1,0.0003263,-5e-05,-2e-05,0.0,-6.32e-05,-4.86e-05,0.0,0.0001445,0.0032669,False
CAN60,2003-07-30,7205.0,2003-08-06,7139.1001,4,7,0.1,-0.0009114,-5e-05,-2e-05,0.0,-5.83e-05,-4.86e-05,0.0,-0.0010884,-0.0091464,False
CAN60,2003-08-28,7517.0,2003-09-04,7594.8999,4,7,0.1,0.0010342,-5e-05,-2e-05,0.0,-5.76e-05,-4.86e-05,0.0,0.0008579,0.0103632,False
CAN60,2003-09-29,7445.6001,2003-10-03,7519.6001,4,4,0.1,0.0009979,-5e-05,-2e-05,0.0,-3.06e-05,-2.78e-05,0.0,0.0008696,0.0099388,False
CAN60,2003-10-30,7739.3999,2003-11-05,7867.7002,4,6,0.1,0.0016496,-5e-05,-2e-05,0.0,-4.58e-05,-4.17e-05,0.0,0.0014921,0.0165776,False
CAN60,2003-11-27,7880.5,2003-12-03,7959.8999,4,6,0.1,0.0010071,-5e-05,-2e-05,0.0,-4.58e-05,-4.17e-05,0.0,0.0008496,0.0100755,False
CAN60,2003-12-30,8213.7998,2004-01-06,8405.0996,4,7,0.1,0.0023122,-5e-05,-2e-05,0.0,-5.35e-05,-4.86e-05,0.0,0.0021401,0.02329,False
CAN60,2004-01-29,8449.4004,2004-02-04,8538.0996,4,6,0.1,0.0010679,-5e-05,-2e-05,0.0,-4.17e-05,-4.17e-05,0.0,0.0009146,0.0104977,False
CAN60,2004-02-26,8737.7998,2004-03-03,8795.7002,4,6,0.1,0.0006698,-5e-05,-2e-05,0.0,-4.1e-05,-4.17e-05,0.0,0.0005172,0.0066264,False
CAN60,2004-03-30,8622.2002,2004-04-05,8858.5,4,6,0.1,0.0027241,-5e-05,-2e-05,0.0,-3.75e-05,-4.17e-05,0.0,0.0025749,0.027406,False
CAN60,2004-04-29,8231.9004,2004-05-05,8457.2998,4,6,0.1,0.0027299,-5e-05,-2e-05,0.0,-3.33e-05,-4.17e-05,0.0,0.0025849,0.0273812,False
CAN60,2004-05-28,8347.0996,2004-06-03,8329.0996,4,6,0.1,-0.0002095,-5e-05,-2e-05,0.0,-3.33e-05,-4.17e-05,0.0,-0.0003545,-0.0021564,False
CAN60,2004-06-29,8498.5,2004-07-06,8484.7002,4,7,0.1,-0.0001586,-5e-05,-2e-05,0.0,-3.89e-05,-4.86e-05,0.0,-0.0003161,-0.0016238,False
CAN60,2004-07-29,8443.2002,2004-08-05,8267.9004,4,7,0.1,-0.0020842,-5e-05,-2e-05,0.0,-3.89e-05,-4.86e-05,0.0,-0.0022417,-0.0207622,False
CAN60,2004-08-30,8309.0,2004-09-03,8344.4004,4,4,0.1,0.000431,-5e-05,-2e-05,0.0,-2.22e-05,-2.78e-05,0.0,0.000311,0.0042605,False
CAN60,2004-09-29,8634.0996,2004-10-05,8797.0996,4,6,0.1,0.0018781,-5e-05,-2e-05,0.0,-3.75e-05,-4.17e-05,0.0,0.001729,0.0188786,False
CAN60,2004-10-28,8781.0,2004-11-03,8841.4004,4,6,0.1,0.0006915,-5e-05,-2e-05,0.0,-4.17e-05,-4.17e-05,0.0,0.0005381,0.0068785,False
CAN60,2004-11-29,9056.4004,2004-12-03,9055.7002,4,4,0.1,-6e-06,-5e-05,-2e-05,0.0,-2.78e-05,-2.78e-05,0.0,-0.0001315,-7.73e-05,False
CAN60,2004-12-30,9264.4004,2005-01-06,9064.2998,4,7,0.1,-0.0021669,-5e-05,-2e-05,0.0,-4.86e-05,-4.86e-05,0.0,-0.0023341,-0.0215989,False
CAN60,2005-01-28,9141.7998,2005-02-03,9303.7002,4,6,0.1,0.001761,-5e-05,-2e-05,0.0,-4.17e-05,-4.17e-05,0.0,0.0016077,0.0177099,False
CAN60,2005-02-25,9741.4004,2005-03-03,9859.5,4,6,0.1,0.0012143,-5e-05,-2e-05,0.0,-4.17e-05,-4.17e-05,0.0,0.001061,0.0121235,False
CAN60,2005-03-30,9484.2998,2005-04-05,9619.0996,4,6,0.1,0.0014208,-5e-05,-2e-05,0.0,-4.17e-05,-4.17e-05,0.0,0.0012675,0.0142129,False
CAN60,2005-04-28,9275.0996,2005-05-04,9473.2998,4,6,0.1,0.0021295,-5e-05,-2e-05,0.0,-4.17e-05,-4.17e-05,0.0,0.0019762,0.0213691,False
CAN60,2005-05-30,9673.2002,2005-06-03,9671.2002,4,4,0.1,-1.57e-05,-5e-05,-2e-05,0.0,-2.78e-05,-2.78e-05,0.0,-0.0001412,-0.0002068,False
CAN60,2005-06-29,10029.2998,2005-07-06,10111.9004,4,7,0.1,0.0008386,-5e-05,-2e-05,0.0,-4.86e-05,-4.86e-05,0.0,0.0006714,0.0082359,False
CAN60,2005-07-28,10516.2002,2005-08-04,10626.7002,4,7,0.1,0.0010677,-5e-05,-2e-05,0.0,-4.86e-05,-4.86e-05,0.0,0.0009005,0.0105076,False
CAN60,2005-08-30,10573.0996,2005-09-06,10798.0996,4,7,0.1,0.0021199,-5e-05,-2e-05,0.0,-4.86e-05,-4.86e-05,0.0,0.0019527,0.0212804,False
CAN60,2005-09-29,11018.5,2005-10-05,10748.0996,4,6,0.1,-0.0024577,-5e-05,-2e-05,0.0,-4.58e-05,-4.17e-05,0.0,-0.0026152,-0.0245406,False
CAN60,2005-10-28,10312.2998,2005-11-03,10672.5996,4,6,0.1,0.0034573,-5e-05,-2e-05,0.0,-5e-05,-4.17e-05,0.0,0.0032957,0.0349388,False
CAN60,2005-11-29,10942.5996,2005-12-05,11008.7998,4,6,0.1,0.0006221,-5e-05,-2e-05,0.0,-5e-05,-4.17e-05,0.0,0.0004604,0.0060498,False
CAN60,2005-12-29,11296.2998,2006-01-05,11507.7002,4,7,0.1,0.0018669,-5e-05,-2e-05,0.0,-6.32e-05,-4.86e-05,0.0,0.0016851,0.0187141,False
CAN60,2006-01-30,11947.5,2006-02-03,11937.5996,4,4,0.1,-8.27e-05,-5e-05,-2e-05,0.0,-3.89e-05,-2.78e-05,0.0,-0.0002194,-0.0008287,False
CAN60,2006-02-27,11706.5,2006-03-03,11978.7002,4,4,0.1,0.0023091,-5e-05,-2e-05,0.0,-3.89e-05,-2.78e-05,0.0,0.0021725,0.0232521,False
CAN60,2006-03-30,12207.0,2006-04-05,12299.0996,4,6,0.1,0.0007639,-5e-05,-2e-05,0.0,-6.25e-05,-4.17e-05,0.0,0.0005897,0.0075448,False
CAN60,2006-04-27,12187.7002,2006-05-03,12196.2002,4,6,0.1,7.27e-05,-5e-05,-2e-05,0.0,-6.67e-05,-4.17e-05,0.0,-0.0001056,0.0006974,False
CAN60,2006-05-30,11705.4004,2006-06-05,11699.5,4,6,0.1,-3.1e-05,-5e-05,-2e-05,0.0,-7.08e-05,-4.17e-05,0.0,-0.0002135,-0.0005041,False
CAN60,2006-06-29,11520.9004,2006-07-06,11602.0,4,7,0.1,0.0007144,-5e-05,-2e-05,0.0,-8.26e-05,-4.86e-05,0.0,0.0005131,0.0070393,False
CAN60,2006-07-28,11823.7002,2006-08-03,11936.7002,4,6,0.1,0.000955,-5e-05,-2e-05,0.0,-7.08e-05,-4.17e-05,0.0,0.0007725,0.0095571,False
CAN60,2006-08-30,12068.4004,2006-09-06,11999.7002,4,7,0.1,-0.0005547,-5e-05,-2e-05,0.0,-8.26e-05,-4.86e-05,0.0,-0.000756,-0.0056926,False
CAN60,2006-09-28,11817.4004,2006-10-04,11618.0996,4,6,0.1,-0.0016714,-5e-05,-2e-05,0.0,-7.08e-05,-4.17e-05,0.0,-0.0018539,-0.016865,False
CAN60,2006-10-30,12274.4004,2006-11-03,12239.0,4,4,0.1,-0.0002522,-5e-05,-2e-05,0.0,-4.72e-05,-2.78e-05,0.0,-0.0003972,-0.0028841,False
CAN60,2006-11-29,12668.2002,2006-12-05,12895.9004,4,6,0.1,0.001787,-5e-05,-2e-05,0.0,-7.08e-05,-4.17e-05,0.0,0.0016045,0.0179742,False
CAN60,2006-12-28,12909.5,2007-01-04,12553.5996,4,7,0.1,-0.0027737,-5e-05,-2e-05,0.0,-8.26e-05,-4.86e-05,0.0,-0.002975,-0.0275689,False
CAN60,2007-01-30,13014.5996,2007-02-05,13166.7002,4,6,0.1,0.0011668,-5e-05,-2e-05,0.0,-7.08e-05,-4.17e-05,0.0,0.0009843,0.0116869,False
CAN60,2007-02-27,13040.0996,2007-03-05,12711.2998,4,6,0.1,-0.0025414,-5e-05,-2e-05,0.0,-7.08e-05,-4.17e-05,0.0,-0.0027239,-0.0252145,False
CAN60,2007-03-29,13258.0,2007-04-04,13448.2998,4,6,0.1,0.0014352,-5e-05,-2e-05,0.0,-7.08e-05,-4.17e-05,0.0,0.0012527,0.0143536,False
CAN60,2007-04-27,13632.0,2007-05-03,13687.0,4,6,0.1,0.0004266,-5e-05,-2e-05,0.0,-7.08e-05,-4.17e-05,0.0,0.0002441,0.0040346,False
CAN60,2007-05-30,14081.7002,2007-06-05,14141.7002,4,6,0.1,0.0004265,-5e-05,-2e-05,0.0,-7.08e-05,-4.17e-05,0.0,0.000244,0.0042608,False
CAN60,2007-06-28,13715.7002,2007-07-05,14079.4004,4,7,0.1,0.0026333,-5e-05,-2e-05,0.0,-8.26e-05,-4.86e-05,0.0,0.002432,0.0265171,False
CAN60,2007-07-30,13864.7002,2007-08-03,13565.2002,4,4,0.1,-0.0021487,-5e-05,-2e-05,0.0,-5e-05,-2.78e-05,0.0,-0.0022965,-0.0216016,False
CAN60,2007-08-30,13444.5996,2007-09-06,13795.7002,4,7,0.1,0.0025978,-5e-05,-2e-05,0.0,-8.75e-05,-4.86e-05,0.0,0.0023917,0.0261146,False
CAN60,2007-09-27,14129.7002,2007-10-03,14020.9004,4,6,0.1,-0.0007652,-5e-05,-2e-05,0.0,-7.5e-05,-4.17e-05,0.0,-0.0009519,-0.0077001,False
CAN60,2007-10-30,14312.0996,2007-11-05,14273.4004,4,6,0.1,-0.0002301,-5e-05,-2e-05,0.0,-7.5e-05,-4.17e-05,0.0,-0.0004168,-0.002704,False
CAN60,2007-11-29,13663.9004,2007-12-05,13734.5,4,6,0.1,0.0005239,-5e-05,-2e-05,0.0,-7.43e-05,-4.17e-05,0.0,0.0003379,0.0051669,False
CAN60,2007-12-28,13821.2998,2008-01-04,13778.5996,4,7,0.1,-0.0002961,-5e-05,-2e-05,0.0,-8.26e-05,-4.86e-05,0.0,-0.0004974,-0.0030894,False
CAN60,2008-01-30,12998.2002,2008-02-05,12932.0,4,6,0.1,-0.0004639,-5e-05,-2e-05,0.0,-6.67e-05,-4.17e-05,0.0,-0.0006423,-0.005093,False
CAN60,2008-02-28,13873.9004,2008-03-05,13603.2998,4,6,0.1,-0.0019413,-5e-05,-2e-05,0.0,-6.53e-05,-4.17e-05,0.0,-0.0021183,-0.0195043,False
CAN60,2008-03-28,13233.7998,2008-04-03,13551.2998,4,6,0.1,0.0023788,-5e-05,-2e-05,0.0,-5.83e-05,-4.17e-05,0.0,0.0022088,0.0239916,False
CAN60,2008-04-29,13825.5996,2008-05-05,14274.2998,4,6,0.1,0.0032129,-5e-05,-2e-05,0.0,-5e-05,-4.17e-05,0.0,0.0030512,0.0324543,False
CAN60,2008-05-29,14577.2002,2008-06-04,14690.5,4,6,0.1,0.0007829,-5e-05,-2e-05,0.0,-5e-05,-4.17e-05,0.0,0.0006213,0.0077724,False
CAN60,2008-06-27,14355.2002,2008-07-04,14010.4004,4,7,0.1,-0.002375,-5e-05,-2e-05,0.0,-5.83e-05,-4.86e-05,0.0,-0.002552,-0.0240192,False
CAN60,2008-07-30,13683.2002,2008-08-06,13453.5,4,7,0.1,-0.0016577,-5e-05,-2e-05,0.0,-5.83e-05,-4.86e-05,0.0,-0.0018346,-0.016787,False
CAN60,2008-08-28,13750.5,2008-09-04,12814.0996,4,7,0.1,-0.0069544,-5e-05,-2e-05,0.0,-5.83e-05,-4.86e-05,0.0,-0.0071314,-0.0680994,False
CAN60,2008-09-29,11285.0996,2008-10-03,10803.4004,4,4,0.1,-0.0040209,-5e-05,-2e-05,0.0,-3.33e-05,-2.78e-05,0.0,-0.004152,-0.0426845,False
CAN60,2008-10-30,9856.2002,2008-11-05,9887.2002,4,6,0.1,0.0004261,-5e-05,-2e-05,0.0,-3.75e-05,-4.17e-05,0.0,0.0002769,0.0031452,False
CAN60,2008-11-27,8753.7998,2008-12-03,8297.0,4,6,0.1,-0.0047229,-5e-05,-2e-05,0.0,-3.75e-05,-4.17e-05,0.0,-0.004872,-0.052183,False
CAN60,2008-12-30,8830.7002,2009-01-06,9472.0996,4,7,0.1,0.0070856,-5e-05,-2e-05,0.0,-2.92e-05,-4.86e-05,0.0,0.0069378,0.0726329,False
CAN60,2009-01-29,8762.7998,2009-02-04,8693.0996,4,6,0.1,-0.0007895,-5e-05,-2e-05,0.0,-1.67e-05,-4.17e-05,0.0,-0.0009178,-0.0079541,False
CAN60,2009-02-26,8186.7998,2009-03-04,7814.7998,4,6,0.1,-0.0044672,-5e-05,-2e-05,0.0,-1.53e-05,-4.17e-05,0.0,-0.0045942,-0.045439,False
CAN60,2009-03-30,8596.2002,2009-04-03,9065.7998,4,4,0.1,0.0053716,-5e-05,-2e-05,0.0,-5.6e-06,-2.78e-05,0.0,0.0052683,0.0546287,False
CAN60,2009-04-29,9416.2998,2009-05-05,9880.7002,4,6,0.1,0.0049111,-5e-05,-2e-05,0.0,-4.2e-06,-4.17e-05,0.0,0.0047953,0.0493188,False
CAN60,2009-05-28,10392.4004,2009-06-03,10290.0996,4,6,0.1,-0.0009233,-5e-05,-2e-05,0.0,-4.2e-06,-4.17e-05,0.0,-0.0010391,-0.0098438,False
CAN60,2009-06-29,10476.7998,2009-07-06,10027.4004,4,7,0.1,-0.0043395,-5e-05,-2e-05,0.0,-4.9e-06,-4.86e-05,0.0,-0.004463,-0.0428947,False
CAN60,2009-07-30,10676.7002,2009-08-06,10793.4004,4,7,0.1,0.0011421,-5e-05,-2e-05,0.0,-4.9e-06,-4.86e-05,0.0,0.0010186,0.0109304,False
CAN60,2009-08-28,10978.0,2009-09-03,10921.5,4,6,0.1,-0.0004764,-5e-05,-2e-05,0.0,-4.2e-06,-4.17e-05,0.0,-0.0005922,-0.0051467,False
CAN60,2009-09-29,11395.0,2009-10-05,11102.5996,4,6,0.1,-0.0025447,-5e-05,-2e-05,0.0,-4.2e-06,-4.17e-05,0.0,-0.0026605,-0.0256604,False
CAN60,2009-10-29,11075.2002,2009-11-04,11071.2002,4,6,0.1,-1.46e-05,-5e-05,-2e-05,0.0,-4.2e-06,-4.17e-05,0.0,-0.0001304,-0.0003612,False
CAN60,2009-11-27,11464.4004,2009-12-03,11636.5996,4,6,0.1,0.0015258,-5e-05,-2e-05,0.0,-4.2e-06,-4.17e-05,0.0,0.0014099,0.0150203,False
CAN60,2009-12-30,11717.5,2010-01-06,11944.5,4,7,0.1,0.0019256,-5e-05,-2e-05,0.0,-4.9e-06,-4.86e-05,0.0,0.0018021,0.0193727,False
CAN60,2010-01-28,11274.2002,2010-02-03,11390.5,4,6,0.1,0.0010624,-5e-05,-2e-05,0.0,-4.2e-06,-4.17e-05,0.0,0.0009466,0.0103156,False
CAN60,2010-02-25,11631.4004,2010-03-03,11852.9004,4,6,0.1,0.0018938,-5e-05,-2e-05,0.0,-4.2e-06,-4.17e-05,0.0,0.001778,0.0190433,False
CAN60,2010-03-30,12044.2002,2010-04-06,12156.7002,4,7,0.1,0.0009349,-5e-05,-2e-05,0.0,-4.9e-06,-4.86e-05,0.0,0.0008114,0.0093406,False
CAN60,2010-04-29,12200.2998,2010-05-05,11875.0996,4,6,0.1,-0.0026838,-5e-05,-2e-05,0.0,-4.2e-06,-4.17e-05,0.0,-0.0027996,-0.0266551,False
CAN60,2010-05-28,11671.4004,2010-06-03,11811.9004,4,6,0.1,0.0012294,-5e-05,-2e-05,0.0,-5.6e-06,-4.17e-05,0.0,0.0011122,0.012038,False
CAN60,2010-06-29,11263.7998,2010-07-06,11200.2002,4,7,0.1,-0.0005531,-5e-05,-2e-05,0.0,-9.7e-06,-4.86e-05,0.0,-0.0006814,-0.0056464,False
CAN60,2010-07-29,11728.5996,2010-08-05,11774.7998,4,7,0.1,0.0003981,-5e-05,-2e-05,0.0,-1.46e-05,-4.86e-05,0.0,0.0002649,0.0039391,False
CAN60,2010-08-30,11895.5996,2010-09-03,12144.9004,4,4,0.1,0.0020814,-5e-05,-2e-05,0.0,-8.3e-06,-2.78e-05,0.0,0.0019753,0.0209574,False
CAN60,2010-09-29,12382.7998,2010-10-05,12498.0,4,6,0.1,0.0009366,-5e-05,-2e-05,0.0,-1.67e-05,-4.17e-05,0.0,0.0008083,0.0093032,False
CAN60,2010-10-28,12564.0996,2010-11-03,12671.0996,4,6,0.1,0.0008521,-5e-05,-2e-05,0.0,-1.67e-05,-4.17e-05,0.0,0.0007238,0.0085163,False
CAN60,2010-11-29,12895.7002,2010-12-03,13179.0,4,4,0.1,0.0021855,-5e-05,-2e-05,0.0,-1.11e-05,-2.78e-05,0.0,0.0020766,0.0219685,False
CAN60,2010-12-30,13434.4004,2011-01-06,13311.7002,4,7,0.1,-0.000915,-5e-05,-2e-05,0.0,-1.94e-05,-4.86e-05,0.0,-0.0010531,-0.0091333,False
CAN60,2011-01-28,13437.5996,2011-02-03,13841.4004,4,6,0.1,0.0029785,-5e-05,-2e-05,0.0,-1.67e-05,-4.17e-05,0.0,0.0028501,0.0300501,False
CAN60,2011-02-25,14052.0996,2011-03-03,14214.7002,4,6,0.1,0.0011537,-5e-05,-2e-05,0.0,-1.67e-05,-4.17e-05,0.0,0.0010253,0.0115713,False
CAN60,2011-03-30,14083.5996,2011-04-05,14270.5,4,6,0.1,0.0013213,-5e-05,-2e-05,0.0,-1.67e-05,-4.17e-05,0.0,0.0011929,0.0132708,False
CAN60,2011-04-28,13894.4004,2011-05-04,13611.2998,4,6,0.1,-0.0020408,-5e-05,-2e-05,0.0,-1.67e-05,-4.17e-05,0.0,-0.0021692,-0.0203752,False
CAN60,2011-05-30,13829.7002,2011-06-03,13517.9004,4,4,0.1,-0.00226,-5e-05,-2e-05,0.0,-1.11e-05,-2.78e-05,0.0,-0.0023689,-0.0225457,False
CAN60,2011-06-29,13188.9004,2011-07-06,13403.0996,4,7,0.1,0.0016172,-5e-05,-2e-05,0.0,-1.94e-05,-4.86e-05,0.0,0.0014792,0.0162409,False
CAN60,2011-07-28,13047.7998,2011-08-04,12380.0996,4,7,0.1,-0.0051781,-5e-05,-2e-05,0.0,-1.94e-05,-4.86e-05,0.0,-0.0053162,-0.0511734,False
CAN60,2011-08-30,12634.7002,2011-09-06,12518.5,4,7,0.1,-0.0009117,-5e-05,-2e-05,0.0,-1.94e-05,-4.86e-05,0.0,-0.0010498,-0.0091969,False
CAN60,2011-09-29,11686.2998,2011-10-05,11457.2002,4,6,0.1,-0.0018932,-5e-05,-2e-05,0.0,-1.67e-05,-4.17e-05,0.0,-0.0020216,-0.0196041,False
CAN60,2011-10-28,12519.5,2011-11-03,12468.4004,4,6,0.1,-0.0003572,-5e-05,-2e-05,0.0,-1.67e-05,-4.17e-05,0.0,-0.0004855,-0.0040816,False
CAN60,2011-11-29,11732.5,2011-12-05,12119.2998,4,6,0.1,0.0033263,-5e-05,-2e-05,0.0,-1.67e-05,-4.17e-05,0.0,0.0031979,0.0329682,False
CAN60,2011-12-29,11841.7002,2012-01-05,12237.4004,4,7,0.1,0.0033138,-5e-05,-2e-05,0.0,-1.94e-05,-4.86e-05,0.0,0.0031757,0.0334158,False
CAN60,2012-01-30,12436.4004,2012-02-03,12577.2998,4,4,0.1,0.0011286,-5e-05,-2e-05,0.0,-1.11e-05,-2.78e-05,0.0,0.0010197,0.0113296,False
CAN60,2012-02-28,12740.5,2012-03-05,12524.0,4,6,0.1,-0.0017026,-5e-05,-2e-05,0.0,-1.67e-05,-4.17e-05,0.0,-0.0018309,-0.0169931,False
CAN60,2012-03-29,12339.4004,2012-04-04,12178.7002,4,6,0.1,-0.0012879,-5e-05,-2e-05,0.0,-1.67e-05,-4.17e-05,0.0,-0.0014162,-0.0130233,False
CAN60,2012-04-27,12237.7998,2012-05-03,12014.9004,4,6,0.1,-0.0018175,-5e-05,-2e-05,0.0,-1.67e-05,-4.17e-05,0.0,-0.0019458,-0.018214,False
CAN60,2012-05-30,11433.2002,2012-06-05,11507.7002,4,6,0.1,0.0006724,-5e-05,-2e-05,0.0,-1.67e-05,-4.17e-05,0.0,0.000544,0.0065161,False
CAN60,2012-06-28,11424.7002,2012-07-05,11817.0,4,7,0.1,0.0034155,-5e-05,-2e-05,0.0,-1.94e-05,-4.86e-05,0.0,0.0032774,0.0343379,False
CAN60,2012-07-30,11757.9004,2012-08-03,11662.5996,4,4,0.1,-0.0007961,-5e-05,-2e-05,0.0,-1.11e-05,-2.78e-05,0.0,-0.000905,-0.0081053,False
CAN60,2012-08-30,11886.7002,2012-09-06,12139.7002,4,7,0.1,0.002116,-5e-05,-2e-05,0.0,-1.94e-05,-4.86e-05,0.0,0.001978,0.0212843,False
CAN60,2012-09-27,12338.9004,2012-10-03,12359.5,4,6,0.1,0.0001683,-5e-05,-2e-05,0.0,-1.67e-05,-4.17e-05,0.0,4e-05,0.0016695,False
CAN60,2012-10-30,12377.0,2012-11-05,12352.7998,4,6,0.1,-0.0001883,-5e-05,-2e-05,0.0,-1.67e-05,-4.17e-05,0.0,-0.0003166,-0.0019553,False
CAN60,2012-11-29,12202.9004,2012-12-05,12157.2998,4,6,0.1,-0.0003718,-5e-05,-2e-05,0.0,-1.67e-05,-4.17e-05,0.0,-0.0005002,-0.0037369,False
CAN60,2012-12-28,12316.0996,2013-01-04,12540.7998,4,7,0.1,0.0018194,-5e-05,-2e-05,0.0,-1.94e-05,-4.86e-05,0.0,0.0016813,0.0182444,False
CAN60,2013-01-30,12794.4004,2013-02-05,12745.7002,4,6,0.1,-0.0003745,-5e-05,-2e-05,0.0,-1.67e-05,-4.17e-05,0.0,-0.0005028,-0.0038064,False
CAN60,2013-02-27,12732.4004,2013-03-05,12736.0,4,6,0.1,3.3e-05,-5e-05,-2e-05,0.0,-1.67e-05,-4.17e-05,0.0,-9.53e-05,0.0002827,False
CAN60,2013-03-27,12699.7002,2013-04-03,12422.0996,4,7,0.1,-0.0021871,-5e-05,-2e-05,0.0,-1.94e-05,-4.86e-05,0.0,-0.0023251,-0.0218588,False
CAN60,2013-04-29,12312.7002,2013-05-03,12438.0,4,4,0.1,0.0010274,-5e-05,-2e-05,0.0,-1.11e-05,-2.78e-05,0.0,0.0009185,0.0101765,False
CAN60,2013-05-30,12746.5,2013-06-05,12443.7002,4,6,0.1,-0.0023936,-5e-05,-2e-05,0.0,-1.67e-05,-4.17e-05,0.0,-0.0025219,-0.0237555,False
CAN60,2013-06-27,12005.7998,2013-07-04,12166.7002,4,7,0.1,0.0013379,-5e-05,-2e-05,0.0,-1.94e-05,-4.86e-05,0.0,0.0011998,0.0134019,False
CAN60,2013-07-30,12581.7998,2013-08-06,12469.2998,4,7,0.1,-0.0008859,-5e-05,-2e-05,0.0,-1.94e-05,-4.86e-05,0.0,-0.001024,-0.0089415,False
CAN60,2013-08-29,12704.7002,2013-09-05,12845.0996,4,7,0.1,0.0011046,-5e-05,-2e-05,0.0,-1.94e-05,-4.86e-05,0.0,0.0009665,0.011051,False
CAN60,2013-09-27,12844.0996,2013-10-03,12735.0996,4,6,0.1,-0.0008469,-5e-05,-2e-05,0.0,-1.67e-05,-4.17e-05,0.0,-0.0009752,-0.0084864,False
CAN60,2013-10-30,13455.2998,2013-11-05,13361.7002,4,6,0.1,-0.0006953,-5e-05,-2e-05,0.0,-1.67e-05,-4.17e-05,0.0,-0.0008236,-0.0069563,False
CAN60,2013-11-28,13370.7998,2013-12-04,13304.9004,4,6,0.1,-0.0004909,-5e-05,-2e-05,0.0,-1.67e-05,-4.17e-05,0.0,-0.0006192,-0.0049286,False
CAN60,2013-12-30,13581.4004,2014-01-06,13495.5,4,7,0.1,-0.0006325,-5e-05,-2e-05,0.0,-1.94e-05,-4.86e-05,0.0,-0.0007706,-0.0063249,False
CAN60,2014-01-30,13735.2998,2014-02-05,13559.7002,4,6,0.1,-0.0012736,-5e-05,-2e-05,0.0,-1.67e-05,-4.17e-05,0.0,-0.0014019,-0.0127845,False
CAN60,2014-02-27,14214.7002,2014-03-05,14304.2002,4,6,0.1,0.0006292,-5e-05,-2e-05,0.0,-1.67e-05,-4.17e-05,0.0,0.0005009,0.0062963,False
CAN60,2014-03-28,14260.7002,2014-04-03,14402.2002,4,6,0.1,0.0009915,-5e-05,-2e-05,0.0,-1.67e-05,-4.17e-05,0.0,0.0008631,0.0099224,False
CAN60,2014-04-29,14583.0996,2014-05-05,14697.0,4,6,0.1,0.0007826,-5e-05,-2e-05,0.0,-1.67e-05,-4.17e-05,0.0,0.0006543,0.0078104,False
CAN60,2014-05-29,14589.0,2014-06-04,14796.7998,4,6,0.1,0.0014173,-5e-05,-2e-05,0.0,-1.67e-05,-4.17e-05,0.0,0.001289,0.0142436,False
CAN60,2014-06-27,15094.2998,2014-07-04,15215.0,4,7,0.1,0.0007979,-5e-05,-2e-05,0.0,-1.94e-05,-4.86e-05,0.0,0.0006599,0.0079964,False
CAN60,2014-07-30,15524.7998,2014-08-06,15202.0996,4,7,0.1,-0.0020896,-5e-05,-2e-05,0.0,-1.94e-05,-4.86e-05,0.0,-0.0022276,-0.0207861,False
CAN60,2014-08-28,15558.2002,2014-09-04,15576.7998,4,7,0.1,0.0001221,-5e-05,-2e-05,0.0,-1.94e-05,-4.86e-05,0.0,-1.6e-05,0.0011955,False
CAN60,2014-09-29,14976.9004,2014-10-03,14789.7998,4,4,0.1,-0.001251,-5e-05,-2e-05,0.0,-1.11e-05,-2.78e-05,0.0,-0.0013599,-0.0124926,False
CAN60,2014-10-30,14458.7002,2014-11-05,14548.2998,4,6,0.1,0.0006359,-5e-05,-2e-05,0.0,-1.67e-05,-4.17e-05,0.0,0.0005076,0.0061969,False
CAN60,2014-11-27,14922.4004,2014-12-03,14754.0996,4,6,0.1,-0.0011196,-5e-05,-2e-05,0.0,-1.67e-05,-4.17e-05,0.0,-0.001248,-0.0112784,False
CAN60,2014-12-30,14640.0,2015-01-06,14246.7998,4,7,0.1,-0.0026835,-5e-05,-2e-05,0.0,-1.94e-05,-4.86e-05,0.0,-0.0028215,-0.0268579,False
CAN60,2015-01-29,14637.2998,2015-02-04,14995.7002,4,6,0.1,0.0024381,-5e-05,-2e-05,0.0,-1.25e-05,-4.17e-05,0.0,0.0023139,0.0244854,False
CAN60,2015-02-26,15241.2002,2015-03-04,15082.7998,4,6,0.1,-0.0010403,-5e-05,-2e-05,0.0,-1.25e-05,-4.17e-05,0.0,-0.0011645,-0.0103929,False
CAN60,2015-03-30,14908.4004,2015-04-06,15100.7002,4,7,0.1,0.0012848,-5e-05,-2e-05,0.0,-1.46e-05,-4.86e-05,0.0,0.0011516,0.0128988,False
CAN60,2015-04-29,15347.2998,2015-05-05,15173.9004,4,6,0.1,-0.001122,-5e-05,-2e-05,0.0,-1.25e-05,-4.17e-05,0.0,-0.0012462,-0.0112984,False
CAN60,2015-05-28,15107.0,2015-06-03,15154.7002,4,6,0.1,0.0003187,-5e-05,-2e-05,0.0,-1.25e-05,-4.17e-05,0.0,0.0001945,0.0031575,False
CAN60,2015-06-29,14490.2002,2015-07-06,14593.5996,4,7,0.1,0.000716,-5e-05,-2e-05,0.0,-1.46e-05,-4.86e-05,0.0,0.0005828,0.0071358,False
CAN60,2015-07-30,14382.7998,2015-08-06,14405.9004,4,7,0.1,0.0001647,-5e-05,-2e-05,0.0,-9.7e-06,-4.86e-05,0.0,3.63e-05,0.0016061,False
CAN60,2015-08-28,13865.0996,2015-09-03,13596.4004,4,6,0.1,-0.0019174,-5e-05,-2e-05,0.0,-8.3e-06,-4.17e-05,0.0,-0.0020374,-0.0193795,False
CAN60,2015-09-29,13037.0,2015-10-05,13552.2002,4,6,0.1,0.0039134,-5e-05,-2e-05,0.0,-8.3e-06,-4.17e-05,0.0,0.0037934,0.0395183,False
CAN60,2015-10-29,13791.9004,2015-11-04,13661.7998,4,6,0.1,-0.0009244,-5e-05,-2e-05,0.0,-8.3e-06,-4.17e-05,0.0,-0.0010444,-0.0094331,False
CAN60,2015-11-27,13368.2002,2015-12-03,13324.7002,4,6,0.1,-0.0003021,-5e-05,-2e-05,0.0,-8.3e-06,-4.17e-05,0.0,-0.0004221,-0.003254,False
CAN60,2015-12-30,13142.2998,2016-01-06,12726.7998,4,7,0.1,-0.0031941,-5e-05,-2e-05,0.0,-9.7e-06,-4.86e-05,0.0,-0.0033225,-0.0316155,False
CAN60,2016-01-28,12591.9004,2016-02-03,12593.0,4,6,0.1,5.62e-05,-5e-05,-2e-05,0.0,-8.3e-06,-4.17e-05,0.0,-6.38e-05,8.73e-05,False
CAN60,2016-02-26,12797.7998,2016-03-03,13123.7002,4,6,0.1,0.002524,-5e-05,-2e-05,0.0,-8.3e-06,-4.17e-05,0.0,0.002404,0.0254653,False
CAN60,2016-03-30,13504.0,2016-04-05,13304.7002,4,6,0.1,-0.0014827,-5e-05,-2e-05,0.0,-8.3e-06,-4.17e-05,0.0,-0.0016027,-0.0147586,False
CAN60,2016-04-28,13886.4004,2016-05-04,13632.0,4,6,0.1,-0.0018379,-5e-05,-2e-05,0.0,-8.3e-06,-4.17e-05,0.0,-0.0019579,-0.0183201,False
CAN60,2016-05-30,14086.7002,2016-06-03,14226.7998,4,4,0.1,0.0009931,-5e-05,-2e-05,0.0,-5.6e-06,-2.78e-05,0.0,0.0008898,0.0099455,False
CAN60,2016-06-29,14036.7002,2016-07-06,14231.0996,4,7,0.1,0.0013855,-5e-05,-2e-05,0.0,-9.7e-06,-4.86e-05,0.0,0.0012572,0.0138494,False
CAN60,2016-07-28,14552.7002,2016-08-04,14528.7998,4,7,0.1,-0.0001612,-5e-05,-2e-05,0.0,-9.7e-06,-4.86e-05,0.0,-0.0002895,-0.0016423,False
CAN60,2016-08-30,14684.9004,2016-09-06,14813.0,4,7,0.1,0.000875,-5e-05,-2e-05,0.0,-9.7e-06,-4.86e-05,0.0,0.0007466,0.0087232,False
CAN60,2016-09-29,14754.5996,2016-10-05,14610.5996,4,6,0.1,-0.0009718,-5e-05,-2e-05,0.0,-8.3e-06,-4.17e-05,0.0,-0.0010918,-0.0097597,False
CAN60,2016-10-28,14785.2998,2016-11-03,14583.4004,4,6,0.1,-0.0013671,-5e-05,-2e-05,0.0,-8.3e-06,-4.17e-05,0.0,-0.0014871,-0.0136554,False
CAN60,2016-11-29,14999.7998,2016-12-05,15095.2002,4,6,0.1,0.0006367,-5e-05,-2e-05,0.0,-8.3e-06,-4.17e-05,0.0,0.0005167,0.0063601,False
CAN60,2016-12-29,15422.0996,2017-01-05,15586.5996,4,7,0.1,0.0010714,-5e-05,-2e-05,0.0,-9.7e-06,-4.86e-05,0.0,0.0009431,0.0106665,False
CAN60,2017-01-30,15405.0996,2017-02-03,15476.4004,4,4,0.1,0.0004632,-5e-05,-2e-05,0.0,-5.6e-06,-2.78e-05,0.0,0.0003598,0.0046284,False
CAN60,2017-02-27,15463.5,2017-03-03,15608.5,4,4,0.1,0.0009445,-5e-05,-2e-05,0.0,-5.6e-06,-2.78e-05,0.0,0.0008411,0.0093769,False
CAN60,2017-03-30,15578.7998,2017-04-05,15643.0,4,6,0.1,0.0004133,-5e-05,-2e-05,0.0,-8.3e-06,-4.17e-05,0.0,0.0002933,0.004121,False
CAN60,2017-04-27,15506.5,2017-05-03,15543.0996,4,6,0.1,0.0002387,-5e-05,-2e-05,0.0,-8.3e-06,-4.17e-05,0.0,0.0001187,0.0023603,False
CAN60,2017-05-30,15372.4004,2017-06-05,15409.7998,4,6,0.1,0.0002465,-5e-05,-2e-05,0.0,-8.3e-06,-4.17e-05,0.0,0.0001265,0.0024329,False
CAN60,2017-06-29,15213.4004,2017-07-06,15078.0,4,7,0.1,-0.0008919,-5e-05,-2e-05,0.0,-9.7e-06,-4.86e-05,0.0,-0.0010202,-0.0089001,False
CAN60,2017-07-28,15128.7002,2017-08-03,15192.0,4,6,0.1,0.0004204,-5e-05,-2e-05,0.0,-1.25e-05,-4.17e-05,0.0,0.0002962,0.0041841,False
CAN60,2017-08-30,15133.0996,2017-09-06,15059.7998,4,7,0.1,-0.0004817,-5e-05,-2e-05,0.0,-1.46e-05,-4.86e-05,0.0,-0.0006149,-0.0048437,False
CAN60,2017-09-28,15618.2998,2017-10-04,15721.0,4,6,0.1,0.0006566,-5e-05,-2e-05,0.0,-1.67e-05,-4.17e-05,0.0,0.0005283,0.0065756,False
CAN60,2017-10-30,16002.7998,2017-11-03,16020.2002,4,4,0.1,0.0001088,-5e-05,-2e-05,0.0,-1.11e-05,-2.78e-05,0.0,-1e-07,0.0010873,False
CAN60,2017-11-29,15967.7002,2017-12-05,15915.7002,4,6,0.1,-0.0003226,-5e-05,-2e-05,0.0,-1.67e-05,-4.17e-05,0.0,-0.0004509,-0.0032566,False
CAN60,2017-12-28,16222.0,2018-01-04,16412.9004,4,7,0.1,0.0011729,-5e-05,-2e-05,0.0,-1.94e-05,-4.86e-05,0.0,0.0010349,0.011768,False
CAN60,2018-01-30,15955.5,2018-02-05,15334.7998,4,6,0.1,-0.0039379,-5e-05,-2e-05,0.0,-2.08e-05,-4.17e-05,0.0,-0.0040704,-0.038902,False
CAN60,2018-02-27,15671.2002,2018-03-05,15541.2998,4,6,0.1,-0.000816,-5e-05,-2e-05,0.0,-2.08e-05,-4.17e-05,0.0,-0.0009485,-0.0082891,False
CAN60,2018-03-28,15169.9004,2018-04-04,15164.4004,4,7,0.1,-2.25e-05,-5e-05,-2e-05,0.0,-2.43e-05,-4.86e-05,0.0,-0.0001655,-0.0003626,False
CAN60,2018-04-27,15668.9004,2018-05-03,15621.5,4,6,0.1,-0.0003022,-5e-05,-2e-05,0.0,-2.08e-05,-4.17e-05,0.0,-0.0004347,-0.0030251,False
CAN60,2018-05-30,16048.7002,2018-06-05,16122.2998,4,6,0.1,0.0004586,-5e-05,-2e-05,0.0,-2.08e-05,-4.17e-05,0.0,0.0003261,0.004586,False
CAN60,2018-06-28,16179.9004,2018-07-05,16266.5996,4,7,0.1,0.0005369,-5e-05,-2e-05,0.0,-2.43e-05,-4.86e-05,0.0,0.000394,0.0053585,False
CAN60,2018-07-30,16345.5,2018-08-03,16420.1992,4,4,0.1,0.0004582,-5e-05,-2e-05,0.0,-1.67e-05,-2.78e-05,0.0,0.0003438,0.00457,False
CAN60,2018-08-30,16371.5996,2018-09-06,16100.9004,4,7,0.1,-0.0016628,-5e-05,-2e-05,0.0,-2.92e-05,-4.86e-05,0.0,-0.0018105,-0.0165347,False
CAN60,2018-09-27,16204.5996,2018-10-03,16072.0996,4,6,0.1,-0.0008155,-5e-05,-2e-05,0.0,-2.5e-05,-4.17e-05,0.0,-0.0009521,-0.0081767,False
CAN60,2018-10-30,14894.5,2018-11-05,15217.7002,4,6,0.1,0.0021563,-5e-05,-2e-05,0.0,-2.92e-05,-4.17e-05,0.0,0.0020155,0.0216993,False
CAN60,2018-11-29,15194.0,2018-12-05,15182.5996,4,6,0.1,-6.1e-05,-5e-05,-2e-05,0.0,-2.92e-05,-4.17e-05,0.0,-0.0002018,-0.0007503,False
CAN60,2018-12-28,14222.0,2019-01-04,14426.5996,4,7,0.1,0.0014466,-5e-05,-2e-05,0.0,-3.4e-05,-4.86e-05,0.0,0.001294,0.0143861,False
CAN60,2019-01-30,15484.5996,2019-02-05,15702.7002,4,6,0.1,0.0014035,-5e-05,-2e-05,0.0,-2.92e-05,-4.17e-05,0.0,0.0012627,0.014085,False
CAN60,2019-02-27,16074.2998,2019-03-05,16086.5,4,6,0.1,7.85e-05,-5e-05,-2e-05,0.0,-2.92e-05,-4.17e-05,0.0,-6.23e-05,0.000759,False
CAN60,2019-03-28,16155.5,2019-04-03,16279.9004,4,6,0.1,0.000771,-5e-05,-2e-05,0.0,-2.92e-05,-4.17e-05,0.0,0.0006301,0.0077002,False
CAN60,2019-04-29,16600.4004,2019-05-03,16494.4004,4,4,0.1,-0.0006366,-5e-05,-2e-05,0.0,-1.94e-05,-2.78e-05,0.0,-0.0007538,-0.0063854,False
CAN60,2019-05-30,16089.2002,2019-06-05,16212.7002,4,6,0.1,0.0007701,-5e-05,-2e-05,0.0,-2.92e-05,-4.17e-05,0.0,0.0006292,0.007676,False
CAN60,2019-06-27,16307.7002,2019-07-04,16588.9004,4,7,0.1,0.0017142,-5e-05,-2e-05,0.0,-3.4e-05,-4.86e-05,0.0,0.0015616,0.0172434,False
CAN60,2019-07-30,16466.0996,2019-08-06,16149.5,4,7,0.1,-0.0019357,-5e-05,-2e-05,0.0,-3.4e-05,-4.86e-05,0.0,-0.0020884,-0.0192274,False
CAN60,2019-08-29,16384.5,2019-09-05,16574.8008,4,7,0.1,0.0011591,-5e-05,-2e-05,0.0,-3.4e-05,-4.86e-05,0.0,0.0010065,0.0116147,False
CAN60,2019-09-27,16694.3008,2019-10-03,16369.0,4,6,0.1,-0.0019554,-5e-05,-2e-05,0.0,-2.92e-05,-4.17e-05,0.0,-0.0020962,-0.0194857,False
CAN60,2019-10-30,16501.4004,2019-11-05,16681.9004,4,6,0.1,0.0010913,-5e-05,-2e-05,0.0,-2.92e-05,-4.17e-05,0.0,0.0009505,0.0109385,False
CAN60,2019-11-28,17114.5,2019-12-04,16897.3008,4,6,0.1,-0.0012743,-5e-05,-2e-05,0.0,-2.92e-05,-4.17e-05,0.0,-0.0014151,-0.0126909,False
CAN60,2019-12-30,17098.5996,2020-01-06,17105.5,4,7,0.1,4.13e-05,-5e-05,-2e-05,0.0,-3.4e-05,-4.86e-05,0.0,-0.0001114,0.0004036,False
CAN60,2020-01-30,17490.5996,2020-02-05,17651.5996,4,6,0.1,0.0009278,-5e-05,-2e-05,0.0,-2.92e-05,-4.17e-05,0.0,0.000787,0.0092049,False
CAN60,2020-02-27,16717.4004,2020-03-04,16779.5,4,6,0.1,0.0004504,-5e-05,-2e-05,0.0,-2.92e-05,-4.17e-05,0.0,0.0003095,0.0037147,False
CAN60,2020-03-30,13038.5,2020-04-03,12938.2998,4,4,0.1,-0.0006436,-5e-05,-2e-05,0.0,-2.8e-06,-2.78e-05,0.0,-0.0007441,-0.0076849,False
CAN60,2020-04-29,15228.0996,2020-05-05,14811.5996,4,6,0.1,-0.0027186,-5e-05,-2e-05,0.0,-4.2e-06,-4.17e-05,0.0,-0.0028344,-0.0273508,False
CAN60,2020-05-28,15262.7002,2020-06-03,15575.0996,4,6,0.1,0.0020398,-5e-05,-2e-05,0.0,-4.2e-06,-4.17e-05,0.0,0.001924,0.0204682,False
CAN60,2020-06-29,15389.7002,2020-07-06,15669.7002,4,7,0.1,0.00181,-5e-05,-2e-05,0.0,-4.9e-06,-4.86e-05,0.0,0.0016865,0.018194,False
CAN60,2020-07-30,16299.2998,2020-08-06,16579.0996,4,7,0.1,0.0017172,-5e-05,-2e-05,0.0,-4.9e-06,-4.86e-05,0.0,0.0015937,0.0171664,False
CAN60,2020-08-28,16705.8008,2020-09-03,16448.9004,4,6,0.1,-0.0015283,-5e-05,-2e-05,0.0,-4.2e-06,-4.17e-05,0.0,-0.0016441,-0.0153779,False
CAN60,2020-09-29,16211.5,2020-10-05,16410.1992,4,6,0.1,0.001229,-5e-05,-2e-05,0.0,-4.2e-06,-4.17e-05,0.0,0.0011131,0.0122567,False
CAN60,2020-10-29,15670.7002,2020-11-04,15998.7002,4,6,0.1,0.0020884,-5e-05,-2e-05,0.0,-4.2e-06,-4.17e-05,0.0,0.0019726,0.0209308,False
CAN60,2020-11-27,17396.5996,2020-12-03,17398.0,4,6,0.1,1.79e-05,-5e-05,-2e-05,0.0,-4.2e-06,-4.17e-05,0.0,-9.79e-05,8.05e-05,False
SWI20,1990-11-29,1368.3,1990-12-05,1411.4,4,6,0.1,0.0031268,-5e-05,-2e-05,0.0,-0.0001,-4.17e-05,0.0,0.0029151,0.0314989,False
SWI20,1990-12-27,1384.0,1991-01-07,1340.3,4,11,0.1,-0.0031786,-5e-05,-2e-05,0.0,-0.0001833,-7.64e-05,0.0,-0.0035083,-0.0315751,False
SWI20,1991-01-30,1438.6,1991-02-05,1472.5,4,6,0.1,0.0023415,-5e-05,-2e-05,0.0,-0.0001,-4.17e-05,0.0,0.0021298,0.0235646,False
SWI20,1991-02-27,1589.5,1991-03-05,1592.0,4,6,0.1,0.0001794,-5e-05,-2e-05,0.0,-0.0001,-4.17e-05,0.0,-3.22e-05,0.0015728,False
SWI20,1991-03-27,1650.6,1991-04-04,1676.9,4,8,0.1,0.0015917,-5e-05,-2e-05,0.0,-0.0001333,-5.56e-05,0.0,0.0013328,0.0159336,False
SWI20,1991-04-29,1669.7,1991-05-06,1657.3,4,7,0.1,-0.000734,-5e-05,-2e-05,0.0,-0.0001167,-4.86e-05,0.0,-0.0009693,-0.0074264,False
SWI20,1991-05-30,1714.7,1991-06-05,1730.2,4,6,0.1,0.0009148,-5e-05,-2e-05,0.0,-0.0001,-4.17e-05,0.0,0.0007031,0.0090395,False
SWI20,1991-06-27,1677.0,1991-07-03,1678.6,4,6,0.1,0.0001053,-5e-05,-2e-05,0.0,-0.0001,-4.17e-05,0.0,-0.0001064,0.0009541,False
SWI20,1991-07-30,1725.3,1991-07-31,1727.2,1,1,0.1,0.0001101,-5e-05,-2e-05,0.0,-1.67e-05,-6.9e-06,0.0,1.65e-05,0.0011012,False
SWI20,1991-08-02,1731.6,1991-08-06,1716.9,2,4,0.1,-0.0008507,-5e-05,-2e-05,0.0,-6.67e-05,-2.78e-05,0.0,-0.0010152,-0.0084892,False
SWI20,1991-08-29,1737.4,1991-09-04,1726.9,4,6,0.1,-0.0006055,-5e-05,-2e-05,0.0,-0.0001167,-4.17e-05,0.0,-0.0008339,-0.0060435,False
SWI20,1991-09-27,1669.3,1991-10-03,1686.8,4,6,0.1,0.0010485,-5e-05,-2e-05,0.0,-0.0001167,-4.17e-05,0.0,0.0008202,0.0104834,False
SWI20,1991-10-30,1693.0,1991-11-05,1683.9,4,6,0.1,-0.0005348,-5e-05,-2e-05,0.0,-0.0001167,-4.17e-05,0.0,-0.0007632,-0.0053751,False
SWI20,1991-11-28,1638.7,1991-12-04,1625.0,4,6,0.1,-0.000813,-5e-05,-2e-05,0.0,-0.0001167,-4.17e-05,0.0,-0.0010413,-0.0083603,False
SWI20,1991-12-27,1655.7,1992-01-07,1700.5,4,11,0.1,0.0026972,-5e-05,-2e-05,0.0,-0.0002139,-7.64e-05,0.0,0.0023369,0.0270581,False
SWI20,1992-01-30,1747.1,1992-02-05,1764.7,4,6,0.1,0.0010053,-5e-05,-2e-05,0.0,-0.0001167,-4.17e-05,0.0,0.0007769,0.0100738,False
SWI20,1992-02-27,1828.2,1992-03-04,1850.0,4,6,0.1,0.0011883,-5e-05,-2e-05,0.0,-0.0001167,-4.17e-05,0.0,0.0009599,0.0119243,False
SWI20,1992-03-30,1839.2,1992-04-03,1829.1,4,4,0.1,-0.0005459,-5e-05,-2e-05,0.0,-7.78e-05,-2.78e-05,0.0,-0.0007214,-0.0054915,False
SWI20,1992-04-29,1874.2,1992-05-06,1937.3,4,7,0.1,0.0033286,-5e-05,-2e-05,0.0,-0.0001361,-4.86e-05,0.0,0.0030738,0.0336678,False
SWI20,1992-05-27,1914.2,1992-06-03,1915.2,4,7,0.1,5.67e-05,-5e-05,-2e-05,0.0,-0.0001361,-4.86e-05,0.0,-0.000198,0.0005224,False
SWI20,1992-06-29,1846.6,1992-07-03,1883.7,4,4,0.1,0.0020049,-5e-05,-2e-05,0.0,-7.78e-05,-2.78e-05,0.0,0.0018294,0.020091,False
SWI20,1992-07-30,1806.1,1992-08-05,1820.3,4,6,0.1,0.0007894,-5e-05,-2e-05,0.0,-0.0001167,-4.17e-05,0.0,0.0005611,0.0078623,False
SWI20,1992-08-28,1745.7,1992-09-03,1774.6,4,6,0.1,0.0016492,-5e-05,-2e-05,0.0,-0.0001167,-4.17e-05,0.0,0.0014208,0.016555,False
SWI20,1992-09-29,1880.2,1992-10-05,1787.3,4,6,0.1,-0.0049666,-5e-05,-2e-05,0.0,-0.0001,-4.17e-05,0.0,-0.0051783,-0.0494096,False
SWI20,1992-10-29,1905.0,1992-11-04,1942.0,4,6,0.1,0.0019285,-5e-05,-2e-05,0.0,-0.0001,-4.17e-05,0.0,0.0017168,0.0194226,False
SWI20,1992-11-27,1914.6,1992-12-03,1928.6,4,6,0.1,0.000733,-5e-05,-2e-05,0.0,-0.0001,-4.17e-05,0.0,0.0005214,0.0073122,False
SWI20,1992-12-29,2089.3999,1993-01-06,2124.5,4,8,0.1,0.0016721,-5e-05,-2e-05,0.0,-0.0001333,-5.56e-05,0.0,0.0014132,0.0167991,False
SWI20,1993-01-28,2072.6001,1993-02-03,2120.6001,4,6,0.1,0.0023035,-5e-05,-2e-05,0.0,-9.17e-05,-4.17e-05,0.0,0.0021002,0.0231593,False
SWI20,1993-02-25,2061.3,1993-03-03,2142.0,4,6,0.1,0.0038648,-5e-05,-2e-05,0.0,-9.17e-05,-4.17e-05,0.0,0.0036614,0.03915,False
SWI20,1993-03-30,2189.3,1993-04-05,2183.8999,4,6,0.1,-0.0002465,-5e-05,-2e-05,0.0,-8.33e-05,-4.17e-05,0.0,-0.0004415,-0.0024666,False
SWI20,1993-04-29,2122.8999,1993-05-05,2166.7,4,6,0.1,0.0020496,-5e-05,-2e-05,0.0,-8.33e-05,-4.17e-05,0.0,0.0018546,0.0206322,False
SWI20,1993-05-27,2268.1001,1993-05-28,2270.7,1,1,0.1,0.0001146,-5e-05,-2e-05,0.0,-1.39e-05,-6.9e-06,0.0,2.38e-05,0.0011463,False
SWI20,1993-06-01,2252.8999,1993-06-03,2268.8999,2,2,0.1,0.000709,-5e-05,-2e-05,0.0,-2.78e-05,-1.39e-05,0.0,0.0005973,0.007102,False
SWI20,1993-06-29,2371.3999,1993-07-05,2364.0,4,6,0.1,-0.0003116,-5e-05,-2e-05,0.0,-7.92e-05,-4.17e-05,0.0,-0.0005024,-0.0031205,False
SWI20,1993-07-29,2400.6001,1993-08-04,2430.7,4,6,0.1,0.0012539,-5e-05,-2e-05,0.0,-7.5e-05,-4.17e-05,0.0,0.0010672,0.0125385,False
SWI20,1993-08-30,2481.0,1993-09-03,2438.8,4,4,0.1,-0.0017062,-5e-05,-2e-05,0.0,-5e-05,-2.78e-05,0.0,-0.0018539,-0.0170093,False
SWI20,1993-09-29,2485.3999,1993-10-05,2521.3,4,6,0.1,0.0014442,-5e-05,-2e-05,0.0,-7.5e-05,-4.17e-05,0.0,0.0012576,0.0144444,False
SWI20,1993-10-28,2720.8999,1993-11-03,2749.8999,4,6,0.1,0.0010623,-5e-05,-2e-05,0.0,-7.08e-05,-4.17e-05,0.0,0.0008798,0.0106582,False
SWI20,1993-11-29,2738.2,1993-12-03,2819.0,4,4,0.1,0.0029242,-5e-05,-2e-05,0.0,-4.72e-05,-2.78e-05,0.0,0.0027792,0.0295085,False
SWI20,1993-12-29,2934.2,1994-01-05,3009.3999,4,7,0.1,0.0025428,-5e-05,-2e-05,0.0,-7.78e-05,-4.86e-05,0.0,0.0023464,0.0256288,False
SWI20,1994-01-28,3140.7,1994-02-03,3151.8999,4,6,0.1,0.0003711,-5e-05,-2e-05,0.0,-6.67e-05,-4.17e-05,0.0,0.0001927,0.0035661,False
SWI20,1994-02-25,2929.3,1994-03-03,2803.3999,4,6,0.1,-0.0043261,-5e-05,-2e-05,0.0,-6.67e-05,-4.17e-05,0.0,-0.0045044,-0.0429796,False
SWI20,1994-03-30,2814.5,1994-04-07,2860.8999,4,8,0.1,0.0016478,-5e-05,-2e-05,0.0,-8.89e-05,-5.56e-05,0.0,0.0014333,0.016486,False
SWI20,1994-04-28,2768.8999,1994-05-04,2705.6001,4,6,0.1,-0.0022827,-5e-05,-2e-05,0.0,-5.83e-05,-4.17e-05,0.0,-0.0024527,-0.022861,False
SWI20,1994-05-30,2742.8999,1994-06-03,2728.3999,4,4,0.1,-0.0005266,-5e-05,-2e-05,0.0,-3.89e-05,-2.78e-05,0.0,-0.0006633,-0.0052864,False
SWI20,1994-06-29,2631.2,1994-07-05,2609.7,4,6,0.1,-0.0007921,-5e-05,-2e-05,0.0,-5.83e-05,-4.17e-05,0.0,-0.0009621,-0.0081712,False
SWI20,1994-07-28,2559.3,1994-08-04,2615.3,4,7,0.1,0.0021871,-5e-05,-2e-05,0.0,-6.81e-05,-4.86e-05,0.0,0.0020004,0.021881,False
SWI20,1994-08-30,2635.7,1994-09-05,2674.5,4,6,0.1,0.0014778,-5e-05,-2e-05,0.0,-5.83e-05,-4.17e-05,0.0,0.0013078,0.014721,False
SWI20,1994-09-29,2558.0,1994-10-05,2480.3999,4,6,0.1,-0.0030484,-5e-05,-2e-05,0.0,-5.83e-05,-4.17e-05,0.0,-0.0032184,-0.0303362,False
SWI20,1994-10-28,2490.5,1994-11-03,2534.8,4,6,0.1,0.001775,-5e-05,-2e-05,0.0,-5.83e-05,-4.17e-05,0.0,0.001605,0.0177876,False
SWI20,1994-11-29,2584.7,1994-12-05,2611.0,4,6,0.1,0.0010242,-5e-05,-2e-05,0.0,-5.83e-05,-4.17e-05,0.0,0.0008542,0.0101753,False
SWI20,1994-12-28,2656.2,1995-01-05,2613.1001,4,8,0.1,-0.0016229,-5e-05,-2e-05,0.0,-7.78e-05,-5.56e-05,0.0,-0.0018263,-0.0162261,False
SWI20,1995-01-30,2540.2,1995-02-03,2589.3999,4,4,0.1,0.0019279,-5e-05,-2e-05,0.0,-3.89e-05,-2.78e-05,0.0,0.0017912,0.0193685,False
SWI20,1995-02-27,2607.5,1995-03-03,2586.5,4,4,0.1,-0.0007987,-5e-05,-2e-05,0.0,-3.89e-05,-2.78e-05,0.0,-0.0009354,-0.0080537,False
SWI20,1995-03-30,2533.1001,1995-04-05,2536.3,4,6,0.1,0.0001358,-5e-05,-2e-05,0.0,-5.14e-05,-4.17e-05,0.0,-2.72e-05,0.0012633,False
SWI20,1995-04-27,2567.0,1995-05-04,2641.7,4,7,0.1,0.0028836,-5e-05,-2e-05,0.0,-5.83e-05,-4.86e-05,0.0,0.0027066,0.0291001,False
SWI20,1995-05-30,2779.3999,1995-06-06,2809.7,4,7,0.1,0.0010877,-5e-05,-2e-05,0.0,-5.83e-05,-4.86e-05,0.0,0.0009107,0.0109017,False
SWI20,1995-06-29,2845.6001,1995-07-05,2843.7,4,6,0.1,-6.16e-05,-5e-05,-2e-05,0.0,-5e-05,-4.17e-05,0.0,-0.0002233,-0.0006677,False
SWI20,1995-07-28,2833.1001,1995-08-04,2807.1001,4,7,0.1,-0.0009084,-5e-05,-2e-05,0.0,-4.86e-05,-4.86e-05,0.0,-0.0010756,-0.0091772,False
SWI20,1995-08-30,2915.7,1995-09-05,2971.1001,4,6,0.1,0.0018919,-5e-05,-2e-05,0.0,-4.17e-05,-4.17e-05,0.0,0.0017385,0.0190006,False
SWI20,1995-09-28,3000.6001,1995-10-04,3036.5,4,6,0.1,0.001195,-5e-05,-2e-05,0.0,-3.33e-05,-4.17e-05,0.0,0.00105,0.0119642,False
SWI20,1995-10-30,3057.8999,1995-11-03,3137.6001,4,4,0.1,0.0025897,-5e-05,-2e-05,0.0,-2.22e-05,-2.78e-05,0.0,0.0024697,0.0260637,False
SWI20,1995-11-29,3245.8999,1995-12-05,3278.5,4,6,0.1,0.0010013,-5e-05,-2e-05,0.0,-3.33e-05,-4.17e-05,0.0,0.0008563,0.0100435,False
SWI20,1995-12-27,3317.1001,1996-01-05,3376.1001,4,9,0.1,0.001801,-5e-05,-2e-05,0.0,-3.75e-05,-6.25e-05,0.0,0.001631,0.0177866,False
SWI20,1996-01-30,3236.8,1996-02-05,3221.7,4,6,0.1,-0.0004509,-5e-05,-2e-05,0.0,-2.5e-05,-4.17e-05,0.0,-0.0005875,-0.0046651,False
SWI20,1996-02-28,3360.5,1996-03-05,3383.3999,4,6,0.1,0.0006857,-5e-05,-2e-05,0.0,-2.5e-05,-4.17e-05,0.0,0.000549,0.0068144,False
SWI20,1996-03-28,3640.3,1996-04-03,3606.7,4,6,0.1,-0.0009202,-5e-05,-2e-05,0.0,-2.5e-05,-4.17e-05,0.0,-0.0010569,-0.00923,False
SWI20,1996-04-29,3658.2,1996-05-06,3591.6001,4,7,0.1,-0.0018325,-5e-05,-2e-05,0.0,-2.92e-05,-4.86e-05,0.0,-0.0019803,-0.0182056,False
SWI20,1996-05-30,3537.7,1996-06-05,3572.0,4,6,0.1,0.000969,-5e-05,-2e-05,0.0,-2.5e-05,-4.17e-05,0.0,0.0008323,0.0096956,False
SWI20,1996-06-27,3703.0,1996-07-03,3757.0,4,6,0.1,0.001453,-5e-05,-2e-05,0.0,-2.5e-05,-4.17e-05,0.0,0.0013164,0.0145828,False
SWI20,1996-07-30,3518.2,1996-08-06,3629.0,4,7,0.1,0.0031532,-5e-05,-2e-05,0.0,-2.92e-05,-4.86e-05,0.0,0.0030055,0.0314934,False
SWI20,1996-08-29,3682.6001,1996-09-04,3634.2,4,6,0.1,-0.0013139,-5e-05,-2e-05,0.0,-2.5e-05,-4.17e-05,0.0,-0.0014505,-0.0131429,False
SWI20,1996-09-27,3696.6001,1996-10-03,3771.6001,4,6,0.1,0.0020166,-5e-05,-2e-05,0.0,-1.67e-05,-4.17e-05,0.0,0.0018883,0.0202889,False
SWI20,1996-10-30,3723.1001,1996-11-05,3784.8,4,6,0.1,0.0016492,-5e-05,-2e-05,0.0,-1.67e-05,-4.17e-05,0.0,0.0015208,0.0165722,False
SWI20,1996-11-28,3884.1001,1996-12-04,3910.6001,4,6,0.1,0.0006928,-5e-05,-2e-05,0.0,-1.67e-05,-4.17e-05,0.0,0.0005645,0.0068227,False
SWI20,1996-12-30,3948.3,1997-01-07,3922.8999,4,8,0.1,-0.0006444,-5e-05,-2e-05,0.0,-2.22e-05,-5.56e-05,0.0,-0.0007922,-0.0064332,False
SWI20,1997-01-30,4209.1001,1997-02-05,4305.5,4,6,0.1,0.0022766,-5e-05,-2e-05,0.0,-1.67e-05,-4.17e-05,0.0,0.0021483,0.0229027,False
SWI20,1997-02-27,4519.7002,1997-03-05,4547.1001,4,6,0.1,0.0006187,-5e-05,-2e-05,0.0,-1.67e-05,-4.17e-05,0.0,0.0004904,0.0060623,False
SWI20,1997-03-26,4620.5,1997-04-03,4463.8999,4,8,0.1,-0.0033841,-5e-05,-2e-05,0.0,-2.22e-05,-5.56e-05,0.0,-0.0035319,-0.0338925,False
SWI20,1997-04-29,4855.1001,1997-05-06,4988.3999,4,7,0.1,0.0027339,-5e-05,-2e-05,0.0,-1.94e-05,-4.86e-05,0.0,0.0025958,0.0274556,False
SWI20,1997-05-29,5132.1001,1997-06-04,5238.5,4,6,0.1,0.0020985,-5e-05,-2e-05,0.0,-1.67e-05,-4.17e-05,0.0,0.0019701,0.0207322,False
SWI20,1997-06-27,5700.2998,1997-07-03,5804.8999,4,6,0.1,0.0018568,-5e-05,-2e-05,0.0,-1.67e-05,-4.17e-05,0.0,0.0017284,0.0183499,False
SWI20,1997-07-30,5929.5,1997-08-06,5812.1001,4,7,0.1,-0.0019715,-5e-05,-2e-05,0.0,-1.94e-05,-4.86e-05,0.0,-0.0021095,-0.0197993,False
SWI20,1997-08-28,5217.2998,1997-09-03,5478.6001,4,6,0.1,0.0049486,-5e-05,-2e-05,0.0,-1.67e-05,-4.17e-05,0.0,0.0048203,0.0500834,False
SWI20,1997-09-29,5691.7998,1997-10-03,5929.0,4,4,0.1,0.0041167,-5e-05,-2e-05,0.0,-1.11e-05,-2.78e-05,0.0,0.0040078,0.041674,False
SWI20,1997-10-30,5370.8999,1997-11-05,5601.6001,4,6,0.1,0.0042527,-5e-05,-2e-05,0.0,-1.67e-05,-4.17e-05,0.0,0.0041244,0.0429537,False
SWI20,1997-11-27,5772.3999,1997-12-03,5922.7002,4,6,0.1,0.002588,-5e-05,-2e-05,0.0,-1.67e-05,-4.17e-05,0.0,0.0024596,0.0260377,False
SWI20,1997-12-30,6267.6001,1998-01-07,6390.0,4,8,0.1,0.0019566,-5e-05,-2e-05,0.0,-2.22e-05,-5.56e-05,0.0,0.0018088,0.019529,False
SWI20,1998-01-29,6530.3999,1998-02-04,6708.8999,4,6,0.1,0.0027139,-5e-05,-2e-05,0.0,-1.67e-05,-4.17e-05,0.0,0.0025856,0.0273337,False
SWI20,1998-02-26,7118.6001,1998-03-04,7130.5,4,6,0.1,0.0001982,-5e-05,-2e-05,0.0,-1.67e-05,-4.17e-05,0.0,6.99e-05,0.0016717,False
SWI20,1998-03-30,7536.2998,1998-04-03,7725.8999,4,4,0.1,0.0024945,-5e-05,-2e-05,0.0,-1.11e-05,-2.78e-05,0.0,0.0023856,0.0251582,False
SWI20,1998-04-29,7241.7998,1998-05-06,7610.7998,4,7,0.1,0.0050469,-5e-05,-2e-05,0.0,-1.94e-05,-4.86e-05,0.0,0.0049088,0.0509542,False
SWI20,1998-05-28,7605.0,1998-06-04,7592.8999,4,7,0.1,-0.0001507,-5e-05,-2e-05,0.0,-1.94e-05,-4.86e-05,0.0,-0.0002888,-0.0015911,False
SWI20,1998-06-29,7881.8999,1998-07-03,8099.0,4,4,0.1,0.0027387,-5e-05,-2e-05,0.0,-1.11e-05,-2.78e-05,0.0,0.0026298,0.0275441,False
SWI20,1998-07-30,8205.5,1998-08-05,7943.2002,4,6,0.1,-0.0032005,-5e-05,-2e-05,0.0,-1.67e-05,-4.17e-05,0.0,-0.0033288,-0.0319663,False
SWI20,1998-08-28,6786.8999,1998-09-03,6605.1001,4,6,0.1,-0.0025582,-5e-05,-2e-05,0.0,-1.67e-05,-4.17e-05,0.0,-0.0026865,-0.0267869,False
SWI20,1998-09-29,6019.7998,1998-10-05,5126.5,4,6,0.1,-0.0157291,-5e-05,-2e-05,0.0,-1.67e-05,-4.17e-05,0.0,-0.0158575,-0.1483936,False
SWI20,1998-10-29,6428.6001,1998-11-04,6745.3999,4,6,0.1,0.0048654,-5e-05,-2e-05,0.0,-1.67e-05,-4.17e-05,0.0,0.0047371,0.0492797,False
SWI20,1998-11-27,7216.3999,1998-12-03,6813.2998,4,6,0.1,-0.0056328,-5e-05,-2e-05,0.0,-1.67e-05,-4.17e-05,0.0,-0.0057611,-0.0558589,False
SWI20,1998-12-29,7203.0,1999-01-06,7668.7998,4,8,0.1,0.0063659,-5e-05,-2e-05,0.0,-2.22e-05,-5.56e-05,0.0,0.0062181,0.0646675,False
SWI20,1999-01-28,7137.7998,1999-02-03,7193.0,4,6,0.1,0.0007872,-5e-05,-2e-05,0.0,-1.67e-05,-4.17e-05,0.0,0.0006588,0.0077335,False
SWI20,1999-02-25,7101.7998,1999-03-03,6986.1001,4,6,0.1,-0.0016359,-5e-05,-2e-05,0.0,-1.67e-05,-4.17e-05,0.0,-0.0017643,-0.0162916,False
SWI20,1999-03-30,7024.1001,1999-04-07,7216.7998,4,8,0.1,0.0027213,-5e-05,-2e-05,0.0,-2.22e-05,-5.56e-05,0.0,0.0025735,0.0274341,False
SWI20,1999-04-29,7304.6001,1999-05-05,7283.7998,4,6,0.1,-0.0002619,-5e-05,-2e-05,0.0,-8.3e-06,-4.17e-05,0.0,-0.0003819,-0.0028476,False
SWI20,1999-05-28,6787.8999,1999-06-03,7060.2002,4,6,0.1,0.003968,-5e-05,-2e-05,0.0,-8.3e-06,-4.17e-05,0.0,0.003848,0.0401155,False
SWI20,1999-06-29,7007.0,1999-07-05,7292.2002,4,6,0.1,0.0040538,-5e-05,-2e-05,0.0,-8.3e-06,-4.17e-05,0.0,0.0039338,0.0407022,False
SWI20,1999-07-29,6713.6001,1999-08-04,6895.2002,4,6,0.1,0.0027041,-5e-05,-2e-05,0.0,-8.3e-06,-4.17e-05,0.0,0.0025841,0.0270496,False
SWI20,1999-08-30,7155.0,1999-09-03,7137.6001,4,4,0.1,-0.0001934,-5e-05,-2e-05,0.0,-5.6e-06,-2.78e-05,0.0,-0.0002968,-0.0024319,False
SWI20,1999-09-29,6892.7998,1999-10-05,6999.0,4,6,0.1,0.0015476,-5e-05,-2e-05,0.0,-8.3e-06,-4.17e-05,0.0,0.0014276,0.0154074,False
SWI20,1999-10-28,7037.1001,1999-11-03,7265.2002,4,6,0.1,0.0032117,-5e-05,-2e-05,0.0,-8.3e-06,-4.17e-05,0.0,0.0030917,0.0324139,False
SWI20,1999-11-29,7400.0,1999-12-03,7547.2998,4,4,0.1,0.0019801,-5e-05,-2e-05,0.0,-5.6e-06,-2.78e-05,0.0,0.0018767,0.0199054,False
SWI20,1999-12-29,7488.7002,2000-01-06,7280.6001,4,8,0.1,-0.0027139,-5e-05,-2e-05,0.0,-1.81e-05,-5.56e-05,0.0,-0.0028575,-0.0277885,False
SWI20,2000-01-28,7029.6001,2000-02-03,7182.8999,4,6,0.1,0.0022061,-5e-05,-2e-05,0.0,-2.92e-05,-4.17e-05,0.0,0.0020653,0.0218078,False
SWI20,2000-02-28,6917.7998,2000-03-03,7025.2998,4,4,0.1,0.0015542,-5e-05,-2e-05,0.0,-2.5e-05,-2.78e-05,0.0,0.0014314,0.0155396,False
SWI20,2000-03-30,7382.7998,2000-04-05,7490.3999,4,6,0.1,0.0014747,-5e-05,-2e-05,0.0,-5e-05,-4.17e-05,0.0,0.0013131,0.0145744,False
SWI20,2000-04-27,7400.7998,2000-05-04,7499.8999,4,7,0.1,0.0013405,-5e-05,-2e-05,0.0,-5.83e-05,-4.86e-05,0.0,0.0011635,0.0133905,False
SWI20,2000-05-30,7754.2998,2000-06-06,7746.6001,4,7,0.1,-8.93e-05,-5e-05,-2e-05,0.0,-5.83e-05,-4.86e-05,0.0,-0.0002662,-0.000993,False
SWI20,2000-06-29,7710.5,2000-07-05,7866.7002,4,6,0.1,0.0020108,-5e-05,-2e-05,0.0,-5.83e-05,-4.17e-05,0.0,0.0018408,0.0202581,False
SWI20,2000-07-28,7997.7998,2000-08-04,8119.6001,4,7,0.1,0.0015249,-5e-05,-2e-05,0.0,-6.81e-05,-4.86e-05,0.0,0.0013383,0.0152292,False
SWI20,2000-08-30,8220.0,2000-09-05,8168.7998,4,6,0.1,-0.0006229,-5e-05,-2e-05,0.0,-5.83e-05,-4.17e-05,0.0,-0.0007929,-0.0062287,False
SWI20,2000-09-28,7933.8999,2000-10-04,7945.6001,4,6,0.1,0.0002154,-5e-05,-2e-05,0.0,-5.83e-05,-4.17e-05,0.0,4.54e-05,0.0014747,False
SWI20,2000-10-30,7948.7998,2000-11-03,8062.1001,4,4,0.1,0.0014241,-5e-05,-2e-05,0.0,-3.89e-05,-2.78e-05,0.0,0.0012874,0.0142538,False
SWI20,2000-11-29,8065.7002,2000-12-05,8164.7998,4,6,0.1,0.0012466,-5e-05,-2e-05,0.0,-5.83e-05,-4.17e-05,0.0,0.0010766,0.0122865,False
SWI20,2000-12-28,8153.6001,2001-01-05,7985.6001,4,8,0.1,-0.0020683,-5e-05,-2e-05,0.0,-7.78e-05,-5.56e-05,0.0,-0.0022716,-0.0206044,False
SWI20,2001-01-30,8047.1001,2001-02-05,8048.3999,4,6,0.1,2.38e-05,-5e-05,-2e-05,0.0,-5.83e-05,-4.17e-05,0.0,-0.0001462,0.0001615,False
SWI20,2001-02-27,7678.2002,2001-03-05,7581.6001,4,6,0.1,-0.0012459,-5e-05,-2e-05,0.0,-5.83e-05,-4.17e-05,0.0,-0.0014159,-0.0125811,False
SWI20,2001-03-29,7044.8999,2001-04-04,6825.3999,4,6,0.1,-0.003103,-5e-05,-2e-05,0.0,-5.42e-05,-4.17e-05,0.0,-0.0032688,-0.0311573,False
SWI20,2001-04-27,7248.7002,2001-05-04,7365.6001,4,7,0.1,0.0016159,-5e-05,-2e-05,0.0,-6.32e-05,-4.86e-05,0.0,0.0014341,0.016127,False
SWI20,2001-05-30,7559.0,2001-06-06,7581.3999,4,7,0.1,0.0003058,-5e-05,-2e-05,0.0,-6.32e-05,-4.86e-05,0.0,0.0001239,0.0029633,False
SWI20,2001-06-28,7150.7002,2001-07-04,7177.8999,4,6,0.1,0.0004019,-5e-05,-2e-05,0.0,-5.42e-05,-4.17e-05,0.0,0.0002361,0.0038038,False
SWI20,2001-07-30,6817.8999,2001-08-03,6877.7998,4,4,0.1,0.0008854,-5e-05,-2e-05,0.0,-3.61e-05,-2.78e-05,0.0,0.0007516,0.0087857,False
SWI20,2001-08-30,6522.1001,2001-09-05,6508.1001,4,6,0.1,-0.0001762,-5e-05,-2e-05,0.0,-5.42e-05,-4.17e-05,0.0,-0.000342,-0.0021465,False
SWI20,2001-09-27,5829.7998,2001-10-03,5858.8999,4,6,0.1,0.0005628,-5e-05,-2e-05,0.0,-3.75e-05,-4.17e-05,0.0,0.0004137,0.0049916,False
SWI20,2001-10-30,6008.0,2001-11-05,6223.7002,4,6,0.1,0.0035487,-5e-05,-2e-05,0.0,-3.75e-05,-4.17e-05,0.0,0.0033995,0.0359022,False
SWI20,2001-11-29,6299.0,2001-12-05,6474.2998,4,6,0.1,0.0027855,-5e-05,-2e-05,0.0,-3.75e-05,-4.17e-05,0.0,0.0026363,0.0278298,False
SWI20,2001-12-27,6410.6001,2002-01-04,6392.8999,4,8,0.1,-0.0002736,-5e-05,-2e-05,0.0,-3.89e-05,-5.56e-05,0.0,-0.0004381,-0.0027611,False
SWI20,2002-01-30,6212.3999,2002-02-05,6132.5,4,6,0.1,-0.0012864,-5e-05,-2e-05,0.0,-2.92e-05,-4.17e-05,0.0,-0.0014272,-0.0128614,False
SWI20,2002-02-27,6319.8999,2002-03-05,6412.5,4,6,0.1,0.0014672,-5e-05,-2e-05,0.0,-2.92e-05,-4.17e-05,0.0,0.0013264,0.0146521,False
SWI20,2002-03-27,6631.7998,2002-04-04,6670.7002,4,8,0.1,0.000587,-5e-05,-2e-05,0.0,-3.89e-05,-5.56e-05,0.0,0.0004225,0.0058657,False
SWI20,2002-04-29,6566.7998,2002-05-06,6571.5,4,7,0.1,7.5e-05,-5e-05,-2e-05,0.0,-2.85e-05,-4.86e-05,0.0,-7.21e-05,0.0007158,False
SWI20,2002-05-30,6544.1001,2002-06-05,6400.1001,4,6,0.1,-0.0022013,-5e-05,-2e-05,0.0,-2.08e-05,-4.17e-05,0.0,-0.0023338,-0.0220046,False
SWI20,2002-06-27,5717.8999,2002-07-03,5711.3999,4,6,0.1,4.32e-05,-5e-05,-2e-05,0.0,-2.08e-05,-4.17e-05,0.0,-8.93e-05,-0.0011368,False
SWI20,2002-07-30,5215.3999,2002-08-05,4849.0,4,6,0.1,-0.0071865,-5e-05,-2e-05,0.0,-1.25e-05,-4.17e-05,0.0,-0.0073107,-0.0702535,False
SWI20,2002-08-29,5129.2998,2002-09-04,4960.0,4,6,0.1,-0.0032337,-5e-05,-2e-05,0.0,-1.25e-05,-4.17e-05,0.0,-0.0033579,-0.0330064,False
SWI20,2002-09-27,4909.2998,2002-10-03,4788.7002,4,6,0.1,-0.0023994,-5e-05,-2e-05,0.0,-1.25e-05,-4.17e-05,0.0,-0.0025235,-0.0245655,False
SWI20,2002-10-30,4886.0,2002-11-05,5039.1001,4,6,0.1,0.0031363,-5e-05,-2e-05,0.0,-1.25e-05,-4.17e-05,0.0,0.0030122,0.0313344,False
SWI20,2002-11-28,5149.8999,2002-12-04,5010.3999,4,6,0.1,-0.0027008,-5e-05,-2e-05,0.0,-1.25e-05,-4.17e-05,0.0,-0.0028249,-0.0270879,False
SWI20,2002-12-27,4573.8999,2003-01-07,4887.0,4,11,0.1,0.0067934,-5e-05,-2e-05,0.0,-2.29e-05,-7.64e-05,0.0,0.0066241,0.0684536,False
SWI20,2003-01-30,4409.0,2003-02-05,4385.0,4,6,0.1,-0.0005015,-5e-05,-2e-05,0.0,-1.25e-05,-4.17e-05,0.0,-0.0006257,-0.0054434,False
SWI20,2003-02-27,4083.7,2003-03-05,3966.2,4,6,0.1,-0.0028249,-5e-05,-2e-05,0.0,-1.25e-05,-4.17e-05,0.0,-0.002949,-0.0287729,False
SWI20,2003-03-28,4207.6001,2003-04-03,4327.2002,4,6,0.1,0.0029147,-5e-05,-2e-05,0.0,-6.3e-06,-4.17e-05,0.0,0.0027968,0.0284248,False
SWI20,2003-04-29,4510.2998,2003-05-06,4640.5,4,7,0.1,0.0028686,-5e-05,-2e-05,0.0,-7.3e-06,-4.86e-05,0.0,0.0027427,0.0288673,False
SWI20,2003-05-28,4664.7998,2003-06-04,4748.5,4,7,0.1,0.001823,-5e-05,-2e-05,0.0,-7.3e-06,-4.86e-05,0.0,0.0016971,0.0179429,False
SWI20,2003-06-27,4847.8999,2003-07-03,4826.0,4,6,0.1,-0.0004018,-5e-05,-2e-05,0.0,-6.3e-06,-4.17e-05,0.0,-0.0005197,-0.0045174,False
SWI20,2003-07-30,5043.6001,2003-08-05,5046.1001,4,6,0.1,6.65e-05,-5e-05,-2e-05,0.0,-6.3e-06,-4.17e-05,0.0,-5.14e-05,0.0004957,False
SWI20,2003-08-28,5201.0,2003-09-03,5291.0,4,6,0.1,0.0017656,-5e-05,-2e-05,0.0,-6.3e-06,-4.17e-05,0.0,0.0016477,0.0173044,False
SWI20,2003-09-29,5102.2998,2003-10-03,5203.1001,4,4,0.1,0.0019941,-5e-05,-2e-05,0.0,-4.2e-06,-2.78e-05,0.0,0.0018921,0.0197559,False
SWI20,2003-10-30,5223.2002,2003-11-05,5203.2002,4,6,0.1,-0.0003496,-5e-05,-2e-05,0.0,-6.3e-06,-4.17e-05,0.0,-0.0004676,-0.0038291,False
SWI20,2003-11-27,5320.2002,2003-12-03,5440.7002,4,6,0.1,0.0022522,-5e-05,-2e-05,0.0,-6.3e-06,-4.17e-05,0.0,0.0021343,0.0226495,False
SWI20,2003-12-29,5445.2002,2004-01-07,5583.3999,4,9,0.1,0.0025248,-5e-05,-2e-05,0.0,-9.4e-06,-6.25e-05,0.0,0.0023829,0.0253801,False
SWI20,2004-01-29,5768.2002,2004-02-04,5775.6001,4,6,0.1,0.0001406,-5e-05,-2e-05,0.0,-6.3e-06,-4.17e-05,0.0,2.26e-05,0.0012829,False
SWI20,2004-02-26,5797.3999,2004-03-03,5872.2002,4,6,0.1,0.0012907,-5e-05,-2e-05,0.0,-6.3e-06,-4.17e-05,0.0,0.0011727,0.0129024,False
SWI20,2004-03-30,5623.1001,2004-04-05,5815.2998,4,6,0.1,0.0033844,-5e-05,-2e-05,0.0,-6.3e-06,-4.17e-05,0.0,0.0032665,0.0341804,False
SWI20,2004-04-29,5783.7998,2004-05-05,5891.2002,4,6,0.1,0.0018485,-5e-05,-2e-05,0.0,-6.3e-06,-4.17e-05,0.0,0.0017306,0.0185692,False
SWI20,2004-05-27,5705.7998,2004-06-03,5660.5,4,7,0.1,-0.0007811,-5e-05,-2e-05,0.0,-7.3e-06,-4.86e-05,0.0,-0.000907,-0.0079393,False
SWI20,2004-06-29,5688.2998,2004-07-05,5588.2002,4,6,0.1,-0.0017668,-5e-05,-2e-05,0.0,-8.3e-06,-4.17e-05,0.0,-0.0018868,-0.0175975,False
SWI20,2004-07-29,5553.3999,2004-08-04,5518.8999,4,6,0.1,-0.0006109,-5e-05,-2e-05,0.0,-8.3e-06,-4.17e-05,0.0,-0.0007309,-0.0062124,False
SWI20,2004-08-30,5448.7998,2004-09-03,5502.5,4,4,0.1,0.0009908,-5e-05,-2e-05,0.0,-5.6e-06,-2.78e-05,0.0,0.0008875,0.0098554,False
SWI20,2004-09-29,5531.3999,2004-10-05,5596.8999,4,6,0.1,0.0011995,-5e-05,-2e-05,0.0,-1.25e-05,-4.17e-05,0.0,0.0010754,0.0118415,False
SWI20,2004-10-28,5414.2002,2004-11-03,5538.8999,4,6,0.1,0.002299,-5e-05,-2e-05,0.0,-1.25e-05,-4.17e-05,0.0,0.0021748,0.023032,False
SWI20,2004-11-29,5519.5,2004-12-03,5555.2002,4,4,0.1,0.0006674,-5e-05,-2e-05,0.0,-8.3e-06,-2.78e-05,0.0,0.0005613,0.006468,False
SWI20,2004-12-29,5692.3999,2005-01-05,5725.5,4,7,0.1,0.0005924,-5e-05,-2e-05,0.0,-1.46e-05,-4.86e-05,0.0,0.0004592,0.0058148,False
SWI20,2005-01-28,5750.7002,2005-02-03,5816.8999,4,6,0.1,0.001147,-5e-05,-2e-05,0.0,-1.25e-05,-4.17e-05,0.0,0.0010228,0.0115116,False
SWI20,2005-02-25,5936.2002,2005-03-03,5998.7998,4,6,0.1,0.0010541,-5e-05,-2e-05,0.0,-1.25e-05,-4.17e-05,0.0,0.0009299,0.0105454,False
SWI20,2005-03-30,5932.8999,2005-04-05,5947.3999,4,6,0.1,0.0002508,-5e-05,-2e-05,0.0,-1.25e-05,-4.17e-05,0.0,0.0001266,0.002444,False
SWI20,2005-04-28,5850.1001,2005-05-04,6001.8999,4,6,0.1,0.0025732,-5e-05,-2e-05,0.0,-1.25e-05,-4.17e-05,0.0,0.002449,0.0259482,False
SWI20,2005-05-30,6158.7002,2005-06-03,6210.2998,4,4,0.1,0.0008456,-5e-05,-2e-05,0.0,-8.3e-06,-2.78e-05,0.0,0.0007395,0.0083783,False
SWI20,2005-06-29,6261.2002,2005-07-05,6282.7998,4,6,0.1,0.0003454,-5e-05,-2e-05,0.0,-1.25e-05,-4.17e-05,0.0,0.0002212,0.0034498,False
SWI20,2005-07-28,6612.3999,2005-08-03,6658.1001,4,6,0.1,0.0006937,-5e-05,-2e-05,0.0,-1.25e-05,-4.17e-05,0.0,0.0005695,0.0069113,False
SWI20,2005-08-30,6473.2002,2005-09-05,6543.3999,4,6,0.1,0.0010832,-5e-05,-2e-05,0.0,-1.25e-05,-4.17e-05,0.0,0.000959,0.0108447,False
SWI20,2005-09-29,6860.3999,2005-10-05,7026.3999,4,6,0.1,0.0024059,-5e-05,-2e-05,0.0,-1.25e-05,-4.17e-05,0.0,0.0022817,0.0241968,False
SWI20,2005-10-28,6874.8999,2005-11-03,7211.0,4,6,0.1,0.0048133,-5e-05,-2e-05,0.0,-1.25e-05,-4.17e-05,0.0,0.0046891,0.048888,False
SWI20,2005-11-29,7440.7002,2005-12-05,7584.7998,4,6,0.1,0.0019366,-5e-05,-2e-05,0.0,-1.25e-05,-4.17e-05,0.0,0.0018125,0.0193664,False
SWI20,2005-12-29,7620.0,2006-01-05,7703.2998,4,7,0.1,0.0010982,-5e-05,-2e-05,0.0,-1.94e-05,-4.86e-05,0.0,0.0009601,0.0109317,False
SWI20,2006-01-30,7789.2998,2006-02-03,7840.7998,4,4,0.1,0.0006644,-5e-05,-2e-05,0.0,-1.11e-05,-2.78e-05,0.0,0.0005555,0.0066116,False
SWI20,2006-02-27,7995.0,2006-03-03,7916.0,4,4,0.1,-0.0009762,-5e-05,-2e-05,0.0,-1.11e-05,-2.78e-05,0.0,-0.0010851,-0.0098812,False
SWI20,2006-03-30,8035.2998,2006-04-05,8090.5,4,6,0.1,0.0006888,-5e-05,-2e-05,0.0,-2.08e-05,-4.17e-05,0.0,0.0005563,0.0068697,False
SWI20,2006-04-27,8080.1001,2006-05-04,7965.3999,4,7,0.1,-0.0014189,-5e-05,-2e-05,0.0,-2.43e-05,-4.86e-05,0.0,-0.0015618,-0.0141954,False
SWI20,2006-05-30,7533.2998,2006-06-06,7497.0,4,7,0.1,-0.0004521,-5e-05,-2e-05,0.0,-2.43e-05,-4.86e-05,0.0,-0.000595,-0.0048186,False
SWI20,2006-06-29,7541.1001,2006-07-05,7659.2002,4,6,0.1,0.0015727,-5e-05,-2e-05,0.0,-2.5e-05,-4.17e-05,0.0,0.001436,0.0156609,False
SWI20,2006-07-28,7946.5,2006-08-04,7891.0,4,7,0.1,-0.0006871,-5e-05,-2e-05,0.0,-2.92e-05,-4.86e-05,0.0,-0.0008349,-0.0069842,False
SWI20,2006-08-30,8183.3999,2006-09-05,8226.2002,4,6,0.1,0.0005234,-5e-05,-2e-05,0.0,-2.5e-05,-4.17e-05,0.0,0.0003868,0.0052301,False
SWI20,2006-09-28,8416.7002,2006-10-04,8448.9004,4,6,0.1,0.0003858,-5e-05,-2e-05,0.0,-2.92e-05,-4.17e-05,0.0,0.000245,0.0038258,False
SWI20,2006-10-30,8652.4004,2006-11-03,8698.5,4,4,0.1,0.0005398,-5e-05,-2e-05,0.0,-1.94e-05,-2.78e-05,0.0,0.0004226,0.005328,False
SWI20,2006-11-29,8569.9004,2006-12-05,8452.0996,4,6,0.1,-0.0013733,-5e-05,-2e-05,0.0,-2.92e-05,-4.17e-05,0.0,-0.0015141,-0.0137459,False
SWI20,2006-12-28,8803.2998,2007-01-05,8900.2002,4,8,0.1,0.0011069,-5e-05,-2e-05,0.0,-4.44e-05,-5.56e-05,0.0,0.0009369,0.0110073,False
SWI20,2007-01-30,9147.0,2007-02-05,9257.9004,4,6,0.1,0.0012104,-5e-05,-2e-05,0.0,-3.33e-05,-4.17e-05,0.0,0.0010654,0.0121242,False
SWI20,2007-02-27,8909.7998,2007-03-05,8676.9004,4,6,0.1,-0.0026297,-5e-05,-2e-05,0.0,-3.33e-05,-4.17e-05,0.0,-0.0027747,-0.0261397,False
SWI20,2007-03-29,8977.5,2007-04-04,9057.5996,4,6,0.1,0.0008945,-5e-05,-2e-05,0.0,-3.75e-05,-4.17e-05,0.0,0.0007453,0.0089223,False
SWI20,2007-04-27,9419.9004,2007-05-04,9455.5,4,7,0.1,0.0003811,-5e-05,-2e-05,0.0,-4.38e-05,-4.86e-05,0.0,0.0002188,0.0037792,False
SWI20,2007-05-30,9382.7998,2007-06-05,9408.2002,4,6,0.1,0.0002812,-5e-05,-2e-05,0.0,-3.75e-05,-4.17e-05,0.0,0.000132,0.0027071,False
SWI20,2007-06-28,9138.9004,2007-07-04,9294.5,4,6,0.1,0.0016945,-5e-05,-2e-05,0.0,-4.17e-05,-4.17e-05,0.0,0.0015411,0.0170261,False
SWI20,2007-07-30,8705.0996,2007-08-06,8639.9004,4,7,0.1,-0.0007153,-5e-05,-2e-05,0.0,-4.86e-05,-4.86e-05,0.0,-0.0008825,-0.0074898,False
SWI20,2007-08-30,8776.7002,2007-09-05,8843.0996,4,6,0.1,0.0007752,-5e-05,-2e-05,0.0,-4.17e-05,-4.17e-05,0.0,0.0006219,0.0075654,False
SWI20,2007-09-27,8886.0,2007-10-03,9088.7002,4,6,0.1,0.0022636,-5e-05,-2e-05,0.0,-4.58e-05,-4.17e-05,0.0,0.0021061,0.0228112,False
SWI20,2007-10-30,8939.2002,2007-11-05,8707.7998,4,6,0.1,-0.0025966,-5e-05,-2e-05,0.0,-4.58e-05,-4.17e-05,0.0,-0.0027541,-0.025886,False
SWI20,2007-11-29,8734.5,2007-12-05,8758.2002,4,6,0.1,0.0002974,-5e-05,-2e-05,0.0,-4.58e-05,-4.17e-05,0.0,0.0001399,0.0027134,False
SWI20,2007-12-27,8518.2002,2008-01-07,8110.6001,4,11,0.1,-0.0048568,-5e-05,-2e-05,0.0,-8.4e-05,-7.64e-05,0.0,-0.0050872,-0.0478505,False
SWI20,2008-01-30,7671.7998,2008-02-05,7517.3999,4,6,0.1,-0.0019653,-5e-05,-2e-05,0.0,-4.58e-05,-4.17e-05,0.0,-0.0021228,-0.0201256,False
SWI20,2008-02-28,7663.0,2008-03-05,7338.7998,4,6,0.1,-0.0042746,-5e-05,-2e-05,0.0,-4.58e-05,-4.17e-05,0.0,-0.0044321,-0.0423072,False
SWI20,2008-03-28,7239.3999,2008-04-03,7516.2002,4,6,0.1,0.0038355,-5e-05,-2e-05,0.0,-4.58e-05,-4.17e-05,0.0,0.003678,0.0382353,False
SWI20,2008-04-29,7462.0,2008-05-06,7543.7002,4,7,0.1,0.0011206,-5e-05,-2e-05,0.0,-5.35e-05,-4.86e-05,0.0,0.0009485,0.0109488,False
SWI20,2008-05-29,7541.7998,2008-06-04,7514.48,4,6,0.1,-0.0003543,-5e-05,-2e-05,0.0,-4.58e-05,-4.17e-05,0.0,-0.0005118,-0.0036225,False
SWI20,2008-06-27,6861.54,2008-07-03,6844.0601,4,6,0.1,-0.0002328,-5e-05,-2e-05,0.0,-4.58e-05,-4.17e-05,0.0,-0.0003903,-0.0025475,False
SWI20,2008-07-30,7108.9102,2008-08-06,7209.3398,4,7,0.1,0.0014206,-5e-05,-2e-05,0.0,-5.35e-05,-4.86e-05,0.0,0.0012485,0.0141273,False
SWI20,2008-08-28,7190.3999,2008-09-03,7256.6299,4,6,0.1,0.0009257,-5e-05,-2e-05,0.0,-4.58e-05,-4.17e-05,0.0,0.0007682,0.0092109,False
SWI20,2008-09-29,6500.1299,2008-10-03,6879.8198,4,4,0.1,0.005735,-5e-05,-2e-05,0.0,-3.06e-05,-2.78e-05,0.0,0.0056066,0.0584127,False
SWI20,2008-10-30,5842.3398,2008-11-05,6177.1499,4,6,0.1,0.0058148,-5e-05,-2e-05,0.0,-4.17e-05,-4.17e-05,0.0,0.0056614,0.0573075,False
SWI20,2008-11-27,5640.7998,2008-12-03,5604.23,4,6,0.1,-0.0004678,-5e-05,-2e-05,0.0,-1.67e-05,-4.17e-05,0.0,-0.0005961,-0.0064831,False
SWI20,2008-12-30,5534.5298,2009-01-07,5761.6899,4,8,0.1,0.0041054,-5e-05,-2e-05,0.0,-1.11e-05,-5.56e-05,0.0,0.0039687,0.0410442,False
SWI20,2009-01-29,5272.8999,2009-02-04,5225.46,4,6,0.1,-0.0008709,-5e-05,-2e-05,0.0,-8.3e-06,-4.17e-05,0.0,-0.0009909,-0.0089969,False
SWI20,2009-02-26,4770.7798,2009-03-04,4463.6699,4,6,0.1,-0.0064439,-5e-05,-2e-05,0.0,-8.3e-06,-4.17e-05,0.0,-0.0065639,-0.0643731,False
SWI20,2009-03-30,4745.7598,2009-04-03,5042.9902,4,4,0.1,0.0062488,-5e-05,-2e-05,0.0,-4.2e-06,-2.78e-05,0.0,0.0061468,0.0626307,False
SWI20,2009-04-29,5152.7202,2009-05-06,5319.2598,4,7,0.1,0.0032115,-5e-05,-2e-05,0.0,-7.3e-06,-4.86e-05,0.0,0.0030856,0.0323207,False
SWI20,2009-05-28,5350.5898,2009-06-04,5422.21,4,7,0.1,0.0013477,-5e-05,-2e-05,0.0,-7.3e-06,-4.86e-05,0.0,0.0012218,0.0133855,False
SWI20,2009-06-29,5443.4502,2009-07-03,5338.5098,4,4,0.1,-0.001912,-5e-05,-2e-05,0.0,-4.2e-06,-2.78e-05,0.0,-0.0020139,-0.0192783,False
SWI20,2009-07-30,5932.6201,2009-08-05,5911.9102,4,6,0.1,-0.0003467,-5e-05,-2e-05,0.0,-6.3e-06,-4.17e-05,0.0,-0.0004646,-0.0034909,False
SWI20,2009-08-28,6211.5801,2009-09-03,6073.7202,4,6,0.1,-0.0022317,-5e-05,-2e-05,0.0,-6.3e-06,-4.17e-05,0.0,-0.0023496,-0.022194,False
SWI20,2009-09-29,6316.7202,2009-10-05,6162.8999,4,6,0.1,-0.0024449,-5e-05,-2e-05,0.0,-6.3e-06,-4.17e-05,0.0,-0.0025628,-0.0243513,False
SWI20,2009-10-29,6351.27,2009-11-04,6267.1099,4,6,0.1,-0.0013171,-5e-05,-2e-05,0.0,-6.3e-06,-4.17e-05,0.0,-0.001435,-0.0132509,False
SWI20,2009-11-27,6336.6602,2009-12-03,6444.0801,4,6,0.1,0.0017081,-5e-05,-2e-05,0.0,-6.3e-06,-4.17e-05,0.0,0.0015901,0.0169521,False
SWI20,2009-12-30,6545.9102,2010-01-06,6559.4102,4,7,0.1,0.0002181,-5e-05,-2e-05,0.0,-7.3e-06,-4.86e-05,0.0,9.22e-05,0.0020624,False
SWI20,2010-01-28,6442.4102,2010-02-03,6553.7998,4,6,0.1,0.0017214,-5e-05,-2e-05,0.0,-6.3e-06,-4.17e-05,0.0,0.0016034,0.0172901,False
SWI20,2010-02-25,6643.96,2010-03-03,6813.1602,4,6,0.1,0.0025279,-5e-05,-2e-05,0.0,-6.3e-06,-4.17e-05,0.0,0.00241,0.0254668,False
SWI20,2010-03-30,6871.4199,2010-04-07,6843.4902,4,8,0.1,-0.0004051,-5e-05,-2e-05,0.0,-8.3e-06,-5.56e-05,0.0,-0.000539,-0.0040646,False
SWI20,2010-04-29,6665.8398,2010-05-05,6448.4902,4,6,0.1,-0.0032938,-5e-05,-2e-05,0.0,-6.3e-06,-4.17e-05,0.0,-0.0034117,-0.0326065,False
SWI20,2010-05-28,6321.9199,2010-06-03,6418.8198,4,6,0.1,0.0015277,-5e-05,-2e-05,0.0,-6.3e-06,-4.17e-05,0.0,0.0014098,0.0153276,False
SWI20,2010-06-29,6144.4502,2010-07-05,5942.25,4,6,0.1,-0.0033153,-5e-05,-2e-05,0.0,-6.3e-06,-4.17e-05,0.0,-0.0034332,-0.0329078,False
SWI20,2010-07-29,6220.6499,2010-08-04,6380.2998,4,6,0.1,0.0025559,-5e-05,-2e-05,0.0,-6.3e-06,-4.17e-05,0.0,0.002438,0.0256645,False
SWI20,2010-08-30,6205.2402,2010-09-03,6400.71,4,4,0.1,0.0031374,-5e-05,-2e-05,0.0,-4.2e-06,-2.78e-05,0.0,0.0030354,0.0315008,False
SWI20,2010-09-29,6311.5698,2010-10-05,6313.8999,4,6,0.1,4.44e-05,-5e-05,-2e-05,0.0,-6.3e-06,-4.17e-05,0.0,-7.35e-05,0.0003692,False
SWI20,2010-10-28,6484.71,2010-11-03,6512.9902,4,6,0.1,0.0004391,-5e-05,-2e-05,0.0,-6.3e-06,-4.17e-05,0.0,0.0003212,0.0043611,False
SWI20,2010-11-29,6397.5,2010-12-03,6440.8999,4,4,0.1,0.0007055,-5e-05,-2e-05,0.0,-4.2e-06,-2.78e-05,0.0,0.0006036,0.0067839,False
SWI20,2010-12-29,6566.6499,2011-01-05,6519.25,4,7,0.1,-0.0006996,-5e-05,-2e-05,0.0,-7.3e-06,-4.86e-05,0.0,-0.0008256,-0.0072183,False
SWI20,2011-01-28,6528.1299,2011-02-03,6544.9102,4,6,0.1,0.0002665,-5e-05,-2e-05,0.0,-6.3e-06,-4.17e-05,0.0,0.0001486,0.0025705,False
SWI20,2011-02-25,6537.2002,2011-03-03,6599.21,4,6,0.1,0.0009513,-5e-05,-2e-05,0.0,-6.3e-06,-4.17e-05,0.0,0.0008334,0.0094857,False
SWI20,2011-03-30,6398.4199,2011-04-05,6430.2998,4,6,0.1,0.0005085,-5e-05,-2e-05,0.0,-6.3e-06,-4.17e-05,0.0,0.0003905,0.0049825,False
SWI20,2011-04-28,6516.21,2011-05-04,6470.3501,4,6,0.1,-0.0007023,-5e-05,-2e-05,0.0,-6.3e-06,-4.17e-05,0.0,-0.0008202,-0.0070378,False
SWI20,2011-05-30,6470.7998,2011-06-06,6370.0601,4,7,0.1,-0.0015456,-5e-05,-2e-05,0.0,-7.3e-06,-4.86e-05,0.0,-0.0016715,-0.0155684,False
SWI20,2011-06-29,6101.5498,2011-07-05,6243.0098,4,6,0.1,0.0023051,-5e-05,-2e-05,0.0,-6.3e-06,-4.17e-05,0.0,0.0021872,0.0231843,False
SWI20,2011-07-28,5871.4102,2011-08-04,5285.25,4,7,0.1,-0.0103468,-5e-05,-2e-05,0.0,-6.6e-06,-4.86e-05,0.0,-0.010472,-0.0998329,False
SWI20,2011-08-30,5449.1602,2011-09-05,5142.9902,4,6,0.1,-0.0056389,-5e-05,-2e-05,0.0,-2.1e-06,-4.17e-05,0.0,-0.0057526,-0.0561866,False
SWI20,2011-09-29,5608.6001,2011-10-05,5504.9902,4,6,0.1,-0.0018425,-5e-05,-2e-05,0.0,-2.1e-06,-4.17e-05,0.0,-0.0019563,-0.0184734,False
SWI20,2011-10-28,5852.6602,2011-11-03,5668.0498,4,6,0.1,-0.0031459,-5e-05,-2e-05,0.0,-2.1e-06,-4.17e-05,0.0,-0.0032596,-0.031543,False
SWI20,2011-11-29,5531.2402,2011-12-05,5739.8599,4,6,0.1,0.00373,-5e-05,-2e-05,0.0,-2.1e-06,-4.17e-05,0.0,0.0036163,0.0377166,False
SWI20,2011-12-29,5896.6001,2012-01-05,6026.5698,4,7,0.1,0.0022023,-5e-05,-2e-05,0.0,-2.4e-06,-4.86e-05,0.0,0.0020813,0.0220415,False
SWI20,2012-01-30,5970.7402,2012-02-03,6153.3101,4,4,0.1,0.0030363,-5e-05,-2e-05,0.0,-1.4e-06,-2.78e-05,0.0,0.0029372,0.0305774,False
SWI20,2012-02-28,6125.0898,2012-03-05,6153.9102,4,6,0.1,0.0004708,-5e-05,-2e-05,0.0,-2.1e-06,-4.17e-05,0.0,0.0003571,0.0047053,False
SWI20,2012-03-29,6176.2598,2012-04-04,6166.79,4,6,0.1,-0.0001307,-5e-05,-2e-05,0.0,-2.1e-06,-4.17e-05,0.0,-0.0002444,-0.0015332,False
SWI20,2012-04-27,6116.3599,2012-05-04,6056.79,4,7,0.1,-0.0009755,-5e-05,-2e-05,0.0,-2.4e-06,-4.86e-05,0.0,-0.0010966,-0.0097394,False
SWI20,2012-05-30,5902.8198,2012-06-05,5714.5698,4,6,0.1,-0.0032231,-5e-05,-2e-05,0.0,-2.1e-06,-4.17e-05,0.0,-0.0033369,-0.0318915,False
SWI20,2012-06-28,5986.8501,2012-07-04,6201.3101,4,6,0.1,0.0035404,-5e-05,-2e-05,0.0,-2.1e-06,-4.17e-05,0.0,0.0034266,0.0358218,False
SWI20,2012-07-30,6402.3799,2012-08-06,6463.0098,4,7,0.1,0.0009462,-5e-05,-2e-05,0.0,-2.4e-06,-4.86e-05,0.0,0.0008251,0.0094699,False
SWI20,2012-08-30,6378.29,2012-09-05,6425.2002,4,6,0.1,0.0007475,-5e-05,-2e-05,0.0,-2.1e-06,-4.17e-05,0.0,0.0006337,0.0073547,False
SWI20,2012-09-27,6545.9102,2012-10-03,6604.4399,4,6,0.1,0.0009087,-5e-05,-2e-05,0.0,-2.1e-06,-4.17e-05,0.0,0.000795,0.0089414,False
SWI20,2012-10-30,6633.1001,2012-11-05,6706.27,4,6,0.1,0.0011055,-5e-05,-2e-05,0.0,-2.1e-06,-4.17e-05,0.0,0.0009917,0.011031,False
SWI20,2012-11-29,6828.52,2012-12-05,6852.04,4,6,0.1,0.0003445,-5e-05,-2e-05,0.0,-2.1e-06,-4.17e-05,0.0,0.0002307,0.0034444,False
SWI20,2012-12-27,6862.5498,2013-01-07,7049.2998,4,11,0.1,0.0027295,-5e-05,-2e-05,0.0,-3.8e-06,-7.64e-05,0.0,0.0025793,0.0272129,False
SWI20,2013-01-30,7387.8999,2013-02-05,7404.6299,4,6,0.1,0.0002316,-5e-05,-2e-05,0.0,-2.1e-06,-4.17e-05,0.0,0.0001179,0.0022645,False
SWI20,2013-02-27,7484.9902,2013-03-05,7718.46,4,6,0.1,0.0030962,-5e-05,-2e-05,0.0,-2.1e-06,-4.17e-05,0.0,0.0029824,0.0311917,False
SWI20,2013-03-27,7780.1699,2013-04-04,7762.6499,4,8,0.1,-0.0002078,-5e-05,-2e-05,0.0,-2.8e-06,-5.56e-05,0.0,-0.0003361,-0.0022519,False
SWI20,2013-04-29,7901.73,2013-05-06,7927.3398,4,7,0.1,0.0003247,-5e-05,-2e-05,0.0,-2.4e-06,-4.86e-05,0.0,0.0002037,0.003241,False
SWI20,2013-05-30,8021.5698,2013-06-05,7747.8398,4,6,0.1,-0.0034249,-5e-05,-2e-05,0.0,-2.1e-06,-4.17e-05,0.0,-0.0035386,-0.0341242,False
SWI20,2013-06-27,7671.7002,2013-07-03,7675.29,4,6,0.1,5.26e-05,-5e-05,-2e-05,0.0,-2.1e-06,-4.17e-05,0.0,-6.12e-05,0.0004679,False
SWI20,2013-07-30,7810.1699,2013-08-06,7996.79,4,7,0.1,0.0023785,-5e-05,-2e-05,0.0,-2.4e-06,-4.86e-05,0.0,0.0022575,0.0238945,False
SWI20,2013-08-29,7763.5498,2013-09-04,7880.6499,4,6,0.1,0.0015155,-5e-05,-2e-05,0.0,-2.1e-06,-4.17e-05,0.0,0.0014017,0.0150833,False
SWI20,2013-09-27,8055.0,2013-10-03,7942.5,4,6,0.1,-0.0013973,-5e-05,-2e-05,0.0,-2.1e-06,-4.17e-05,0.0,-0.0015111,-0.0139665,False
SWI20,2013-10-30,8228.3701,2013-11-05,8149.3101,4,6,0.1,-0.0009634,-5e-05,-2e-05,0.0,-2.1e-06,-4.17e-05,0.0,-0.0010771,-0.0096082,False
SWI20,2013-11-28,8257.6104,2013-12-04,8045.54,4,6,0.1,-0.0025824,-5e-05,-2e-05,0.0,-2.1e-06,-4.17e-05,0.0,-0.0026961,-0.0256818,False
SWI20,2013-12-27,8221.9004,2014-01-07,8319.4004,4,11,0.1,0.0011841,-5e-05,-2e-05,0.0,-3.8e-06,-7.64e-05,0.0,0.0010339,0.0118586,False
SWI20,2014-01-30,8204.96,2014-02-05,8112.96,4,6,0.1,-0.0011217,-5e-05,-2e-05,0.0,-2.1e-06,-4.17e-05,0.0,-0.0012354,-0.0112127,False
SWI20,2014-02-27,8470.9004,2014-03-05,8459.6104,4,6,0.1,-8.71e-05,-5e-05,-2e-05,0.0,-2.1e-06,-4.17e-05,0.0,-0.0002009,-0.0013328,False
SWI20,2014-03-28,8373.2305,2014-04-03,8521.6299,4,6,0.1,0.0017633,-5e-05,-2e-05,0.0,-2.1e-06,-4.17e-05,0.0,0.0016496,0.0177231,False
SWI20,2014-04-29,8434.6602,2014-05-06,8395.7695,4,7,0.1,-0.0004592,-5e-05,-2e-05,0.0,-2.4e-06,-4.86e-05,0.0,-0.0005802,-0.0046108,False
SWI20,2014-05-28,8706.5,2014-06-04,8661.0801,4,7,0.1,-0.0005217,-5e-05,-2e-05,0.0,-2.4e-06,-4.86e-05,0.0,-0.0006428,-0.0052168,False
SWI20,2014-06-27,8562.1104,2014-07-03,8694.3203,4,6,0.1,0.0015394,-5e-05,-2e-05,0.0,-2.1e-06,-4.17e-05,0.0,0.0014256,0.0154413,False
SWI20,2014-07-30,8497.3799,2014-08-06,8290.1602,4,7,0.1,-0.0024525,-5e-05,-2e-05,0.0,-2.4e-06,-4.86e-05,0.0,-0.0025736,-0.0243863,False
SWI20,2014-08-28,8622.2305,2014-09-03,8803.5703,4,6,0.1,0.0020888,-5e-05,-2e-05,0.0,-2.1e-06,-4.17e-05,0.0,0.0019751,0.0210317,False
SWI20,2014-09-29,8776.7305,2014-10-03,8683.5303,4,4,0.1,-0.0010516,-5e-05,-2e-05,0.0,-1.4e-06,-2.78e-05,0.0,-0.0011508,-0.010619,False
SWI20,2014-10-30,8719.0303,2014-11-05,8843.1699,4,6,0.1,0.0014387,-5e-05,-2e-05,0.0,-2.1e-06,-4.17e-05,0.0,0.0013249,0.0142378,False
SWI20,2014-11-27,9129.1504,2014-12-03,9168.3701,4,6,0.1,0.0004295,-5e-05,-2e-05,0.0,-2.1e-06,-4.17e-05,0.0,0.0003158,0.0042961,False
SWI20,2014-12-29,9034.5498,2015-01-07,8900.8301,4,9,0.1,-0.0014853,-5e-05,-2e-05,0.0,6.3e-06,-6.25e-05,0.0,-0.0016115,-0.0148009,False
SWI20,2015-01-29,8435.3398,2015-02-04,8608.2402,4,6,0.1,0.0020494,-5e-05,-2e-05,0.0,1.25e-05,-4.17e-05,0.0,0.0019502,0.0204971,False
SWI20,2015-02-26,9049.4902,2015-03-04,8992.5,4,6,0.1,-0.0006228,-5e-05,-2e-05,0.0,1.25e-05,-4.17e-05,0.0,-0.000722,-0.0062976,False
SWI20,2015-03-30,9202.1797,2015-04-07,9260.75,4,8,0.1,0.0006478,-5e-05,-2e-05,0.0,1.67e-05,-5.56e-05,0.0,0.0005389,0.0063648,False
SWI20,2015-04-29,9105.0498,2015-05-06,8888.9199,4,7,0.1,-0.0023872,-5e-05,-2e-05,0.0,1.46e-05,-4.86e-05,0.0,-0.0024912,-0.0237374,False
SWI20,2015-05-28,9394.25,2015-06-03,9253.2998,4,6,0.1,-0.0014934,-5e-05,-2e-05,0.0,1.25e-05,-4.17e-05,0.0,-0.0015926,-0.0150039,False
SWI20,2015-06-29,8868.3896,2015-07-03,8912.8398,4,4,0.1,0.0005186,-5e-05,-2e-05,0.0,8.3e-06,-2.78e-05,0.0,0.0004292,0.0050122,False
SWI20,2015-07-30,9397.6904,2015-08-05,9526.79,4,6,0.1,0.0013671,-5e-05,-2e-05,0.0,1.25e-05,-4.17e-05,0.0,0.001268,0.0137374,False
SWI20,2015-08-28,8785.0996,2015-09-03,8775.6396,4,6,0.1,-6.5e-05,-5e-05,-2e-05,0.0,1.25e-05,-4.17e-05,0.0,-0.0001641,-0.0010768,False
SWI20,2015-09-29,8323.4805,2015-10-05,8740.8301,4,6,0.1,0.0049525,-5e-05,-2e-05,0.0,1.25e-05,-4.17e-05,0.0,0.0048534,0.0501412,False
SWI20,2015-10-29,8957.2695,2015-11-04,8951.7598,4,6,0.1,-6.11e-05,-5e-05,-2e-05,0.0,1.25e-05,-4.17e-05,0.0,-0.0001603,-0.0006151,False
SWI20,2015-11-27,9002.96,2015-12-03,8852.1396,4,6,0.1,-0.0016722,-5e-05,-2e-05,0.0,1.25e-05,-4.17e-05,0.0,-0.0017714,-0.0167523,False
SWI20,2015-12-29,8883.0098,2016-01-06,8613.4199,4,8,0.1,-0.0030557,-5e-05,-2e-05,0.0,1.67e-05,-5.56e-05,0.0,-0.0031646,-0.0303489,False
SWI20,2016-01-28,8153.27,2016-02-03,8123.7402,4,6,0.1,-0.0003287,-5e-05,-2e-05,0.0,1.25e-05,-4.17e-05,0.0,-0.0004279,-0.0036218,False
SWI20,2016-02-26,7877.0298,2016-03-03,7950.8398,4,6,0.1,0.0009558,-5e-05,-2e-05,0.0,1.25e-05,-4.17e-05,0.0,0.0008566,0.0093703,False
SWI20,2016-03-30,7845.0801,2016-04-05,7673.6699,4,6,0.1,-0.0021918,-5e-05,-2e-05,0.0,1.25e-05,-4.17e-05,0.0,-0.0022909,-0.0218494,False
SWI20,2016-04-28,8099.4199,2016-05-04,7752.9702,4,6,0.1,-0.004336,-5e-05,-2e-05,0.0,1.25e-05,-4.17e-05,0.0,-0.0044351,-0.0427746,False
SWI20,2016-05-30,8277.8301,2016-06-03,8148.3999,4,4,0.1,-0.0015697,-5e-05,-2e-05,0.0,8.3e-06,-2.78e-05,0.0,-0.0016591,-0.0156358,False
SWI20,2016-06-29,7978.96,2016-07-05,7941.6699,4,6,0.1,-0.0004529,-5e-05,-2e-05,0.0,1.25e-05,-4.17e-05,0.0,-0.0005521,-0.0046735,False
SWI20,2016-07-28,8095.0698,2016-08-04,8081.1401,4,7,0.1,-0.0001573,-5e-05,-2e-05,0.0,1.46e-05,-4.86e-05,0.0,-0.0002613,-0.0017208,False
SWI20,2016-08-30,8236.0098,2016-09-05,8310.3701,4,6,0.1,0.0009196,-5e-05,-2e-05,0.0,1.25e-05,-4.17e-05,0.0,0.0008205,0.0090287,False
SWI20,2016-09-29,8164.2002,2016-10-05,8195.2305,4,6,0.1,0.0003844,-5e-05,-2e-05,0.0,1.25e-05,-4.17e-05,0.0,0.0002853,0.0038008,False
SWI20,2016-10-28,7908.5698,2016-11-03,7640.9399,4,6,0.1,-0.0034277,-5e-05,-2e-05,0.0,1.25e-05,-4.17e-05,0.0,-0.0035268,-0.0338405,False
SWI20,2016-11-29,7845.0098,2016-12-05,7845.6802,4,6,0.1,1.99e-05,-5e-05,-2e-05,0.0,1.25e-05,-4.17e-05,0.0,-7.92e-05,8.55e-05,False
SWI20,2016-12-29,8251.1299,2017-01-05,8392.4902,4,7,0.1,0.0017083,-5e-05,-2e-05,0.0,1.46e-05,-4.86e-05,0.0,0.0016043,0.0171322,False
SWI20,2017-01-30,8320.8301,2017-02-03,8350.8398,4,4,0.1,0.0003676,-5e-05,-2e-05,0.0,8.3e-06,-2.78e-05,0.0,0.0002782,0.0036066,False
SWI20,2017-02-27,8520.5596,2017-03-03,8670.0596,4,4,0.1,0.0017457,-5e-05,-2e-05,0.0,8.3e-06,-2.78e-05,0.0,0.0016563,0.0175458,False
SWI20,2017-03-30,8704.3896,2017-04-05,8640.5098,4,6,0.1,-0.0007347,-5e-05,-2e-05,0.0,1.25e-05,-4.17e-05,0.0,-0.0008338,-0.0073388,False
SWI20,2017-04-27,8844.7803,2017-05-04,8980.0195,4,7,0.1,0.0015253,-5e-05,-2e-05,0.0,1.46e-05,-4.86e-05,0.0,0.0014213,0.0152903,False
SWI20,2017-05-30,9007.54,2017-06-06,8908.2695,4,7,0.1,-0.0010965,-5e-05,-2e-05,0.0,1.46e-05,-4.86e-05,0.0,-0.0012005,-0.0110208,False
SWI20,2017-06-29,8944.04,2017-07-05,8954.0996,4,6,0.1,0.000121,-5e-05,-2e-05,0.0,1.25e-05,-4.17e-05,0.0,2.18e-05,0.0011247,False
SWI20,2017-07-28,9019.3096,2017-08-04,9176.9902,4,7,0.1,0.0017378,-5e-05,-2e-05,0.0,1.46e-05,-4.86e-05,0.0,0.0016338,0.0174826,False
SWI20,2017-08-30,8851.2598,2017-09-05,8869.5596,4,6,0.1,0.000214,-5e-05,-2e-05,0.0,1.25e-05,-4.17e-05,0.0,0.0001148,0.0020675,False
SWI20,2017-09-28,9112.1602,2017-10-04,9283.9697,4,6,0.1,0.0018744,-5e-05,-2e-05,0.0,1.25e-05,-4.17e-05,0.0,0.0017753,0.018855,False
SWI20,2017-10-30,9175.5,2017-11-03,9322.0498,4,4,0.1,0.0015887,-5e-05,-2e-05,0.0,8.3e-06,-2.78e-05,0.0,0.0014993,0.0159719,False
SWI20,2017-11-29,9304.4199,2017-12-05,9288.9199,4,6,0.1,-0.0001629,-5e-05,-2e-05,0.0,1.25e-05,-4.17e-05,0.0,-0.000262,-0.0016659,False
SWI20,2017-12-28,9405.7998,2018-01-05,9556.9805,4,8,0.1,0.0016019,-5e-05,-2e-05,0.0,1.67e-05,-5.56e-05,0.0,0.001493,0.0160731,False
SWI20,2018-01-30,9433.3398,2018-02-05,9100.3896,4,6,0.1,-0.0035753,-5e-05,-2e-05,0.0,1.25e-05,-4.17e-05,0.0,-0.0036744,-0.035295,False
SWI20,2018-02-27,8992.5195,2018-03-05,8808.3799,4,6,0.1,-0.0020171,-5e-05,-2e-05,0.0,1.25e-05,-4.17e-05,0.0,-0.0021162,-0.020477,False
SWI20,2018-03-28,8756.1201,2018-04-05,8742.5996,4,8,0.1,-0.0001183,-5e-05,-2e-05,0.0,1.67e-05,-5.56e-05,0.0,-0.0002272,-0.0015441,False
SWI20,2018-04-27,8843.0195,2018-05-04,8903.8301,4,7,0.1,0.0006908,-5e-05,-2e-05,0.0,1.46e-05,-4.86e-05,0.0,0.0005868,0.0068767,False
SWI20,2018-05-30,8578.6797,2018-06-05,8538.3096,4,6,0.1,-0.0004371,-5e-05,-2e-05,0.0,1.25e-05,-4.17e-05,0.0,-0.0005363,-0.0047059,False
SWI20,2018-06-28,8461.71,2018-07-04,8663.5303,4,6,0.1,0.0023837,-5e-05,-2e-05,0.0,1.25e-05,-4.17e-05,0.0,0.0022845,0.023851,False
SWI20,2018-07-30,9163.3799,2018-08-06,9149.3604,4,7,0.1,-0.0001528,-5e-05,-2e-05,0.0,1.46e-05,-4.86e-05,0.0,-0.0002568,-0.00153,False
SWI20,2018-08-30,9042.0596,2018-09-05,8868.8604,4,6,0.1,-0.0019247,-5e-05,-2e-05,0.0,1.25e-05,-4.17e-05,0.0,-0.0020238,-0.0191548,False
SWI20,2018-09-27,9112.2197,2018-10-03,9175.21,4,6,0.1,0.0006958,-5e-05,-2e-05,0.0,1.25e-05,-4.17e-05,0.0,0.0005966,0.0069127,False
SWI20,2018-10-30,8854.2803,2018-11-05,9008.5801,4,6,0.1,0.001746,-5e-05,-2e-05,0.0,1.25e-05,-4.17e-05,0.0,0.0016468,0.0174266,False
SWI20,2018-11-29,9015.5898,2018-12-05,8939.96,4,6,0.1,-0.0008261,-5e-05,-2e-05,0.0,1.25e-05,-4.17e-05,0.0,-0.0009252,-0.0083888,False
SWI20,2018-12-27,8195.6396,2019-01-07,8535.9502,4,11,0.1,0.0041269,-5e-05,-2e-05,0.0,2.29e-05,-7.64e-05,0.0,0.0040034,0.0415234,False
SWI20,2019-01-30,8965.71,2019-02-05,9150.5596,4,6,0.1,0.0020532,-5e-05,-2e-05,0.0,1.25e-05,-4.17e-05,0.0,0.001954,0.0206174,False
SWI20,2019-02-27,9412.1904,2019-03-05,9399.1504,4,6,0.1,-0.0001378,-5e-05,-2e-05,0.0,1.25e-05,-4.17e-05,0.0,-0.000237,-0.0013854,False
SWI20,2019-03-28,9405.9297,2019-04-03,9570.0898,4,6,0.1,0.0017358,-5e-05,-2e-05,0.0,1.25e-05,-4.17e-05,0.0,0.0016366,0.0174528,False
SWI20,2019-04-29,9740.4805,2019-05-06,9657.2402,4,7,0.1,-0.0008537,-5e-05,-2e-05,0.0,1.46e-05,-4.86e-05,0.0,-0.0009577,-0.0085458,False
SWI20,2019-05-29,9541.9697,2019-06-05,9658.6201,4,7,0.1,0.0012207,-5e-05,-2e-05,0.0,1.46e-05,-4.86e-05,0.0,0.0011167,0.012225,False
SWI20,2019-06-27,9859.7598,2019-07-03,10066.5303,4,6,0.1,0.0020811,-5e-05,-2e-05,0.0,1.25e-05,-4.17e-05,0.0,0.001982,0.0209712,False
SWI20,2019-07-30,9890.9004,2019-08-06,9553.8799,4,7,0.1,-0.0034364,-5e-05,-2e-05,0.0,1.46e-05,-4.86e-05,0.0,-0.0035404,-0.0340738,False
SWI20,2019-08-29,9838.4805,2019-09-04,9894.5996,4,6,0.1,0.0005744,-5e-05,-2e-05,0.0,1.25e-05,-4.17e-05,0.0,0.0004753,0.005704,False
SWI20,2019-09-27,10037.8096,2019-10-03,9760.4404,4,6,0.1,-0.002774,-5e-05,-2e-05,0.0,1.25e-05,-4.17e-05,0.0,-0.0028731,-0.0276324,False
SWI20,2019-10-30,10254.9502,2019-11-05,10272.9805,4,6,0.1,0.0001821,-5e-05,-2e-05,0.0,1.25e-05,-4.17e-05,0.0,8.29e-05,0.0017582,False
SWI20,2019-11-28,10529.1396,2019-12-04,10334.5596,4,6,0.1,-0.0018439,-5e-05,-2e-05,0.0,1.25e-05,-4.17e-05,0.0,-0.0019431,-0.0184801,False
SWI20,2019-12-27,10730.1504,2020-01-07,10686.7998,4,11,0.1,-0.0003955,-5e-05,-2e-05,0.0,2.29e-05,-7.64e-05,0.0,-0.0005189,-0.0040401,False
SWI20,2020-01-30,10748.9199,2020-02-05,10994.1504,4,6,0.1,0.0022867,-5e-05,-2e-05,0.0,1.25e-05,-4.17e-05,0.0,0.0021875,0.0228144,False
SWI20,2020-02-27,10205.46,2020-03-04,10251.3896,4,6,0.1,0.0005478,-5e-05,-2e-05,0.0,1.25e-05,-4.17e-05,0.0,0.0004486,0.0045005,False
SWI20,2020-03-30,9174.3896,2020-04-03,9242.4404,4,4,0.1,0.0007687,-5e-05,-2e-05,0.0,8.3e-06,-2.78e-05,0.0,0.0006792,0.0074175,False
SWI20,2020-04-29,9865.3203,2020-05-06,9571.7002,4,7,0.1,-0.0029508,-5e-05,-2e-05,0.0,1.46e-05,-4.86e-05,0.0,-0.0030548,-0.0297629,False
SWI20,2020-05-28,9926.0303,2020-06-04,10075.6797,4,7,0.1,0.0015408,-5e-05,-2e-05,0.0,1.46e-05,-4.86e-05,0.0,0.0014368,0.0150765,False
SWI20,2020-06-29,10060.46,2020-07-03,10125.8398,4,4,0.1,0.0006554,-5e-05,-2e-05,0.0,8.3e-06,-2.78e-05,0.0,0.0005659,0.0064987,False
SWI20,2020-07-30,10095.3398,2020-08-05,10097.9697,4,6,0.1,5.88e-05,-5e-05,-2e-05,0.0,1.25e-05,-4.17e-05,0.0,-4.03e-05,0.0002605,False
SWI20,2020-08-28,10164.4902,2020-09-03,10220.6396,4,6,0.1,0.0005836,-5e-05,-2e-05,0.0,1.25e-05,-4.17e-05,0.0,0.0004844,0.0055241,False
SWI20,2020-09-29,10229.2998,2020-10-05,10303.0596,4,6,0.1,0.0007219,-5e-05,-2e-05,0.0,1.25e-05,-4.17e-05,0.0,0.0006227,0.0072106,False
SWI20,2020-10-29,9556.1396,2020-11-04,10286.79,4,6,0.1,0.007453,-5e-05,-2e-05,0.0,1.25e-05,-4.17e-05,0.0,0.0073539,0.0764587,False
SWI20,2020-11-27,10501.1797,2020-12-03,10342.6299,4,6,0.1,-0.0015167,-5e-05,-2e-05,0.0,1.25e-05,-4.17e-05,0.0,-0.0016158,-0.0150983,False
